# Pathway	CCMD11006829ST-21-0	CCMD12232071ST-21-0	CCMD13071240ST-21-0	CCMD13934959ST-21-0	CCMD14479708ST-21-0	CCMD18872694ST-21-0	CCMD19497912ST-21-0	CCMD23101338ST-21-0	CCMD25511638ST-21-0	CCMD25963797ST-21-0	CCMD26709089ST-21-0	CCMD26925580ST-21-0	CCMD34381688ST-21-0	CCMD35802077ST-21-0	CCMD40701343ST-21-0	CCMD42428553ST-21-0	CCMD45988061ST-21-0	CCMD46222674ST-21-0	CCMD46947453ST-21-0	CCMD48236717ST-21-0	CCMD50071957ST-21-0	CCMD51864103ST-21-0	CCMD60079086ST-21-0	CCMD63399960ST-21-0	CCMD64503764ST-21-0	CCMD64776337ST-21-0	CCMD72895164ST-21-0	CCMD74930188ST-21-0	CCMD79987997ST-21-0	CCMD82866709ST-21-0	CCMD86114146ST-21-0	CCMD86707194ST-21-0	CCMD87156761ST-21-0	CCMD88272491ST-21-0	CCMD90311071ST-21-0	CCMD93344354ST-21-0	CCMD95433940ST-21-0	CCMD96553385ST-21-0	MMPU29365221ST	MMPU68403337ST	MMPU72854103ST	MMPU84450604ST	MMPU99077057ST	CCMD10032470ST-11-0	CCMD10191450ST-11-0	CCMD15562448ST-11-0	CCMD17410933ST-11-0	CCMD18579000ST-11-0	CCMD18829815ST-11-0	CCMD19168690ST-11-0	CCMD21593359ST-11-0	CCMD21703880ST-11-0	CCMD22852639ST-11-0	CCMD23541216ST-11-0	CCMD25475945ST-11-0	CCMD26625622ST-11-0	CCMD27463710ST-11-0	CCMD27867141ST-11-0	CCMD28738636ST-11-0	CCMD29706695ST-11-0	CCMD30626189ST-11-0	CCMD30627121ST-11-0	CCMD31009081ST-11-0	CCMD31134579ST-11-0	CCMD32288175ST-11-0	CCMD32965613ST-11-0	CCMD35081859ST-11-0	CCMD35633353ST-11-0	CCMD35801800ST-11-0	CCMD37575804ST-11-0	CCMD38158721ST-11-0	CCMD39157124ST-11-0	CCMD39882286ST-11-0	CCMD41202658ST-11-0	CCMD41521570ST-11-0	CCMD42956136ST-11-0	CCMD45004878ST-11-0	CCMD45812507ST-11-0	CCMD46727384ST-11-0	CCMD49025643ST-11-0	CCMD49461418ST-11-0	CCMD49942357ST-11-0	CCMD50300306ST-11-0	CCMD50529145ST-11-0	CCMD50538120ST-11-0	CCMD51154251ST-11-0	CCMD51228890ST-11-0	CCMD52117727ST-11-0	CCMD52145360ST-11-0	CCMD53508245ST-11-0	CCMD53522274ST-11-0	CCMD54057834ST-11-0	CCMD56948710ST-11-0	CCMD59540613ST-11-0	CCMD59583015ST-11-0	CCMD65222621ST-11-0	CCMD65406197ST-11-0	CCMD66848156ST-11-0	CCMD67373733ST-11-0	CCMD68973846ST-11-0	CCMD71242853ST-11-0	CCMD71915439ST-11-0	CCMD72666896ST-11-0	CCMD72690923ST-11-0	CCMD73128545ST-11-0	CCMD74592084ST-11-0	CCMD75147712ST-11-0	CCMD76222476ST-11-0	CCMD76409700ST-11-0	CCMD79349503ST-11-0	CCMD85481373ST-11-0	CCMD85661207ST-11-0	CCMD89107682ST-11-0	CCMD89306485ST-11-0	CCMD89643949ST-11-0	CCMD89967135ST-11-0	CCMD92404903ST-11-0	CCMD93755960ST-11-0	CCMD95431029ST-11-0	CCMD95676152ST-11-0	CCMD98198513ST-11-0	CCMD98531134ST-11-0	CCMD98702133ST-11-0	CCMD99440714ST-11-0	CCMD99929634ST-11-0
12DICHLORETHDEG-PWY: 1,2-dichloroethane degradation	0.0	0.0	0.0	0.0	0.0	0.0	0.0	0.0	0.0	0.0	0.0	0.0	0.0	0.0	0.0	0.0	0.0	0.0	0.0	0.0	0.0	0.0	0.0	1.75888e-05	0.0	0.0	0.0	0.0	0.0	0.0	0.0	0.0	0.0	0.0	0.0	0.0	0.0	0.0	0.0	0.0	0.0	0.0	0.0	0.0	0.0	0.0	0.0	0.0	0.0	0.0	0.0	0.0	0.0	0.0	0.0	0.0	0.0	0.0	0.0	0.0	0.0	0.0	0.0	0.0	0.0	0.0	0.0	0.0	0.0	0.0	0.0	0.0	0.0	0.0	0.0	0.0	0.0	0.0	0.0	0.0	0.0	0.0	0.0	0.0	0.0	0.0	0.0	0.0	0.0	0.0	0.0	0.0	0.0	0.0	0.0	0.0	0.0	0.0	0.0	0.0	0.0	0.0	0.0	0.0	0.0	0.0	0.0	0.0	0.0	0.0	0.0	0.0	0.0	0.0	0.0	0.0	0.0	0.0	0.0	0.0	0.0	0.0	0.0	0.0	0.0
1CMET2-PWY: folate transformations III (E. coli)	0.00831858	0.0088011	0.00905965	0.00807411	0.00851049	0.00893904	0.00783936	0.00807155	0.00830993	0.00969716	0.00881922	0.00855132	0.00805166	0.00800771	0.00880541	0.00798935	0.00888244	0.00889881	0.00895226	0.00874914	0.00860775	0.00764151	0.0092497	0.00824345	0.0088441	0.00774071	0.00867098	0.00751762	0.0097747	0.00865468	0.00679858	0.00751769	0.00835505	0.00959491	0.00863503	0.00901633	0.00826456	0.00850795	0.0073513	0.00829839	0.0081451	0.00708464	0.00727896	0.00834471	0.00543311	0.00526685	0.00774281	0.00840918	0.00866766	0.00844902	0.0074841	0.00786114	0.00913149	0.009601	0.0059479	0.00945953	0.00940389	0.00927722	0.00906746	0.00926421	0.00826644	0.0110146	0.00768554	0.00751711	0.00666479	0.00885349	0.0066687	0.00851385	0.00897368	0.00769768	0.00825387	0.00960519	0.00846429	0.00757498	0.00851141	0.00534597	0.00862591	0.00805891	0.00923759	0.00752545	0.00917886	0.0078651	0.00759615	0.00700378	0.00474735	0.00760689	0.00706791	0.00877922	0.00849518	0.00807229	0.00928843	0.00952029	0.0077643	0.00889687	0.00758729	0.00859658	0.00804981	0.00812655	0.00990318	0.00858154	0.00895017	0.00877091	0.00917569	0.00878598	0.00882094	0.00687204	0.0102372	0.00868206	0.00919605	0.00835462	0.00490117	0.00771718	0.00727147	0.00952679	0.00784765	0.00758132	0.00866809	0.00741149	0.00711157	0.00735522	0.00878409	0.00958953	0.00766105	0.00806897	0.0094266
3-HYDROXYPHENYLACETATE-DEGRADATION-PWY: 4-hydroxyphenylacetate degradation	0.0	0.0	0.0	0.0	0.0	0.0	0.0	0.0	0.0	0.0	0.0	0.0	0.0	0.0	0.0	0.0	0.0	0.0	0.0	0.0	0.0	0.0	1.94586e-05	2.28595e-05	0.0	7.93231e-05	0.0	0.0	0.0	0.0	0.0	6.68475e-05	0.0	0.0	0.0	0.0	0.0	0.0	0.0	0.0	0.0	0.0	0.0	0.0	5.37639e-05	0.00053048	0.0	1.05857e-05	0.0	0.0	0.0	0.0	0.0	0.0	0.000487463	0.0	0.0	0.0	0.0	0.0	0.0	0.0	0.0	7.17181e-05	0.0	0.0	0.0	0.0	0.0	0.0	0.0	0.0	1.96366e-05	3.13518e-05	0.0	0.0	0.0	0.0	2.36597e-05	7.05797e-05	0.0	0.0	0.0	0.0	0.0	0.0	0.0	0.0	8.15938e-06	6.83289e-06	0.0	0.0	0.0	0.0	0.0	0.0	0.0	0.0	0.0	0.0	0.0	0.0	0.0	0.0	0.0	0.0	0.0	0.0	0.0	0.0	0.00054789	0.0	0.0	0.0	0.0	0.0	0.0	0.0	0.0	0.0	0.0	0.0	0.0	0.0	0.0
AEROBACTINSYN-PWY: aerobactin biosynthesis	0.0	0.0	0.0	9.12597e-05	0.0	0.0	0.0	2.3418e-05	0.0	0.0	0.0	0.0	6.60407e-06	0.0	0.0	0.0	0.0	0.0	0.0	0.0	0.0	0.0	3.57334e-05	0.0	0.0	0.000100298	0.0	0.0	0.0	0.0	1.43908e-05	3.40266e-05	0.0	0.0	0.0	0.0	0.0	0.0	0.0	0.0	0.0	0.0	0.0	0.0	0.0	0.0	0.0	0.0	0.0	0.0	5.2596e-05	0.0	0.0	0.0	0.0	0.0	0.0	0.0	0.0	0.0	0.0	0.0	0.0	0.0	0.0	0.0	4.83138e-06	0.0	0.0	0.0	0.0	0.0	1.6923e-05	0.0	0.0	5.6024e-05	0.0	0.0	1.54263e-05	0.000140694	0.0	0.0	0.0	0.0	0.0	0.0	0.0	0.0	0.0	3.1826e-05	0.0	0.0	0.0	0.0	0.0	0.0	0.000114745	0.0	0.0	0.0	0.0	0.0	0.0	0.0	0.0	0.0	0.0	0.0	0.0	0.0	0.0	0.0	0.0	0.0	0.0	0.0	0.000270186	0.0	0.0	2.79521e-05	0.0	0.0	0.0	0.0	0.0
ALLANTOINDEG-PWY: superpathway of allantoin degradation in yeast	0.000184689	9.46496e-05	0.000284562	0.000162804	9.51442e-05	0.000109301	0.000336634	0.000173331	2.34616e-05	0.000109215	2.95949e-05	0.000226217	7.48964e-05	0.000133419	0.000155585	9.36091e-05	0.000287744	2.82843e-05	3.08455e-05	3.82235e-05	0.00046979	6.70743e-05	0.000269601	0.000405332	0.000236868	0.000318637	5.94206e-05	0.000309232	0.000197256	0.000124766	0.000137757	0.00035339	0.0	0.000160452	0.000141823	0.000257518	0.00010312	0.000267138	4.1161e-05	0.000222667	0.000107197	0.000134175	1.59113e-05	0.00029587	8.81149e-05	0.000426284	2.62597e-05	0.000138017	5.63161e-05	0.000248004	9.99239e-05	0.0	9.69658e-05	0.000159504	0.000388847	0.000156355	9.35499e-05	0.000171831	0.000329722	0.0	0.0	0.0	0.000119104	5.63413e-05	0.000302643	0.000102064	0.000177174	3.32005e-05	0.000100792	5.61763e-05	0.000194474	0.000132858	0.0	0.000235171	0.000129062	2.40138e-05	0.0	0.000420026	0.000251337	0.000260574	0.00012588	0.000345237	0.000101328	5.37365e-05	8.30438e-05	0.000196635	5.17467e-05	8.39957e-05	6.10901e-05	0.000151935	4.43764e-05	0.0	0.000120235	5.22929e-05	1.78837e-05	6.28934e-05	0.00037683	8.06616e-05	2.42563e-05	9.7012e-05	0.0	0.000101413	0.00024862	5.33675e-05	0.000177735	0.000121552	2.37868e-05	0.0	0.0	0.000174727	0.00026225	0.000396712	0.000247544	0.000146245	0.000108659	5.98207e-05	0.0	8.81714e-05	0.0	0.000129222	0.000102023	8.38635e-05	0.0001937	0.000142985	0.0
ANAEROFRUCAT-PWY: homolactic fermentation	0.00478386	0.00479068	0.00419261	0.00421572	0.00443873	0.00393456	0.0047932	0.00562354	0.00425201	0.00455181	0.00411737	0.00348798	0.00402498	0.00398797	0.00444544	0.00564191	0.00467639	0.00409614	0.00335462	0.00316675	0.00460817	0.00499275	0.00527705	0.00429896	0.00452429	0.00422162	0.00469224	0.00367507	0.00491902	0.00516584	0.00488661	0.00376752	0.00429994	0.00299437	0.0036474	0.00390084	0.00257514	0.0045368	0.00394371	0.00342662	0.00405357	0.00432741	0.00416602	0.00424537	0.00357606	0.00437766	0.00304295	0.00361914	0.00468553	0.00430312	0.00442469	0.00490337	0.00284129	0.0035146	0.00493518	0.00336818	0.00512876	0.00302034	0.00349183	0.00372944	0.00447133	0.00308885	0.00567516	0.00398241	0.00535543	0.00356453	0.00290839	0.0036461	0.00398713	0.00486234	0.0045664	0.00312547	0.00264435	0.00402368	0.0040249	0.00412138	0.00472655	0.00232567	0.00448348	0.00306991	0.00278637	0.00333014	0.00345938	0.00347757	0.00215593	0.00292873	0.00615185	0.0051503	0.00340514	0.00392729	0.00419565	0.00301503	0.00510493	0.00439987	0.00401622	0.00410492	0.00443496	0.00357404	0.00399199	0.00429736	0.00391143	0.00365997	0.00655963	0.00388979	0.00349071	0.00347698	0.00654063	0.00272619	0.00340206	0.00349002	0.00470511	0.00496055	0.00531019	0.00251248	0.00263053	0.00520261	0.00417869	0.0052946	0.00352788	0.00438804	0.00296772	0.00442466	0.00507692	0.00504094	0.0046456
ANAGLYCOLYSIS-PWY: glycolysis III (from glucose)	0.00892843	0.0105684	0.011533	0.0105975	0.0095975	0.0105803	0.00884878	0.0101463	0.0101093	0.01106	0.0100664	0.0113861	0.00973784	0.00971963	0.0103503	0.011573	0.0102615	0.0108082	0.010473	0.00946776	0.00892045	0.0109529	0.0114889	0.00909035	0.010148	0.0088238	0.0104176	0.00695563	0.00997263	0.0108306	0.00835197	0.00935302	0.0103627	0.0097399199999999	0.0102674	0.0110775	0.0105315	0.00939304	0.0108817	0.00778193	0.0101717	0.0106014	0.00980787	0.00978345	0.0115497	0.00665466	0.0108873	0.00996598	0.00967	0.00878959	0.00919801	0.00933934	0.00841363	0.0105673	0.00691174	0.0104399	0.010757	0.00933863	0.00924434	0.0100234	0.008496	0.0117445	0.0110258	0.00971607	0.00778035	0.0106496	0.0102603	0.0101928	0.00933038	0.0102384	0.010267	0.011195	0.0103021	0.00962136	0.0105063	0.00815544	0.0109225	0.0111152	0.0103371	0.00938314	0.00973338	0.0104475	0.0121583	0.0116208	0.0122788	0.0107676	0.00882883	0.00910611	0.0109314	0.00942663	0.0110389	0.0104523	0.0104935	0.00935158	0.0111878	0.00977638	0.00972223	0.0108531	0.0122773	0.00907499	0.0102333	0.0103826	0.00971999	0.00875243	0.010574	0.0105944	0.00906454	0.00712776	0.01083	0.0105323	0.00627673	0.0107917	0.0101569	0.00877368	0.0120482	0.0102837	0.00823419	0.0101655	0.00951173	0.00967403	0.011348	0.011201	0.00969596	0.0102056	0.0118855
ARG+POLYAMINE-SYN: superpathway of arginine and polyamine biosynthesis	0.00152397	0.00207831	0.00124904	0.00173404	0.00183639	0.00258257	0.000211743	0.00176287	0.000791371	0.00138663	0.0015753	0.000748425	0.00147747	0.00147289	0.00198582	0.00149156	0.000212619	0.00197053	0.000993806	0.00133313	0.00227255	0.000309912	0.00108076	0.00240246	0.00197146	0.00202541	0.00130037	0.00263106	0.000825481	0.00242381	0.00182916	0.00193195	0.0004962	0.00124304	0.00206281	0.000576702	0.00261078	0.000620263	0.000611105	0.000776227	0.00141024	0.00120636	0.00102836	0.00104984	0.000810816	0.0030451	0.00181421	0.00175255	0.00113479	0.000655305	0.00180527	0.000936329	0.00132795	0.00167533	0.00359015	0.00205198	0.00133603	0.00152782	0.00112675	0.0019058	0.000724951	0.00233726	0.00163397	0.00185223	0.00317486	0.00178483	0.000657975	0.00171077	0.00216312	0.00133861	0.00130615	0.00180542	0.0015066	0.00230446	0.00110147	0.00111164	0.000816435	0.00216135	0.00258018	0.0022104	0.000544596	0.0015661	0.000911455	0.00131356	0.000185686	0.000615948	0.00136285	0.0026113	0.000484455	0.00128949	0.0015081	0.00264543	0.00112215	0.000886296	0.00106301	0.000682043	0.00183288	0.0010232	0.00203437	0.00125931	0.00390078	0.00133578	0.000280309	0.00179017	0.00127851	0.00224775	0.00103926	0.000747623	0.00146507	0.00166151	0.00401743	0.00156066	0.00146552	0.000948547	0.00129237	0.00199715	0.00244816	0.00100842	0.000569037	0.00194319	0.0017475	0.00103103	0.000954164	0.00249114	0.000967098
ARGDEG-PWY: superpathway of L-arginine, putrescine, and 4-aminobutanoate degradation	0.0	0.0	0.0	0.0	0.0	0.0	0.0	7.44547e-06	0.0	0.0	0.0	0.0	0.0	0.0	0.0	0.0	0.0	0.0	0.0	0.0	0.000112564	0.0	1.52363e-05	0.000155035	0.0	0.000131245	0.0	0.000231585	0.0	0.0	0.0	2.06154e-05	0.0	0.0	0.0	0.0	0.0	0.0	0.0	0.0	0.0	0.0	0.0	0.0	0.00010855	0.000879215	0.0	1.82201e-05	0.0	0.0	0.0	0.0	0.0	0.0	0.000538304	0.0	0.0	0.0	0.0	0.0	0.0	0.0	0.0	0.000147423	0.000189536	1.22639e-05	0.0	0.0	0.0	0.0	0.0	0.0	0.0	0.000169687	0.0	0.0	0.0	0.0	8.55793e-05	0.000119349	0.0	0.0	0.0	0.0	0.0	0.0	0.0	0.0	0.0	2.15044e-05	0.0	0.0	0.0	0.0	0.0	0.0	0.0	0.0	0.0	0.0	0.0	0.0	0.0	0.0	0.0	0.0	0.0	0.0	0.0	0.0	0.000978649	5.84044e-05	0.0	0.0	0.0	0.0	0.0	4.98182e-05	0.0	4.29818e-05	0.0	0.0	0.0	0.0	0.0
ARGININE-SYN4-PWY: L-ornithine biosynthesis II	0.00395652	0.00413556	0.00221835	0.00335524	0.00178711	0.00355481	0.00202577	0.0010528	0.00432869	0.00198902	0.00439173	0.00324847	0.000630756	0.0032894	0.00584479	0.00214572	0.00309362	0.00217587	0.00239139	0.00164351	0.00380795	0.00123997	0.00502328	0.00334997	0.0046808	0.00234946	0.00455172	0.00421269	0.00682866	0.00164206	0.00164325	0.00390441	0.00137415	0.00479022	0.00420972	0.00459994	0.00285793	0.00732118	0.00369019	0.00173388	0.00459608	0.00359847	0.0045822	0.00452138	0.000330538	0.00246995	0.0025869	0.00207583	0.00432229	0.00612093	0.00368285	0.00232108	0.00211411	0.00283653	0.00172992	0.0050409	0.00220623	0.00210425	0.0048919	0.0022915	0.000570117	0.00164346	0.000986592	0.00171683	0.00213651	0.00230983	0.00175998	0.00109845	0.00468603	0.00242025	0.00385707	0.00281136	2.74717e-05	0.00117523	0.00135479	0.00131862	0.00117415	0.00168261	0.00351839	0.00169995	0.00208878	0.00419671	0.00130246	0.000969242	0.000588973	0.00144058	0.00236947	0.00496388	0.00225497	0.00341004	0.00218638	0.00341186	0.00315934	0.00352367	0.0025168	0.00124989	0.002338	0.0024574	0.000675411	0.00375579	0.0026322	0.00284806	0.00461494	0.00079136	0.00327587	0.00170901	0.00704377	0.00120365	0.00190124	0.00307582	0.00248857	0.00227521	0.00133075	0.000491947	0.000681098	0.00117562	0.00256586	0.00385735	0.00154875	0.00121954	0.00281392	0.00337135	0.00335227	0.00293447	0.000897952
ARGSYN-PWY: L-arginine biosynthesis I (via L-ornithine)	0.00661098	0.00954468	0.0102751	0.00778099	0.00901145	0.00884139	0.00871228	0.0113897	0.00999076	0.0109204	0.00782774	0.0101589	0.0107256	0.00995736	0.00538469	0.0104686	0.00918872	0.00950172	0.0110212	0.00855873	0.00745094	0.00962098	0.00921527	0.00779516	0.00786347	0.00860893	0.00828773	0.00634605	0.00558182	0.0092124	0.00923935	0.00837332	0.0106684	0.00650404	0.0082779	0.00977577	0.00990195	0.00691827	0.00751355	0.0119125	0.00950539	0.0102426	0.00966633	0.0110622	0.0149433	0.00618335	0.00951103	0.00984149	0.00921876	0.00847747	0.00541751	0.00743886	0.0102123	0.00967764	0.00666308	0.00822183	0.00823657	0.00940351	0.00764344	0.00966421	0.00828604	0.010862	0.0100813	0.0075338	0.00732915	0.00974081	0.0126824	0.0106009	0.00718822	0.0106169	0.010123	0.00962621	0.0120653	0.0084121	0.0104089	0.00937928	0.0112705	0.0109637	0.00831125	0.00846705	0.0094357	0.00871548	0.00999095	0.0135277	0.0164029	0.011303	0.00969421	0.0067533	0.0102129	0.00956994	0.0109828	0.0101241	0.0102296	0.00811358	0.0107744	0.0116672	0.00771905	0.0100898	0.00929552	0.00795127	0.0101296	0.00608018	0.00854132	0.0119109	0.00903349	0.0117571	0.00500155	0.00957331	0.010337	0.00911651	0.00564528	0.0115725	0.0107337	0.0113501	0.0113849	0.0102358	0.00637919	0.0112976	0.0109541	0.00825627	0.0103433	0.00972012	0.00973264	0.0107671	0.0105113
ARGSYNBSUB-PWY: L-arginine biosynthesis II (acetyl cycle)	0.00641477	0.00961928	0.010129	0.00791833	0.00914971	0.00888351	0.00826967	0.0115019	0.00990764	0.0112532	0.00798357	0.0105569	0.010504	0.0100498	0.00533607	0.0107933	0.00902667	0.00951256	0.0116144	0.00800246	0.00743304	0.00970662	0.00893233	0.00779754	0.0078175	0.00897941	0.00858284	0.00618723	0.00605495	0.00963538	0.0092341	0.00830172	0.0107523	0.00622898	0.00814829	0.00965051	0.0100388	0.00649981	0.00714664	0.0124651	0.0093771	0.010571	0.0100028	0.0111141	0.0156323	0.00630434	0.00968139	0.010164	0.00921973	0.00824691	0.00519453	0.00775482	0.0109941	0.00991777	0.0066195	0.00819804	0.00826778	0.00928419	0.00757991	0.00923919	0.00794972	0.011501	0.0101858	0.00731705	0.00743701	0.00990592	0.0129697	0.0112555	0.00727545	0.0110353	0.00998435	0.0101129	0.0119633	0.00815752	0.0108782	0.00959497	0.0113478	0.0113071	0.00836985	0.00863855	0.00888077	0.00865551	0.00985968	0.0138756	0.0179183	0.0113511	0.00988814	0.00662783	0.0104037	0.00941111	0.0112567	0.0103564	0.0103149	0.00807551	0.0109505	0.0124356	0.0079503	0.0102532	0.00955131	0.00770664	0.0100261	0.00565122	0.00793059	0.0125389	0.00924658	0.0119059	0.00430421	0.00900414	0.0112628	0.00947874	0.00575425	0.0117605	0.010881	0.0120658	0.0115189	0.0103561	0.00690558	0.0113407	0.0121536	0.00860854	0.0103137	0.00926194	0.00936233	0.0110112	0.011007
ARO-PWY: chorismate biosynthesis I	0.00894634	0.0100876	0.011255	0.0102795	0.0108312	0.0110829	0.00936928	0.0119831	0.0106482	0.0127226	0.00993736	0.0101993	0.0111351	0.0110414	0.00919728	0.0119717	0.0107747	0.0116082	0.0109347	0.0100186	0.00904525	0.0109012	0.00980243	0.009699	0.00964977	0.00975919	0.00987906	0.00849766	0.0096325	0.010547	0.0111882	0.00969857	0.0111768	0.00918406	0.0101568	0.0105174	0.0111907	0.00957033	0.0101259	0.0120773	0.00995849	0.0100511	0.0102017	0.0133815	0.0175047	0.00707136	0.0112449	0.0106915	0.0108177	0.00959466	0.00864481	0.009526	0.0136888	0.0119609	0.00682713	0.0114306	0.0101929	0.0113118	0.00986627	0.0115101	0.0106978	0.0112457	0.0114554	0.00975198	0.00810012	0.0114057	0.0142129	0.0124943	0.0103044	0.0112551	0.0116997	0.0120594	0.0136654	0.00909398	0.0123574	0.0120919	0.0122383	0.0130449	0.0110888	0.00923252	0.0137123	0.0113956	0.0103566	0.0137344	0.0222223	0.0130439	0.0109178	0.00917788	0.0114016	0.0103754	0.0114719	0.0115557	0.0105104	0.0102339	0.0118465	0.0117352	0.00899418	0.0112541	0.0110121	0.0100226	0.0118815	0.0101307	0.00917019	0.0136908	0.010849	0.0124184	0.00895278	0.0119895	0.010853	0.0106442	0.00664587	0.0117346	0.0116806	0.0157818	0.0129389	0.0106139	0.00900568	0.0123527	0.0160208	0.0108448	0.0122363	0.0104147	0.0116406	0.0108747	0.01181
ASPASN-PWY: superpathway of L-aspartate and L-asparagine biosynthesis	0.00468905	0.00433708	0.00415481	0.00433027	0.00305809	0.00501571	0.00604218	0.00286759	0.00424556	0.00386605	0.00410227	0.00295169	0.0040542	0.00445376	0.00545008	0.0037017	0.00439734	0.00365939	0.00377569	0.00628798	0.00493297	0.00326444	0.00349618	0.00425659	0.00463637	0.00352598	0.00490678	0.00556098	0.00640923	0.00256462	0.00359545	0.00501552	0.00259061	0.00548361	0.00507509	0.00436309	0.00383527	0.00696233	0.00814214	0.00259764	0.00384467	0.00339413	0.00522385	0.00389381	0.00178081	0.00409561	0.00412809	0.00385533	0.00492168	0.00598092	0.00561986	0.00514523	0.00370872	0.00384532	0.00424645	0.00496569	0.0034675	0.00392283	0.0062323	0.00457105	0.00521491	0.00459947	0.00452129	0.00570998	0.00409116	0.00245932	0.00322106	0.0030932	0.00588716	0.0030455	0.00413886	0.00318988	0.00383904	0.00650175	0.00307105	0.00325059	0.00324172	0.0039156	0.00438153	0.00450154	0.00805968	0.00482549	0.00610762	0.0022963	0.00127013	0.00397917	0.00267894	0.00587078	0.00359438	0.00447407	0.00455178	0.00470265	0.00334702	0.00465717	0.00387418	0.00258747	0.00423016	0.00341831	0.00561789	0.00596894	0.00328211	0.00476245	0.005265	0.00427747	0.00460825	0.00323832	0.00589965	0.00801776	0.0024841	0.00380754	0.00460739	0.00349019	0.00294735	0.00306206	0.00499963	0.0031005	0.0037863	0.00311589	0.00283178	0.00356304	0.00465593	0.0032796	0.0041756	0.00365306	0.00371058
AST-PWY: L-arginine degradation II (AST pathway)	0.0	0.0	6.31745e-06	8.93575e-05	1.86254e-05	0.0	0.0	2.17715e-05	0.0	0.0	0.0	0.0	0.0	0.0	0.0	1.19287e-05	0.0	0.0	6.02279e-06	0.0	9.18787e-05	0.0	1.66371e-05	0.000131106	0.0	0.000244086	0.0	0.000302558	0.0	3.11336e-05	1.15454e-05	0.000130103	0.0	4.84865e-05	0.0	0.0	0.0	0.0	0.0	0.0	0.0	0.0	0.0	0.0	0.00014299	0.00107852	0.0	5.99739e-05	0.0	0.0	6.62825e-05	0.0	0.0	0.0	0.000995923	0.0	1.15666e-05	0.0	0.0	0.0	0.0	0.0	0.0	0.000138711	0.000606254	6.50144e-05	7.28668e-06	0.0	1.47469e-05	0.0	0.0	0.0	2.75601e-05	0.000266117	0.0	6.16034e-05	0.0	0.0	6.35717e-05	0.000224217	0.0	0.0	0.0	0.0	0.0	0.0	0.0	2.94234e-05	0.0	5.24772e-05	0.0	0.0	0.0	7.81745e-06	0.0	0.0	0.000230939	0.0	0.0	0.0	0.0	0.0	0.0	0.0	0.0	0.0	0.0	0.0	0.0	0.0	0.00129601	1.6509e-05	0.0	0.0	0.0	0.0	0.000290993	5.33611e-06	1.22173e-05	8.53374e-05	0.0	0.0	0.0	0.0	0.0
BIOTIN-BIOSYNTHESIS-PWY: biotin biosynthesis I	0.00321055	0.00135418	0.0018174	0.00257009	0.00121717	0.00158654	0.00119999	0.000749993	0.00331892	0.000518367	0.00162759	0.00101362	0.000389684	0.00116189	0.00186588	0.000567615	0.00203199	0.00141865	0.00133584	0.000412211	0.00201004	0.000998692	0.00069838	0.00207301	0.00273162	0.00315001	0.00253324	0.00410645	0.00268624	0.00210896	0.00130597	0.00270123	0.000559641	0.00380682	0.00270144	0.000367709	0.00189143	0.00320251	0.000914862	0.0019077	0.00197771	0.00249475	0.0034204	0.00163205	0.00111368	0.00349516	0.00117581	0.000917368	0.0015329	0.00255215	0.00280291	0.000877614	0.00232167	0.00190784	0.00289182	0.000968103	0.00160745	0.00201321	0.00277762	0.000575065	0.00104083	0.000746646	0.000783163	0.00188269	0.0032541	0.000789903	0.00166382	0.00140555	0.00195333	0.00162302	8.98534e-05	0.00100442	0.000504012	0.00192902	0.000738862	0.00170233	0.00059744	0.000608372	0.00128019	0.00203652	0.000633302	0.00236016	0.00031019	0.00104154	0.000767107	0.000708147	0.00250129	0.00240487	0.000906288	0.00172223	0.000828718	0.00108828	0.00109051	0.00199816	0.00178014	0.000917122	0.00280759	0.00187	0.000655847	0.00108836	0.00173923	0.00326065	0.00298824	0.000324437	0.00193974	0.00133237	0.00117408	0.000499265	0.00146751	0.000710415	0.0031854	0.00141612	0.00147904	0.000615668	0.000493413	0.00124391	0.00459558	0.00115436	0.00137698	0.00244794	0.0017771	0.00159608	0.00112715	0.00196156	0.000861871
BRANCHED-CHAIN-AA-SYN-PWY: superpathway of branched chain amino acid biosynthesis	0.00809775	0.0100818	0.0105051	0.00861417	0.00785752	0.00925074	0.00907349	0.0112479	0.00978559	0.0105119	0.00934373	0.0100628	0.0106062	0.00896338	0.00863043	0.00987577	0.00842242	0.00837796	0.00992364	0.0122843	0.00888622	0.0097166	0.00874211	0.00747336	0.00814442	0.0081108	0.00941823	0.0062109	0.009645	0.00854028	0.00819876	0.00732321	0.0106046	0.00920047	0.00849761	0.0101076	0.00981136	0.00914904	0.0125883	0.0100231	0.00914746	0.0105322	0.00803581	0.0081023	0.00751301	0.00564708	0.00987609	0.00864104	0.00861463	0.00961156	0.00764594	0.00718019	0.00965858	0.00923563	0.00750002	0.0105682	0.00789377	0.00800896	0.00721874	0.0093342	0.012977	0.0120363	0.00968507	0.0108649	0.00757917	0.00838316	0.00765205	0.00989277	0.00947548	0.00936572	0.00831691	0.00880016	0.0112103	0.0118054	0.00869915	0.0106635	0.00881205	0.00998962	0.00960598	0.0086977	0.0130771	0.00950439	0.0124866	0.0073051	0.00652432	0.0081674	0.0105514	0.00850626	0.00821251	0.00884457	0.0109107	0.00871989	0.00952999	0.00866407	0.00993898	0.010493	0.00938685	0.00757767	0.0115727	0.0102576	0.00988316	0.00791616	0.0118732	0.00973058	0.00950572	0.0094326	0.0105812	0.0141172	0.00942596	0.0089351	0.00591519	0.0094537	0.00979857	0.00625708	0.00952379	0.00846745	0.00905277	0.00816663	0.00685837	0.00878822	0.0100251	0.00976215	0.008841	0.00811188	0.00852222
CALVIN-PWY: Calvin-Benson-Bassham cycle	0.00880726	0.00842463	0.0106321	0.00881771	0.00919772	0.010095	0.0075837	0.010553	0.00720281	0.0111647	0.00962575	0.0088515	0.00997519	0.00915335	0.00905273	0.00996504	0.0102019	0.0083989	0.00994854	0.010373	0.00767411	0.0107867	0.00858103	0.00842837	0.00834347	0.00834206	0.00891182	0.0082184	0.00896417	0.00976311	0.00909698	0.00839543	0.00981636	0.00872542	0.00885939	0.00810379	0.0101066	0.00631288	0.00900366	0.00787157	0.00855543	0.00915646	0.00821928	0.00884725	0.0078933	0.00703266	0.0106929	0.010158	0.0090894	0.00601678	0.00892332	0.0102955	0.00748976	0.00989349	0.00767725	0.00897026	0.0091057	0.00958184	0.00925531	0.00911618	0.00940515	0.0100984	0.00937263	0.00917516	0.00775951	0.00915425	0.00883538	0.0109791	0.00871338	0.00827586	0.00883039	0.0108656	0.0108366	0.00910849	0.00890428	0.00736699	0.0108346	0.0111332	0.00891567	0.00871939	0.00863354	0.0101346	0.0093199	0.00895504	0.00722039	0.00870011	0.00847367	0.00848917	0.00868707	0.00769385	0.00969541	0.00973351	0.0083739	0.00804899	0.0107187	0.00927611	0.00902644	0.00848771	0.0099667	0.00913719	0.010197	0.00925236	0.0072516	0.0105979	0.0105421	0.0101387	0.00495872	0.00871855	0.0104594	0.00937167	0.00714938	0.00971476	0.00886631	0.00767906	0.00987885	0.00934414	0.00849071	0.00872998	0.00824343	0.00885351	0.0111924	0.00788749	0.00939594	0.00853869	0.0102412
CARNMET-PWY: L-carnitine degradation I	0.0	0.0	0.0	3.33923e-05	0.0	0.0	0.0	5.12096e-06	0.0	0.0	0.0	0.0	3.18552e-06	0.0	0.0	0.0	0.0	0.0	0.0	0.0	3.38081e-05	0.0	2.72797e-06	3.58235e-05	0.0	5.3219e-05	0.0	0.000100052	0.0	0.0	0.0	1.87658e-05	0.0	1.46024e-05	0.0	0.0	0.0	0.0	0.0	0.0	0.0	0.0	0.0	0.0	0.0	0.00025435	0.0	0.0	0.0	0.0	2.36708e-05	0.0	0.0	0.0	0.000147345	0.0	0.0	0.0	0.0	0.0	0.0	0.0	0.0	0.0	0.000142415	1.68713e-05	0.0	0.0	0.0	0.0	0.0	0.0	0.0	8.50172e-05	0.0	2.44207e-05	0.0	0.0	1.51985e-05	2.82831e-05	0.0	0.0	0.0	0.0	0.0	0.0	0.0	1.5304e-05	0.0	5.26456e-06	0.0	0.0	0.0	0.0	0.0	0.0	6.87135e-05	0.0	0.0	0.0	0.0	0.0	0.0	0.0	0.0	0.0	0.0	0.0	0.0	0.0	0.000269355	0.0	0.0	0.0	0.0	0.0	0.00010146	2.06144e-05	0.0	3.17217e-05	0.0	0.0	0.0	0.0	0.0
CATECHOL-ORTHO-CLEAVAGE-PWY: catechol degradation to &beta;-ketoadipate	0.0	0.0	0.0	0.0	0.0	0.0	0.0	0.0	0.0	0.0	0.0	0.0	0.0	0.0	0.0	0.0	0.0	0.0	0.0	0.0	0.0	0.0	0.0	5.0264e-05	0.0	0.0	0.0	0.0	0.0	0.0	0.0	0.000114133	0.0	0.0	0.0	0.0	0.0	0.0	0.0	0.0	0.0	0.0	0.0	0.0	6.45361e-05	6.1141e-05	0.0	0.0	0.0	0.0	0.0	0.0	0.0	0.0	0.0	0.0	0.0	0.0	0.0	0.0	0.0	0.0	0.0	5.46345e-05	0.0	0.0	0.0	0.0	0.0	0.0	0.0	0.0	3.91032e-05	3.75637e-05	0.0	0.0	0.0	0.0	0.0	0.0	0.0	0.0	0.0	0.0	0.0	0.0	1.34169e-05	5.60676e-06	0.0	0.0	0.0	0.0	0.0	0.0	0.0	0.0	0.0	0.0	0.0	0.0	0.0	0.0	0.0	0.0	0.0	0.0	0.0	0.0	0.0	0.0	0.000364424	0.0	0.0	0.0	0.0	0.0	0.0	0.0	0.0	0.0	0.0	0.0	0.0	0.0	0.0
CENTFERM-PWY: pyruvate fermentation to butanoate	0.000501236	0.00078438	0.00118699	0.000496389	0.000583634	0.000303788	0.000864786	0.00147817	0.000566567	0.000405939	0.000450602	0.000512981	0.000408529	0.00080838	0.000351253	0.000485061	0.000710131	0.000439777	0.000726584	0.000650011	0.000883231	0.000680999	0.000522733	0.000561883	0.000449852	0.0010928	0.000405969	0.000352271	0.000261908	0.000338254	0.000663674	0.000427425	0.00136975	0.000631782	0.000589297	0.000683682	0.000494819	0.00054527	0.000898365	0.00113186	0.000884176	0.00104517	0.000778148	0.000641409	0.000512621	0.000120755	0.00109422	0.00073843	0.000441936	0.00113377	0.000750667	0.000252429	0.00115195	0.00137605	0.000655593	0.000175917	0.000713376	0.0004717	0.000965642	0.000671448	0.000300996	0.000525068	0.000989443	0.00101145	0.000864361	0.00119269	0.000713128	0.00111826	0.000665456	0.00123968	0.000214217	0.000641658	0.00147479	0.000646016	0.00144262	0.000253885	0.000756886	0.00152096	0.000717813	0.00130705	0.00106684	0.000433536	0.000917696	0.000831058	0.00127804	0.00104631	0.000597816	0.000750364	0.000790164	0.0012553	0.000186035	0.000693104	0.000979537	0.000827483	0.000950817	0.00116501	0.000655929	0.000662829	0.000658921	0.000307746	0.000242757	0.000659542	0.00026916	0.00114204	0.000583833	0.000891623	0.000217564	0.000942037	0.000563147	0.000687	0.000170489	0.000802875	0.000611126	0.000660655	0.000559185	0.000759025	0.000417375	0.000464482	0.000474893	0.000698715	0.00036468	0.000584101	0.00107632	0.00034938	0.00043043
CHLOROPHYLL-SYN: 3,8-divinyl-chlorophyllide a biosynthesis I (aerobic, light-dependent)	0.0	0.0	0.0	6.69622e-05	1.7903e-05	0.0	0.0	0.0	0.0	0.0	0.0	0.0	0.0	0.0	0.0	0.0	0.0	0.0	0.0	0.0	0.0	0.0	0.0	0.0	0.0	1.92063e-05	0.0	0.0	0.0	0.0	0.0	0.0	0.0	0.0	0.0	0.0	0.0	0.0	0.0	0.0	0.0	0.0	0.0	0.0	0.0	0.0	0.0	0.0	0.0	0.0	3.59409e-05	0.0	0.0	0.0	0.0	0.0	0.0	0.0	0.0	0.0	0.0	0.0	0.0	0.0	0.0	0.0	0.0	0.0	0.0	0.0	0.0	0.0	0.0	0.0	0.0	0.0	0.0	0.0	0.0	0.0	0.0	0.0	0.0	0.0	0.0	0.0	0.0	0.0	0.0	6.70734e-05	0.0	0.0	0.0	0.0	0.0	0.0	0.000145499	0.0	0.0	0.0	0.0	0.0	0.0	0.0	0.0	0.0	0.0	0.0	0.0	0.0	0.0	0.0	0.0	0.0	0.0	2.52621e-05	0.0	0.0	0.0	0.0	0.0	0.0	0.0	0.0	0.0
CITRULBIO-PWY: L-citrulline biosynthesis	0.0047528	0.00342	0.00328133	0.00385138	0.00249319	0.00272512	0.00115643	0.00207158	0.00288347	0.00204457	0.00533742	0.00186189	0.000603026	0.00374871	0.00398492	0.00286746	0.00403704	0.00297426	0.00357532	0.00137783	0.00455826	0.00228523	0.0031667	0.00445279	0.00412662	0.0029512	0.00353121	0.0041613	0.00711834	0.00290517	0.0013628	0.00384505	0.00158836	0.00447302	0.00569279	0.00517787	0.00431821	0.00773314	0.00301956	0.00228504	0.00588703	0.00260135	0.00577661	0.00255536	0.000695864	0.00319015	0.00281319	0.00221391	0.00320066	0.00760886	0.00224067	0.00193918	0.00238219	0.00255544	0.00236966	0.00256374	0.00242211	0.00417689	0.00677601	0.00114545	0.00046102	0.00206506	0.002311	0.00165897	0.00269472	0.00193744	0.00215046	0.0018482	0.00288073	0.00420282	0.00242469	0.00130014	0.000123768	0.00162449	0.000931563	0.000959732	0.0019429	0.0025526	0.00200227	0.00269807	0.00161351	0.00572918	0.00175574	0.00142006	0.000356275	0.00361714	0.00445593	0.0037623	0.00282603	0.00342238	0.00152422	0.00351272	0.00126099	0.00452098	0.00187093	0.00183253	0.00404068	0.00246845	0.000869709	0.00501019	0.00469811	0.00567844	0.00618518	0.00116031	0.00293722	0.00153964	0.00627867	0.000946223	0.00285173	0.00256885	0.00321747	0.00322827	0.0019083	0.000148188	0.000564491	0.00131397	0.00460598	0.00219025	0.00209057	0.00207187	0.00328015	0.00172371	0.00496482	0.0049106	0.00189304
COA-PWY-1: superpathway of coenzyme A biosynthesis III (mammals)	0.00953886	0.00894636	0.0113523	0.00906294	0.010446	0.00908872	0.0104866	0.0101831	0.0100242	0.00976733	0.00935649	0.0106951	0.0111841	0.0104459	0.00871867	0.0116514	0.00970878	0.0101617	0.00995503	0.00892728	0.00913521	0.010064	0.0104057	0.00913246	0.00910468	0.00868944	0.00990111	0.00744981	0.00859168	0.00927303	0.0101466	0.00894714	0.0109209	0.00934043	0.0100215	0.0109768	0.0106735	0.0103487	0.0097745	0.0119494	0.00950211	0.00915555	0.00916903	0.0126802	0.0123188	0.00595862	0.0100509	0.00989228	0.0104474	0.010318	0.00889396	0.00943628	0.0104046	0.0100881	0.00580917	0.0110508	0.00919545	0.00955316	0.00932525	0.00985277	0.00959262	0.00768895	0.0105181	0.00802365	0.00779512	0.010477	0.0123001	0.00993643	0.00935581	0.0104539	0.0106685	0.0108999	0.0112937	0.00732797	0.010635	0.00985549	0.0110779	0.0109613	0.00970368	0.0102679	0.0115931	0.0104051	0.00939895	0.0119918	0.0137911	0.0113347	0.0101164	0.00833681	0.0116997	0.0101076	0.00985478	0.0102752	0.0102061	0.0103482	0.0105582	0.0113745	0.00730247	0.0108433	0.00795371	0.008631	0.0100937	0.010275	0.00960151	0.0135173	0.00975063	0.0107733	0.0100045	0.0114744	0.00959654	0.00989893	0.00482257	0.0104036	0.0100603	0.0131389	0.0111084	0.00905129	0.00787373	0.0120922	0.0112163	0.0105829	0.0113895	0.0108184	0.0105565	0.00979022	0.0114325
COA-PWY: coenzyme A biosynthesis I (prokaryotic)	0.00922768	0.00848001	0.0106835	0.00829873	0.010718	0.00849319	0.00953593	0.00962042	0.00963793	0.00974613	0.00907751	0.0102192	0.0108173	0.00984864	0.0084627	0.0112228	0.0092461	0.00976461	0.00931004	0.00868344	0.00862808	0.00956442	0.00980551	0.00871377	0.00853969	0.00866382	0.00946479	0.00697627	0.00943847	0.00889432	0.00992228	0.0084733	0.0103029	0.00895462	0.0094865	0.0103708	0.0102371	0.00979279	0.0107352	0.0114802	0.00904892	0.00935804	0.0090792	0.0124465	0.0124099	0.00568732	0.00944885	0.0094201	0.00987746	0.0096508	0.00867585	0.00885975	0.00941714	0.00972837	0.00538274	0.0104969	0.00872232	0.0091059	0.00884112	0.00927202	0.00978836	0.00696378	0.00989684	0.00789396	0.00734218	0.00981225	0.0117999	0.0104728	0.00889992	0.00974782	0.00988738	0.0102045	0.0109172	0.00701594	0.0105962	0.00988394	0.0103704	0.010217	0.00908275	0.00953169	0.0125964	0.00981934	0.00906481	0.0109629	0.0152611	0.0108282	0.00942927	0.00786951	0.0110132	0.00952069	0.00946367	0.00953694	0.00967206	0.00993752	0.00991974	0.0113149	0.00680014	0.0101587	0.00740112	0.00818912	0.00949968	0.00975983	0.00896262	0.0126705	0.00934473	0.00992717	0.00952054	0.0131188	0.00911893	0.00934401	0.0043644	0.0097032	0.00937965	0.0124066	0.0102954	0.00846168	0.00919855	0.0116558	0.0104882	0.0099644	0.0108926	0.0102868	0.00980445	0.00915915	0.010591
COBALSYN-PWY: superpathway of adenosylcobalamin salvage from cobinamide I	0.00314827	0.00292219	0.0035136	0.00253437	0.00298025	0.0024839	0.000921755	0.00298184	0.00319739	0.00369041	0.00424108	0.00284979	0.00251031	0.00384761	0.00379302	0.00333905	0.00215806	0.00322353	0.00274385	0.00202803	0.00316651	0.00352356	0.0017664	0.00318275	0.00282407	0.00239886	0.00288497	0.00259105	0.00346382	0.00209233	0.00192538	0.00342644	0.00181715	0.00163216	0.00337927	0.00303677	0.00430988	0.00334259	0.00219725	0.0032727	0.00287803	0.00328848	0.00287704	0.00534807	0.00641085	0.00272091	0.00440676	0.00406905	0.00457527	0.00378934	0.00259632	0.00108234	0.00357721	0.00303432	0.00274948	0.003766	0.0026236	0.00287596	0.00417954	0.00244068	0.00240129	0.00313907	0.00427707	0.0019453	0.00310623	0.00410598	0.00646347	0.00286381	0.00421091	0.00466177	0.00456164	0.00346998	0.00301557	0.00211268	0.0036504	0.00147201	0.00320975	0.00495193	0.0033059	0.00427447	0.00301522	0.00350759	0.00405061	0.00375006	0.00543563	0.00555233	0.00311732	0.00354743	0.00305305	0.00362844	0.00290048	0.00394682	0.00452877	0.00350312	0.00445612	0.0024499	0.00278492	0.00394227	0.00242662	0.00388738	0.00486425	0.00149891	0.00277541	0.0017301	0.00328819	0.00601099	0.00654604	0.00196952	0.00256144	0.00430449	0.00280024	0.00416247	0.00506798	0.00416376	0.00368167	0.00323036	0.00225771	0.00328097	0.00412035	0.00268702	0.00483493	0.00219621	0.00397037	0.00608149	0.00418984
COLANSYN-PWY: colanic acid building blocks biosynthesis	0.00348962	0.00291646	0.00278629	0.00323798	0.00305509	0.00406098	0.00250468	0.00264979	0.00305668	0.00191165	0.00342928	0.00473888	0.0030264	0.00235532	0.00479448	0.00228231	0.00230447	0.00268582	0.00418742	0.0028611	0.00319618	0.00314088	0.00246795	0.00292601	0.00338531	0.00296987	0.00353764	0.00373353	0.00292455	0.00415434	0.00237631	0.00309301	0.00279162	0.0026627	0.00366184	0.00348086	0.00317365	0.00326114	0.00184014	0.00182794	0.0029005	0.00277112	0.00388835	0.00208625	0.00137919	0.0030695	0.00369884	0.00360466	0.00312226	0.00334938	0.00373444	0.00184375	0.00104319	0.0030387	0.00378185	0.00302771	0.00245436	0.0033352	0.00398005	0.0026504	0.00221807	0.0048861	0.00303659	0.00303607	0.00304987	0.00250995	0.00263554	0.00218231	0.00412538	0.00318387	0.00331964	0.00251276	0.00263893	0.00336137	0.0029826	0.00190353	0.00257624	0.00324327	0.00353817	0.00263698	0.00236218	0.00299455	0.00341707	0.00197547	0.0012584	0.00341237	0.00239545	0.00370532	0.00352335	0.00319895	0.00274805	0.00405081	0.00297847	0.00263676	0.00423559	0.00294174	0.00241902	0.00306354	0.00387094	0.0029677699999999	0.00367918	0.00368309	0.00335711	0.0015717	0.00307344	0.00393647	0.00286019	0.00254247	0.00296283	0.00362476	0.00321697	0.00297432	0.00331776	0.00256248	0.00223654	0.00363784	0.00251766	0.00360955	0.00176569	0.00354322	0.00324745	0.00294094	0.0033887	0.00358656	0.00266315
COMPLETE-ARO-PWY: superpathway of aromatic amino acid biosynthesis	0.00818057	0.00961254	0.0102044	0.00893264	0.00950771	0.0100046	0.00843322	0.0113363	0.00951594	0.0112956	0.00955469	0.00996192	0.0106135	0.0103506	0.00858375	0.0109539	0.0092993	0.0100648	0.0103067	0.00984379	0.00820927	0.0100078	0.00924725	0.0089764	0.00872532	0.00881981	0.00910216	0.00789767	0.00877545	0.00949654	0.00928599	0.00933196	0.0100408	0.0082421	0.0095011	0.0096986	0.010746	0.00877272	0.00936152	0.0102709	0.00951203	0.00941348	0.00990645	0.0113936	0.0097864	0.00625684	0.0105047	0.00980235	0.0101336	0.00912317	0.00771354	0.00785949	0.0112479	0.0111456	0.00653825	0.00979733	0.00887828	0.00998161	0.00922129	0.0101325	0.00999395	0.00905029	0.0103862	0.00898907	0.00737019	0.00988168	0.010472	0.0112511	0.00967468	0.0105498	0.0108574	0.0107852	0.0122651	0.00883115	0.0107235	0.0116632	0.0104178	0.0117352	0.010118	0.00794786	0.0123705	0.0107378	0.00979459	0.0106102	0.0105444	0.0111612	0.00964209	0.00836185	0.0103454	0.00977653	0.0109218	0.0101658	0.00961059	0.00985995	0.0110702	0.0100072	0.00851536	0.00986518	0.00957535	0.00920542	0.0103074	0.00871156	0.00877071	0.00978165	0.0101633	0.0114452	0.00864499	0.0114207	0.0103335	0.00966843	0.00619215	0.0109582	0.0101763	0.0103837	0.0100374	0.00887416	0.00862662	0.0114062	0.0112515	0.00753824	0.0114326	0.0098658	0.0107331	0.00990118	0.0109189
CRNFORCAT-PWY: creatinine degradation I	0.0	0.0	0.0001456	0.000429956	0.0	0.00023792	0.0	0.000227806	0.0	2.28226e-05	0.0	1.74541e-05	0.0	0.0	0.0	0.000137481	0.000218688	0.000265535	0.0	4.99518e-05	0.0	0.0	0.0	0.000255775	1.82366e-05	0.0	7.32274e-05	0.00011618	0.0	0.000118043	0.00032785	0.0	0.0	9.91841e-05	6.06205e-05	0.0	0.0	0.0	0.000155836	2.25417e-05	0.0	0.0	0.000109967	0.0	0.00014079	6.66931e-05	0.0	3.18132e-05	0.00031465	0.0	1.86219e-05	0.0	0.00039537	6.72905e-05	5.44426e-05	0.0	5.56882e-05	0.000115841	0.000123052	0.0	0.000124659	0.0	0.000103446	0.0	0.0	0.0	0.0	5.32175e-05	0.0	0.0	5.89815e-05	0.0	0.0	0.0	7.23076e-05	0.0	0.0	0.000150739	0.0	0.0	6.63476e-05	6.7957e-05	0.0	0.0	0.0	0.0	0.000184688	0.0	0.000144408	0.0	2.96535e-05	0.000275586	3.91948e-05	6.99104e-05	0.0	0.000156312	0.0	0.0	0.0	0.000163916	0.0	0.0	0.0	0.000154397	0.0	0.0	0.0	5.11279e-05	0.000263453	0.0	0.000143527	6.96612e-05	0.0	3.11861e-05	2.51818e-05	1.41749e-05	0.0	0.0	0.0	0.0	0.0	0.0	3.71161e-05	0.0	0.0
DAPLYSINESYN-PWY: L-lysine biosynthesis I	0.000830372	0.00148052	0.000204568	0.000976048	0.0010193	0.000851115	0.00155006	0.000651367	0.00117087	0.000289812	0.000498926	0.00210741	0.000606137	0.00166157	0.000454442	0.000911543	0.00122168	0.00197787	0.00117993	0.000767122	0.00160876	0.00158678	0.00123346	0.00145931	0.000690714	0.0016892	0.000303919	0.00257933	9.70539e-05	0.00137564	0.00227217	0.00114002	0.000330299	0.000331355	0.000661957	0.000442687	0.00062496	0.000563953	0.00140495	0.00142176	0.0012019	0.00316785	0.000231401	0.00093716	0.00255058	0.00302911	0.00171866	0.00124547	0.000188941	0.000659954	0.000990066	0.00065469	0.00147687	0.000538377	0.00337469	0.00105197	0.000610143	0.00229889	0.00179673	0.00105623	0.00262243	0.000843531	0.0015273	0.00117928	0.00195416	0.000397519	0.0015887	0.00117148	0.000862189	0.003004	0.00125888	0.00101816	0.000703447	0.00141179	0.00176244	0.00192212	0.00141207	0.000398396	0.00111537	0.0023455	0.000736662	0.000814462	0.000443429	0.00189843	0.00213659	0.00249401	0.00488909	0.000537135	0.00140833	0.00171887	0.000763831	0.0002843	0.00182028	0.0012134	0.00196299	0.00158183	0.0023037	0.00183673	0.00128621	0.000365888	0.00110847	0.00118686	0.00467368	0.000746089	0.000463113	0.00161639	0.000147555	0.00151682	0.00175889	0.00112556	0.00304605	0.0018043	0.00403854	0.00115899	0.000297509	0.00225742	0.00247838	0.000929698	0.00133178	0.00291989	0.000638505	0.00262881	0.00041783	0.0007088	0.000965507
DARABCATK12-PWY: D-arabinose degradation I	0.0	0.0	5.2393e-06	3.92414e-05	7.99583e-05	1.54052e-05	4.99413e-05	5.4113e-06	0.0	0.0	0.0	0.0	0.0	0.0	0.0	0.000117588	0.0	0.0	0.0	0.0	5.56365e-05	0.0	5.12838e-06	7.34674e-05	0.0	6.90609e-05	0.0	8.64547e-05	0.0	6.73062e-05	6.35932e-06	4.96243e-05	0.0	7.55674e-06	0.0	0.0	3.45022e-06	0.0	0.0	1.37829e-06	1.48902e-05	3.52002e-05	7.1767e-06	0.0	1.40225e-05	0.000340042	0.0	6.59333e-06	0.0	0.0	2.96023e-05	0.000365048	0.0	0.0	0.000344561	3.15611e-06	4.65033e-06	0.0	0.0	9.78673e-06	0.0	2.87313e-06	0.0	7.8265e-06	0.000123954	1.65107e-05	0.0	0.0	2.51651e-06	0.0	0.0	0.0	5.04118e-06	8.34259e-05	0.0	2.15749e-05	0.0	0.0	2.62006e-05	7.3019e-05	0.000126126	0.0	0.0	0.0	0.0	0.000256169	0.0	1.84055e-05	0.0	4.55602e-05	0.0	0.0	3.10791e-06	0.0	0.0	0.0	7.17617e-05	1.12338e-05	0.0	0.0	0.0	0.0	0.0	0.0	0.0	0.0	0.0	4.56138e-05	0.0	6.83731e-05	0.000428671	0.0	0.0	1.21628e-05	0.0	0.0	0.000125337	0.0	0.0	4.23675e-05	0.0	0.000297182	0.0	0.0	0.0
DENITRIFICATION-PWY: nitrate reduction I (denitrification)	0.0	0.0	0.0	0.0	0.0	0.0	1.06563e-05	0.0	0.0	0.0	0.0	0.0	0.0	0.0	0.0	0.0	0.0	0.0	0.0	0.0	0.0	0.0	0.0	0.0	0.0	0.0	0.0	1.76591e-05	0.0	0.0	0.0	0.0	0.0	0.0	0.0	0.0	0.0	0.0	0.0	0.0	1.86198e-06	0.0	0.0	0.0	0.0	0.0	0.0	0.0	0.0	0.0	0.0	0.0	0.0	0.0	0.0	0.0	9.86833e-06	0.0	0.0	0.0	0.0	0.0	0.0	0.0	0.0	0.0	0.0	9.20089e-06	0.0	0.0	0.0	0.0	0.0	0.0	0.0	0.000101398	0.0	0.0	0.0	0.0	0.0	0.0	0.0	0.0	0.0	0.0	0.0	3.27373e-06	0.0	0.0	0.0	0.0	0.0	0.0	0.0	0.0	0.0	0.0	0.0	0.0	0.0	0.0	0.0	0.0	0.0	0.0	0.0	0.0	0.0	0.0	0.0	0.0	0.0	0.0	0.0	0.0	0.0	1.0516e-05	0.0	0.0	0.0	0.0	0.0	0.0	0.0
DENOVOPURINE2-PWY: superpathway of purine nucleotides de novo biosynthesis II	0.0	0.0	0.0	0.000390445	0.0	0.000158427	0.0	9.17689e-05	0.0	0.0	0.0	0.0	0.0	0.0	0.0	0.0	0.0	0.0	0.0	0.0	0.000295033	0.0	0.000160098	0.000886132	0.0	0.000543946	0.0	0.000745951	0.0	0.0	0.0	0.000418314	0.0	0.000120697	0.0	0.0	0.0	0.000166735	0.0	0.0	0.0	0.0	0.0	0.0	0.000211668	0.00187038	0.0	0.000135206	0.0	0.000188302	0.0002907	0.0	0.0	0.0	0.0015834	0.0	0.00014902	0.0	0.0	0.0	0.0	0.0	0.0	0.000209662	0.000993079	0.000195045	0.0	0.0	0.000122719	0.0	0.0	0.0	0.0	0.000784703	0.0	0.000448341	0.0	0.0	0.000209514	0.00064386	0.0	0.0	0.0	0.0	0.0	0.0	0.0	0.000139398	0.0	0.000113032	0.0	0.0	0.0	0.0	0.0	0.0	0.000575211	0.0	0.0	0.0	0.0	0.0	0.0	0.0	0.0	0.0	0.0	0.0	0.0	0.0	0.00170523	0.0	0.0	0.0	0.0	0.0	0.000915144	8.44047e-05	0.0	0.000264351	0.0	0.0	7.06849e-05	0.0	9.09264e-05
DHGLUCONATE-PYR-CAT-PWY: glucose degradation (oxidative)	0.0	0.0	0.0	0.0	0.0	0.0	0.0	0.0	0.0	0.0	0.0	0.0	0.0	0.0	0.0	0.0	0.0	0.0	0.0	0.0	0.0	0.0	0.0	0.0	0.0	0.0	0.0	0.0	0.0	0.0	0.0	7.00607e-06	0.0	0.0	0.0	0.0	0.0	0.0	0.0	0.0	0.0	0.0	0.0	0.0	0.0	0.0	0.0	0.0	0.0	0.0	0.0	0.0	0.0	0.0	0.0	0.0	0.0	0.0	0.0	0.0	0.0	0.0	0.0	0.0	0.0	0.0	0.0	0.0	0.0	0.0	0.0	0.0	0.0	0.0	0.0	0.0	0.0	0.0	0.0	0.0	0.0	0.0	0.0	0.0	0.0	0.0	0.0	0.0	0.0	0.0	0.0	0.0	0.0	0.0	0.0	0.0	0.0	0.0	0.0	0.0	0.0	0.0	0.0	0.0	0.0	0.0	0.0	0.0	0.0	0.0	0.0	0.0	0.0	0.0	0.0	0.0	0.0	0.0	0.0	0.0	0.0	0.0	0.0	0.0	0.0
DTDPRHAMSYN-PWY: dTDP-&beta;-L-rhamnose biosynthesis	0.0124843	0.0109551	0.012582	0.0117094	0.0114376	0.011197	0.0160098	0.011634	0.0127298	0.011544	0.0156028	0.0113489	0.0205013	0.0130072	0.0124722	0.00992634	0.0106893	0.0130388	0.0141051	0.0183311	0.0126035	0.0128446	0.0135628	0.0126536	0.0110303	0.010453	0.0110024	0.0113399	0.0121233	0.0108886	0.00996884	0.011509	0.0127487	0.0130693	0.01218	0.0135686	0.0131367	0.01294	0.0129311	0.0153021	0.0133657	0.0119617	0.0138449	0.0141149	0.012571	0.00639211	0.0138531	0.0109541	0.0123659	0.0134825	0.0108121	0.00978289	0.00901942	0.0126493	0.00620152	0.0132331	0.0105257	0.0126722	0.0114318	0.0171657	0.0208768	0.00913459	0.0124008	0.0196544	0.0086722	0.0106014	0.0125491	0.0107799	0.0123617	0.0108241	0.0137948	0.013594	0.0118019	0.0119913	0.0122602	0.0109816	0.0126865	0.0144439	0.0109011	0.00846987	0.0137977	0.0144707	0.021878	0.012293	0.0106781	0.0116734	0.00977073	0.0131041	0.0120003	0.0125338	0.0171398	0.0113484	0.01193	0.0111178	0.0137956	0.0105803	0.0106478	0.0131825	0.0128546	0.0142051	0.0121095	0.010804	0.00901475	0.0101856	0.0151933	0.0128849	0.0171761	0.0149209	0.0104248	0.0114668	0.00632742	0.0122004	0.011023	0.0101442	0.0126624	0.0107276	0.0111869	0.0113485	0.00940554	0.0109899	0.0125851	0.0176032	0.011452	0.0121306	0.0122335
ECASYN-PWY: enterobacterial common antigen biosynthesis	0.0	0.0	0.0	0.000105919	0.0	0.0	0.0	3.78948e-05	0.0	0.0	0.0	0.0	1.29986e-05	0.0	0.0	0.0	0.0	0.0	0.0	0.0	0.000123521	0.0	2.29976e-05	0.000163208	2.67624e-05	0.000145884	0.0	0.000252138	0.0	3.34802e-05	0.0	0.000211904	0.0	2.89352e-05	0.0	0.0	0.0	0.0	0.0	0.0	3.1827e-06	0.0	6.78176e-06	0.0	7.78775e-05	0.000658212	0.0	5.0944e-05	0.0	0.0	6.3502e-05	0.0	0.0	0.0	0.000515006	0.0	1.59487e-05	0.0	0.0	0.0	0.0	0.0	0.0	0.000123121	0.000154672	7.38093e-05	0.0	0.0	0.0	0.0	0.0	0.0	3.31819e-05	8.74354e-05	0.0	5.56378e-05	0.0	0.0	5.63605e-05	0.000151096	0.0	0.0	0.0	0.0	0.0	0.0	0.0	4.59051e-05	1.85941e-05	4.78662e-05	0.0	0.0	0.0	0.0	0.0	0.0	0.000207146	0.0	0.0	0.0	0.0	0.0	0.0	0.0	0.0	0.0	0.0	0.0	0.0	0.0	0.000854044	0.0	0.0	0.0	0.0	0.0	8.9711e-05	6.55391e-05	0.0	8.05538e-05	0.0	0.0	0.0	0.0	0.0
FAO-PWY: fatty acid &beta;-oxidation I (generic)	0.0	0.0	4.41362e-05	0.000362577	2.42388e-05	0.0	0.0	0.00016949	0.0	0.0	0.0	0.0	5.40951e-05	0.0	0.0	5.78554e-05	0.0	0.0	0.0	0.0	0.000288806	0.0	0.000183131	0.000534431	0.000123111	0.000643333	0.0	0.00129528	0.0	0.000198104	5.96821e-05	0.000513589	0.0	0.000178327	0.0	0.0	0.0	0.0	0.0	0.0	1.53833e-05	0.0	5.85075e-05	0.0	0.000313153	0.00277427	0.0	0.000181551	0.0	0.0	0.000302382	3.43535e-05	0.0	0.0	0.0015274	0.0	6.50294e-05	0.0	0.0	2.59008e-05	0.0	0.0	0.0	0.000345505	0.00112827	0.000141557	0.0	0.0	8.75311e-05	0.0	0.0	1.05194e-05	0.000118654	0.000550292	0.0	0.000246	0.0	0.0	0.000176004	0.00050225	0.0	0.0	0.0	5.65367e-05	0.0	0.0	0.0	0.000185626	4.09795e-05	0.000225655	4.03163e-05	0.0	0.0	0.0	0.0	0.0	0.000581499	5.62098e-05	0.0	0.0	0.0	0.0	0.0	0.0	0.0	7.28661e-06	0.0	0.0	6.80931e-05	0.0	0.00288858	6.02679e-05	0.0	0.0	0.0	0.0	0.00108424	0.000196472	0.0	0.000385817	0.0	0.0	3.83106e-05	0.0	0.0
FASYN-ELONG-PWY: fatty acid elongation -- saturated	0.00359175	0.00134121	0.00208602	0.00288873	0.0012482	0.00163835	0.00131983	0.000785407	0.00373291	0.000503321	0.00161515	0.000993074	0.000386906	0.00114043	0.00179179	0.000557733	0.00221343	0.00159361	0.00141322	0.000397427	0.00203735	0.0010629	0.000591276	0.00229459	0.00292634	0.00381185	0.00271503	0.00443469	0.00261156	0.0025082	0.00136644	0.00295133	0.000560354	0.00419219	0.00288933	0.000345651	0.00204281	0.00317353	0.000880055	0.00197439	0.00202132	0.00267449	0.0038083	0.00159627	0.00181411	0.00387875	0.00119539	0.000938821	0.001532	0.00254923	0.00306236	0.000876244	0.00242978	0.00216879	0.00341574	0.000764283	0.00173705	0.00223583	0.0028935	0.000569029	0.00171106	0.000809997	0.000835836	0.00253357	0.00366836	0.000784744	0.00179544	0.0016569	0.00196313	0.00176566	8.33636e-05	0.0010564	0.000653832	0.00244053	0.000793674	0.00242957	0.000612712	0.000594411	0.00112296	0.00241549	0.000661882	0.00246262	0.000286422	0.00123909	0.000792742	0.000687174	0.00313588	0.00252329	0.000811812	0.00181836	0.000868789	0.00094809	0.00108845	0.00205662	0.00189179	0.000955441	0.00336918	0.0020656	0.000738325	0.00110002	0.00198179	0.00349938	0.00308489	0.000319403	0.00203276	0.00139422	0.00111118	0.000676206	0.00167981	0.000693102	0.00405692	0.00150405	0.00160149	0.000675758	0.000501463	0.001382	0.00607211	0.000995216	0.00140472	0.0025669	0.00200458	0.00135129	0.00111596	0.00211456	0.00093638
FASYN-INITIAL-PWY: superpathway of fatty acid biosynthesis initiation (E. coli)	0.000216518	0.00039684	0.0	4.91813e-05	9.16099e-05	4.61066e-05	0.0	3.94269e-05	0.000208095	0.0	0.0	0.000142746	0.0	4.28678e-05	0.0	0.0	0.0	4.41234e-05	7.36397e-05	7.98114e-05	0.000190006	0.000197147	0.0	3.72358e-05	0.0	2.57283e-05	0.0	0.000129404	0.0	0.000111264	5.85349e-05	2.26045e-05	2.61906e-05	0.0	5.66636e-05	0.000104962	6.88496e-05	0.0	0.000246445	0.000304621	0.000262027	0.000316048	0.0	0.000116201	0.000336382	2.24667e-05	0.000217642	0.000143047	3.42907e-05	0.0	0.0	0.0	0.000245744	0.0	2.07196e-05	3.46506e-05	0.0	0.00029442	7.69504e-05	0.0	4.66626e-05	0.0	4.48077e-05	0.0	0.0	0.0	7.95762e-05	2.0302e-05	9.44733e-05	0.000120706	0.0	5.88366e-05	0.0	0.0	4.35441e-05	0.000237089	0.000106058	3.45135e-05	0.0	0.0	0.000193752	0.000185858	7.8028e-05	0.000161313	8.56057e-05	0.0	0.000337502	0.0	0.0	0.000268918	0.0	6.16078e-05	0.000114487	6.33702e-05	0.000165075	8.9641e-05	0.000397225	0.000465878	1.75677e-05	0.0	3.57949e-05	0.000198711	0.000599799	9.77846e-05	0.0	0.000743728	0.0	0.0	0.000151445	0.000145993	3.89387e-05	2.59544e-05	0.000421078	3.88564e-05	0.0	0.000246625	8.79813e-05	0.000209916	0.0	8.20312e-05	0.0	0.000248134	0.0	0.000144623	0.0
FERMENTATION-PWY: mixed acid fermentation	0.000693005	0.00192073	0.00240439	0.00152638	0.00111113	0.00206593	0.00173562	0.00319095	0.00143406	0.00171821	0.00033024	0.00315862	0.00331622	0.00148368	0.00106653	0.00169678	0.00330629	0.00260664	0.00469673	0.00175125	0.00210996	0.00127463	0.00112301	0.00196635	0.000722801	0.0027904	0.00198577	0.00238258	0.000648421	0.00254209	0.00275508	0.0018363	0.00267631	0.00129243	0.00099808	0.00213522	0.00142259	0.000918379	0.00142507	0.00218546	0.00126252	0.00177667	0.00209962	0.00174918	0.00352705	0.00317896	0.00286847	0.0027014	0.00232539	0.00104317	0.000960442	0.0021248	0.00258431	0.00107795	0.00295981	0.000495934	0.00164665	0.00236578	0.00119673	0.00238885	0.00152664	0.00116924	0.00258377	0.00237267	0.00277057	0.00155135	0.00233701	0.00155311	0.00204818	0.00198904	0.00200377	0.00415486	0.00454728	0.00298086	0.0020109	0.000911165	0.00313643	0.00362959	0.00159773	0.00217792	0.00127889	0.00182562	0.00101956	0.00248162	0.00269664	0.00246035	0.00217711	0.00110566	0.00156192	0.00247767	0.00250467	0.00244457	0.00190545	0.00128396	0.00324192	0.00195945	0.00132153	0.00151028	0.00307831	0.00175384	0.00150309	0.00131561	0.000626316	0.00184706	0.00125401	0.00354992	0.000383776	0.00229449	0.00445674	0.00388282	0.00372793	0.00324966	0.00198671	0.00326511	0.00367522	0.00231836	0.00120225	0.00299276	0.00130986	0.00221169	0.00167876	0.00183216	0.00280479	0.000550821	0.00346477
FOLSYN-PWY: superpathway of tetrahydrofolate biosynthesis and salvage	0.00124288	0.00147183	0.000629785	0.000607754	0.000193196	0.000745039	0.000406004	0.0005419	0.000567099	0.000283603	0.000188273	0.000225158	0.000781035	0.000534085	0.00194134	0.000388858	0.00039791	0.000189758	0.000281397	0.000258299	0.000311021	0.000190834	0.000198709	0.000344605	0.000239685	0.000571625	0.000297749	0.000793733	0.000660399	0.000867567	0.000232078	0.000708059	0.000442209	0.000359375	0.000331253	0.000266576	0.000293116	0.00085267	0.000699213	0.000139993	0.00101748	0.000153034	0.000340397	7.756e-05	4.96505e-05	0.00154714	0.000522967	0.000910738	0.000142692	0.000934767	0.00139841	0.000537613	0.0	0.000125502	0.00170503	5.67805e-05	0.000922027	0.000266201	0.000443705	0.000118453	0.000596817	0.00027961	0.000772345	0.000707189	0.000674834	0.000852164	0.0	0.000229961	0.000436664	0.000707269	0.000374698	0.00021215	0.000299086	0.000616307	0.000478587	0.00153647	0.000296257	0.000505118	0.000260645	0.000834743	0.00022317	0.000356027	4.04045e-05	0.000168089	7.22049e-05	0.000161064	0.000748476	0.000626758	0.000577726	0.000158899	0.000454611	0.000439076	0.000566533	0.000374525	0.000402142	0.000226103	0.000670978	0.000240442	0.000292111	0.000355783	8.28014e-05	0.0	0.000383893	0.000194889	0.000364345	0.000294969	0.0	0.000390493	0.00043905	0.000510607	0.00130854	0.000219522	0.000640854	0.000192525	0.0	0.000748576	0.000557772	0.000316197	9.28683e-05	0.000223149	0.0	0.000122606	0.000151601	3.16617e-05	0.000731259
FUC-RHAMCAT-PWY: superpathway of fucose and rhamnose degradation	0.00121911	0.00154604	0.000981397	0.000982658	0.00154016	0.00178792	0.000234868	0.000899083	0.00120832	0.00118008	0.00181312	0.000943237	0.00063363	0.00110747	0.00237077	0.000795247	0.00184658	0.000623105	0.000991845	0.000286959	0.000950099	0.00074206	0.00124387	0.00138929	0.0016044	0.00150603	0.00117534	0.00216528	0.00222665	0.0013777	0.00038232	0.00108395	0.000365941	0.00138138	0.00093105	0.000504546	0.000816564	0.0024562	0.00102041	0.00108559	0.00165539	0.00091165	0.000896943	0.000658129	0.000621183	0.00210954	0.000835819	0.00135203	0.000890318	0.00250398	0.00127709	0.000928677	0.000647091	0.00156198	0.00233659	0.000847787	0.000880871	0.00112987	0.00138623	0.000505947	7.64262e-05	0.00103104	0.000475068	0.00108546	0.00178569	0.000775429	0.000692234	0.000965674	0.00122536	0.000702053	0.000562144	0.00113408	0.000333078	0.00124457	0.000518604	0.000668133	0.000688173	0.000590704	0.00101536	0.00118899	0.000359346	0.000313199	0.000727472	0.000435155	5.33319e-05	0.000559736	0.000687018	0.0020063	0.000492273	0.000965707	0.000730995	0.00155101	0.00106988	0.00107622	0.000614823	0.000592232	0.00172251	0.0010664	0.000392583	0.00117006	0.0011733	0.000462026	0.000436453	0.000653803	0.000970753	0.000933864	0.0	6.8434e-05	0.00122448	0.00116469	0.00253004	0.000870446	0.000463	0.000142204	0.000517153	0.000707867	0.00210315	0.00069818	0.000820661	0.000956344	0.000351127	0.000695644	0.000836857	0.0012214	0.000602651
FUCCAT-PWY: fucose degradation	0.000754281	0.000938859	0.000597353	0.000550395	0.0011108	0.0016773	0.000111512	0.000907311	0.000922769	0.00138028	0.00109949	0.000550348	0.000457534	0.000871599	0.00146026	0.00076646	0.00127106	0.0003422	0.000574419	0.000141353	0.000543913	0.000425372	0.000712401	0.000871547	0.00101494	0.00105392	0.000634853	0.00158481	0.00152487	0.00109971	0.000193636	0.000580806	0.000191774	0.000843813	0.000529404	0.0002443	0.000450845	0.0014637	0.000689493	0.000984776	0.000957664	0.000496531	0.000450361	0.00034334	0.000433267	0.00210579	0.000426332	0.000850378	0.000447232	0.00151068	0.000785318	0.000786229	0.00094409	0.0010173	0.00236004	0.000442977	0.000537075	0.000953013	0.000754927	0.000243318	0.000119221	0.00312338	0.000256809	0.000715231	0.00147863	0.00043551	0.000389026	0.00130413	0.0006858	0.000363548	0.000277208	0.000777546	0.000332692	0.00085052	0.000260685	0.000338121	0.000678999	0.000312333	0.00125492	0.000792519	0.000167261	0.000149113	0.000457534	0.000290672	2.435e-05	0.000300287	0.000364013	0.00141611	0.000246004	0.000524067	0.000421018	0.00114288	0.000737573	0.000651178	0.000320081	0.00150799	0.00102633	0.000591609	0.00211824	0.000642572	0.00194836	0.000234721	0.000231583	0.000779412	0.000499304	0.000481965	0.000381829	4.99186e-05	0.000730376	0.000740155	0.00221123	0.000463136	0.000299573	7.94773e-05	0.000606259	0.000945026	0.00273845	0.000375002	0.000644606	0.000943987	0.000166816	0.000471061	0.0004345	0.000678212	0.000321567
GALACT-GLUCUROCAT-PWY: superpathway of hexuronide and hexuronate degradation	0.000651302	0.000399458	0.000400681	0.000779152	0.000922604	0.000484352	0.000500307	0.00070425	0.000322818	0.000298854	0.00125656	0.0010608	0.00118895	0.000647671	0.00138851	0.000656314	0.000997588	0.000605802	0.000401006	0.000287589	0.00158009	0.000286757	0.00111955	0.00104262	0.000996503	0.00087981	0.000406583	0.00177845	0.000413809	0.000632079	0.000584214	0.000960411	0.000122945	0.00112194	0.000886879	0.000781653	0.00138445	0.000662922	0.000304877	0.00109476	0.000791855	0.00144403	0.000850575	0.00103653	0.00138579	0.00163585	0.00116165	0.000640083	0.000596587	0.00070583	0.000878364	0.000182004	0.000540686	0.000585225	0.00143297	0.00101615	0.000404891	0.00122659	0.000773786	0.00112863	0.000692976	0.000236447	0.000572816	0.000445304	0.00165008	0.000554998	0.00128514	0.00064736	0.00128541	0.000764504	0.00108925	0.000589101	0.000411203	0.00125811	0.00054171	0.000327887	0.000792635	0.00153376	0.000794765	0.00139067	0.000237074	0.000899561	0.000639859	0.001843	0.00123514	0.00107598	0.000546991	0.000673104	0.00107523	0.000798744	0.00124279	0.000413883	0.000898329	0.00115077	0.00104309	0.00084822	0.00144909	0.00153096	0.000606036	0.000213542	0.00055466	0.000380346	0.000288011	0.000274279	0.00079488	0.00202173	0.000447592	0.000239598	0.000499187	0.00082173	0.00146886	0.00120227	0.000867596	0.000748178	0.000701642	0.000697883	0.000904915	0.000445127	0.00090374	0.000915475	0.000751436	0.000171035	6.39703e-05	0.00143453	0.000435524
GALACTARDEG-PWY: D-galactarate degradation I	0.000240547	3.46459e-05	0.000162605	0.000619512	0.000103884	0.0	0.0	0.00017406	8.18024e-05	3.32774e-05	0.00018218	5.96004e-05	8.70808e-05	0.000156326	0.00037301	0.000106761	0.000184755	3.66682e-05	2.53374e-05	0.000181832	0.000455954	0.000309861	0.00016294	0.000510195	0.000492826	0.000824721	1.22637e-05	0.00106861	0.0002341	0.000156592	9.66283e-05	0.000463092	1.3991e-05	0.00056152	0.000168598	0.000106965	9.34316e-05	5.68947e-05	0.00015402	3.29822e-05	0.000236311	1.38184e-05	0.000367405	1.96373e-05	0.000343253	0.00340839	7.57974e-05	0.000236884	1.70676e-05	0.000179383	0.000509222	0.000328497	9.73672e-05	4.14622e-05	0.00275007	0.000316198	0.000134633	4.85822e-05	0.000108825	0.000164381	9.97572e-05	2.15895e-05	4.11112e-05	0.000299175	0.00159801	0.000210461	6.16848e-05	5.67941e-05	0.000135205	4.7571e-05	0.000180515	0.000176892	8.70652e-05	0.000733802	0.0	0.000352026	0.0	4.93836e-05	0.000283842	0.000757264	0.0	0.000156712	1.118e-05	0.000580961	3.39113e-05	0.000122859	3.18889e-05	0.000221435	0.00010987	0.000262444	3.51074e-05	3.79262e-05	2.98874e-05	0.00014971	2.20989e-05	6.22428e-05	0.00119385	0.000122195	8.34851e-05	0.000215212	4.93424e-05	9.75766e-05	8.60539e-05	1.86201e-05	0.0	5.74532e-05	4.455e-05	0.0	0.000111098	0.000167757	0.00327247	0.000195409	1.19866e-05	0.0	0.000203848	9.90781e-05	0.00166313	4.67385e-05	0.000153695	0.000481712	0.0	3.98398e-05	2.8764e-05	0.0	2.26833e-05
GALACTITOLCAT-PWY: galactitol degradation	0.0	9.59435e-05	2.11109e-05	0.000289787	0.0	0.0	1.82724e-05	4.16233e-05	0.000214069	0.0	0.0	0.0	8.96969e-05	1.67113e-05	0.000299671	3.47249e-05	0.0	1.69868e-05	0.0	0.0	0.0002671	0.000149208	5.70846e-05	0.000101202	2.89647e-05	0.000447149	0.0	0.000810939	2.81259e-05	8.74937e-05	2.40626e-05	7.29098e-05	0.0	0.000127886	0.000295292	8.15993e-05	5.05926e-05	0.0	0.000392389	1.70781e-05	5.26266e-06	2.56836e-05	2.02045e-05	0.0	0.0	0.0	2.33613e-05	9.54674e-05	0.0	5.66886e-05	0.000130648	0.000123566	3.69558e-05	0.0	0.00144237	4.96869e-05	1.93864e-05	3.84667e-05	0.00015076	0.0	0.0	1.59168e-05	0.0	7.41102e-05	0.000779444	0.000115881	1.91138e-05	5.64315e-05	7.86921e-05	0.0	0.0	3.26148e-05	4.1136e-05	0.000206081	0.000205167	0.00027272	3.41157e-05	9.86383e-05	0.000198335	0.000355071	0.0	0.0	1.71854e-05	3.42047e-05	0.0	0.0	0.0	0.000115411	0.0	5.51548e-05	0.0	0.0	0.0	1.5373e-05	0.0	0.0	0.000375234	0.0	1.5957e-05	0.0	0.0	0.0	0.000179846	0.0	0.0	1.13025e-05	0.0	0.0	2.52949e-05	2.69042e-05	0.00136757	2.0113e-05	0.0	0.0	0.0	1.63304e-05	0.000639365	0.0	0.0	0.000159365	0.0	8.84971e-06	1.70151e-05	0.0	2.72239e-05
GALACTUROCAT-PWY: D-galacturonate degradation I	0.00083218	0.000647845	0.000904121	0.00102899	0.00104726	0.00184608	0.00115089	0.00124653	0.000738013	0.000839242	0.00133803	0.00185859	0.00229994	0.00160445	0.00131635	0.000920812	0.00163026	0.00159707	0.00176923	0.00103891	0.0018835	0.0012582	0.00152603	0.00127633	0.00106187	0.000905712	0.000907228	0.00215419	0.000471565	0.00130746	0.000938615	0.00206716	0.000839377	0.00107444	0.00182544	0.00239179	0.00156789	0.00179327	0.00170424	0.00229884	0.00163582	0.00226398	0.00176911	0.00360619	0.00439206	0.00172207	0.00122025	0.0019397	0.00144241	0.00197924	0.000998975	0.00128652	0.00227081	0.00169177	0.00138411	0.00119485	0.000947165	0.00193336	0.00186837	0.0018554	0.00072798	0.00137215	0.00205866	0.000792806	0.00162643	0.00237232	0.00460805	0.00129021	0.00117542	0.00249689	0.00240129	0.00254587	0.00124994	0.00143305	0.00239166	0.000355444	0.00175809	0.00221387	0.00144267	0.00150416	0.00178139	0.00234317	0.00369567	0.00293645	0.00383522	0.00261258	0.00154353	0.00153217	0.00178021	0.00127592	0.00179901	0.00264502	0.00129621	0.00174594	0.00222807	0.0020242	0.00210761	0.0019196	0.00190927	0.00185654	0.00276975	0.000864418	0.00132655	0.00117666	0.00128128	0.00315968	0.00032664	0.00133216	0.00136739	0.00236889	0.00176801	0.00191075	0.00264734	0.0023858	0.00217061	0.00216791	0.0010961	0.00215959	0.00222264	0.00162072	0.00133997	0.000678101	0.0023844	0.00334928	0.00168279
GLCMANNANAUT-PWY: superpathway of N-acetylglucosamine, N-acetylmannosamine and N-acetylneuraminate degradation	0.00207795	0.00252265	0.00267966	0.00220961	0.00178822	0.00212017	0.00152446	0.00154118	0.00137162	0.00119601	0.001655	0.00160453	0.00215773	0.00202039	0.00276106	0.00125606	0.00221647	0.00175394	0.00172752	0.00180549	0.00230482	0.00307867	0.00218959	0.0022098	0.00141952	0.00169561	0.00165338	0.00354108	0.00160881	0.00119936	0.00149639	0.0017935	0.00132937	0.000953232	0.00267159	0.00281535	0.00258838	0.00229839	0.00230053	0.00357634	0.00348712	0.00338891	0.00381685	0.00425391	0.00446602	0.00288011	0.0030808	0.00231592	0.00160218	0.0031116	0.00315387	0.00256417	0.00289203	0.00134688	0.00245358	0.00188764	0.00154706	0.00125493	0.00304651	0.00131013	0.00120785	0.000902469	0.00229305	0.0014503	0.00271653	0.00173369	0.00357434	0.00122897	0.0031239	0.00243188	0.00301341	0.00203787	0.00289074	0.00213158	0.00199145	0.00257025	0.00147152	0.00344003	0.00253646	0.00202779	0.00287966	0.00254245	0.00162191	0.00295863	0.00522298	0.00353774	0.00227701	0.00136858	0.00177011	0.00276183	0.00198558	0.00242954	0.00207302	0.00327272	0.00332917	0.00161227	0.00534332	0.00266938	0.00119966	0.00247317	0.00165109	0.00211679	0.00244908	0.00171647	0.00237775	0.00350582	0.00081088	0.0025343	0.00176618	0.00157356	0.00290297	0.00278918	0.00389681	0.00348622	0.0023019	0.00159297	0.00206892	0.00338654	0.00413608	0.00203444	0.00170644	0.0014365	0.00368645	0.000932444	0.00237234
GLUCARDEG-PWY: D-glucarate degradation I	0.000200352	3.43908e-05	0.000149277	0.000448842	7.80345e-05	0.0	0.0	0.000145221	7.07813e-05	3.17426e-05	0.000105322	5.61375e-05	8.22783e-05	0.00013834	0.000288254	8.61669e-05	0.000164851	2.29679e-05	2.30821e-05	9.67241e-05	0.000297249	9.35531e-05	0.000142276	0.000366555	0.000193881	0.000604556	1.18384e-05	0.000945251	0.000209857	0.000141345	4.71893e-05	0.000354177	1.34691e-05	0.000303037	5.94583e-05	7.18215e-05	7.65799e-05	5.05e-05	0.000135195	2.70404e-05	0.000194878	1.32403e-05	0.00021774	1.77948e-05	0.000173043	0.00182471	3.81974e-05	0.000200574	1.59719e-05	0.000129996	0.000259236	0.000288254	4.49228e-05	3.40345e-05	0.00185589	0.000125716	8.36004e-05	1.78621e-05	5.44418e-05	0.00010012	8.42185e-05	0.0	2.36736e-05	0.000244615	0.00103302	0.000172875	4.95433e-05	5.42262e-05	0.000101144	3.11946e-05	6.50324e-05	0.000113096	7.99267e-05	0.000519893	0.0	0.000113588	0.0	4.55552e-05	0.000196797	0.000445456	0.0	7.74011e-05	9.92154e-06	0.000147042	2.84694e-05	8.30212e-05	2.92988e-05	0.000198677	9.6218e-05	8.63287e-05	3.37827e-05	3.44164e-05	2.71096e-05	0.000120214	2.01367e-05	4.68966e-05	0.000518157	9.72926e-05	6.52365e-05	7.27663e-05	4.14204e-05	9.17617e-05	6.07119e-05	1.75134e-05	0.0	5.23558e-05	4.41268e-05	0.0	9.45087e-05	9.82666e-05	0.00184755	0.000145099	1.17748e-05	0.0	0.000127627	9.06111e-05	0.00134588	3.87513e-05	5.07601e-05	0.000174948	0.0	2.2437e-05	2.06293e-05	0.0	2.11085e-05
GLUCARGALACTSUPER-PWY: superpathway of D-glucarate and D-galactarate degradation	0.000240547	3.46459e-05	0.000162605	0.000619512	0.000103884	0.0	0.0	0.00017406	8.18024e-05	3.32774e-05	0.00018218	5.96004e-05	8.70808e-05	0.000156326	0.00037301	0.000106761	0.000184755	3.66682e-05	2.53374e-05	0.000181832	0.000455954	0.000309861	0.00016294	0.000510195	0.000492826	0.000824721	1.22637e-05	0.00106861	0.0002341	0.000156592	9.66283e-05	0.000463092	1.3991e-05	0.00056152	0.000168598	0.000106965	9.34316e-05	5.68947e-05	0.00015402	3.29822e-05	0.000236311	1.38184e-05	0.000367405	1.96373e-05	0.000343253	0.00340839	7.57974e-05	0.000236884	1.70676e-05	0.000179383	0.000509222	0.000328497	9.73672e-05	4.14622e-05	0.00275007	0.000316198	0.000134633	4.85822e-05	0.000108825	0.000164381	9.97572e-05	2.15895e-05	4.11112e-05	0.000299175	0.00159801	0.000210461	6.16848e-05	5.67941e-05	0.000135205	4.7571e-05	0.000180515	0.000176892	8.70652e-05	0.000733802	0.0	0.000352026	0.0	4.93836e-05	0.000283842	0.000757264	0.0	0.000156712	1.118e-05	0.000580961	3.39113e-05	0.000122859	3.18889e-05	0.000221435	0.00010987	0.000262444	3.51074e-05	3.79262e-05	2.98874e-05	0.00014971	2.20989e-05	6.22428e-05	0.00119385	0.000122195	8.34851e-05	0.000215212	4.93424e-05	9.75766e-05	8.60539e-05	1.86201e-05	0.0	5.74532e-05	4.455e-05	0.0	0.000111098	0.000167757	0.00327247	0.000195409	1.19866e-05	0.0	0.000203848	9.90781e-05	0.00166313	4.67385e-05	0.000153695	0.000481712	0.0	3.98398e-05	2.8764e-05	0.0	2.26833e-05
GLUCONEO-PWY: gluconeogenesis I	0.0042614	0.00452459	0.00462524	0.00343473	0.00269585	0.00429769	0.0052263	0.00532402	0.00474145	0.00493548	0.00298788	0.00386961	0.00531121	0.00431996	0.00110199	0.00539332	0.00471914	0.00428311	0.00364722	0.00380162	0.0043467	0.00503283	0.00506092	0.00465172	0.00396169	0.00418251	0.00381565	0.0041675	0.00255153	0.004775	0.00438749	0.00381558	0.00368726	0.00347954	0.0033656	0.00275101	0.00300209	0.00307945	0.00302616	0.00397346	0.00389036	0.00463521	0.00243133	0.00235609	0.00409983	0.0047645	0.00335892	0.00390464	0.00291551	0.00350222	0.00491389	0.00492155	0.0036259	0.00388058	0.00499563	0.00366438	0.00545892	0.00359516	0.00369478	0.00468632	0.00657973	0.00312991	0.00596597	0.00533454	0.00514513	0.00343028	0.00295972	0.00398861	0.00370583	0.00492825	0.00514528	0.00346088	0.00325817	0.00531742	0.00398937	0.00299415	0.00496803	0.00267296	0.0043634	0.00354759	0.00324917	0.00312143	0.00255512	0.0040409	0.00263758	0.00324841	0.0054043	0.0035293	0.00377816	0.00404912	0.00527611	0.00343881	0.00410293	0.00331855	0.00408524	0.00463839	0.00392423	0.00394606	0.00466409	0.0042053	0.0043989	0.00416499	0.00652562	0.00363502	0.0037956	0.00378444	0.00147003	0.00277258	0.00354067	0.00395842	0.00477599	0.00515731	0.00448743	0.00291128	0.00337494	0.00438295	0.0032004	0.00547169	0.00185416	0.00499876	0.00205082	0.00449814	0.00241142	0.00481806	0.0046764
GLUCOSE1PMETAB-PWY: glucose and glucose-1-phosphate degradation	0.0	0.00381227	0.00300027	0.00298549	0.00330009	0.00367691	0.0	0.003388	0.00178479	0.0	0.0	0.0	0.00560718	0.0	0.0	0.00430364	0.00244597	0.0	0.00474369	0.0	0.0029565	0.0	0.00180729	0.00316656	0.00306679	0.00208426	0.00313677	0.00264735	0.00251628	0.00316484	0.00278882	0.00446289	0.00368098	0.00273464	0.0	0.00197088	0.00339858	0.00244645	0.00414707	0.00322816	0.00380619	0.0057144	0.0039481	0.0	0.004825	0.00401773	0.00553044	0.00446332	0.00365542	0.00260723	0.00394515	0.00259788	0.0	0.0	0.00326703	0.00194243	0.00238724	0.0	0.0	0.00421556	0.0	0.00757901	0.0	0.00570328	0.00332162	0.00309938	0.00306241	0.00423852	0.00466286	0.00419569	0.00278683	0.00387811	0.0049172	0.00767253	0.00464185	0.00290389	0.00376904	0.00402483	0.00399779	0.00445925	0.0	0.0	0.00766773	0.0	0.0	0.00463658	0.00461587	0.00307472	0.00321102	0.00311028	0.00650251	0.0	0.0042287	0.00315972	0.00513485	0.00312384	0.00362288	0.00410602	0.00628109	0.0	0.0	0.00228641	0.0	0.0	0.0	0.00550008	0.0	0.0057065	0.00417405	0.0	0.00337001	0.00428192	0.0059952	0.0	0.0	0.00464374	0.00204265	0.00323015	0.00269695	0.0026378	0.0	0.00196841	0.00319895	0.0	0.00455981
GLUCUROCAT-PWY: superpathway of &beta;-D-glucuronosides degradation	0.000989171	0.000846791	0.000999596	0.00142693	0.0012823	0.00201876	0.00107747	0.00135606	0.000855687	0.000956059	0.0019458	0.00237876	0.00227444	0.0020801	0.00185306	0.00111316	0.00169846	0.00193608	0.00247994	0.0014969	0.00229022	0.00159343	0.00189281	0.00140017	0.0012392	0.00139867	0.00107298	0.00219512	0.00136494	0.00152429	0.00114702	0.00223831	0.00105056	0.00125148	0.00200345	0.00255902	0.0021918799999999	0.00212613	0.00225901	0.00286856	0.00204712	0.00277772	0.00299721	0.00365114	0.00488199	0.00197988	0.00266773	0.00205171	0.00195117	0.00233543	0.00152381	0.00150135	0.00224179	0.00172635	0.00158534	0.00139197	0.0010695	0.00213926	0.00185562	0.00198125	0.000931381	0.00150871	0.0016993	0.000814692	0.00209538	0.00232083	0.0045384	0.00145734	0.00185123	0.00256381	0.00263242	0.00233588	0.00185325	0.00201431	0.0023566	0.000817296	0.00203278	0.00259472	0.00167659	0.00154108	0.0016615	0.0023835	0.00405844	0.00420712	0.00540501	0.00326418	0.00173619	0.00176616	0.00199335	0.00167144	0.00285236	0.00297201	0.00223267	0.00190543	0.00212813	0.0021604	0.00223503	0.00278885	0.00186174	0.00246172	0.0029405	0.000941117	0.00154899	0.00135138	0.00146529	0.00375871	0.000466475	0.00204145	0.00167627	0.00261587	0.00197381	0.00264435	0.00265004	0.00278513	0.00284011	0.00225636	0.00121517	0.0025281	0.00243254	0.00179761	0.00166419	0.000784527	0.00202167	0.00353439	0.00227585
GLUDEG-I-PWY: GABA shunt	0.000314811	0.000171879	0.000305772	0.000204648	0.000696107	0.00192176	5.67437e-05	0.000605094	0.000101998	0.000666216	0.0	0.000391528	0.000344263	8.02984e-05	1.68424e-05	0.000264173	0.000205556	0.000476508	0.000115426	0.000281776	0.000546916	0.00021902	0.000214285	0.00100591	0.00131109	0.00151681	0.000495071	0.00112228	0.000237337	0.00112603	0.000330461	0.000677993	0.000393138	0.000193857	0.000227834	2.90759e-05	0.00118716	8.72564e-05	0.00140303	0.000615003	2.93314e-05	0.000258406	0.000167829	8.06079e-05	0.00025096	0.00101991	0.000147944	0.000750787	0.000143534	5.87153e-05	0.000245654	0.000482372	0.000599208	0.00103043	0.00111203	0.000146843	0.000625717	0.000535028	9.0342e-05	0.000488153	9.91871e-05	0.000855142	0.000100219	0.000756712	0.00162411	0.000829722	0.000248425	0.000882749	0.00111987	0.000910377	0.000233413	0.000769678	1.57293e-05	0.000771232	0.000831162	0.000421476	0.000145919	0.000299752	0.00141141	0.000706726	7.13752e-05	0.0	0.000754532	0.000427028	0.000151552	0.000229709	0.000324824	0.00144491	0.000399831	0.00053712	0.000219019	0.00114878	0.000400229	0.000327303	7.70547e-05	0.000310366	0.000419073	0.000142808	0.000518957	0.000335045	0.00163911	0.000133546	0.000219352	0.00033101	6.14793e-05	8.95169e-05	0.0	0.000265268	0.00069644	0.000665145	0.00104853	0.000485673	0.000453058	0.000125282	0.000412461	0.000708013	0.000603961	0.000187117	0.000376428	0.000781036	0.000245565	0.000441549	0.000339638	0.00103584	0.000111848
GLUTORN-PWY: L-ornithine biosynthesis I	0.00502176	0.00747343	0.00812407	0.00621323	0.00735621	0.00716851	0.00695167	0.0100709	0.00778396	0.00831414	0.00695874	0.00858151	0.00958803	0.00904075	0.00454941	0.00877044	0.00653261	0.00753685	0.00889167	0.00768865	0.00605149	0.00857367	0.00791474	0.00680226	0.0060385	0.00663662	0.00676337	0.00532962	0.00368633	0.00749296	0.0062726	0.00737995	0.00890881	0.00510559	0.00709444	0.00845332	0.00909941	0.00541734	0.00750192	0.00938738	0.00821993	0.00928365	0.00844054	0.0100208	0.0137133	0.00513736	0.00845618	0.00809192	0.00765187	0.00684453	0.00433202	0.00423247	0.00833027	0.00818288	0.0056906	0.0075722	0.00568819	0.00710983	0.00687475	0.00758856	0.00803062	0.0101012	0.00914623	0.00674911	0.00638783	0.00831058	0.0106785	0.00790754	0.00657596	0.00922099	0.00838949	0.00818143	0.0110389	0.00782889	0.00890581	0.0081927	0.00884954	0.00970909	0.00700434	0.00803788	0.00886248	0.0074872	0.00955299	0.0103621	0.0156806	0.00969733	0.00824424	0.0055175	0.00839013	0.00807882	0.009297	0.00850015	0.00853703	0.00733965	0.00965494	0.00915039	0.00680448	0.00833077	0.0088583	0.0071229	0.0084775	0.00441466	0.00644453	0.00847862	0.00738147	0.0104899	0.00418148	0.00927151	0.00787336	0.00766449	0.00521098	0.00975069	0.00961236	0.00940564	0.0101149	0.0077659	0.0040148	0.00972058	0.0105019	0.00641628	0.00905469	0.00797765	0.00791129	0.00998281	0.00902248
GLYCOCAT-PWY: glycogen degradation I	0.00476876	0.00297186	0.00222243	0.00212696	0.00111638	0.00139362	0.000502335	0.000793334	0.00282744	0.000608453	0.00205462	0.00497087	0.000606639	0.00274955	0.00138355	0.002035	0.00199592	0.00138197	0.0056783	0.000652021	0.00356076	0.000340165	0.00213146	0.000480827	0.00082719	0.00311546	0.00377107	0.000989078	0.00389243	0.00381822	0.00112674	0.00182684	0.00189032	0.00175783	0.0035632	0.00146072	0.00220533	0.00393552	0.00202314	0.00230218	0.00203143	0.00106119	0.00394852	0.00204602	0.00252328	0.00120038	0.000561468	0.00242076	0.00263826	0.00288383	0.00404725	0.000468777	0.00156082	0.000890154	0.000771156	0.00199234	0.00158858	0.00433748	0.000626498	0.00189229	0.000395125	0.0002365	0.00101155	0.000743862	0.00245034	0.000999451	0.00128157	0.00146214	0.00211148	0.00166864	0.0028443	0.00411481	0.000167017	0.00158198	0.000822047	0.00026164	0.00165945	0.000458569	0.00270945	0.00023904	0.000398933	0.0013394	0.000982293	0.00359051	0.00188452	0.000729959	0.00228248	0.00337458	0.00239789	0.00314653	0.00183541	0.00118005	0.0036185	0.0014393	0.000441933	0.00236596	0.00378703	0.0034956	0.0017513	0.00206797	0.00400533	0.0045023	0.00123057	0.000287222	0.00165389	0.000802006	0.00551349	0.000156689	0.00546245	0.00539205	0.00146175	0.00232246	0.00150757	0.00183028	0.00202375	0.00104048	0.00284438	0.00280546	0.00187069	0.00257622	0.00105213	0.00239649	0.000600505	0.00298192	0.00321323
GLYCOGENSYNTH-PWY: glycogen biosynthesis I (from ADP-D-Glucose)	0.0102729	0.0123697	0.0134371	0.0125648	0.0101977	0.0120156	0.00934615	0.0162869	0.0107998	0.0151136	0.0104741	0.0120936	0.012259	0.012315	0.00826507	0.014752	0.0138586	0.0116675	0.0135124	0.00822035	0.00909671	0.0138765	0.010845	0.0100478	0.0114392	0.00987163	0.0122443	0.00975028	0.00749857	0.0110505	0.0144956	0.0108156	0.0138463	0.0086817	0.0106168	0.0125165	0.0139814	0.0089407	0.00741647	0.0111124	0.0114664	0.0112487	0.0119814	0.010311	0.0125479	0.0068077	0.0128232	0.0115372	0.0122834	0.0104212	0.00831193	0.0126463	0.0117386	0.0131481	0.0078297	0.0111603	0.0120423	0.0115372	0.0115619	0.0112681	0.00894451	0.0133975	0.0120605	0.00858329	0.00836703	0.0118914	0.012069	0.01274	0.00941482	0.0130489	0.0121181	0.011509	0.0141172	0.00896847	0.012029	0.0117887	0.0161029	0.0151348	0.0102227	0.00860584	0.00857169	0.0119142	0.00941425	0.0134569	0.014201	0.00967537	0.0112048	0.0098718	0.0135103	0.0106998	0.0110168	0.0129425	0.0115612	0.00764875	0.0129687	0.0129501	0.00886906	0.011597	0.0117154	0.00987412	0.0118728	0.00954275	0.0075017	0.0173574	0.0109956	0.0138892	0.00452483	0.00751509	0.0130517	0.0122977	0.00666599	0.0131268	0.014099	0.0107466	0.0105131	0.0112306	0.00309054	0.0138271	0.0116367	0.00941753	0.0133725	0.0100651	0.0111762	0.010933	0.0129241
GLYCOL-GLYOXDEG-PWY: superpathway of glycol metabolism and degradation	0.0	0.0	4.27413e-06	3.93601e-05	1.6364e-05	0.0	0.0	5.34027e-06	0.0	0.0	0.0	0.0	5.11733e-06	0.0	0.0	3.96482e-05	0.0	0.0	0.0	0.0	5.71479e-05	0.0	5.05884e-06	7.33709e-05	0.0	6.98545e-05	9.5082e-06	8.78161e-05	0.0	1.02587e-05	1.04576e-05	5.06533e-05	0.0	7.50576e-06	0.0	0.0	3.21641e-06	0.0	0.0	3.73804e-06	1.25882e-05	0.0	1.05484e-05	0.0	1.36922e-05	0.000357495	0.0	0.000175672	0.0	0.0	2.9567e-05	9.31029e-06	0.0	0.0	0.000356426	3.10991e-06	4.59086e-06	0.0	0.0	1.96872e-05	0.0	2.84513e-06	0.0	7.79628e-06	0.000127233	1.93325e-05	3.24164e-06	0.0	4.20664e-05	0.0	0.0	0.0	4.93852e-06	8.42816e-05	0.0	2.15792e-05	0.0	0.0	2.59836e-05	7.39721e-05	0.0	0.0	0.0	0.0	0.0	0.0	2.22224e-05	1.79906e-05	0.0	7.17958e-05	0.0	0.0	0.0	1.39616e-05	0.0	0.0	7.14635e-05	1.22427e-05	0.0	0.0	0.0	0.0	0.0	0.0	0.0	0.0	0.0	0.0	0.0	0.0	0.000453417	4.98424e-05	0.0	0.0	3.94262e-05	0.0	0.000122732	0.0	1.6675e-05	4.13068e-05	0.0	0.0	0.0	0.0	0.0
GLYCOLYSIS-E-D: superpathway of glycolysis and the Entner-Doudoroff pathway	0.00187608	0.00264746	0.00175696	0.00224122	0.00169282	0.00195079	0.00194532	0.00128325	0.00215608	0.00160085	0.0019267	0.00229124	0.00105285	0.0025403	0.000799108	0.00196953	0.00207743	0.00234868	0.00205029	0.00126867	0.00288881	0.00273485	0.00312715	0.00214532	0.00206157	0.0022902	0.00244169	0.00290889	0.000643575	0.00172034	0.00267205	0.0023816	0.00162622	0.00196604	0.00210302	0.00191699	0.0015518	0.00218741	0.001777	0.00220752	0.0026132	0.00250842	0.00178693	0.00170798	0.00160637	0.0032678	0.00169221	0.00181025	0.00197909	0.00246359	0.00274184	0.00223957	0.00157284	0.00130982	0.0028731	0.00203189	0.00215886	0.00174025	0.00205588	0.00183316	0.00183503	0.0012946	0.00199279	0.00167037	0.00341553	0.00202093	0.00185123	0.00167716	0.00236263	0.00250984	0.0032807	0.00120509	0.000686867	0.00179431	0.00179989	0.00193461	0.000917587	0.00100456	0.002578	0.00179343	0.00168293	0.00196474	0.00142109	0.00181221	0.00112746	0.0018894	0.00235729	0.00230219	0.00213884	0.00257552	0.00145911	0.00201701	0.00263248	0.00231661	0.00112286	0.00165776	0.00243331	0.00224311	0.00115011	0.00253777	0.00232168	0.00135936	0.00215714	0.00139387	0.00220489	0.00134776	0.000741281	0.00121196	0.00157312	0.00215027	0.00309543	0.00191376	0.00181027	0.00121626	0.00113705	0.00251815	0.0018874	0.00248485	0.00121635	0.00264321	0.0013126	0.00197134	0.00172186	0.00305446	0.0014178
GLYCOLYSIS-TCA-GLYOX-BYPASS: superpathway of glycolysis, pyruvate dehydrogenase, TCA, and glyoxylate bypass	0.0	0.0	0.0	0.00024692	1.1461e-05	0.0	0.0	1.44062e-05	0.0	0.0	0.0	0.0	1.13243e-05	0.0	0.0	0.0	0.0	0.0	0.0	0.0	2.55543e-05	0.0	2.12701e-05	9.30677e-05	0.0	0.000101553	0.0	0.000288958	0.0	2.00429e-05	0.0	0.000132717	0.0	0.000147596	0.0	0.0	0.0	0.0	0.0	0.0	0.0	0.0	0.0	0.0	0.0	0.000307136	0.0	2.0675e-05	0.0	0.0	1.45768e-05	0.0	0.0	0.0	3.60508e-05	0.0	1.04535e-05	0.0	0.0	0.0	0.0	0.0	0.0	0.0	3.31213e-05	2.24167e-05	0.0	0.0	9.82016e-05	0.0	0.0	0.0	0.0	0.000296876	0.0	0.000268607	0.0	0.0	1.89683e-05	9.04751e-05	0.0	0.0	0.0	0.0	0.0	0.0	0.0	0.000124575	0.0	9.11107e-06	0.0	0.0	0.0	0.0	0.0	0.0	0.000317456	0.0	0.0	0.0	0.0	0.0	0.0	0.0	0.0	0.0	0.0	0.0	0.0	0.0	0.000573354	2.90297e-05	0.0	0.0	0.0	0.0	0.000478924	4.32409e-05	0.0	0.000117378	0.0	0.0	0.0	0.0	0.0
GLYCOLYSIS: glycolysis I (from glucose 6-phosphate)	0.00491091	0.00473956	0.00391852	0.00382804	0.00438542	0.00370445	0.00492889	0.00636206	0.00409116	0.00443993	0.00368113	0.00311513	0.00450508	0.00372239	0.00404569	0.00582071	0.00456002	0.00380563	0.00301822	0.00389548	0.0047731	0.00483641	0.0053543	0.00426031	0.00428659	0.00423215	0.00451448	0.00383092	0.00504682	0.00507	0.00521351	0.00350515	0.00433417	0.00267416	0.00322265	0.00369048	0.00217402	0.00467553	0.00391148	0.00357224	0.00371233	0.00410351	0.00392237	0.00437893	0.00365147	0.00614923	0.00262963	0.00337467	0.00462345	0.00440305	0.00436034	0.00515488	0.00276764	0.00333717	0.0057259	0.00305246	0.00524281	0.00278089	0.00312139	0.00397463	0.00578636	0.00277501	0.00617559	0.0042633	0.00601694	0.00335334	0.00267258	0.00339713	0.00367039	0.00462684	0.00471045	0.00294497	0.00326024	0.00425887	0.00407803	0.00454981	0.00503502	0.00202541	0.00450813	0.00275058	0.00282923	0.00293753	0.00340365	0.00334934	0.00202486	0.00257013	0.00667314	0.00526715	0.00310223	0.00373492	0.00437452	0.00267844	0.00503721	0.00424369	0.00383775	0.00403516	0.0040168	0.00321589	0.0041323	0.00431727	0.00364468	0.00335719	0.007102	0.00416665	0.00313492	0.0032691	0.00782743	0.00338271	0.00305539	0.00311761	0.00579257	0.00492076	0.00521974	0.00276833	0.00248422	0.00541542	0.00465356	0.00587775	0.00379828	0.00424393	0.00262171	0.00424093	0.00508695	0.00484391	0.00453136
GLYOXYLATE-BYPASS: glyoxylate cycle	0.0	0.0	3.91318e-05	0.000410868	8.26918e-05	1.24039e-05	1.61241e-05	0.000153697	1.27768e-05	1.95149e-05	0.0	0.0	0.000116292	0.0	0.0	0.000121202	0.0	0.0	2.3085e-05	0.0	0.000663266	0.0	0.000128244	0.000540781	4.59376e-05	0.00110187	1.50295e-05	0.000959357	0.0	0.00025857	0.000146354	0.000662952	2.63424e-05	0.000275393	0.0	0.0	2.21717e-05	0.0	0.0	2.03531e-05	3.78813e-05	0.0	4.05027e-05	0.0	0.000227717	0.00239985	4.75105e-06	0.000263174	1.2148e-05	5.07035e-05	0.000361348	5.20219e-05	7.34291e-05	0.0	0.00195755	7.28568e-05	0.000123319	0.0	0.0	6.0375e-05	0.0	0.00012451	0.0	0.000387631	0.00153862	0.00037904	6.04394e-05	2.59175e-05	0.000135656	0.0	0.0	2.00571e-05	8.36575e-05	0.000812332	0.0	0.000215806	0.0	0.0	0.000497111	0.000780249	0.0	0.0	0.0	0.000104241	0.0	1.56526e-05	3.71163e-05	0.000244899	5.29545e-05	0.000260192	3.30812e-05	0.0	0.0	5.54869e-05	1.04851e-05	0.0	0.000523463	7.31336e-05	4.2816e-05	0.0	0.0	0.0	0.0	0.0	0.0	8.81103e-05	0.0	0.0	2.24596e-05	0.0	0.00256138	0.00011776	0.0	6.24514e-06	4.49049e-05	5.98377e-05	0.000624775	0.000116344	6.44309e-05	0.000353382	0.0	5.50557e-05	2.22447e-05	0.0	0.0
GOLPDLCAT-PWY: superpathway of glycerol degradation to 1,3-propanediol	0.000870259	0.00103948	0.000431984	0.000516515	0.000293653	0.000312812	0.000328898	0.0002085	0.000221787	0.000830808	0.000205187	0.000344766	0.000525194	0.000446792	0.000872165	0.000404079	0.000156877	0.000346035	0.000425959	9.19016e-05	0.000116416	0.000236018	0.000241673	0.000342866	0.000395189	0.000277553	0.0001535	0.000339689	0.00010416	0.000338971	0.00028824	0.000328448	0.000122292	0.000518773	0.000309751	0.000131739	0.000187327	0.000164742	0.000371127	0.00020085	0.000570722	0.000207448	0.000207417	6.87554e-05	0.000433168	0.000209794	0.000307453	0.000404111	0.000294863	0.000250002	0.000671833	0.000205855	0.000573798	0.00025252	0.000180401	0.000168571	0.00023466	0.000247785	0.000218673	0.00012935	0.000415662	0.000151042	0.000205396	0.000534147	0.000143511	0.000343705	7.70034e-05	0.000487065	0.000275237	0.000280449	0.000123158	0.000151148	0.000560244	0.000159454	0.000379457	0.000677437	0.000292173	0.000372789	0.000249644	0.000428436	0.000210979	0.000138194	8.48982e-05	0.000281586	0.000137373	0.000206669	0.000317331	0.000123354	0.000481581	0.000140104	8.52356e-05	0.000489369	0.00014872	0.000263847	0.000197769	0.00041776	0.00144325	0.000123382	0.000136744	0.000363542	8.95924e-05	0.000620224	0.000384753	0.000260184	0.000335737	0.000195905	0.000167257	0.00017327	0.00042002	0.000168764	0.000773954	0.000242458	0.000559512	7.26758e-05	5.90233e-05	0.000328713	0.000226495	0.000117855	0.000117668	0.000333792	7.5762e-05	0.000153425	9.73479e-05	0.000159414	0.000256227
HCAMHPDEG-PWY: 3-phenylpropanoate and 3-(3-hydroxyphenyl)propanoate degradation to 2-hydroxypentadienoate	0.0	0.0	0.0	0.0	7.72816e-06	0.0	0.0	2.91579e-05	0.0	0.0	0.0	0.0	0.0	0.0	0.0	0.0	0.0	0.0	0.0	0.0	0.000301196	0.0	5.55531e-05	0.000293049	9.09358e-06	0.000262859	0.0	0.000454148	0.0	0.0	2.28472e-05	0.000114176	0.0	0.0	0.0	0.0	4.37759e-06	0.0	0.0	0.0	7.35687e-06	0.0	3.98346e-06	0.0	8.91262e-05	0.00225987	0.0	3.55586e-05	0.0	0.0	0.0	8.21239e-06	0.0	0.0	0.0013198	0.0	0.0	0.0	0.0	0.0	0.0	0.0	0.0	8.5978e-05	0.000515384	7.63171e-05	0.0	0.0	0.0	0.0	0.0	0.0	3.62169e-05	0.000239021	0.0	5.70947e-05	0.0	0.0	7.50737e-05	0.000238433	0.0	0.0	0.0	0.0	0.0	0.0	0.0	4.63264e-06	7.04222e-06	4.82539e-05	0.0	0.0	0.0	1.26282e-05	0.0	0.0	0.0	0.0	0.0	0.0	0.0	0.0	0.0	0.0	0.0	0.0	0.0	0.0	0.0	0.0	0.00154031	2.95493e-05	0.0	0.0	0.0	0.0	0.0	1.45838e-06	0.0	3.18804e-05	0.0	0.0	0.0	0.0	0.0
HEME-BIOSYNTHESIS-II-1: heme b biosynthesis V (aerobic)	4.05018e-05	0.0	0.0	0.000229942	2.90309e-05	5.02314e-05	1.03531e-05	0.000110432	1.43574e-05	1.22908e-05	2.45095e-05	0.0	3.65931e-05	1.22235e-05	6.25293e-05	5.23854e-05	0.0	1.26161e-05	1.18954e-05	0.0	0.000278498	0.0	0.000132464	0.00036425	8.23077e-05	0.00045788	6.94682e-06	0.000946488	5.14224e-05	7.73593e-05	6.79021e-05	0.000261508	1.91158e-05	0.000121035	0.0	0.0	9.0512e-06	5.19034e-05	0.0	0.0	5.91782e-06	4.09018e-06	2.63224e-05	0.0	0.000141875	0.00145926	1.32024e-05	0.000132104	0.0	9.0248e-05	0.000212262	3.79089e-05	0.0	0.0	0.00135323	1.91874e-05	4.88678e-05	1.82573e-05	6.1849e-05	8.23673e-05	0.0	0.0	0.0	0.000142988	0.00077609	0.000124788	1.86982e-05	2.44339e-05	5.72213e-05	0.0	0.0	2.60334e-05	7.41816e-05	0.000333986	0.0	0.000232721	0.0	1.05309e-05	8.15565e-05	0.000325495	0.0	0.0	7.17177e-06	2.34809e-05	0.0	0.0	5.39593e-05	9.50782e-05	3.14234e-05	0.000106172	6.91867e-05	0.0	0.0	5.9124e-05	1.818e-05	2.89969e-05	0.000482786	2.1437e-05	2.33765e-05	0.0	0.0	3.13917e-05	0.0	0.0	2.70908e-05	4.50768e-05	6.39543e-05	0.0	5.35273e-05	0.0	0.00141123	7.09598e-05	1.52137e-05	0.0	0.0	3.94135e-05	0.000766396	6.89045e-05	4.95186e-05	0.00030029	2.21325e-05	0.0	3.65595e-05	0.0	0.000102972
HEME-BIOSYNTHESIS-II: heme b biosynthesis I (aerobic)	0.000244076	5.44893e-05	2.30329e-05	0.000229942	4.62084e-05	0.000157872	6.50421e-05	0.000110432	0.000182245	6.20881e-05	5.83726e-05	9.60717e-05	1.96121e-05	5.53678e-05	0.000584264	0.000212501	0.000166424	0.000149028	0.00010501	0.000100296	0.000380599	0.000183189	0.000242077	0.000379918	0.000283992	0.000623758	1.68001e-05	0.000946488	5.55758e-05	0.000147229	6.79021e-05	0.000249566	0.000137093	0.000306182	0.000244406	0.000205843	9.0512e-06	1.93624e-05	0.0	0.000165752	4.38364e-05	4.58045e-05	2.63224e-05	0.000200349	0.00013521	0.00128168	4.62209e-05	0.000152896	0.0	2.40313e-05	0.000423746	0.000130353	3.22529e-05	8.61885e-05	0.00137328	7.70957e-05	0.000146593	5.64209e-05	0.000202069	0.000156756	2.57654e-05	0.000245642	0.000209616	0.0001536	0.000825379	0.000175057	7.84948e-05	9.79588e-05	0.000207499	0.000102444	0.000168962	8.1339e-05	7.41816e-05	0.000352056	0.0	0.000503963	4.30028e-05	8.30794e-05	0.000236582	0.00040045	9.14852e-05	0.000234102	4.03807e-05	0.000119983	4.46516e-05	7.81561e-05	9.16297e-05	0.000192448	0.000113605	0.000152847	9.36133e-05	0.000164233	0.000104146	0.000484372	6.0833e-05	7.16563e-05	0.000482786	0.000103835	7.82957e-05	8.357e-05	9.3309e-05	0.000361253	0.000115659	9.06901e-05	0.000130209	6.04219e-05	0.000367099	0.000126182	7.98759e-05	0.000156248	0.00126563	0.000109708	5.55729e-05	3.15843e-05	5.55454e-05	0.000125755	0.000766396	0.000179449	0.000205442	0.000871405	0.000104736	3.15086e-05	0.000168045	0.000174194	0.000148901
HEMESYN2-PWY: heme b biosynthesis II (oxygen-independent)	0.000300651	6.41913e-05	0.000430997	0.000366983	6.06809e-05	0.000311745	6.91577e-05	0.000218826	0.000253993	0.000239133	0.000181381	0.000186651	0.000140659	0.000146156	0.000619147	0.000286198	0.000176356	0.000203914	0.000188293	0.000562613	0.000399156	0.000336099	0.000275306	0.000499971	0.00033009	0.000709144	1.84709e-05	0.001031	0.000102358	0.000163044	0.000126206	0.000362004	0.000178908	0.000349752	0.000329706	0.000256688	0.000133245	0.000128332	0.000252257	0.000277093	4.74728e-05	0.000467375	0.000370779	0.000454799	0.000366817	0.00193549	0.000243261	0.000231444	5.87225e-05	0.000198223	0.000458284	0.000267615	0.000322001	0.00022542	0.00175541	0.000262664	0.000459648	0.000211466	0.000309963	0.000189916	0.000167356	0.000351438	0.000305179	0.000214775	0.00124387	0.000210377	9.53393e-05	0.000108244	0.000415132	0.000275226	0.000321427	0.000196148	0.00028592	0.000690622	0.000259215	0.000648635	0.000104794	0.000115968	0.000286533	0.000661891	0.000151975	0.000414107	4.23251e-05	0.000162447	9.68907e-05	0.000363433	0.000119606	0.000452359	0.00016896	0.000345035	0.000225577	0.000230227	0.000227271	0.000594318	0.000374188	0.000282786	0.000779665	0.000216703	0.000395013	0.00022532	0.000113123	0.000329658	0.000198603	0.000113064	0.000245171	0.000152531	0.00037112	0.000353392	0.000171292	0.000277141	0.00181759	0.000324982	0.000314068	0.000298852	0.000295442	0.0001449	0.00116614	0.000240183	0.000224356	0.00081966	0.000328795	0.000200338	0.000684639	0.000223232	0.000252716
HEXITOLDEGSUPER-PWY: superpathway of hexitol degradation (bacteria)	0.0	0.000280202	6.87306e-05	0.000719363	0.0	0.0	5.95581e-05	0.000124973	0.0005818	0.0	0.0	0.0	0.000254563	5.60182e-05	0.000585774	0.000113537	0.0	5.13516e-05	0.0	0.0	0.000716565	0.000411626	0.000182672	0.000309883	8.3992e-05	0.00112143	0.0	0.00168076	8.37105e-05	0.000269978	7.86406e-05	0.000229709	0.0	0.000368448	0.000699446	0.000209553	0.000151634	0.0	0.000866545	5.73712e-05	1.81966e-05	8.55024e-05	6.712e-05	0.0	0.0	0.0	7.82735e-05	0.000294464	0.0	0.000172605	0.000376963	0.000372295	0.000119901	0.0	0.00273194	0.000143779	6.56331e-05	0.000125522	0.000423939	0.0	0.0	5.18216e-05	0.0	0.000226997	0.0018283	0.000342817	6.23643e-05	0.000176418	0.000236409	0.0	0.0	9.43537e-05	0.000127745	0.000589933	0.000543539	0.000658744	0.000110736	0.000240914	0.000555608	0.00082128	0.0	0.0	5.68643e-05	0.000111111	0.0	0.0	0.0	0.000328412	0.0	0.000172845	0.0	0.0	0.0	4.99992e-05	0.0	0.0	0.000931279	0.0	5.36726e-05	0.0	0.0	0.0	0.000476125	0.0	0.0	3.84767e-05	0.0	0.0	8.39109e-05	8.24393e-05	0.00270762	6.7638e-05	0.0	0.0	0.0	5.58216e-05	0.00141621	0.0	0.0	0.000466446	0.0	3.02747e-05	5.63231e-05	0.0	8.93629e-05
HISDEG-PWY: L-histidine degradation I	0.00508165	0.00461067	0.00353886	0.00441538	0.00483841	0.00312829	0.00652702	0.00120791	0.00390994	0.00499277	0.00353813	0.00331307	0.00209808	0.00284566	0.00433681	0.00323173	0.00593397	0.00325689	0.00207016	0.00140606	0.00444255	0.00158285	0.00330131	0.00317878	0.00425054	0.00395956	0.00397662	0.00259093	0.00547255	0.00224293	0.00666721	0.00280779	0.00124876	0.00446262	0.00409783	0.00412447	0.00215409	0.00609606	0.00261017	0.00407155	0.00397422	0.00200642	0.0044836	0.00280482	0.00207909	0.000980823	0.00144691	0.00257954	0.00287571	0.00545799	0.004602	0.00770215	0.00531487	0.00236283	0.000946023	0.00454943	0.00544436	0.00689375	0.00332909	0.00187316	0.000545549	0.000841463	0.00184472	0.00242617	0.0023326	0.00252009	0.0030818	0.00277176	0.00361461	0.00179899	0.00359876	0.00271384	0.000486756	0.00100123	0.00283304	0.00129136	0.00193441	0.00177608	0.00372289	0.00320299	0.00143935	0.00273585	0.0015278	0.00320667	0.0016369	0.00304408	0.00209593	0.00434736	0.00404014	0.00308723	0.000966486	0.00291725	0.00296872	0.00496048	0.00103273	0.00394569	0.00331518	0.0033777	0.00208867	0.00302242	0.00291839	0.0068266	0.00376487	0.005527	0.00289302	0.00114227	0.00751116	0.00146184	0.00192005	0.00267985	0.000963179	0.00185122	0.000987113	0.00589406	0.00378637	0.00324998	0.00464752	0.00200646	0.00540837	0.00532882	0.00171975	0.00308752	0.0030435	0.00320679	0.00348963
HISTSYN-PWY: L-histidine biosynthesis	0.00778069	0.00855021	0.00908303	0.00817599	0.00869158	0.0088156	0.0121661	0.00967392	0.0102357	0.00738719	0.00850954	0.00876923	0.00880918	0.00854407	0.00934548	0.00797165	0.00792911	0.00864049	0.00913601	0.0104203	0.00762251	0.00785931	0.00915841	0.00769998	0.00920195	0.00709299	0.00812224	0.00706549	0.00992398	0.0087218	0.00827666	0.00810257	0.00904219	0.00989608	0.00944212	0.00915984	0.00911852	0.0109249	0.0101851	0.00915164	0.00831199	0.0081241	0.00823986	0.0109446	0.0114071	0.00544507	0.00787089	0.00885845	0.00941327	0.0102864	0.00587004	0.00651819	0.00887076	0.00992249	0.00505173	0.0092898	0.0074309	0.00772057	0.00862517	0.00965762	0.0112496	0.0111147	0.00922374	0.0080001	0.00669275	0.00870575	0.0103368	0.00764931	0.00882325	0.00953134	0.00961102	0.00965108	0.011424	0.00846939	0.00852542	0.00587537	0.0086229	0.00961554	0.00940588	0.00783415	0.0120947	0.00902638	0.0089968	0.00947401	0.0128524	0.00853759	0.0095018	0.00863443	0.00863107	0.00975166	0.0106335	0.0105192	0.0091803	0.00943746	0.00955732	0.00935081	0.00712053	0.00956148	0.00875894	0.00970532	0.00934579	0.00652422	0.0103929	0.00958095	0.00872355	0.0100989	0.01195	0.0129393	0.0100018	0.00905489	0.00483128	0.00932854	0.00997434	0.00871787	0.0098507	0.00844743	0.00772101	0.0107425	0.00826512	0.00650706	0.00938657	0.0101575	0.0089097	0.00805313	0.00857969
HOMOSER-METSYN-PWY: L-methionine biosynthesis I	0.0	7.32015e-05	0.000244193	0.000460254	2.69552e-05	0.000116385	0.000196202	0.00024834	2.7222e-05	3.56937e-05	3.80983e-05	0.0	0.000129573	0.00013163	0.0	0.000243888	8.7386e-05	0.000122389	5.6455e-05	8.88817e-05	0.000472634	0.0	0.000117293	0.000529742	2.17028e-05	0.000656045	0.000105102	0.00125695	6.80811e-05	0.000227674	0.000123942	0.000589232	3.3706e-05	0.000189921	4.88432e-05	2.26358e-05	7.61081e-05	0.000137758	0.000179065	7.40355e-06	6.31868e-05	5.07873e-05	6.75649e-05	4.82935e-05	0.000129348	0.00229927	4.34947e-05	0.00029803	4.32496e-05	0.000160448	0.000435245	7.53669e-05	4.77616e-05	0.0	0.00209899	3.01314e-05	8.85919e-05	3.65316e-05	9.11376e-05	4.27058e-05	1.67172e-05	0.000276075	0.000204301	0.000381628	0.00119667	0.000223069	0.0	6.32745e-05	0.00019995	0.000158991	0.000188419	4.20548e-05	8.49328e-05	0.000686198	2.03961e-05	0.000403088	0.000117583	3.20284e-05	0.000280174	0.000594585	0.000111101	8.48085e-05	2.34692e-05	2.09378e-05	0.0	0.0	1.30824e-05	0.00032362	1.22176e-05	0.000281398	0.000694328	3.43024e-05	2.20413e-05	0.000150118	4.96349e-05	1.54474e-05	0.000483492	8.26344e-05	1.4842e-05	4.67354e-05	9.53553e-05	0.000303329	1.87346e-05	0.0	4.58097e-05	1.93889e-05	4.83834e-05	9.51688e-05	7.89922e-05	2.81473e-05	0.00238396	0.000233366	3.36636e-05	1.98271e-05	0.0	0.000278615	0.000802687	0.000120547	0.0	0.000237325	0.0	3.96607e-05	0.000206451	0.0	2.64362e-05
HSERMETANA-PWY: L-methionine biosynthesis III	0.00401264	0.00613958	0.00505098	0.00428884	0.00724627	0.00616745	0.00426111	0.00654714	0.00663816	0.00569553	0.00571253	0.00813366	0.00530442	0.00580723	0.00579717	0.00589942	0.0055837	0.0058596	0.00685582	0.00557589	0.00489471	0.00510707	0.00558566	0.00655581	0.00601656	0.00454236	0.00595762	0.003578	0.00607851	0.00584681	0.00467543	0.00545762	0.00599203	0.00476603	0.0049511	0.00689777	0.00588032	0.00479363	0.00794338	0.0063507	0.00542681	0.00571589	0.00588403	0.00380907	0.00649318	0.00368813	0.0055401	0.00561846	0.00482095	0.00535151	0.0041824	0.00574541	0.00701298	0.0066111	0.00368177	0.00663676	0.00466493	0.0045498	0.00532333	0.00497637	0.00630115	0.00792601	0.00536715	0.00488785	0.00403013	0.00580392	0.00568572	0.00589436	0.00517874	0.00522731	0.0044998	0.00688274	0.00696036	0.00476965	0.00680054	0.00476298	0.0057311	0.00612079	0.00526482	0.0058054	0.00515133	0.0047654	0.00516374	0.00594815	0.00527841	0.00527678	0.0056104	0.0047754	0.00648842	0.00491686	0.00620224	0.00616218	0.00627815	0.00510861	0.00563458	0.0070361	0.00558921	0.00602973	0.00750853	0.00398599	0.00623676	0.00370453	0.0058216	0.00591871	0.00596715	0.00607008	0.00202771	0.00453132	0.00720069	0.00698239	0.00362712	0.00522146	0.00633227	0.00700534	0.00692684	0.00570806	0.00445154	0.00565525	0.00506585	0.00524717	0.00603488	0.00522322	0.00405359	0.0058633	0.00644258
ILEUSYN-PWY: L-isoleucine biosynthesis I (from threonine)	0.0083935	0.0105574	0.0108718	0.0090043	0.00838266	0.00973362	0.00913139	0.0119681	0.0102691	0.0108772	0.00976023	0.0105289	0.0112221	0.00953088	0.0090302	0.0101703	0.00872898	0.00903727	0.0104257	0.0130958	0.0091128	0.0102575	0.00922556	0.00805703	0.00864847	0.00845924	0.00974831	0.00674036	0.00989987	0.00893134	0.0082981	0.00788607	0.0112586	0.00957157	0.008872	0.0106239	0.0104043	0.0095163	0.0128933	0.0105697	0.00966689	0.0110331	0.00863216	0.00881208	0.00835698	0.00621621	0.0105051	0.00909231	0.00916337	0.0101039	0.00785002	0.0072233	0.0103362	0.00986469	0.00799296	0.0110609	0.00830735	0.00836201	0.00777711	0.0100434	0.0136223	0.0128213	0.0102813	0.0117186	0.00818217	0.00897953	0.00832955	0.0101576	0.00989576	0.00998356	0.00892717	0.00947237	0.012007	0.0127226	0.00941511	0.01128	0.00943123	0.0105976	0.0101244	0.0090894	0.0137642	0.0100826	0.0133855	0.00806656	0.00738914	0.00888874	0.0110455	0.00873835	0.00876668	0.00933759	0.0115761	0.00934322	0.0100564	0.00924796	0.0105908	0.0109482	0.00979355	0.00823423	0.0121946	0.0107316	0.0105316	0.00795023	0.0119675	0.00993145	0.0100397	0.0102257	0.0108466	0.0146378	0.00996151	0.00949261	0.00643926	0.0101118	0.0103811	0.00712497	0.0103016	0.00912164	0.00950477	0.00894369	0.00744565	0.00911623	0.0106444	0.01031	0.00948333	0.00866083	0.00910339
KDO-NAGLIPASYN-PWY: superpathway of (Kdo)2-lipid A biosynthesis	0.0	0.0	0.0	0.000122814	0.0	0.0	0.0	2.25631e-05	0.0	0.0	0.0	0.0	0.0	0.0	0.0	0.0	0.0	0.0	0.0	0.0	8.25975e-05	0.0	2.51466e-05	0.000126057	1.08824e-05	0.000127323	0.0	0.000233475	0.0	2.91205e-05	0.0	0.000107964	0.0	3.77685e-05	0.0	0.0	0.0	0.0	0.0	0.0	0.0	0.0	0.0	0.0	3.74394e-05	0.000498831	0.0	2.85455e-05	0.0	0.0	7.1099e-05	0.0	0.0	0.0	0.000559193	0.0	2.1944e-05	0.0	0.0	0.0	0.0	0.0	0.0	9.65826e-05	0.000316483	4.58533e-05	6.65566e-06	0.0	1.76223e-05	0.0	0.0	0.0	0.0	0.000151242	0.0	9.28392e-05	0.0	0.0	5.27148e-05	0.000101717	0.0	0.0	0.0	0.0	0.0	0.0	0.0	3.18794e-05	1.2576e-05	2.50779e-05	0.0	0.0	0.0	0.0	0.0	0.0	0.000184032	0.0	0.0	0.0	0.0	0.0	0.0	0.0	0.0	0.0	0.0	0.0	0.0	0.0	0.000583424	3.21567e-05	0.0	0.0	0.0	0.0	0.000220742	5.76737e-05	0.0	5.32973e-05	0.0	0.0	0.0	0.0	0.0
KETOGLUCONMET-PWY: ketogluconate metabolism	8.86698e-05	0.0	5.98685e-05	0.000368263	5.18651e-05	8.20184e-05	0.000302636	0.000165209	0.0	0.0	0.0	0.0	4.89996e-05	0.0	0.0	1.71613e-05	0.0	0.0	0.000141916	0.0	0.000147318	0.0	0.000216232	0.000159143	1.64686e-05	0.000791218	2.9797e-05	0.00170417	5.27839e-05	0.000208877	0.000125637	0.00010438	0.0	0.000306239	0.0	2.60119e-05	4.50893e-05	0.0	0.0	0.0	4.37733e-06	0.0	1.16481e-05	0.0	0.0	0.000427019	0.0	0.0001116	0.0	9.59822e-06	0.000398852	0.0	0.0	0.0	0.000877743	7.09647e-05	3.67129e-05	0.0	0.0	4.25738e-05	0.0	9.56716e-06	0.0	5.93821e-06	0.00029974	5.83268e-05	3.99027e-06	0.0	9.6427e-05	0.0	0.0	4.81714e-05	0.0	9.39858e-05	0.0	0.000367647	0.0	6.64378e-05	0.000228228	5.37384e-05	0.0	0.0	0.0	7.14992e-05	0.0	0.0	0.0	0.00013781	0.0	2.1384e-05	0.0	0.0	0.0	4.59822e-05	0.0	0.0	0.000303108	3.1632e-06	0.0	0.0	0.0	2.86336e-05	0.0	0.0	0.0	5.06246e-06	0.0	0.0	0.0	0.0	0.000646228	4.2675e-05	0.0	0.0	0.0	0.000154165	0.00082317	6.72803e-05	0.0	6.17188e-05	0.0	6.28819e-05	0.000149722	0.0	0.0
LACTOSECAT-PWY: lactose and galactose degradation I	0.00058159	0.000552522	0.000665773	0.000436601	0.00089143	0.00042834	0.00107593	0.00068007	0.000906865	0.000630539	4.66996e-05	5.48533e-05	0.000304369	0.00109095	0.000435395	0.000988065	0.000808103	0.00119218	0.000742537	0.00125929	0.000234128	0.000343067	0.0001597	0.000290491	0.000741003	6.47115e-05	0.000151599	0.000446015	0.000204163	0.000371126	0.000763221	0.000830914	0.000139428	0.000428813	0.00141416	0.000188275	0.000465512	0.000258773	0.00122976	0.000183869	0.000160678	0.00092911	0.000583073	0.00103985	0.000770706	0.000111563	0.000977506	0.00144383	0.000249973	0.000756772	0.00143878	0.000816191	0.000729647	0.000535756	0.000315835	0.000106565	0.00111595	0.000420421	0.00176651	0.000524348	0.000818122	0.000579864	0.00293341	0.000585379	0.000284073	0.000140724	0.000706328	0.000286726	0.000483379	0.00058624	0.000899866	0.000426085	0.00150722	0.00062739	0.00102684	0.00244257	0.00120102	0.000738845	0.000520666	0.0035989	0.00105244	0.000662505	0.000292393	0.000602911	1.02203e-05	0.00242436	0.00104033	0.000584131	0.000708335	0.00136363	0.000155228	0.00149389	0.00161198	0.00110637	0.00224553	0.000698891	0.00300121	0.000789093	0.00103741	0.00117902	1.72675e-05	0.000799844	0.00223491	0.000327668	0.0005908	0.000317441	0.000226281	0.000573288	0.000541585	0.000583559	0.000383955	0.000979998	0.0021856	0.00146636	0.000632384	0.00204311	0.00170861	0.000446219	0.000720248	0.00107211	0.00100735	0.000355382	0.00126066	0.0	0.00136423
LIPASYN-PWY: phospholipases	0.0	0.0	0.0	0.0	0.0	0.0	0.0	0.0	0.0	0.0	0.0	0.0	0.0	0.0	0.0	0.0	0.0	0.0	0.0	0.0	0.000284965	0.0	0.0	0.000345853	0.0	0.00069032	0.0	0.0	0.0	0.0	0.0	0.00026964	0.0	0.0	0.0	0.0	0.0	0.0	0.0	0.0	0.0	0.0	0.0	0.0	0.000111239	0.0	0.0	0.0	0.0	0.0	9.06085e-05	0.0	0.0	0.0	0.0	0.0	0.0	0.0	0.0	0.0	0.0	0.0	0.0	0.000180148	0.0	0.0	0.0	0.0	0.0	0.0	1.48388e-05	0.0	4.35289e-05	0.0	0.0	0.0	0.0	0.0	0.000196514	0.0	0.0	0.0	0.0	0.0	0.0	0.0	0.0	7.1048e-05	0.0	0.0	0.0	0.0	0.0	0.0	0.0	0.0	0.0	0.0	0.0	0.0	0.0	0.0	0.0	0.0	0.0	0.0	2.86407e-05	0.0	0.0	0.0	0.003566	9.08169e-05	0.0	0.0	0.0	0.0	0.0	3.81511e-05	0.0	0.0	0.0	0.0	0.0	0.0	0.0
LPSSYN-PWY: superpathway of lipopolysaccharide biosynthesis	0.0	0.0	0.0	0.0	0.0	0.0	0.0	0.0	0.0	0.0	0.0	0.0	0.0	0.0	0.0	0.0	0.0	0.0	0.0	0.0	0.0	0.0	2.90569e-05	0.0	0.0	0.000174621	0.0	0.000383508	0.0	0.0	0.0	0.0	0.0	0.0	0.0	0.0	0.0	0.0	0.0	0.0	0.0	0.0	0.0	0.0	0.0	0.0	0.0	0.0	0.0	0.0	0.0	0.0	0.0	0.0	0.000689643	0.0	0.0	0.0	0.0	0.0	0.0	0.0	0.0	0.0	0.000401632	0.0	0.0	0.0	0.0	0.0	0.0	0.0	0.0	0.00025603	0.0	0.000118044	0.0	0.0	6.42426e-05	6.63573e-05	0.0	0.0	0.0	0.0	0.0	0.0	0.0	0.0	0.0	4.48823e-05	0.0	0.0	0.0	0.0	0.0	0.0	0.0	0.0	0.0	0.0	0.0	0.0	0.0	0.0	0.0	0.0	0.0	0.0	0.0	0.0	0.0	2.56241e-05	0.0	0.0	0.0	0.0	0.0	3.2819e-05	0.0	0.0	0.0	0.0	0.0	0.0	0.0
MET-SAM-PWY: superpathway of S-adenosyl-L-methionine biosynthesis	0.0	0.000145024	0.000475149	0.00085706	5.37553e-05	0.00022908	0.000382913	0.00048594	5.41284e-05	7.10946e-05	7.55664e-05	0.0	0.000255766	0.000259559	0.0	0.000477099	0.000172768	0.000241864	0.000112256	0.000175858	0.000879858	0.0	0.000230371	0.00098595	4.32389e-05	0.00120235	0.000207002	0.00207998	0.000134019	0.000444638	0.000244514	0.00110094	6.72309e-05	0.000366432	9.70098e-05	4.50596e-05	0.000150958	0.000266667	0.00035211	1.47915e-05	0.000125142	0.000101031	0.000133801	9.56537e-05	0.000255051	0.00334166	8.64609e-05	0.000576237	8.60032e-05	0.000310182	0.000824907	0.000149211	9.43829e-05	0.0	0.00313864	5.99797e-05	0.000175167	7.2576e-05	0.000179988	8.4992e-05	3.33641e-05	0.000538134	0.000400564	0.00073183	0.00202996	0.00043666	0.0	0.000125912	0.000388425	0.000312448	0.000366066	8.37097e-05	0.000168728	0.00125701	4.07166e-05	0.000769832	0.000232443	6.38048e-05	0.000540075	0.00109054	0.000219269	0.000166059	4.67693e-05	4.17297e-05	0.0	0.0	2.6129e-05	0.000616116	2.44002e-05	0.000540491	0.00127523	6.83072e-05	4.39708e-05	0.00029282	9.87219e-05	3.08392e-05	0.000913355	0.000163329	2.96291e-05	9.25243e-05	0.000188327	0.000578448	3.73845e-05	0.0	9.10804e-05	3.86798e-05	9.54251e-05	0.000187635	0.000156596	5.61173e-05	0.00342042	0.000454716	6.71127e-05	3.95417e-05	0.0	0.00054182	0.00142424	0.000238289	0.0	0.000458162	0.0	7.88638e-05	0.000402259	0.0	5.27294e-05
METH-ACETATE-PWY: methanogenesis from acetate	0.00112765	0.00183674	0.00159533	0.000589872	0.000622035	0.000566671	0.000993661	0.00111708	0.000957152	0.00179979	0.000661636	0.0006504	0.000651202	0.00205466	0.000272483	0.0018638	0.00107972	0.000644234	0.00127806	0.00030895	0.000739032	0.00157428	0.00119968	0.000606465	0.000686602	0.000675965	0.0009807	0.00064092	0.000850677	0.000624149	0.00108527	0.00089986	0.000722337	0.00041578	0.000894313	0.000527909	0.000340921	0.000826918	0.000638086	0.000908831	0.000919188	0.000818346	0.000825316	0.000445573	0.000248248	0.000176541	0.00118003	0.00116879	0.00058846	0.00107158	0.000529803	0.00107636	0.000595187	0.000732964	0.000813564	0.000864568	0.00150489	0.00149964	0.00105236	0.000633463	0.000457244	0.000566219	0.000925823	0.000828898	0.00132286	0.000560955	0.000694663	0.0020414	0.000711542	0.000852021	0.000380169	0.000542749	0.00108829	0.000689675	0.000877626	0.000477965	0.0020005	0.000590308	0.00103577	0.0012529	0.000564134	0.00032144	0.000360929	0.000506698	0.000279548	0.00096302	0.00118973	0.00042826	0.00101468	0.000711977	0.000561991	0.000913322	0.00126274	0.000458964	0.000592386	0.00137515	0.00110883	0.00102101	0.000965297	0.000800597	0.000649994	0.000794511	0.00135311	0.000779588	0.00110372	0.000601606	0.000222877	0.000152894	0.000883	0.000742938	0.000324887	0.00106232	0.00109231	0.00026867	0.000638331	0.000913786	9.6385e-05	0.000208598	0.000731623	0.000400083	0.000690312	0.000732037	0.00069047	0.000601096	0.000925393
METHANOGENESIS-PWY: methanogenesis from H2 and CO2	1.44557e-05	0.0	0.0	0.0	3.98254e-05	0.0	0.0	4.83376e-05	0.0	0.000104416	0.0	0.0	0.0	0.0	0.0	0.000116071	0.000155701	0.0	0.0	0.0	0.0	0.0	1.37374e-05	0.0	0.0	3.0265e-05	0.0	0.0	0.0	0.0	0.000329391	0.0	7.61396e-05	0.0	0.0	0.0	0.0	0.0	0.0	0.0	0.0	0.0	0.0	0.0	0.0	0.0	0.0	6.60014e-05	0.0	0.0	0.0	0.000155499	0.0	2.36721e-05	0.0	0.0	9.74023e-05	0.0	0.0	0.000125902	0.0	0.000174558	0.0	0.000117065	0.0	0.0	0.0	0.000133967	0.0	0.0	0.0	3.166e-05	2.75477e-05	0.0	0.0	0.0	0.0	0.0	0.000158758	0.0	0.0	0.0	0.0	0.0	0.0	0.0	0.0	0.0	0.0	0.0	0.0	0.0	3.75324e-05	0.0	0.0	0.0	0.0	4.17023e-05	3.72934e-05	0.0	0.0	0.0	0.0	4.76041e-05	0.0	0.0	0.0	0.0	3.33183e-05	0.0	0.0	0.0	0.0	0.0	0.0	0.000255567	0.0	0.0	0.0	0.0	0.0	3.95048e-05	0.0	0.0	0.0
METHGLYUT-PWY: superpathway of methylglyoxal degradation	7.66075e-05	7.36189e-05	7.45933e-05	9.17699e-05	3.38023e-06	0.000153774	0.000107995	3.38537e-05	0.000217535	2.95027e-05	4.20115e-05	8.06174e-05	0.0	0.0	4.7224e-05	0.000118695	9.27866e-05	0.0	3.65186e-06	0.0	0.000207997	9.57238e-05	0.000779682	0.00021341	2.0152e-05	9.07092e-05	4.14268e-05	0.000301478	2.64781e-05	0.00017939	0.0	0.000135158	1.72382e-05	0.000253543	5.11178e-05	0.0	4.57733e-05	9.22224e-05	2.80546e-05	1.48041e-05	3.30885e-05	4.52255e-05	4.23093e-05	0.000112013	3.98143e-05	0.000328698	0.00011317	3.04129e-05	0.0	0.000137728	0.000459616	0.0	0.00016872	0.0	0.000242263	0.00011979	0.00018564	0.000138442	6.66657e-05	0.000131812	0.0	3.89284e-05	0.000135562	3.52066e-05	8.83201e-06	1.96742e-05	0.0	6.37831e-05	4.63932e-05	0.0	0.000127649	0.0	6.95361e-06	0.000143706	1.46789e-05	0.000395688	6.90336e-05	0.0	0.00019571	0.000121106	3.43142e-05	2.77145e-05	3.41559e-05	0.0	0.0	1.429e-05	2.03351e-05	0.000294727	2.55173e-05	7.9621e-05	0.0	0.0	1.30182e-05	8.19553e-05	0.0	0.000111373	0.000174711	5.08237e-05	4.38084e-05	0.0	0.0	7.51749e-05	0.000133226	0.0	0.0	2.10635e-05	0.0	1.30206e-05	4.51035e-05	4.92724e-05	0.000434	6.5255e-05	1.45212e-05	0.0	0.0	0.000191335	0.000255497	4.0265e-05	4.82419e-05	0.000121857	0.0	4.27163e-05	6.08221e-05	0.000233967	0.0
METSYN-PWY: superpathway of L-homoserine and L-methionine biosynthesis	0.0	0.000127387	0.000419694	0.000772157	4.70797e-05	0.000201821	0.000339337	0.000427378	4.75452e-05	6.22913e-05	6.64443e-05	0.0	0.000224752	0.000228217	0.0	0.000420606	0.000151981	0.000212414	9.84336e-05	0.000154491	0.000798099	0.0	0.000203427	0.000888245	3.79118e-05	0.00108852	0.000182512	0.00198098	0.000118502	0.000391842	0.00021495	0.000985891	5.88576e-05	0.0003275	8.51533e-05	3.95451e-05	0.000132396	0.000238607	0.000309353	1.29493e-05	0.000110037	8.85607e-05	0.000117632	8.42077e-05	0.000224493	0.00323156	7.58152e-05	0.00051039	7.54122e-05	0.000277496	0.000734808	0.000131229	8.33596e-05	0.0	0.00301094	5.26103e-05	0.000154049	6.37583e-05	0.000158341	7.45334e-05	2.92189e-05	0.000474748	0.000352566	0.000649549	0.00188646	0.000384498	0.0	0.00011032	0.000344215	0.000274921	0.000325008	7.338e-05	0.000147851	0.00114075	3.56422e-05	0.000689673	0.000204178	5.59026e-05	0.000481512	0.000994498	0.000192881	0.000147356	4.1003e-05	3.65926e-05	0.0	0.0	2.28724e-05	0.000551451	2.13632e-05	0.000481986	0.00115999	5.98806e-05	3.85094e-05	0.000259684	8.65229e-05	2.70048e-05	0.000810086	0.000143744	2.59469e-05	8.14793e-05	0.000165658	0.000518731	3.27465e-05	0.0	7.98954e-05	3.38768e-05	8.41323e-05	0.000165398	0.000137486	4.91565e-05	0.00330652	0.000401289	5.87662e-05	3.46561e-05	0.0	0.000477768	0.0013264	0.000208999	0.0	0.00040782	0.0	6.92001e-05	0.000355427	0.0	4.61778e-05
NAD-BIOSYNTHESIS-II: NAD salvage pathway III (to nicotinamide riboside)	9.13312e-05	0.0	0.0	8.12689e-05	5.01082e-05	0.00020468	0.000151425	9.86265e-05	0.0	0.000201221	0.0	0.0	7.87721e-06	1.65971e-05	0.0	0.00017666	0.00025129	0.0	0.0	1.59911e-05	0.00011632	0.0	8.74908e-05	9.89512e-05	0.0	0.000110238	0.0	0.000396585	0.0	0.000192876	0.00031477	0.000181442	1.98439e-05	0.000116335	0.0	0.0	0.0	0.000178138	0.0	2.98606e-06	0.0	0.0	3.02648e-06	1.23156e-05	3.80088e-05	0.000328966	3.6808e-05	6.91468e-05	0.0	0.000177164	6.03881e-05	0.000187869	0.0	3.7712e-05	0.000332628	0.0	0.000300619	1.24811e-05	0.0	0.000136617	0.0	8.9986e-05	0.000209993	2.77094e-05	0.000153764	3.45951e-05	0.0	0.000244354	5.20052e-06	4.30162e-05	0.0	6.16019e-05	2.2629e-05	0.000134172	0.0	0.000281389	0.0	0.0	6.14677e-05	9.49459e-05	1.68338e-05	3.39868e-05	0.0	0.0	0.0	0.0	4.15064e-06	0.000242521	5.95164e-05	3.7769e-05	5.27748e-05	0.0	1.37319e-05	5.80304e-05	1.09794e-05	0.0	8.84924e-05	6.99801e-05	2.41663e-05	0.0	0.0	1.61382e-05	2.85999e-05	0.0	0.0	2.21045e-05	0.0	0.0	5.6398e-05	0.0	0.00022801	1.84918e-05	8.55684e-05	0.0	2.20979e-05	0.000457301	0.000171048	0.000106228	0.0	4.8865e-05	0.0	8.78296e-05	0.000106395	0.0	4.4697e-05
NAGLIPASYN-PWY: lipid IVA biosynthesis (E. coli)	0.00296349	0.00245731	0.00110517	0.00155201	0.000811192	0.00115029	0.000393661	0.000371618	0.00335103	0.00123987	0.000943749	0.00145611	0.000219809	0.00189686	0.0020347	0.00127724	0.00046082	0.00121405	0.00105019	0.00142686	0.00196575	0.00033058	0.00123999	0.00119638	0.00290766	0.00179123	0.00225658	0.00206161	0.00430276	0.000769505	0.000987381	0.00207322	0.000395358	0.000605353	0.00260432	0.00129645	0.00145389	0.00334967	0.00235529	0.00206093	0.00142095	0.000988988	0.00182248	0.00184624	0.000815573	0.00263463	0.000452123	0.00101585	0.00228653	0.00276465	0.00153586	0.000394088	0.00134847	0.00137433	0.00268471	0.00144053	0.0013761	0.00159796	0.000340216	0.000500218	0.000261219	0.000107367	0.000421584	0.00200783	0.0024666	0.000930981	0.0012118	0.000419808	0.00202012	0.00124269	0.00186963	0.000545641	0.000221776	0.00123405	0.000586456	0.000702206	0.000449	0.000713532	0.00214365	0.00112864	0.000640786	0.0019663	0.000534642	0.000892407	0.000625356	0.00156617	0.00118902	0.00272577	0.00142411	0.0020726	0.00060261	0.00161559	0.0021575	0.00220766	0.000974819	0.000495145	0.00100825	0.00186867	0.000575804	0.0018498	0.00170039	0.000117692	0.00207446	8.6257e-05	0.00123445	0.000619391	0.00715283	0.000343037	0.000726094	0.0014243	0.00220861	0.000576829	0.000685107	0.000642723	0.000564688	0.00061647	0.00234402	0.00132516	0.00229569	0.00182348	0.00139809	0.00228846	0.00151154	0.00198687	0.000564621
NONMEVIPP-PWY: methylerythritol phosphate pathway I	0.0102921	0.011078	0.0119633	0.0108362	0.011878	0.0109578	0.0135076	0.0117344	0.0115654	0.0133478	0.0102181	0.0113382	0.0114717	0.0107589	0.00938893	0.0130706	0.0129425	0.0122744	0.0110985	0.0118733	0.00988168	0.0108725	0.0112192	0.0099396	0.0103632	0.0102254	0.0112561	0.00783124	0.0101176	0.0112384	0.0154261	0.00983446	0.0135982	0.0101757	0.0103673	0.0115279	0.0113802	0.0107409	0.0113074	0.0126083	0.0104671	0.0104219	0.0103437	0.0126016	0.0127117	0.00644937	0.010101	0.011236	0.0111691	0.0106103	0.00950897	0.0136129	0.0154913	0.0113227	0.00661712	0.0119441	0.0121676	0.0131889	0.00986067	0.0130091	0.0115977	0.011716	0.0107497	0.010799	0.00807012	0.0115763	0.0119542	0.012299	0.00985631	0.0109268	0.0115406	0.0122557	0.0123994	0.00918432	0.0118087	0.0103657	0.0141736	0.0118727	0.0113246	0.0105841	0.012506	0.0113716	0.0111303	0.0129993	0.0150027	0.0114962	0.0106002	0.00946138	0.012812	0.0109759	0.0112358	0.0113955	0.0112172	0.011243	0.0109866	0.0129011	0.0091526	0.0114541	0.0122382	0.0101471	0.011318	0.0104848	0.010014	0.0168843	0.0109175	0.01067	0.0114147	0.0118951	0.0113103	0.0104823	0.00566661	0.0110054	0.0101697	0.0156674	0.0137207	0.0104563	0.00917235	0.0114883	0.0135811	0.0115463	0.0120644	0.0120281	0.0106283	0.0106305	0.0120569
NONOXIPENT-PWY: pentose phosphate pathway (non-oxidative branch) I	0.00634282	0.00536747	0.00763087	0.00580287	0.00685321	0.00787184	0.00385471	0.00874166	0.00434381	0.00805591	0.00904859	0.00623149	0.00558778	0.00681666	0.00634246	0.00625914	0.00619604	0.00479582	0.00755973	0.00687415	0.00464536	0.00917491	0.00461526	0.00567742	0.00633239	0.00620516	0.00642716	0.00578441	0.00716518	0.00711959	0.00445191	0.00699003	0.00700361	0.00548647	0.00637893	0.00452616	0.00682587	0.00357624	0.00454937	0.0044894	0.00611872	0.00651027	0.00566828	0.00557352	0.00439089	0.00636302	0.00822898	0.00716714	0.00647485	0.00352307	0.00752541	0.00560414	0.00446852	0.00733766	0.00760016	0.00563442	0.00496579	0.00600129	0.00635545	0.00533175	0.00501362	0.0136393	0.00603353	0.00552767	0.00587552	0.00593016	0.0053086	0.00763859	0.00701216	0.0051345	0.00557988	0.00857842	0.00821934	0.00618757	0.0058326	0.00521268	0.00699077	0.00921519	0.00608031	0.00599287	0.00420229	0.00717587	0.00624921	0.00583765	0.00285863	0.0060228	0.00613889	0.0064472	0.00460886	0.00463691	0.00627738	0.00803728	0.00552685	0.00497711	0.00774599	0.00548695	0.00747465	0.00522915	0.00764511	0.00592735	0.0103318	0.0071966	0.00394312	0.00752316	0.00734637	0.00769066	0.00335492	0.0038969	0.00832644	0.0079218	0.00689126	0.00627479	0.00658152	0.00421121	0.00662589	0.00688015	0.00817977	0.00484548	0.00447167	0.00731433	0.00976313	0.00429494	0.00712249	0.00590484	0.00730511
OANTIGEN-PWY: O-antigen building blocks biosynthesis (E. coli)	0.00549933	0.00623167	0.00624581	0.00601611	0.00776325	0.00711441	0.00847259	0.00558941	0.00654381	0.00710966	0.00343728	0.00818965	0.00584527	0.00452303	0.0035056	0.00651245	0.00669904	0.00714381	0.00552774	0.00649581	0.00585956	0.00592839	0.00577481	0.00574231	0.00663691	0.00508651	0.00670509	0.00406335	0.00232174	0.00689356	0.00806888	0.0042305	0.0076162	0.00495845	0.00465378	0.00739651	0.00540709	0.00115082	0.00410726	0.00753518	0.00458113	0.00636357	0.00496648	0.004804	0.00534656	0.00361966	0.00498103	0.00598382	0.00517624	0.00185344	0.00641844	0.00603816	0.00779374	0.00572536	0.00381608	0.00657545	0.0089268	0.00843961	0.00530091	0.00648207	0.00713218	0.00909392	0.00684501	0.00563087	0.00449988	0.00432417	0.00453147	0.00622135	0.00415496	0.00573213	0.00562544	0.00762581	0.00701452	0.00518293	0.00557352	0.00637162	0.00592752	0.00451707	0.00612375	0.00676686	0.0047494	0.00460018	0.00622603	0.00653842	0.00515957	0.00584243	0.0072831	0.00565286	0.00646777	0.00505128	0.00591312	0.00713805	0.00647768	0.00568364	0.00558621	0.00829647	0.00526134	0.00502868	0.00815673	0.00503652	0.00643804	0.00461712	0.00658886	0.00822116	0.00509143	0.00384919	0.00485088	0.00514744	0.00822377	0.00692387	0.00421809	0.00538778	0.00680864	0.0061632	0.00670141	0.00722868	0.00403027	0.00519828	0.00556091	0.00703101	0.00523712	0.00665649	0.00626472	0.00543547	0.00703823
ORNARGDEG-PWY: superpathway of L-arginine and L-ornithine degradation	0.0	0.0	0.0	0.0	0.0	0.0	0.0	7.44547e-06	0.0	0.0	0.0	0.0	0.0	0.0	0.0	0.0	0.0	0.0	0.0	0.0	0.000112564	0.0	1.52363e-05	0.000155035	0.0	0.000131245	0.0	0.000231585	0.0	0.0	0.0	2.06154e-05	0.0	0.0	0.0	0.0	0.0	0.0	0.0	0.0	0.0	0.0	0.0	0.0	0.00010855	0.000879215	0.0	1.82201e-05	0.0	0.0	0.0	0.0	0.0	0.0	0.000538304	0.0	0.0	0.0	0.0	0.0	0.0	0.0	0.0	0.000147423	0.000189536	1.22639e-05	0.0	0.0	0.0	0.0	0.0	0.0	0.0	0.000169687	0.0	0.0	0.0	0.0	8.55793e-05	0.000119349	0.0	0.0	0.0	0.0	0.0	0.0	0.0	0.0	0.0	2.15044e-05	0.0	0.0	0.0	0.0	0.0	0.0	0.0	0.0	0.0	0.0	0.0	0.0	0.0	0.0	0.0	0.0	0.0	0.0	0.0	0.0	0.000978649	5.84044e-05	0.0	0.0	0.0	0.0	0.0	4.98182e-05	0.0	4.29818e-05	0.0	0.0	0.0	0.0	0.0
ORNDEG-PWY: superpathway of ornithine degradation	0.000133213	0.0	0.0	0.000219882	0.000112908	0.00011983	6.13733e-05	0.000318153	6.45349e-05	0.0	0.0	1.05864e-05	4.89757e-05	0.000264063	0.0	0.000187564	4.51018e-05	0.000758784	6.75698e-05	0.000409691	0.000338972	0.0	5.37741e-05	0.000391462	7.15858e-05	0.000533604	1.2042e-05	0.000540101	0.0	0.000162712	0.000432066	0.000331268	2.05657e-05	9.61173e-05	0.000233575	0.0	7.08189e-05	0.0	1.50663e-05	1.72948e-05	5.84881e-05	4.13108e-05	5.11769e-05	5.7828e-05	0.000177145	0.00241129	2.30924e-05	0.000164933	0.0	0.0	0.000525198	0.000160177	0.0	0.0	0.00202981	4.96608e-05	0.000186414	0.0	0.0	0.000384465	0.000295659	4.34561e-05	0.000431103	0.000336832	0.00169394	0.000120348	6.08035e-05	0.000145263	0.000140832	0.0	0.0	0.000142814	0.000480415	0.000928016	0.000347148	0.000521387	0.0001475	0.000229529	0.000210618	0.000918665	5.93803e-05	0.0	1.47666e-05	0.000111164	0.0	0.0	0.0	9.18153e-05	4.0204e-05	0.0002085	2.92552e-05	0.0	0.0	5.07197e-05	9.55707e-06	0.0	0.000474178	9.67589e-05	0.000287209	0.0	0.0	8.43645e-05	0.0	0.000224483	0.0	4.04876e-05	0.0	0.000100495	4.68153e-05	0.0	0.00376267	4.43151e-05	2.88884e-05	0.0	0.000235592	2.18192e-05	0.000964262	6.29735e-05	5.38266e-05	0.000343173	0.000261937	2.48464e-05	0.000306665	0.0	0.0
P105-PWY: TCA cycle IV (2-oxoglutarate decarboxylase)	0.000141318	2.89271e-05	5.16893e-05	0.000332484	2.71679e-05	0.000483143	3.8842e-05	7.70293e-05	6.34744e-05	0.000202321	0.0	0.000581956	4.16689e-05	2.60442e-05	0.0	9.72582e-05	0.0	0.0	0.0	0.0	0.000406237	0.0	0.000179348	0.000651058	0.0	0.0010225	2.53333e-05	0.000712111	0.0	0.00154271	0.000134766	0.000600046	8.53401e-05	0.000148563	0.0	0.0	0.0	3.38538e-05	0.0	2.06728e-05	2.24765e-05	0.0	0.000154214	0.0	0.000609067	0.0019978	4.20888e-05	0.000125077	0.0	1.14179e-05	0.000191893	0.000311912	0.000550112	0.000289188	0.00165422	5.11884e-05	5.79598e-05	1.5603e-05	0.0	0.000120855	0.0	9.46745e-05	3.62836e-05	0.000524201	0.00179938	0.000185175	0.0	0.0	0.000117314	0.000410724	0.000168736	6.87615e-05	0.000206785	0.00126938	0.0	0.000212359	0.000325483	0.0	0.000395634	0.00101151	0.0	1.33849e-05	6.06412e-05	0.0	0.0	0.0	4.29423e-05	0.000107796	0.00010012	0.000413994	4.01904e-05	0.0	3.71757e-05	6.03988e-05	0.0	0.000247018	0.00047084	0.000118243	0.000118356	0.0	0.0	8.68105e-05	0.000147309	7.26806e-05	0.000417036	2.66684e-05	0.0	0.0	0.0	3.18247e-05	0.00226813	0.000437523	0.0	4.87997e-05	2.636e-05	7.98826e-05	0.000552777	0.000222461	5.3728e-05	0.000290755	0.0	6.86982e-05	3.23155e-05	2.82392e-05	0.0
P108-PWY: pyruvate fermentation to propanoate I	3.96483e-05	0.0	0.0	0.000167389	2.44745e-05	0.000267483	0.0	6.13799e-05	0.0	0.0	0.0	3.11967e-05	2.81864e-05	0.0	0.00010554	4.01059e-05	0.0	0.0	0.0	0.0	0.000208407	0.0	0.000102024	0.000270364	6.92266e-05	0.000361872	0.0	0.000431869	5.5738e-05	9.20602e-05	4.28326e-05	0.000377702	6.22681e-05	0.000147218	0.0	0.0	9.64405e-06	0.000129785	0.0	0.000101259	8.15636e-05	0.0	1.45129e-05	0.0	0.000114003	0.00076145	0.000158726	5.95081e-05	0.0	0.000129768	0.000289901	0.0	0.0	0.0	0.00110606	0.0	0.000231238	0.0	0.0	0.0	0.0	0.000221753	0.0	0.000301871	0.000347924	0.000114155	0.0	6.49912e-05	3.8205e-05	0.0	7.64033e-05	4.87469e-05	0.000274005	0.000393448	0.0	0.000392795	9.52342e-05	0.0	0.000135059	0.000782553	0.0	0.0	0.0	2.57891e-05	0.000229742	0.000844766	2.55432e-05	0.000161524	0.000109654	6.18833e-05	7.83676e-05	0.0	0.0	0.0	9.39798e-06	0.0	0.000387535	6.87095e-05	0.0	0.0	0.0	7.06783e-05	0.0	0.0	0.0	0.000116366	0.0	0.000110593	0.0	0.0	0.000640857	4.39857e-05	0.000126088	0.0	0.0	2.72809e-05	0.000530179	0.000231136	9.74419e-05	0.00021435	0.0	0.0	7.87046e-05	0.0	0.000269826
P122-PWY: heterolactic fermentation	0.0	0.0	0.0	5.94887e-05	0.0	0.000193032	0.000110379	6.12438e-05	0.0	0.0	0.0	0.0	0.0	0.0	0.0	2.56466e-05	0.0	0.0	1.35592e-05	0.0	0.000168644	0.0	1.91399e-05	0.000193391	0.0	0.000147579	0.0	0.000106907	3.57147e-05	1.18536e-05	0.0	0.000185631	0.0	8.7325e-05	0.0	0.0	0.0	0.000110556	0.0	5.6276e-05	1.59098e-05	0.0	3.51367e-06	0.0	6.24644e-05	0.000863129	0.0	1.2395e-05	0.0	7.68636e-05	0.000354436	7.23608e-05	0.0	0.0	0.000388647	0.0	7.96561e-05	4.09484e-05	0.0	0.0	0.0	0.0	0.0	0.000151026	0.000608922	3.64239e-05	0.0	4.92533e-05	6.55706e-06	0.0	3.94719e-05	6.00472e-05	0.000119297	0.000276543	0.0	0.00043831	0.0	0.0	9.68277e-05	1.45738e-05	0.0	0.0	0.0	0.0	0.0	0.0	0.0	0.000103772	2.71463e-05	1.28587e-05	0.0	0.0	0.0	0.0	1.1988e-05	0.0	2.00715e-05	0.0	0.0	0.0	0.0	0.0	0.0	0.0	0.0	7.48528e-05	0.0	4.1192e-05	0.0	0.0	0.00086179	2.70347e-05	5.34045e-05	0.0	0.0	7.04227e-06	0.000309683	0.000145859	0.0	1.02536e-05	0.0	0.0	7.99863e-05	0.0	0.000173155
P124-PWY: Bifidobacterium shunt	0.000394885	0.000905926	0.0	0.000240682	0.000448658	0.000369521	0.00115542	0.000123839	0.00043344	0.0	0.000234878	0.00127632	0.0	0.000941941	0.0	0.00035094	0.00118495	0.00168771	0.000861	0.000423254	0.000630856	0.00110358	0.0	0.000377364	0.000790826	2.78885e-05	0.0	0.000247513	3.58114e-05	0.000716471	0.00187516	0.000280578	0.000179609	0.0	0.000623532	0.000308849	0.000418547	0.0	0.000694849	0.000759267	0.000598056	0.00190582	0.0	0.000425125	0.0015201	4.05868e-05	0.00115307	0.00033595	0.000120802	0.0	0.000367809	0.000702907	0.000798343	0.0	0.0	0.000174491	0.000201025	0.000464123	0.000833233	0.000218336	0.00185483	0.0	0.000698426	8.46232e-05	0.0	0.0	0.000495602	0.00057987	0.000197372	0.00182045	0.0	0.000598376	0.000351673	0.000139941	0.00105549	0.00105088	0.000761841	0.000128258	0.0	0.0	0.000390129	0.000506343	0.000189048	0.00100518	0.000833635	0.000507735	0.00339067	2.26159e-05	0.0	0.0012025	0.0	0.000586265	0.000974237	0.000550951	0.00148349	0.00068449	0.000840675	0.00089191	0.000321638	0.000150629	0.000663937	0.000706731	0.00365648	0.000236302	5.31996e-05	0.00109354	0.0	0.00038236	0.00120101	0.000470009	7.79851e-05	0.00115298	0.00320078	0.00107848	0.000455899	0.00133375	0.000463356	0.000442357	0.0	0.00240134	0.000894765	0.00188906	0.0	0.000379534	0.000433722
P125-PWY: superpathway of (R,R)-butanediol biosynthesis	5.97986e-05	3.58453e-05	0.0	0.0	0.0	0.00026853	0.000216001	0.000126641	0.0	0.0	7.98614e-06	0.0	0.0	9.2217e-05	1.57158e-05	4.0605e-05	2.60787e-05	0.0	0.0	0.0	0.0	8.58686e-06	4.47439e-05	3.67369e-05	0.0	9.99194e-06	4.02349e-05	3.62697e-05	1.17374e-05	3.39749e-05	0.0	5.31011e-05	0.000158882	4.59519e-05	0.0	0.0	0.0	8.47099e-05	1.43034e-05	0.0	0.0	2.33383e-05	5.17609e-06	6.56174e-05	0.0	2.2616e-05	4.68877e-05	0.0	7.19661e-05	0.000121558	3.23043e-05	1.23286e-05	2.53842e-05	0.0	0.0	0.0	0.000244597	0.0	0.0	0.0	3.22662e-05	7.65081e-05	0.000301184	0.000347233	0.0	6.22465e-06	8.51174e-06	0.0	0.000195281	2.2604e-05	0.000159776	6.22967e-05	0.000105648	6.50537e-05	0.000248472	0.000568305	6.76692e-05	0.0	3.00515e-05	7.42317e-05	0.0	1.92012e-05	0.0	1.87301e-05	3.06465e-05	0.0	1.41973e-05	0.000100729	5.82438e-05	0.0	3.07194e-05	3.18339e-05	4.1119e-05	8.18985e-05	7.66361e-05	1.85107e-05	1.36015e-05	1.48492e-05	0.0	0.0	0.0	2.40755e-05	0.000127594	1.4771e-05	0.0	4.53575e-06	0.0	7.04533e-05	0.0	0.000156425	2.59292e-05	0.0	0.000147772	1.71146e-05	0.000134444	0.000380379	0.0	3.01413e-05	0.0	9.81948e-06	0.0	3.4991e-05	3.66729e-05	0.0	0.0
P161-PWY: acetylene degradation (anaerobic)	0.00103324	0.000125079	0.00019594	0.000343095	0.000234059	0.000218707	0.000762833	0.000156374	0.000189308	0.000255008	0.000114529	0.000140956	0.000121741	0.000267059	0.000398653	0.000369338	0.000339199	0.000135559	3.64492e-05	0.000248212	0.00103048	0.00039514	0.000224395	0.000841019	0.000232184	0.001461	0.000211249	0.00120627	0.000573087	8.87155e-05	0.000120703	0.000638599	0.00015389	0.000428617	0.00020047	0.000152031	6.19908e-05	6.72701e-05	7.5341e-05	0.000268501	9.55593e-05	0.000152761	0.000165014	8.13257e-05	0.000357224	0.0039052	0.000150456	0.000290664	4.89362e-05	0.000134384	0.000352531	0.00188758	0.00069693	0.00011914	0.00277284	0.000152223	0.000204631	0.000245493	0.000153652	0.00019564	5.98603e-05	0.000116492	0.000155749	0.000344618	0.00128108	0.000463413	0.000157564	0.000472559	7.06473e-05	0.000145758	2.9951e-05	0.000135131	7.25102e-05	0.000709104	0.000197951	0.00126468	0.000122463	0.000278559	0.000404607	0.00105872	0.000156897	0.0	1.18023e-05	2.48361e-05	4.58744e-05	0.000343151	0.000270351	0.000149264	0.000134963	0.000198116	0.000165792	7.78445e-05	0.00013194	0.000535948	5.62797e-05	4.35698e-05	0.000323571	0.000138929	0.000136489	0.000185915	4.10788e-05	0.00330213	0.00017269	0.000179937	0.000136839	8.12208e-05	0.000246048	7.15999e-05	0.000137298	0.000206223	0.00291175	0.000205011	0.000150919	0.000141239	5.7346e-05	0.000207189	0.000762547	0.000111114	0.000628247	0.00297212	3.23096e-05	0.000102203	4.27792e-05	4.22864e-05	0.000126696
P162-PWY: L-glutamate degradation V (via hydroxyglutarate)	0.0	0.0	0.0	0.0	1.0209e-05	0.0	0.0	0.0	0.0	0.0	0.0	0.0	0.0	0.0	0.0	0.0	0.0	0.0	0.0	0.0	0.0	0.0	0.0	0.0	0.0	0.0	0.0	0.0	0.0	0.0	0.000234114	0.0	0.0	0.0	0.0	0.0	0.0	0.0	0.0	0.0	0.0	0.0	0.0	0.0	0.0	0.0	0.0	0.0	0.0	0.0	0.0	0.0	0.0	0.0	0.0	0.0	0.0	0.0	0.0	0.0	0.0	0.0	0.0	0.0	0.0	0.0	0.0	0.0	0.0	0.0	0.0	0.0	0.0	0.0	0.0	0.0	0.0	0.0	0.0	0.0	0.0	0.0	0.0	0.0	0.0	0.0	0.0	0.0	0.0	0.0	0.0	0.0	0.0	0.0	0.0	0.0	0.0	0.0	5.88165e-05	0.0	0.0	0.0	0.0	0.0	0.0	0.0	0.0	0.0	0.0	0.0	0.0	0.0	2.43507e-05	0.0	0.0	0.0	0.0	0.0	0.0	0.0	0.0	0.0	7.0971e-05	0.0	0.0
P163-PWY: L-lysine fermentation to acetate and butanoate	0.000328962	0.0	0.0	0.000179257	2.76888e-05	5.18957e-05	3.26571e-05	0.0	0.0	1.44912e-05	3.18245e-05	0.0	3.67442e-05	0.0	2.01527e-05	0.0	0.0	2.11639e-05	2.51239e-05	0.0	5.35123e-05	0.0	0.0	3.15707e-05	4.53757e-05	0.0	0.0	0.0	4.21698e-05	7.16833e-05	0.0	0.0	0.0	0.0	0.0	0.0	0.0	0.0	0.0	8.48877e-05	0.0	0.0	0.0	0.0	0.0	0.0	1.45193e-05	0.0	0.0	0.0	0.000658442	0.00018662	7.87872e-05	0.0	0.0	0.0	5.91026e-05	0.0	0.0	0.0	0.0	0.0	0.0	0.0	0.0	0.0	0.0	0.0	0.0	0.0	0.0	0.0	0.0	0.0	0.0	0.000373698	0.0	0.0	1.88141e-05	0.0	0.0	0.0	0.0	0.0	4.38515e-05	3.6452e-05	4.43769e-05	0.0	0.0	2.80398e-05	0.0	0.0	0.0	0.0	0.0	3.9764e-05	0.0	0.0	0.0	0.0	0.0	0.000102512	0.0	0.0	0.0	0.0	0.0	0.0	0.0	0.0	0.0	0.0	0.0	0.0	0.0	8.48134e-05	7.76169e-05	0.0	0.000179302	1.61304e-05	0.0	8.82748e-06	0.0	2.97568e-05	0.0
P164-PWY: purine nucleobases degradation I (anaerobic)	0.00197645	0.00169068	0.0012301	0.000737873	0.000893299	0.000699543	0.000704513	0.00110834	0.0010851	0.00161617	0.00112508	0.000508418	0.000791999	0.0015082	0.002243	0.000997869	0.000892031	0.000554539	0.000754518	0.000562272	0.00108715	0.000822465	0.00102277	0.000858568	0.000858812	0.000783733	0.000696	0.00112209	0.00161981	0.000546705	0.000756281	0.00108423	0.000489076	0.00152221	0.000911262	0.00043589	0.000773279	0.00140203	0.000599059	0.000446294	0.000913409	0.000855234	0.000778775	0.000739766	0.000283718	0.00107992	0.00147944	0.000793709	0.000847445	0.00194634	0.00159403	0.00149111	0.000540778	0.000490443	0.00141388	0.00105	0.000907135	0.0013604	0.00110656	0.00039834	0.000333603	0.000364404	0.000951335	0.00115424	0.0017003	0.00072297	0.000438613	0.000826139	0.00182522	0.000857186	0.000270374	0.000355391	0.00105944	0.000701511	0.000710124	0.000745555	0.00108817	0.00122818	0.00126587	0.00107246	0.000476992	0.00070266	0.000378415	0.000662844	8.51126e-05	0.000640801	0.000896086	0.000612444	0.000775946	0.000966255	0.000564476	0.000672903	0.00106999	0.000942009	0.000902614	0.00113408	0.00107454	0.000795638	0.000695407	0.000778374	0.000454521	0.00116651	0.00118057	0.000331154	0.000709903	0.00100326	0.00221646	0.000571607	0.000625878	0.000951469	0.00109043	0.0010307	0.00106392	0.000289926	0.000493718	0.000698604	0.00175548	0.000471292	0.000513555	0.000372046	0.000793194	0.00170504	0.0006412	0.000873665	0.000605656
P185-PWY: formaldehyde assimilation III (dihydroxyacetone cycle)	0.000719567	0.000147211	7.21268e-05	0.000680602	7.46597e-05	0.000345083	8.8621e-05	0.000231755	0.000253252	0.000410621	0.000115731	9.3714e-05	0.000116172	0.000110544	0.000363125	0.000164304	0.000168655	0.0003785	0.000142444	9.77951e-05	0.000128059	0.000259783	8.99163e-05	0.000431275	0.000467956	0.00015567	4.17241e-05	0.000114194	2.4919e-05	0.000384001	0.000352932	0.000354579	4.63084e-05	0.000710994	0.000338959	0.000146606	0.000200893	7.67113e-05	0.000406522	6.28944e-05	0.000205724	0.000191148	0.000117692	4.95631e-05	0.000641344	0.000265175	0.000338419	0.000245374	0.0003321	0.000286768	0.00120018	0.000141139	0.000882477	0.000287461	9.79521e-05	1.2707e-05	0.000121518	0.000106094	0.000237329	0.000137946	0.000485723	0.000157929	0.000224922	0.000218635	0.000144027	7.36129e-05	4.87257e-05	0.000116811	9.37282e-05	0.000313448	9.03037e-05	4.88048e-05	0.000308188	0.000146618	0.000420816	0.000690021	0.000377098	0.000285698	0.000125695	0.000208909	0.000242847	0.00016321	9.90406e-05	0.000334844	0.000184552	6.23526e-05	0.000366436	0.000135456	0.000119516	0.00014894	4.58105e-05	0.000642919	6.78573e-05	0.00011684	0.00016903	0.000519995	0.00017203	0.000129953	0.000144185	0.000517884	9.33213e-05	0.000343847	0.000514371	0.000359503	0.000408267	0.000213376	6.8353e-05	0.000115602	0.000482387	3.90287e-05	0.000615791	0.000230797	0.000685652	7.68263e-05	3.79297e-05	0.000252595	0.000134432	0.000124768	0.000130514	7.0633e-05	7.66648e-05	7.78674e-05	0.000103813	7.77306e-05	0.000141164
P221-PWY: octane oxidation	0.0	0.0	0.0	3.49811e-05	0.0	0.0	0.0	0.0	0.0	2.43448e-05	0.0	0.0	1.91599e-06	0.0	1.1865e-05	0.0	0.0	0.0	0.0	0.0	5.67418e-05	0.0	6.02623e-06	6.27318e-05	0.0	0.000101753	0.0	5.4023e-05	0.0	3.18841e-06	0.0	4.17016e-05	0.0	1.51977e-05	0.0	0.0	7.21775e-07	0.0	0.0	9.12079e-06	0.0	0.0	0.0	0.0	6.82945e-05	0.000309193	0.0	4.16997e-06	0.0	0.0	8.17402e-05	2.01202e-05	4.06692e-05	0.0	0.000311868	0.0	3.30028e-06	9.26948e-06	0.0	0.0	0.0	0.0	0.0	0.000110218	0.000176221	1.45381e-06	0.0	0.0	0.0	0.0	0.0	0.0	4.90393e-05	7.32774e-05	0.0	4.06993e-05	0.0	0.0	4.05696e-06	0.000102934	0.0	0.0	0.0	0.0	0.0	0.0	0.0	1.59048e-06	2.79842e-05	1.09323e-05	6.83036e-06	0.0	0.0	0.0	0.0	0.0	6.01718e-06	0.0	0.0	0.0	0.0	7.30893e-06	2.67796e-05	0.0	0.0	0.0	0.0	0.0	0.0	0.0	0.000631982	0.0	0.0	0.0	0.0	0.0	1.09943e-05	3.25103e-05	0.0	1.37009e-05	0.0	0.0	1.00413e-05	0.0	0.0
P23-PWY: reductive TCA cycle I	2.34408e-05	0.0	0.0	9.23203e-05	1.49484e-05	0.000167523	0.0	3.66433e-05	0.0	0.0	0.0	1.93429e-05	1.66536e-05	0.0	6.90304e-05	2.3946e-05	0.0	0.0	0.0	0.0	0.000158379	0.0	6.48708e-05	0.000192272	4.30323e-05	0.000234511	0.0	0.000423037	3.34259e-05	5.57975e-05	2.60808e-05	0.000191735	3.72913e-05	7.07196e-05	0.0	0.0	5.61989e-06	8.14603e-05	0.0	6.20659e-05	4.44729e-05	0.0	8.40121e-06	0.0	6.72615e-05	0.000490912	8.33266e-05	3.57507e-05	0.0	8.08903e-05	0.000193535	0.0	0.0	0.0	0.000402871	0.0	0.000150244	0.0	0.0	0.0	0.0	0.000146451	0.0	0.000214351	0.000229932	7.49844e-05	0.0	3.89639e-05	2.25881e-05	0.0	4.52964e-05	2.87727e-05	0.000197526	0.00025356	0.0	0.0	5.67865e-05	0.0	8.5456e-05	0.000901331	0.0	0.0	0.0	1.52856e-05	0.000206922	0.000646589	1.50338e-05	0.000100939	6.76258e-05	3.68332e-05	4.90388e-05	0.0	0.0	0.0	5.47825e-06	0.0	0.000229379	4.10765e-05	0.0	0.0	0.0	4.20768e-05	0.0	0.0	0.0	4.26201e-05	0.0	7.64126e-05	0.0	0.0	0.000388976	2.54771e-05	6.90283e-05	0.0	0.0	1.6257e-05	0.000163909	0.000121703	6.12551e-05	0.00014761	0.0	0.0	4.5398e-05	0.0	0.000159675
P241-PWY: coenzyme B biosynthesis	6.44273e-06	0.0	0.0	0.0	3.45148e-05	0.0	0.0	1.98904e-05	0.0	0.0	0.0	0.0	0.0	0.0	0.0	0.0	0.0	0.0	0.0	0.0	0.0	0.0	0.0	0.0	0.0	0.0	0.0	0.0	0.0	8.57422e-06	0.0	0.0	0.0	1.21754e-05	0.0	0.0	0.0	0.0	0.0	0.0	0.0	0.0	0.0	0.0	0.0	0.0	0.0	0.0	0.0	0.0	0.0	5.50431e-05	0.0	0.0	0.0	0.0	0.0	0.0	0.0	0.0	0.0	0.0	0.0	1.42708e-05	0.0	0.0	0.0	0.0	0.0	0.0	0.0	0.0	0.0	0.0	0.0	0.0	0.0	0.0	0.0	0.0	0.0	0.0	0.0	0.0	0.0	0.0	0.0	0.0	0.0	0.0	0.0	0.0	0.0	0.0	0.0	0.0	0.0	0.0	0.0	0.0	0.0	0.0	0.0	0.0	0.0	0.0	0.0	0.0	2.66152e-05	0.0	0.0	0.0	0.0	0.0	0.0	0.0	0.0	0.0	0.0	0.0	0.0	5.70753e-05	0.0	0.0	0.0
P261-PWY: coenzyme M biosynthesis I	0.0	0.0	0.0	0.0	0.0	0.0	0.0	0.0	0.0	0.0	0.0	0.0	0.0	0.0	0.0	0.0	0.0	0.0	0.0	0.0	0.0	0.0	0.0	0.0	0.0	0.0	0.0	0.0	0.0	0.0	1.68286e-05	0.0	0.0	0.0	0.0	0.0	0.0	0.0	0.0	0.0	0.0	0.0	0.0	0.0	0.0	0.0	0.0	0.0	0.0	0.0	0.0	0.0	0.0	0.0	0.0	0.0	0.0	0.0	0.0	0.0	0.0	0.0	0.0	0.0	0.0	0.0	0.0	0.0	0.0	0.0	0.0	0.0	0.0	0.0	0.0	0.0	0.0	0.0	0.0	0.0	0.0	0.0	0.0	0.0	0.0	0.0	0.0	0.0	0.0	0.0	0.0	0.0	0.0	0.0	0.0	0.0	0.0	0.0	0.0	0.0	0.0	0.0	0.0	0.0	0.0	0.0	0.0	0.0	0.0	0.0	0.0	0.0	0.0	0.0	0.0	0.0	0.0	0.0	0.0	0.0	0.0	0.0	0.0	0.0	0.0
P4-PWY: superpathway of L-lysine, L-threonine and L-methionine biosynthesis I	0.0	0.00026894	7.83471e-05	0.000705757	0.000106676	0.000325677	0.00050992	0.000442535	0.000108723	0.000116719	0.000135279	0.0	0.000145084	0.0004586	0.0	0.000514031	0.000312614	0.000444867	0.000213782	0.000292262	0.00108295	0.0	0.000223787	0.000950908	7.64467e-05	0.000666757	0.000117152	0.00133316	0.0	0.000654783	0.000457698	0.00101074	0.000115691	0.000246542	0.000175561	8.46106e-05	0.000248804	9.73104e-05	0.000499647	3.10069e-05	0.000231726	0.000205766	0.000137978	0.0001805	0.000475824	0.00209963	0.000172617	0.000729857	4.51812e-05	0.000169627	0.000435549	0.00024705	0.000184329	0.0	0.00252816	0.000114997	0.000241802	0.000145465	0.000325726	0.000158179	6.97904e-05	6.52277e-05	0.000637457	0.000560252	0.00114102	0.00034117	0.0	0.00023377	0.000483883	0.000584815	0.000311501	0.000160625	0.000279632	0.000748011	8.37288e-05	0.00107144	0.000410401	0.000114513	0.000358859	0.000812647	0.00031693	0.000284183	8.61649e-05	8.56851e-05	0.0	0.0	5.5113e-05	0.000200699	4.50491e-05	0.000807409	0.00019576	0.000113627	9.04409e-05	0.000463357	0.000197755	6.36298e-05	0.00126748	0.000308126	5.79317e-05	0.000151091	0.000332251	0.00076956	7.87144e-05	0.0	0.000134456	7.98428e-05	0.0	0.000306226	0.00029678	0.00011001	0.00223555	0.000726503	0.000139211	8.01436e-05	0.0	0.000882513	0.00168047	0.00038701	0.0	0.00080293	0.0	0.000160935	0.00012128	0.0	0.000104928
P41-PWY: pyruvate fermentation to acetate and (S)-lactate I	0.00372088	0.00421234	0.00661262	0.00421929	0.00314951	0.00490679	0.00320069	0.00739584	0.00288643	0.00499453	0.00539791	0.00441121	0.00358379	0.00507445	0.00434581	0.00451587	0.00516371	0.00438524	0.00662052	0.00389961	0.00331845	0.00683832	0.00479229	0.00433912	0.00376579	0.00388456	0.00421212	0.0034102	0.00195933	0.00468673	0.00391698	0.00404448	0.00551506	0.00327952	0.00392865	0.00314057	0.00489848	0.00204222	0.00323419	0.00378734	0.00512882	0.00636412	0.00362615	0.00532893	0.00270207	0.00304511	0.00687198	0.0051316	0.0045899	0.00276029	0.0048923	0.00288332	0.00365123	0.00473978	0.00383555	0.00361559	0.00438785	0.00384975	0.00497341	0.00453927	0.00419023	0.00347298	0.00479301	0.00363321	0.00366055	0.00523457	0.00320431	0.00491389	0.00426405	0.00534746	0.00348762	0.00694593	0.00587156	0.00349446	0.00527752	0.00453339	0.00573713	0.007707	0.00361304	0.00471082	0.00483664	0.00572765	0.00255065	0.00326623	0.00260114	0.00437176	0.00576338	0.00353847	0.00392288	0.00398812	0.0035001	0.00411178	0.00488669	0.00434076	0.00785589	0.0041565	0.00435333	0.00387359	0.00395884	0.0031886	0.00361073	0.00477871	0.00508289	0.0052554	0.0040368	0.00588817	0.00259653	0.00336313	0.00665734	0.00569404	0.00359521	0.00543864	0.00661423	0.00326055	0.00275294	0.00540585	0.0017746	0.00520737	0.00331208	0.00508701	0.00638429	0.00426871	0.00533334	0.00371063	0.00619384
P42-PWY: incomplete reductive TCA cycle	0.00241666	0.00057331	0.000198004	0.000343224	0.00109863	0.000418608	0.000958253	0.00154899	0.000884779	0.00164182	2.18503e-05	0.00156356	0.00120283	0.00042692	0.000636904	0.0010366	0.00070891	0.00116123	0.000819274	0.00082517	0.00155256	0.000824926	0.00126095	0.00144723	0.00176509	0.00178429	0.00165017	0.000709489	0.000770587	0.00172069	0.000547208	0.000292444	0.000424169	0.000138518	0.00112844	0.000229976	0.000564695	0.000474689	4.98717e-05	0.000817847	0.00023649	7.12907e-05	0.000277165	0.000166065	0.000315832	0.000634247	0.000291909	0.00168474	0.000271444	0.000522511	0.00118574	0.00124168	0.00152993	0.00177102	0.00113081	0.000804762	0.00106165	0.00177642	0.0	0.00141021	0.000619112	0.00149762	0.00106465	0.00131286	0.000850604	0.000418148	0.000708271	0.00149474	0.00134753	0.000288206	0.000808892	0.00117671	0.000952242	0.000515217	0.000944809	0.000325718	0.00131396	0.000383417	0.00174481	0.00164381	0.000359681	0.000540697	0.00129698	0.00127666	0.000573971	0.000882622	0.000967152	0.00144891	0.00118448	0.0010811	0.000872597	0.000845372	0.0004492	0.00172664	0.000620504	0.00168424	0.000644339	0.000968035	0.00240367	0.00138372	0.00117004	0.00242836	0.00159084	0.00130164	0.000432845	6.95925e-05	0.0	0.00178509	0.00175557	0.00145167	0.000504771	0.00050425	0.000189282	0.000808322	0.000967766	0.00140904	0.000305217	0.000417374	0.00135309	0.00176199	8.78008e-05	0.00150303	0.000704007	0.00131377	0.000697326
P441-PWY: superpathway of N-acetylneuraminate degradation	0.00221127	0.00191876	0.00179812	0.00144238	0.00076201	0.00112319	0.00186086	0.00193069	0.00121827	0.001372	0.000428033	0.000518461	0.00166091	0.00163125	0.000843048	0.00124426	0.00112369	0.000819245	0.00109306	0.00197836	0.00226633	0.0013054	0.00105682	0.00205491	0.00131889	0.0025153	0.000891921	0.00266144	0.00136745	0.000690773	0.000915611	0.00171883	0.000792664	0.00114214	0.000873767	0.000653598	0.000539647	0.000691656	0.000896986	0.000925077	0.00113962	0.00059729	0.000778845	0.000549678	0.00114386	0.00416355	0.00211417	0.00142842	0.000795492	0.00098416	0.0021578	0.00286834	0.00171835	0.000900567	0.003645	0.00109423	0.00170905	0.000894635	0.0017713	0.000676974	0.00100154	0.00150972	0.00103531	0.00133337	0.00274767	0.00130482	0.00057554	0.00125584	0.000972014	0.000835503	0.000124492	0.000496281	0.00151103	0.00213715	0.000768159	0.00231921	0.00112157	0.00113956	0.00150429	0.00207145	0.000880362	0.000486576	0.000244441	0.000590464	0.000183905	0.00109288	0.000944222	0.000695702	0.00141499	0.00123067	0.000671759	0.00117728	0.00107111	0.00152995	0.000911879	0.000928885	0.00236775	0.00103579	0.00134702	0.0013479	0.000910166	0.0020621	0.000646439	0.000661358	0.000512532	0.000946533	0.000666914	0.0004025	0.000505858	0.000714561	0.00383856	0.00111015	0.00113493	0.000518401	0.00124774	0.000772538	0.0018617	0.000603385	0.00136871	0.00309091	0.000316435	0.000388573	0.00211868	0.00101608	0.00113375
P461-PWY: hexitol fermentation to lactate, formate, ethanol and acetate	0.00099604	0.000330364	0.000344182	0.00073739	0.000433486	0.000104782	0.000340254	0.000171463	0.000637785	0.000443648	0.000209149	0.000187976	0.000249718	0.000315743	0.000762991	0.000508755	0.000404693	0.000115331	0.000225777	0.0002953	0.00117932	0.000503268	0.000433296	0.000951228	0.000278015	0.00220694	0.000202092	0.00210782	0.000165803	0.000696478	0.000200925	0.000808118	0.000223536	0.000612555	0.000612909	0.000168114	0.00023052	0.000130679	0.000848393	0.000428464	0.000302073	0.000382279	0.000295613	0.000133051	0.000597885	0.00419213	0.000584403	0.000899851	0.000224155	0.000256317	0.000486678	0.000986266	0.00100395	0.000349005	0.00330569	0.000228199	0.000421614	0.000513146	0.00065506	0.000709598	0.000731639	0.000165242	0.000671875	0.000478955	0.00219344	0.000772258	0.000240041	0.000569059	0.000363021	0.000433715	0.000152421	0.000225418	0.000307267	0.00128135	0.000699508	0.000863317	0.00068463	0.000335958	0.000759116	0.000927548	0.000367155	0.0	0.000219156	0.000351587	0.000282419	0.000135796	0.00049762	0.000366965	0.000236045	0.000339247	0.00034013	0.000189984	0.000249624	0.000203546	0.000280134	0.000384563	0.00118203	0.000311109	0.000315899	0.000221625	0.000207129	0.00101513	0.000435654	0.00112923	0.000566169	0.00041129	0.000375778	9.37207e-05	0.000431292	0.000267543	0.00427571	0.000416246	0.000970118	0.000339532	0.000346259	0.000533482	0.0020342	0.000258444	0.000516197	0.000888116	0.000145247	0.000244557	0.000203918	0.000156039	0.000352173
P621-PWY: nylon-6 oligomer degradation	0.0	0.0	0.0	0.000185265	0.0	0.000253244	2.37109e-05	7.7132e-05	0.0	0.0	0.0	0.0	0.0	0.000330949	0.0	0.0	0.0	0.0	0.0	0.0	0.0	0.0	0.000246105	0.000158051	0.0	0.0	0.000173568	0.0	0.000114854	0.0	0.0	0.0	0.000111303	0.0	0.0	0.0	0.0	2.65101e-05	5.50078e-05	0.0	1.34218e-05	1.99436e-05	1.59676e-05	0.0	0.0	5.50434e-05	9.52041e-05	3.70561e-05	4.17835e-05	6.19584e-05	0.000225838	0.0	0.0	0.0	9.72385e-06	0.0	0.000249915	0.0	0.0	0.0	0.0	0.000134178	0.0	5.041e-05	0.0	0.0	0.0	0.0	0.00011725	2.13904e-05	6.42846e-05	0.0	4.20844e-05	0.0	0.000474666	0.000209986	0.0	0.0	0.0	5.57624e-05	0.0	0.0	0.0	0.000288033	0.0	0.0	0.0	3.7139e-05	6.35441e-05	0.0	6.86457e-05	0.0	4.77061e-05	7.68875e-05	0.000101981	0.0	0.0	1.38869e-05	0.0	0.0	0.0	0.0	0.0	0.0	0.0	3.93951e-05	0.0	0.0	2.62985e-05	0.0	0.0	0.0	0.000111945	0.0	0.0	0.000121709	0.0	3.69633e-05	0.0	0.0	0.0	0.0	0.0	0.0	0.0
PANTO-PWY: phosphopantothenate biosynthesis I	0.00766965	0.00762029	0.00787048	0.00695297	0.00892605	0.00667501	0.00620777	0.00861347	0.00751642	0.00796933	0.00822396	0.00686863	0.00644759	0.00700086	0.00833401	0.00689568	0.00649378	0.00617237	0.00655954	0.00847257	0.00688782	0.00668084	0.00786253	0.00711892	0.0075896	0.00717168	0.00758232	0.0064036	0.00963999	0.00632124	0.00504935	0.00688089	0.00892166	0.00764397	0.00767796	0.00722329	0.00851494	0.0085057	0.00830986	0.00804941	0.00739589	0.0073376	0.00821238	0.00918901	0.00483603	0.0049008	0.00660361	0.00668733	0.00799417	0.00798986	0.00786473	0.00608802	0.00702344	0.00911732	0.00573504	0.00900954	0.00661456	0.00646077	0.00749239	0.00761548	0.00811244	0.00499666	0.00722314	0.00670475	0.00635015	0.00839175	0.00700909	0.00706972	0.00739244	0.00658535	0.00729107	0.00791015	0.00728489	0.00695588	0.00709612	0.00257654	0.00671269	0.00750684	0.00740837	0.00577603	0.00941219	0.00831051	0.00876452	0.0070336	0.00429095	0.00780989	0.00549762	0.00757171	0.00739433	0.00666284	0.00698874	0.00695267	0.00704251	0.00817463	0.00745691	0.00795277	0.00499496	0.00758569	0.00533997	0.0075953	0.0066781	0.00852015	0.00628722	0.00672197	0.00809614	0.00668947	0.00986754	0.00947442	0.00659507	0.0069374	0.00462489	0.007439	0.0055735	0.00780052	0.00798558	0.00618709	0.00761546	0.00884008	0.0059587	0.00738306	0.00796442	0.00753459	0.00822953	0.00757339	0.00726854
PANTOSYN-PWY: superpathway of coenzyme A biosynthesis I (bacteria)	0.00817904	0.00776664	0.00891482	0.00726984	0.00947516	0.00722066	0.006903	0.00802458	0.00820575	0.0082571	0.00839968	0.00783324	0.00780026	0.00770937	0.00832846	0.00807321	0.0072946	0.00710582	0.00740331	0.00821946	0.00735189	0.00746163	0.00834159	0.00761937	0.00794995	0.00742712	0.00800032	0.00637695	0.00926547	0.00705208	0.00597166	0.00715035	0.00895094	0.00811778	0.00828897	0.00791979	0.00909504	0.00878577	0.00917458	0.00888518	0.00781313	0.00724383	0.0077065	0.0100168	0.00561934	0.0050395	0.00784301	0.00764817	0.00881544	0.00857274	0.00818239	0.00696533	0.00713433	0.00875652	0.00538347	0.00977935	0.00748189	0.00742922	0.0080417	0.00819479	0.00894138	0.00577334	0.0081564	0.00729337	0.00674881	0.00859422	0.00797866	0.00788992	0.00813883	0.00767027	0.00822612	0.00876796	0.00816449	0.00693609	0.00811849	0.00366289	0.00779627	0.00857294	0.00812915	0.00680917	0.0109383	0.00899542	0.00890736	0.0080625	0.00458406	0.00853442	0.00661778	0.00781195	0.00861227	0.00770757	0.00804037	0.00791183	0.00784104	0.008788	0.00832351	0.00900411	0.00559837	0.00855161	0.00611019	0.00796044	0.00761512	0.00924706	0.00722238	0.00714831	0.00875209	0.00780122	0.0100502	0.0108729	0.00742894	0.0077796	0.00416713	0.00832667	0.00675745	0.00874872	0.00865423	0.00698009	0.00796453	0.00998779	0.00700834	0.00757638	0.00928561	0.00862123	0.00887126	0.0082002	0.00855033
PENTOSE-P-PWY: pentose phosphate pathway	0.00492754	0.00422172	0.00286542	0.0040755	0.00344352	0.003335	0.00230072	0.00149885	0.00392489	0.00259462	0.00548725	0.00376825	0.00120686	0.00407741	0.00522088	0.00307894	0.00400756	0.00305686	0.00325503	0.00107447	0.0038347	0.00300476	0.00321674	0.00317251	0.00493381	0.00335194	0.00465387	0.00397862	0.00611308	0.00277083	0.00274595	0.00404241	0.00156582	0.00438597	0.00433082	0.00374271	0.00342767	0.00405782	0.00313808	0.00281504	0.0046691	0.00403605	0.00440291	0.00309775	0.00225492	0.00365475	0.0037349699999999	0.00285916	0.00441413	0.00370713	0.00452041	0.00306659	0.00250889	0.00312804	0.00393855	0.00434975	0.00322521	0.00274719	0.00471019	0.00187891	0.00214585	0.00147412	0.00228263	0.00250948	0.0033944	0.00244083	0.00307936	0.00222383	0.00489811	0.00382777	0.00412245	0.002369	0.000541521	0.00155314	0.00240266	0.0024508	0.00217955	0.00233235	0.00371699	0.00253784	0.00160443	0.00403226	0.00194872	0.0021866	0.00162026	0.0028784	0.00507129	0.00491518	0.0030083	0.00360275	0.00181296	0.00346447	0.00410022	0.00408431	0.00312141	0.00256585	0.00531475	0.00349535	0.00142822	0.00361123	0.00387603	0.0040692	0.00414372	0.00178349	0.00370201	0.00288347	0.00370418	0.00115491	0.00325322	0.00357544	0.00368495	0.00306407	0.00389833	0.00141868	0.00116914	0.00270147	0.00552057	0.00261107	0.00263501	0.00446472	0.0033276	0.0034707	0.00334339	0.00377027	0.00220798
PEPTIDOGLYCANSYN-PWY: peptidoglycan biosynthesis I (meso-diaminopimelate containing)	0.0104406	0.0114355	0.0116815	0.010565	0.0122218	0.010558	0.0135041	0.0113383	0.0114194	0.0133932	0.010074	0.0113255	0.0132207	0.0111464	0.00960882	0.0131661	0.0125785	0.0123776	0.0120038	0.0136164	0.0100048	0.0115918	0.0121248	0.0105518	0.0102547	0.0105057	0.0111417	0.0082956	0.0101423	0.0112203	0.012849	0.00951361	0.0123988	0.0103575	0.0104145	0.0115974	0.0112948	0.00999668	0.0130578	0.0127544	0.0100433	0.00982	0.0104455	0.0113736	0.0134369	0.00693253	0.0102325	0.0106317	0.0102843	0.00994838	0.00950697	0.0138668	0.0158141	0.0113236	0.00699671	0.0111491	0.0135609	0.0133118	0.00953897	0.0144745	0.014093	0.0112011	0.0119842	0.0117138	0.00869559	0.0109126	0.0115158	0.0131657	0.00940147	0.0101083	0.0108474	0.0115606	0.0127131	0.011262	0.0113445	0.0111561	0.0139873	0.010694	0.0108555	0.0106977	0.014142	0.0106051	0.0131829	0.0133634	0.0154779	0.0111945	0.010382	0.00912885	0.0127541	0.0106373	0.0118499	0.0108338	0.0106553	0.0114252	0.00987979	0.0133744	0.0090476	0.0111726	0.0127689	0.0106727	0.0107716	0.0110841	0.0103641	0.0162056	0.0106931	0.00997374	0.0102307	0.0144015	0.0116689	0.00995253	0.00613173	0.0108787	0.00999786	0.0152681	0.0141743	0.0113512	0.00932282	0.0118443	0.0145697	0.0114657	0.0105877	0.0122281	0.0100544	0.0105961	0.0125215
PHOSLIPSYN-PWY: superpathway of phospholipid biosynthesis I (bacteria)	0.0049446	0.00402311	0.00230734	0.00461779	0.00290878	0.00317439	0.00392798	0.00186676	0.00311837	0.00238011	0.00452907	0.00327022	0.00370306	0.00405658	0.00590763	0.00281834	0.000946937	0.00234939	0.00320807	0.00788055	0.00438661	0.00376632	0.00448785	0.00315626	0.00447577	0.00351635	0.00448849	0.00440639	0.0054653	0.00394022	0.0014262	0.00381995	0.00391101	0.00427164	0.0047523	0.00294658	0.00314065	0.00619624	0.00435205	0.0036331	0.0035061	0.00295793	0.00326474	0.00320064	0.00152095	0.00435754	0.00403063	0.0032055	0.0052018	0.00613081	0.00524206	0.00329311	0.0026241	0.00184882	0.00549594	0.00413211	0.00305614	0.00317583	0.00275739	0.00495586	0.00797562	0.00423144	0.00432551	0.00614946	0.00465931	0.00270833	0.0023881	0.00213001	0.00567443	0.00324238	0.00383846	0.00192994	0.00180829	0.00673058	0.00242686	0.0090304	0.00254787	0.00301653	0.00445803	0.00419882	0.00177984	0.00481895	0.00621643	0.00280402	0.00139007	0.00331888	0.0034291	0.00574575	0.00346589	0.00450881	0.00613237	0.00321039	0.00475336	0.00421073	0.00196701	0.00253821	0.00407967	0.00313348	0.0050531	0.00649339	0.00389952	0.00166737	0.00179326	0.00164761	0.00353508	0.00355721	0.00554436	0.00170727	0.00184768	0.00424938	0.00465395	0.00334727	0.00348553	0.00130763	0.00548397	0.002569	0.00293439	0.00319246	0.00284131	0.00344286	0.00293519	0.00419801	0.00305696	0.00425152	0.00184473
PHOTOALL-PWY: oxygenic photosynthesis	0.0	0.0	0.0	0.0	0.0	0.0	0.0	0.0	4.81542e-06	0.0	0.0	0.0	0.0	0.0	0.0	0.0	0.0	0.0	0.0	0.0	0.0	0.0	0.0	0.0	0.0	0.0	0.0	0.0	0.0	0.0	0.0	0.0	0.0	0.0	0.0	0.0	0.0	0.0	1.78889e-06	0.0	0.0	0.0	0.0	0.0	0.0	0.0	0.0	0.0	0.0	0.0	0.0	0.0	0.0	0.0	0.0	0.0	0.0	0.0	0.0	0.0	0.0	0.0	0.0	0.0	0.0	0.0	0.0	0.0	0.0	0.0	0.0	0.0	0.0	0.0	0.0	0.0	0.0	0.0	0.0	0.0	0.0	0.0	0.0	0.0	0.0	0.0	0.0	0.0	0.0	0.0	7.78295e-06	0.0	0.0	0.0	0.0	0.0	0.0	0.0	2.02824e-06	0.0	0.0	0.0	0.0	0.0	0.0	0.0	0.0	0.0	0.0	0.0	0.0	0.0	0.0	0.0	0.0	0.0	0.0	0.0	0.0	0.0	0.0	0.0	0.0	0.0	0.0
POLYAMINSYN3-PWY: superpathway of polyamine biosynthesis II	0.000378208	0.0	3.88383e-05	0.000930259	0.000217649	0.000309631	0.000104414	0.000901307	8.64008e-05	0.0	0.0	1.82427e-05	0.000124965	0.000485936	4.38777e-05	0.000362257	7.84928e-05	0.00110872	0.000159593	0.000766039	0.000806072	0.0	0.000126646	0.00111315	0.000124844	0.0010007	2.12591e-05	0.0007043	3.89001e-05	0.000569293	0.000720364	0.00092077	5.42462e-05	0.000553309	0.000552529	8.48782e-05	0.000142686	0.000139152	2.50022e-05	3.00713e-05	0.000105354	7.05486e-05	9.28019e-05	0.000108022	0.000322008	0.000988514	4.0452e-05	0.000337526	0.0	0.000193933	0.000277098	0.000300637	0.0	0.0	0.00083224	0.00012743	0.000334737	0.0	0.0	0.000855136	0.000231406	0.000127576	0.000649462	0.000770642	0.00124739	0.00053898	0.00010572	0.000945125	0.00034551	0.0	5.88263e-05	0.000363524	0.000129155	0.000986831	0.000686784	0.000180897	0.000408392	0.00040712	0.000552737	0.000343501	0.000101433	0.000274608	2.62659e-05	0.000227989	0.0	4.78708e-05	0.0	0.000494404	7.65103e-05	0.000496597	0.000251015	0.0	0.0	8.40483e-05	1.58234e-05	0.0	0.000426474	0.000173452	0.000588677	0.000700846	0.0	0.000140113	0.0	0.000598501	0.0	0.00010209	0.0	0.000189139	0.000108573	0.0	0.000723531	8.4329e-05	4.76866e-05	0.00015209	0.000275733	3.63464e-05	0.000143753	0.000136834	9.32556e-05	0.000671228	0.000505183	4.56693e-05	0.000536533	0.0	0.000165762
POLYAMSYN-PWY: superpathway of polyamine biosynthesis I	0.000868633	0.00118171	0.000676617	0.00100335	0.00113799	0.00188684	0.000107642	0.00109662	0.000417517	0.000765023	0.000902262	0.000396715	0.00084274	0.000810514	0.00130666	0.000827952	0.000108321	0.00150747	0.000533019	0.000790815	0.00140042	0.000160569	0.000599237	0.00149926	0.00114978	0.00116428	0.000721684	0.00170926	0.00044631	0.00146969	0.00108204	0.00112778	0.000260988	0.000710031	0.00120929	0.000303678	0.00162447	0.000325893	0.000321921	0.00040577	0.000776784	0.000672183	0.000551538	0.000564388	0.00042557	0.0020417	0.00119982	0.00101071	0.000611454	0.000342573	0.00112532	0.0005221	0.000726943	0.00137592	0.0024965	0.00123659	0.000744339	0.000858233	0.000683139	0.00126499	0.00041058	0.0018179	0.000946738	0.00116067	0.00206459	0.00102819	0.000343744	0.000981578	0.00131687	0.00073833	0.000709934	0.00108201	0.000934618	0.00152189	0.000666968	0.000739074	0.000443076	0.0013928	0.00158534	0.00136145	0.000289794	0.000905435	0.000521048	0.000729008	9.50169e-05	0.000324516	0.000753436	0.0016468	0.000250367	0.000706708	0.000974875	0.00175414	0.00060253	0.000474254	0.000641781	0.000356449	0.00106501	0.00055271	0.00131026	0.000696273	0.0025478	0.000756507	0.000143437	0.0010243	0.000701541	0.00152555	0.000581065	0.00043344	0.000878117	0.000954155	0.00318547	0.000880421	0.000828205	0.000701621	0.00104567	0.00117232	0.00151818	0.00053704	0.000295397	0.0011373	0.00106411	0.000553498	0.000517214	0.00147888	0.000553022
POLYISOPRENSYN-PWY: polyisoprenoid biosynthesis (E. coli)	0.00152659	0.00164564	0.00144877	0.00218125	0.00130298	0.00137121	0.00116307	0.000928267	0.00123204	0.00101886	0.00281695	0.00143036	0.000632237	0.00130211	0.00304776	0.000548479	0.00200946	0.000781668	0.00118206	0.000805394	0.00155159	0.000924831	0.00124737	0.00161766	0.00205685	0.00122447	0.00214017	0.00245603	0.00257957	0.00100735	0.00102465	0.00232852	0.000561868	0.0025784	0.00187056	0.00143924	0.00150911	0.00240543	0.00120444	0.000735906	0.00286691	0.00166823	0.00223807	0.00110417	0.000468165	0.00191942	0.00186382	0.00156024	0.00189527	0.00204748	0.00186894	0.00078184	0.000692576	0.00185294	0.00185156	0.00152224	0.00119628	0.000912733	0.00341951	0.000943878	0.000122993	0.000630683	0.0011482	0.000683475	0.00196903	0.00146074	0.00105537	0.000782697	0.00200605	0.00173402	0.00137207	0.00091971	0.000153003	0.00101356	0.00161113	0.00157323	0.000382627	0.00139893	0.00127499	0.00125391	0.00108985	0.00162863	0.000782252	0.000864412	0.000525504	0.00172364	0.000856747	0.00239123	0.00134936	0.00149997	0.000939475	0.00191542	0.00113281	0.00154315	0.00136761	0.000902316	0.00183912	0.0014206	0.000668799	0.00177506	0.000747578	0.00237598	0.00111648	0.000521499	0.0020475	0.00209046	0.000539176	0.000361089	0.00147619	0.00240129	0.00224943	0.00148716	0.0020515	0.000368107	0.000450439	0.00153074	0.00140276	0.000837347	0.000636393	0.000966144	0.001856	0.000570392	0.0026215	0.00178708	0.00127612
PPGPPMET-PWY: ppGpp metabolism	0.00283984	0.000418325	0.000745311	0.000326585	0.000200903	0.000776355	0.000515441	0.000521948	0.000355456	0.00073924	6.6179e-05	0.000170083	0.000611259	0.000812056	0.000663009	0.000490377	0.000319156	0.000493449	0.000338872	0.00032403	0.00128142	0.000917482	0.000209796	0.00041338	0.00032973	0.00141517	0.000147772	0.000403661	0.000265934	0.000250162	0.000211729	0.000554759	0.000297634	0.000109462	0.0003701	0.000153668	0.000136485	0.000179481	0.000711635	9.28196e-05	0.000282729	0.000731401	0.000351945	0.000214438	0.000122447	0.000420659	0.000771082	0.000444238	0.000398612	0.00036748	0.00375666	0.000238941	7.55435e-05	0.000407106	0.000598006	0.000198742	0.000635569	0.000344697	0.00101888	0.000278096	0.000629902	0.00139254	0.000773952	0.00075293	0.000438108	0.000269443	0.000141318	0.000725191	0.000440879	0.000615818	0.000195776	0.000132111	0.000551491	0.000418452	0.000489922	0.00078022	0.00102753	0.00058399	0.000571928	0.000524749	0.00070816	0.000245195	0.000184703	0.000202732	0.0	0.000555729	0.000446565	0.000572473	0.00028306	0.000565712	0.000183565	0.000207049	0.000347554	0.00023355	0.000734477	0.000228837	0.000344071	0.000362189	0.000445078	0.00055109	0.0	0.00444208	0.000255726	0.000198103	0.000404069	0.000544355	3.94821e-05	0.000507816	0.000234879	0.000314452	0.000521392	0.000331138	0.000725772	0.000154725	0.000215604	0.000498839	0.000161252	0.00021574	0.000258479	0.0022828	0.000499768	0.000530967	0.000939086	0.000302041	0.000602386
PROPFERM-PWY: superpathway of L-alanine fermentation (Stickland reaction)	0.000247841	0.0	3.8865e-05	0.000204769	0.0	4.40607e-05	9.00382e-05	0.0	6.33918e-05	3.45555e-05	3.52018e-05	0.0	9.21056e-05	0.000236587	4.23242e-05	7.32818e-05	0.000239259	7.78179e-05	0.0	0.0	0.000206837	9.12921e-05	9.70551e-05	0.0	2.81614e-05	3.55054e-05	7.23298e-05	0.0	9.7173e-05	0.0	0.0	4.3869e-05	7.40934e-05	0.000116952	6.08835e-05	7.10747e-05	2.75189e-05	0.0	0.000101186	2.08101e-05	4.52172e-05	7.03912e-05	0.000145493	6.52113e-05	0.0	0.0	0.0	0.0	0.000103088	0.0	0.000226317	0.000153217	0.0	8.87927e-05	2.60417e-05	7.19202e-05	0.0	0.000114282	0.0	0.00012099	0.0	0.0	9.79287e-05	0.0	0.0	0.0	0.0	3.81847e-05	5.47491e-05	5.56737e-05	0.0	0.0	0.0	0.0	0.0	0.000131151	0.0	0.0	4.30193e-05	3.03396e-05	0.0	0.0	4.53473e-05	0.0	0.0	4.91092e-05	0.000206335	4.52445e-05	3.58132e-05	0.0	0.0	0.0	0.0	0.000180641	0.0	4.03579e-05	0.00014717	0.0	7.65425e-05	0.000211697	0.000118989	0.00016906	6.07711e-05	0.0	0.000170209	0.0	0.0	0.0	0.0	0.0	0.0	0.0	0.0	0.0	3.69137e-05	0.0	0.0	0.0	4.13015e-05	4.31294e-05	0.0	9.33631e-05	0.0	8.3998e-05	4.44692e-05
PROTOCATECHUATE-ORTHO-CLEAVAGE-PWY: protocatechuate degradation II (ortho-cleavage pathway)	0.0	0.0	0.0	0.0	0.0	2.03401e-05	0.0	0.0	0.0	0.0	0.0	0.0	0.0	0.0	0.0	0.0	0.0	0.0	0.0	0.0	9.55351e-06	0.0	0.0	2.96976e-05	0.0	0.0	1.34499e-05	0.0	0.0	2.41307e-05	0.0	0.000101858	1.76762e-05	0.0	0.0	0.0	4.73266e-05	2.04627e-05	6.73595e-06	0.0	0.0	0.0	4.70025e-05	0.0	0.000120347	5.32508e-05	7.53748e-06	0.0	0.0	3.63288e-05	2.80194e-05	0.0	8.19204e-05	0.0	0.0	1.74591e-05	0.0	0.0	0.0	0.0	0.0	0.0	2.93001e-05	0.000178074	0.0	9.74536e-06	1.6117e-05	0.0	0.0	0.0	0.0	0.0	6.70889e-05	2.64282e-05	2.00115e-05	0.0	0.0	1.46063e-05	0.0	0.0	0.0	9.54108e-06	0.0	0.0	0.0	0.0	1.53023e-05	0.0	2.16098e-05	0.0	7.67906e-05	2.11045e-05	0.0	0.0	1.24329e-05	0.0	0.0	0.0	2.57897e-05	0.0	0.0	1.66149e-05	0.0	0.0	0.0	0.0	0.0	3.48239e-05	2.66046e-05	0.0	0.000331602	2.50471e-05	1.66474e-05	0.0	0.0	0.0	0.0	0.0	0.0	0.0	0.0	0.0	6.28289e-05	0.0	0.0
PRPP-PWY: superpathway of histidine, purine, and pyrimidine biosynthesis	0.0	0.0	0.0	0.000541276	0.0	0.000182232	0.0	0.000130933	0.0	0.0	0.0	0.0	0.0	0.0	0.0	0.0	0.0	0.0	0.0	0.0	0.000424907	0.0	0.000227956	0.00115601	0.0	0.000746458	0.0	0.000889516	0.0	0.0	0.0	0.000568975	0.0	0.000195139	0.0	0.0	0.0	0.00018308	0.0	0.0	0.0	0.0	0.0	0.0	0.000308494	0.00199901	0.0	0.000220312	0.0	0.000207589	0.000421727	0.0	0.0	0.0	0.00170275	0.0	0.000173064	0.0	0.0	0.0	0.0	0.0	0.0	0.000321369	0.00122274	0.000293534	0.0	0.0	0.000168834	0.0	0.0	0.0	0.0	0.000923592	0.0	0.000533461	0.0	0.0	0.000334826	0.000934661	0.0	0.0	0.0	0.0	0.0	0.0	0.0	0.000189935	0.0	0.000176442	0.0	0.0	0.0	0.0	0.0	0.0	0.000763063	0.0	0.0	0.0	0.0	0.0	0.0	0.0	0.0	0.0	0.0	0.0	0.0	0.0	0.00194794	0.0	0.0	0.0	0.0	0.0	0.00102626	0.0001302	0.0	0.000400955	0.0	0.0	9.97651e-05	0.0	0.000143221
PWY-101: photosynthesis light reactions	0.0	0.0	0.0	0.0	0.0	0.0	0.0	0.0	2.29205e-05	0.0	0.0	0.0	0.0	0.0	0.0	0.0	0.0	0.0	0.0	0.0	0.0	0.0	0.0	0.0	0.0	0.0	0.0	0.0	0.0	0.0	0.0	0.0	1.77101e-05	0.0	0.0	0.0	0.0	0.0	9.56264e-06	0.0	0.0	0.0	0.0	0.0	0.0	0.0	0.0	0.0	3.44873e-06	0.0	0.0	0.0	0.0	0.0	0.0	1.78971e-05	0.0	0.0	0.0	0.0	0.0	2.28553e-05	0.0	0.0	0.0	0.0	0.0	0.0	0.0	0.0	0.0	0.0	0.0	0.0	8.17543e-06	0.0	0.0	0.0	0.0	0.0	0.0	0.0	0.0	0.0	0.0	0.0	0.0	0.0	5.4317e-06	0.0	4.59886e-05	0.0	0.0	0.0	0.0	4.05343e-06	0.0	0.0	2.92124e-05	0.0	0.0	0.0	0.0	0.0	0.0	0.0	0.0	0.0	1.4077e-06	0.0	0.0	0.0	0.0	0.0	0.0	0.0	0.0	0.0	0.0	0.0	0.0	0.0	0.0	0.0	0.0
PWY-1042: glycolysis IV	0.0108997	0.0134006	0.0127713	0.0121196	0.0107285	0.0124499	0.0122514	0.0141372	0.0106968	0.0134666	0.0117743	0.0123538	0.0151398	0.0118869	0.0117189	0.0131459	0.0133176	0.0119844	0.012923	0.0153391	0.0111986	0.0129968	0.0134632	0.0116236	0.0105498	0.0103729	0.0117864	0.01022	0.011121	0.0125293	0.012941	0.0107527	0.0144956	0.0123473	0.0117815	0.0141041	0.012814	0.0100348	0.0157071	0.0123875	0.0132034	0.0131997	0.0116966	0.0131621	0.0125838	0.00796201	0.013127	0.0130106	0.0118936	0.0097405	0.0109543	0.0131343	0.0111816	0.0137846	0.00838526	0.0128157	0.0128127	0.0132314	0.0131937	0.0159236	0.0213554	0.0138444	0.01482	0.0160496	0.00979512	0.0135061	0.0128513	0.0137545	0.0108584	0.0130932	0.0133012	0.0133496	0.0162021	0.0162262	0.0126296	0.0128853	0.0145548	0.0133568	0.0114362	0.0110928	0.0165557	0.0129062	0.0169174	0.0130871	0.0135069	0.0128352	0.0116321	0.0115651	0.013381	0.0117286	0.0158045	0.0121837	0.0119695	0.0118299	0.0136514	0.0132879	0.011142	0.0134587	0.0166135	0.0143401	0.0120199	0.0126987	0.0122101	0.0137182	0.0133988	0.0131654	0.0061618	0.0167596	0.0129547	0.0122501	0.00754686	0.0132242	0.0125795	0.0106663	0.0142424	0.0121958	0.0095868599999999	0.0134711	0.0127444	0.0109195	0.0138703	0.0120979	0.0123656	0.0118303	0.0133613
PWY-1269: CMP-3-deoxy-D-manno-octulosonate biosynthesis	0.00250447	0.00230363	0.000881505	0.00258021	0.00100695	0.00122612	0.00140426	0.00110814	0.00252647	0.00103152	0.00328472	0.00219279	0.00229196	0.00205574	0.00285326	0.00114551	0.000934011	0.00182863	0.00143745	0.00438946	0.00219969	0.00086653	0.0018169	0.00103224	0.00249195	0.00190982	0.00209581	0.00181479	0.00433418	0.00101687	0.00140543	0.00167264	0.00158152	0.0017054	0.00154685	0.00141372	0.00126995	0.00476191	0.00525793	0.00278752	0.00218891	0.00109979	0.0018759	0.00114644	0.00155631	0.00297347	0.00183542	0.00102758	0.002819	0.00460732	0.00233304	0.00185659	0.000391941	0.000918909	0.00251075	0.00245385	0.00172437	0.00184209	0.00111411	0.00226773	0.00368476	0.00118162	0.00121433	0.00333693	0.00265774	0.0013665	0.00123549	0.000879669	0.00241989	0.00125742	0.00344074	0.000738982	0.00258857	0.00435946	0.000841986	0.000692126	0.00189901	0.00132708	0.00210885	0.00199323	0.00678836	0.00179719	0.00393461	0.00210193	0.000648796	0.00194533	0.00162553	0.00409319	0.00237844	0.00252526	0.00225993	0.00170402	0.00269046	0.00193781	0.000731002	0.00253937	0.00210455	0.00237817	0.0022973	0.00269738	0.00240453	0.000841768	0.0013947	0.00167448	0.00173227	0.00117561	0.00773751	0.00611596	0.00111335	0.00186108	0.00252127	0.00115396	0.000761083	0.000555454	0.00227646	0.00181355	0.00233046	0.00128677	0.00174732	0.00265552	0.00129401	0.00285723	0.000880892	0.00164435	0.000500363
PWY-1622: formaldehyde assimilation I (serine pathway)	0.0	0.0	0.0	0.0	0.0	0.0	0.0	0.0	0.0	0.0	0.0	0.0	0.0	0.0	0.0	0.0	0.0	0.0	0.0	0.0	0.0	0.0	0.0	0.0	0.0	0.0	0.0	0.0	0.0	0.0	0.0	0.0	0.0	0.0	0.0	0.0	0.0	0.0	0.0	0.0	0.0	0.0	0.0	0.0	0.0	0.0	0.0	0.0	0.0	0.0	0.0	0.0	6.73475e-05	0.0	0.0	0.0	0.0	0.0	0.0	0.0	0.0	0.0	0.0	0.0	0.0	0.0	0.0	0.0	0.0	0.0	0.0	0.0	0.0	0.0	0.0	0.0	0.0	0.0	0.0	0.0	0.0	0.0	0.0	0.0	0.0	0.0	0.0	0.0	0.0	0.0	0.0	0.0	0.0	0.0	0.0	0.0	0.0	0.0	0.0	0.0	0.0	0.0	0.0	0.0	0.0	0.0	0.0	0.0	0.0	0.0	0.0	0.0	0.0	0.0	0.0	0.0	0.0	0.0	0.0	0.0	0.0	0.0	0.0	0.0	0.0
PWY-181: photorespiration	0.0	0.0	0.0	0.0	0.0	0.0	0.0	0.0	0.0	0.0	0.0	0.0	0.0	0.0	0.0	0.0	0.0	0.0	0.0	0.0	0.0	0.0	0.0	0.0	0.0	0.0	0.0	0.0	0.0	0.0	0.0	0.0	0.0	0.0	0.0	0.0	0.0	0.0	0.0	0.0	0.0	0.0	0.0	0.0	0.0	0.0	0.0	0.0	0.0	0.0	0.0	0.0	0.000163022	0.0	0.0	0.0	0.0	0.0	0.0	0.0	0.0	0.0	0.0	0.0	0.0	0.0	0.0	0.0	0.0	0.0	0.0	0.0	0.0	0.0	0.0	0.0	0.0	0.0	0.0	0.0	0.0	0.0	0.0	0.0	0.0	0.0	0.0	0.0	0.0	0.0	0.0	0.0	0.0	0.0	0.0	0.0	0.0	0.0	0.0	0.0	0.0	0.0	0.0	0.0	0.0	0.0	0.0	0.0	0.0	0.0	0.0	0.0	0.0	0.0	0.0	0.0	0.0	0.0	0.0	0.0	0.0	0.0	0.0	0.0	0.0
PWY-1861: formaldehyde assimilation II (assimilatory RuMP Cycle)	0.000389592	0.000126892	0.000606144	0.0010282	0.000439133	0.000250645	0.00120696	0.000280466	0.000600323	0.000491998	0.000432154	2.16396e-05	0.0003364	0.00161782	0.00131775	0.000725589	0.0011291	0.000380795	0.000110782	0.000243805	0.000195368	0.00136526	0.000341331	0.000461824	0.000131465	0.000277313	5.4458e-05	0.00101017	8.43265e-05	0.000687658	0.00123001	0.000446224	0.00031849	0.000417248	0.00146033	0.00028467	0.000334757	0.000226139	0.00150768	0.000303988	0.000368655	0.00228437	0.000271541	0.000617854	0.00193937	9.07965e-05	0.000926568	0.000760241	0.000170058	0.000335996	0.000242321	0.00130308	0.000498339	0.000579721	0.000158083	0.000349121	0.000527443	0.000843435	0.000828677	0.000664702	0.00113579	0.00075646	0.00104092	0.000617816	0.000847337	0.00024294	9.80537e-05	0.000434414	0.000617734	0.00155733	0.000209964	0.000148726	0.00127856	0.000190118	0.00091442	0.000563936	0.00168131	0.000192996	0.000997436	0.000162188	0.000349016	0.0	0.000350847	0.000309617	0.0	0.000136008	0.000400632	0.000249157	0.000185039	0.00026177	0.000230871	0.000338209	0.000323217	0.0	0.000843436	0.000267509	0.00128871	0.000167042	0.000140944	0.000341616	0.00127899	0.000604374	0.0015132	0.000373324	0.000578276	0.00177031	0.0	6.69381e-05	0.000772502	0.000634154	0.00089793	0.00114761	0.0031157	0.000284838	9.82236e-05	0.000799005	0.000442439	0.000215908	0.000475876	0.00031552	0.000289381	0.000798347	0.000243281	8.91208e-05	0.000907007
PWY-2221: Entner-Doudoroff pathway III (semi-phosphorylative)	0.0	0.0	0.0	0.0	0.0	0.0	0.0	0.0	0.0	0.0	0.0	0.0	0.0	0.0	0.0	0.0	0.0	0.0	0.0	0.0	0.0	0.0	0.0	3.46037e-05	0.0	0.0	0.0	0.0	0.0	0.0	0.0	0.0	0.0	0.0	0.0	0.0	0.0	0.0	0.0	0.0	0.0	0.0	0.0	0.0	0.0	0.0	0.0	0.0	0.0	0.0	0.0	0.0	0.0	0.0	0.0	0.0	0.0	0.0	0.0	0.0	0.0	0.0	0.0	0.0	0.0	0.0	0.0	0.0	0.0	0.0	0.0	0.0	0.0	0.0	0.0	0.0	0.0	0.0	0.0	0.0	0.0	0.0	0.0	0.0	0.0	0.0	0.0	0.0	0.0	0.0	0.0	0.0	0.0	0.0	0.0	0.0	0.0	0.0	0.0	0.0	0.0	0.0	0.0	0.0	0.0	0.0	0.0	0.0	0.0	0.0	0.0	0.0	0.0	0.0	0.0	0.0	0.0	0.0	0.0	0.0	0.0	0.0	0.0	0.0	0.0
PWY-241: C4 photosynthetic carbon assimilation cycle, NADP-ME type	0.000929918	0.000968504	8.58182e-05	0.000899953	0.000558007	0.000896784	0.00208989	0.000523857	0.000626808	5.57565e-05	0.00035316	0.00161855	0.000194427	0.00114037	6.19185e-05	0.000543779	0.000659238	0.00149279	0.000771477	0.0005995109999999	0.00167379	0.00124225	0.000497443	0.00126161	7.45975e-05	0.00140414	0.000127596	0.00197587	3.65156e-05	0.000956573	0.00178924	0.00115033	0.000451387	0.000467188	9.37775e-05	0.000282605	0.000509058	0.000297564	0.000686692	0.00105216	0.000774042	0.00218044	3.22726e-05	0.000527326	0.00203778	0.00305134	0.00136246	0.000976632	0.000198837	0.000421545	0.00192551	0.000464781	0.000634447	0.000214909	0.00280959	0.000501099	0.000897533	0.000663293	0.000969927	0.000365124	0.00187374	0.000335015	0.00129588	0.000893938	0.00228575	0.000498289	0.000653243	0.00121162	0.000508197	0.00220707	7.48298e-05	0.000632084	0.000580223	0.00152396	0.00161021	0.00142844	0.000645037	0.000450074	0.000654577	0.000955569	0.000622653	0.000671696	0.000251969	0.00118696	0.00107343	0.000630563	0.00378365	0.000482946	0.000306143	0.0010669	0.000391371	0.00028855	0.00128527	0.000602224	0.00148558	0.000710497	0.00145624	0.000996059	0.000297743	0.000336566	0.00142611	0.00132422	0.00358466	0.000365491	0.0	0.00119194	4.42068e-05	0.000432064	0.00102789	0.000618906	0.00313544	0.000994601	0.00284915	0.00105605	0.000131473	0.00181822	0.00153857	0.000586514	0.000198313	0.00206538	0.000241522	0.00183986	0.000830738	0.000458568	0.00100545
PWY-2941: L-lysine biosynthesis II	0.00308796	0.0046796	0.002907	0.00359189	0.00224132	0.0021662	0.00288908	0.00227447	0.00291762	0.00159687	0.00396928	0.00294426	0.00132758	0.00343501	0.00463381	0.00294177	0.00453441	0.00238146	0.00294651	0.00276765	0.00278102	0.00305709	0.00170605	0.00180253	0.00386655	0.00270978	0.00174293	0.00154772	0.00236553	0.00355304	0.00292795	0.00207781	0.00135324	0.00424798	0.00342719	0.00220206	0.00235213	0.00274632	0.00309255	0.00150118	0.00349348	0.00296881	0.00287264	0.00171562	0.000861766	0.000564595	0.00267122	0.00208849	0.0024012	0.00331107	0.00562433	0.00697657	0.00127142	0.00203409	0.00106408	0.00210811	0.00519994	0.00185801	0.00326382	0.00275661	0.00128168	0.00434529	0.00399009	0.0034123	0.000540921	0.0019373	0.000857041	0.00173863	0.0020302	0.00169094	0.00202155	0.000894541	0.00373716	0.00113547	0.00181181	0.00398484	0.00207941	0.00158849	0.0026082	0.00371365	0.00184278	0.00209914	0.000864507	0.00258801	0.000667161	0.0017956	0.00261303	0.00267895	0.00347078	0.00273398	0.00157451	0.00224099	0.00407269	0.00299455	0.00232022	0.00233222	0.00462712	0.0021528	0.00224767	0.00251822	0.000963511	0.00363204	0.00300155	0.00190719	0.00353752	0.00166637	0.00433233	0.0023327	0.00202585	0.00218643	0.000800518	0.00183499	0.00311953	0.00194378	0.00132406	0.00382127	0.00306485	0.00280989	0.00341296	0.0027111	0.00300342	0.0027846	0.00336115	0.00103067	0.00144376
PWY-2942: L-lysine biosynthesis III	0.00835348	0.00862671	0.00853748	0.00748923	0.00968293	0.00820205	0.0102861	0.00874864	0.00903491	0.00832893	0.00751112	0.00831097	0.00970192	0.00867363	0.00837118	0.00969668	0.00837917	0.00888123	0.00923397	0.00968025	0.00799188	0.00766488	0.00862997	0.00828537	0.00817772	0.00786694	0.00841398	0.0068628	0.00948032	0.00920509	0.00794782	0.0082672	0.00959526	0.0085134	0.00887007	0.00771856	0.00818531	0.0093849	0.0112088	0.00838165	0.00844072	0.00911868	0.00823069	0.00838172	0.00641943	0.0051889	0.00724325	0.00835867	0.00826607	0.00916422	0.00737067	0.00911595	0.00784542	0.00938061	0.00553199	0.00899645	0.00917626	0.00844463	0.0080159	0.00892337	0.0100953	0.010446	0.00800409	0.00880666	0.00699045	0.00832806	0.00676502	0.0101148	0.00851946	0.00842925	0.00808099	0.00900394	0.0091944	0.0076068	0.00940347	0.0108245	0.00879929	0.00753171	0.00914242	0.00699865	0.0110301	0.00819307	0.00927043	0.00692773	0.00557383	0.00799102	0.00837191	0.00856143	0.00822627	0.00817651	0.00949218	0.00867804	0.00804846	0.0085654	0.00696185	0.00895856	0.00705343	0.00835855	0.00879497	0.00841606	0.00843701	0.00834314	0.00944317	0.00938416	0.00943625	0.00750275	0.0104423	0.0114981	0.00935166	0.00861203	0.00519387	0.00813598	0.00785953	0.00954918	0.00807636	0.00811543	0.00970217	0.00770226	0.00694502	0.00690754	0.00728657	0.0100279	0.00705117	0.00728618	0.00787215
PWY-3001: superpathway of L-isoleucine biosynthesis I	0.00632676	0.00646702	0.00687689	0.00547964	0.00662057	0.00682007	0.00706771	0.00667324	0.00728535	0.00628117	0.00711239	0.00724703	0.00724502	0.00690319	0.00648977	0.00630242	0.00721776	0.00634574	0.00644758	0.00747447	0.00647254	0.00666031	0.00646608	0.00622018	0.00653046	0.00586089	0.00686194	0.00530929	0.00523997	0.00572125	0.00654393	0.00617974	0.00729196	0.00600481	0.00684841	0.0076668	0.00684589	0.00646246	0.00671369	0.00578185	0.00724797	0.00730698	0.0069041	0.00715059	0.00545214	0.00504872	0.00709828	0.00586824	0.00676189	0.00719188	0.00635169	0.00581719	0.00726375	0.00611547	0.00530293	0.00763514	0.005484	0.00633663	0.00718848	0.00756217	0.00778943	0.00737918	0.0074646	0.00701625	0.00558983	0.00566741	0.0061995	0.00606286	0.00654209	0.00663096	0.00647034	0.00617234	0.0074915	0.00609974	0.00558262	0.00693778	0.00661746	0.00726795	0.00637076	0.00681705	0.0071729	0.00673405	0.00686702	0.00609345	0.00513136	0.00633591	0.00734882	0.00617764	0.00674244	0.00677083	0.00660675	0.00696951	0.00674016	0.00692596	0.00754795	0.00623432	0.0072873	0.00661101	0.00699151	0.00660156	0.0062501	0.00621828	0.009775	0.00721575	0.00689087	0.00663102	0.00520195	0.00687196	0.00602013	0.00625377	0.00492746	0.00656821	0.00687296	0.00545286	0.00686203	0.00662412	0.00701356	0.00632476	0.0071202	0.00634978	0.00740644	0.0061834	0.00678568	0.00584995	0.00623169
PWY-3781: aerobic respiration I (cytochrome c)	0.0	0.0	0.0	0.0	0.0	0.0	0.0	0.0	0.0	0.0	0.0	0.0	0.0	0.0	0.0	0.0	0.0	0.0	0.0	2.82739e-05	0.0	0.0	0.0	0.0	0.0	0.0	0.0	0.0	0.0	0.0	0.0	0.0	0.0	0.0	0.0	0.0	0.0	0.0	0.0	0.0	0.0	0.0	0.0	0.0	0.0	0.0	0.0	0.0	1.04715e-05	0.0	0.0	1.26833e-05	0.0	0.0	0.0	0.0	0.0	0.0	0.0	0.0	0.0	0.0	0.0	0.0	0.0	0.0	0.0	1.31456e-05	4.50772e-05	0.0	0.0	0.0	0.0	0.0	0.0	0.0	0.0	0.0	0.0	0.0	0.0	0.0	0.0	0.0	0.0	0.0	0.0	0.0	0.0	0.0	0.0	0.0	0.0	0.0	0.0	0.0	0.0	5.84011e-06	1.36076e-05	0.0	0.0	0.0	0.0	0.0	0.0	0.0	0.0	6.68273e-05	0.0	0.0	0.0	0.0	0.0	0.0	0.0	0.0	0.0	1.41123e-05	0.0	0.0	0.0	0.0	0.0	0.0	0.0
PWY-3801: sucrose degradation II (sucrose synthase)	0.0	0.0	0.0	0.0	0.0	0.0	0.0	0.0	0.0	0.0	0.0	0.0	0.0	0.0	0.0	0.0	0.0	0.0	0.0	0.0	0.0	0.0	0.0	0.0	0.0	0.0	0.0	0.0	0.0	0.0	0.0	0.000121905	0.0	0.0	0.0	0.0	0.0	0.0	0.0	0.0	0.0	0.0	0.0	0.0	7.62697e-05	0.0	0.0	0.0	0.0	0.0	0.0	0.0	0.0	0.0	0.0	0.0	0.0	0.0	0.0	0.0	0.0	0.0	0.0	0.000277381	0.0	0.0	0.0	0.0	0.0	0.0	0.0	0.0	2.14965e-05	0.0	0.0	0.0	0.0	0.0	0.0	0.0	0.0	0.0	0.000105263	0.0	0.0	0.0	0.0	0.0	0.0	0.0	0.0	0.0	0.0	0.0	0.0	0.0	0.0	0.0	0.0	0.0	0.0	0.0	0.0	0.0	0.0	0.0	0.0	0.0	0.0	0.0	0.00022978	0.0	0.0	0.0	0.0	0.0	0.0	0.000131307	0.0	0.0	0.0	0.0	0.0	0.0	0.0
PWY-3841: folate transformations II (plants)	0.0100151	0.0110995	0.0110473	0.00959893	0.0112809	0.0103342	0.0139753	0.0111732	0.0105025	0.0123839	0.00949004	0.0100884	0.0109743	0.00966503	0.00891299	0.012261	0.01115	0.011204	0.0108694	0.0113199	0.0102069	0.00988518	0.0104588	0.00973184	0.0103213	0.00940314	0.0105367	0.007417	0.0101991	0.0110803	0.0124489	0.00878878	0.0113663	0.010683	0.00970679	0.0106644	0.0103198	0.0104575	0.00966842	0.0118837	0.00965668	0.00954118	0.00937256	0.0102651	0.0102683	0.00600274	0.00923885	0.0101819	0.010381	0.0107537	0.00961238	0.0163779	0.0142218	0.0117981	0.0064462	0.0114083	0.0142531	0.0125421	0.00936739	0.0138378	0.012686	0.0123904	0.0105376	0.0108925	0.00761022	0.0111307	0.00992974	0.0119191	0.0099684	0.00959647	0.0110983	0.0114169	0.0118788	0.0105573	0.0108142	0.00929822	0.0151569	0.0103518	0.0117039	0.00923861	0.013017	0.0102866	0.0120773	0.0118445	0.0102001	0.00998245	0.00992406	0.00947069	0.0124632	0.00997362	0.0118743	0.0111906	0.00995377	0.0105223	0.00947901	0.0118503	0.00892553	0.0103298	0.012675	0.0103639	0.010334	0.0107746	0.0112516	0.0190839	0.0109405	0.0097025	0.0134651	0.0117598	0.010856	0.0100377	0.0054154	0.0100643	0.00880827	0.0136936	0.0129352	0.0108067	0.00951444	0.0106368	0.0109459	0.0109606	0.0102604	0.0119183	0.00998808	0.009753	0.0114403
PWY-4041: &gamma;-glutamyl cycle	0.000745506	0.00104761	0.00119131	0.0020899	0.000809785	0.000878622	0.00131151	0.000981366	0.00116141	0.000930247	0.00242421	0.000996367	0.000567759	0.00134477	8.96757e-05	0.000758144	0.00109698	0.00116825	0.000992311	0.000692255	0.00155752	0.00130263	0.00196363	0.00104185	0.000343777	0.00135533	0.000352224	0.00157844	0.000240338	0.00123425	0.00139763	0.00140902	0.000815131	0.000384596	0.00200552	0.00221619	0.00149131	0.00269555	0.000960865	0.0015948	0.00172571	0.00220313	0.000631088	0.000791101	0.00131259	0.00272918	0.00124464	0.00124557	0.000628516	0.00260088	0.00109061	0.000663547	0.00114582	0.000952444	0.00251134	0.00115479	0.0010846	0.000649652	0.00133004	0.000919475	0.000979612	0.00078996	0.0011934	0.000886568	0.00194847	0.000782526	0.000952316	0.00153428	0.000567653	0.00139902	0.00216651	0.000726169	0.00110564	0.00112697	0.00143407	0.00171079	0.00134185	0.000951886	0.000993569	0.00137347	0.00111718	0.00111384	0.000622368	0.00125957	0.000735957	0.00049616	0.00194999	0.00107465	0.0012546	0.00124303	0.000413343	0.00108222	0.001435	0.00104645	0.0016168	0.00118635	0.00162772	0.00127997	0.00056451	0.000583577	0.00127204	0.0011193	0.00206883	0.000826945	0.000735067	0.0018357	4.77946e-05	0.00073143	0.00105412	0.00175896	0.00318445	0.00115085	0.00227399	0.000519476	0.000585487	0.00181436	0.00180296	0.000687253	0.000535469	0.00182403	0.000628117	0.00108573	0.00219884	0.000516305	0.00061111
PWY-4361: S-methyl-5-thio-&alpha;-D-ribose 1-phosphate degradation I	0.0	0.0	0.0	0.0	0.0	0.0	0.0	0.0	0.0	0.0	0.0	0.0	0.0	0.0	0.0	0.0	0.0	0.0	0.0	0.0	0.0	0.0	0.0	0.0	0.0	0.0	0.0	0.0	0.0	0.0	0.0	0.0	0.0	0.0	0.0	0.0	0.0	0.0	0.0	0.0	0.0	0.0	0.0	0.0	0.0	0.0	0.0	0.0	0.0	0.0	0.0	0.0	0.0	0.0	0.0	0.0	0.0	0.0	0.0	0.0	0.0	0.0	0.0	0.0	0.0	0.0	0.0	0.0	0.0	0.0	0.0	0.0	0.0	1.47013e-05	0.0	0.0	0.0	0.0	0.0	0.0	0.0	0.0	0.0	0.0	0.0	0.0	0.0	0.0	0.0	0.0	0.0	0.0	0.0	0.0	0.0	0.0	0.0	0.0	0.0	0.0	0.0	0.0	0.0	0.0	0.0	0.0	0.0	0.0	0.0	0.0	0.0	0.0	0.0	0.0	0.0	0.0	0.0	0.0	0.0	0.0	0.0	0.0	0.0	0.0	0.0
PWY-4984: urea cycle	0.00428112	0.00296125	0.00285938	0.00333845	0.0021374	0.00234193	0.000989574	0.00176498	0.00249278	0.00174099	0.00470077	0.00119022	0.000505858	0.00323971	0.00347305	0.00246642	0.00347807	0.00257866	0.00311916	0.00117091	0.0040286	0.00196481	0.00274795	0.00399886	0.00360012	0.00255469	0.00303713	0.00367887	0.0059439	0.00251832	0.00115279	0.00335917	0.00134581	0.00404826	0.005005	0.00454044	0.00374575	0.00629529	0.00259303	0.00194585	0.00515354	0.00223517	0.00384937	0.00214878	0.000581404	0.00107227	0.00240587	0.00176172	0.00211744	0.00647531	0.00194306	0.001635	0.00197226	0.00200684	0.000821575	0.00216985	0.00204577	0.00358167	0.00602516	0.000960279	0.000385847	0.00176986	0.00196405	0.00140597	0.00233053	0.00164318	0.00181954	0.00157124	0.00240214	0.00365702	0.000596741	0.000652358	0.000103275	0.00126478	0.000784668	0.000806976	0.00165357	0.00216832	0.00170329	0.00228657	0.00135511	0.00500156	0.00130378	0.00103382	0.000297103	0.003106	0.00387273	0.00327631	0.00241806	0.00294	0.00129294	0.00300238	0.00106226	0.00384769	0.00152944	0.00155049	0.00350397	0.00210383	0.000728143	0.00434245	0.00409314	0.00508438	0.00566932	0.000678162	0.00248997	0.00130138	0.00505833	0.000795297	0.00245737	0.00219357	0.00107847	0.00280374	0.00162662	0.000123631	0.000238416	0.0011115	0.00396442	0.00186509	0.00114873	0.00175708	0.0017765	0.00145739	0.00437097	0.00428128	0.0016126
PWY-5004: superpathway of L-citrulline metabolism	0.000203714	0.0	0.0	0.000353874	1.59457e-05	0.0	0.0	7.55587e-05	0.000291507	9.45885e-05	2.01028e-05	0.0	5.4322e-05	0.00010067	0.000104474	0.0001109	0.00011118	0.000109401	0.0	0.0	0.000170491	0.0	8.64397e-05	5.64321e-05	9.60088e-05	0.000191265	0.000182753	0.000168053	0.0	3.83602e-05	0.0	0.000154995	0.000117998	3.61935e-05	0.000111363	0.000100257	0.0	0.0	0.0	0.000247957	8.18032e-06	7.81347e-05	0.0	0.0	0.000183945	0.000260596	0.0	0.000139544	0.0	0.0	0.00011086	9.94708e-05	0.000526125	0.0	0.000198153	4.93653e-05	1.23114e-05	0.000286361	0.0	0.0	0.0	0.0	0.000135063	0.000121819	0.0	8.26092e-05	0.000319065	7.24256e-05	5.14881e-05	0.0	0.0	4.79794e-05	3.44693e-05	0.000108224	0.0	0.0	0.0	0.0	3.13944e-05	1.95105e-05	0.0	0.0	0.0	5.93319e-05	0.0	5.32595e-06	9.80138e-05	0.0	0.000107613	6.00738e-05	0.0	0.0	0.000173981	0.0	0.0	0.0	8.94822e-05	3.6725e-05	6.38437e-05	0.000105377	9.59527e-05	3.09702e-05	0.0	0.0	0.000122013	0.0	0.0	0.000131282	0.0	0.0	0.00025913	2.98982e-05	4.87497e-05	0.0	0.0	0.0	1.08764e-05	0.000127256	0.0	0.000341777	0.0	3.98399e-05	3.379e-05	0.0	0.000136506
PWY-5005: biotin biosynthesis II	0.000760094	0.00118303	0.000596716	0.000215491	0.00182571	0.000288229	0.00121178	0.000439032	0.00110671	0.000404153	0.000942565	0.000579921	0.00132891	0.00036087	0.0011157	0.00011665	0.000274035	0.000401494	0.00032083	4.56932e-05	0.000549465	0.000798709	0.000292141	0.00044345	0.000495572	0.000418842	0.00046353	0.000236844	0.000101276	0.00026843	0.000916967	0.000480578	0.001284	0.0	0.000273617	0.00069428	0.000351884	0.000108336	0.000352448	0.000337803	0.000961545	0.000641802	0.000293948	0.00127803	0.000254178	0.0	0.000605833	0.00039693	0.00137017	0.00016154	0.000163311	2.68172e-05	0.000557206	0.000430561	0.000331622	0.000274163	0.000204911	0.000643597	0.00097149	0.0	0.000564899	0.000482245	2.19585e-05	0.000182428	0.000463388	0.00103817	0.000693571	0.000444756	0.000151435	0.000549113	0.000545251	4.76186e-05	0.000295179	0.000582045	0.000430556	0.000227237	0.0	0.000278632	0.00030588	0.00066114	0.000481412	5.57674e-05	0.00119616	0.00054124	0.000529276	0.000535015	0.000241961	0.000557037	0.000369162	0.000292465	0.000398029	0.000431926	0.0007292	0.00062914	0.000275883	0.000299789	0.000339269	0.00018783	0.000393336	0.000553713	0.0	0.000712023	0.000933714	3.2417e-05	0.000322552	0.000198318	0.000512832	0.000203034	0.000334743	0.0	0.0	0.000214233	0.000389422	2.84e-05	0.0	0.00104347	0.000470847	0.000494002	0.000145602	0.000159797	0.0	0.000751742	0.000800457	0.000639228	0.000566574
PWY-5022: 4-aminobutanoate degradation V	0.000566647	0.000171185	0.000296438	0.000203901	0.000635717	0.00190312	8.92449e-05	0.000591781	0.000120006	0.000609648	9.82214e-05	0.000382562	0.000331986	8.0077e-05	0.000406323	0.000257315	0.000200706	0.000462641	0.000114133	0.000285449	0.000535167	0.000209642	0.000212272	0.000992156	0.00130146	0.00128995	0.000490742	0.00112685	0.00023667	0.000975554	0.000318932	0.000677082	0.000375205	0.00090237	0.00022644	2.90714e-05	0.00116894	8.72408e-05	0.00141106	0.000639503	0.00020949	0.000257261	0.00016711	8.09312e-05	0.000246267	0.00131178	0.000153752	0.000689491	0.000143303	0.0	0.000243225	0.000472186	0.000495972	0.00102676	0.00108919	0.000146734	0.000616415	0.000505142	9.03589e-05	0.000478172	9.03641e-05	0.000894846	9.74077e-05	0.000811869	0.00146692	0.000788542	0.000245359	0.000826403	0.00110699	0.000865075	0.000232888	0.000815132	0.0	0.000694914	0.000988696	0.000403451	0.000141847	0.000304945	0.00136067	0.000598939	7.13867e-05	0.0	0.000669719	0.000401688	0.00013928	0.000230453	0.000321463	0.00140856	0.000379919	0.000527833	0.000216124	0.00114789	0.000395704	0.000322465	7.7333e-05	0.000283342	0.00040537	0.000141306	0.000676027	0.000331861	0.00143571	0.000206336	0.000218371	0.000397289	6.12193e-05	8.91292e-05	0.000104514	0.000251916	0.000675154	0.000648962	0.000700251	0.00046928	0.000401744	0.000122132	0.000327872	0.000603529	0.000580926	0.000188435	0.000365236	0.000742133	0.0	0.000427322	0.000338823	0.00100478	0.000109672
PWY-5028: L-histidine degradation II	0.0	0.0	0.0	0.0	0.0	0.0	0.0	0.0	0.0	0.0	0.0	0.0	0.0	0.0	0.0	0.0	0.0	0.0	0.0	0.0	0.0	0.0	0.0	0.0	0.0	0.0	0.0	0.0	0.0	0.0	0.0	0.0	0.0	0.0	0.0	0.0	0.0	0.0	0.0	0.0	0.0	1.52988e-05	0.0	0.0	0.0	0.0	0.0	0.0	0.0	0.0	0.0	0.0	0.0	0.0	0.0	0.0	0.0	0.0	0.0	0.0	0.0	0.0	0.0	0.0	0.0	0.0	0.0	0.0	0.0	0.0	0.0	0.0	0.0	0.0	0.0	0.0	0.0	0.0	0.0	0.0	0.0	0.0	0.0	0.0	0.0	0.0	0.0	0.0	0.0	0.0	0.0	0.0	0.0	0.0	0.0	0.0	0.0	0.0	0.0	0.0	0.0	0.0	0.0	0.0	0.0	0.0	0.0	0.0	0.0	0.0	0.0	0.0	0.0	0.0	0.0	0.0	0.0	0.0	0.0	0.0	0.0	0.0	0.0	0.0	0.0
PWY-5030: L-histidine degradation III	0.0035641	0.00286529	0.00278088	0.0027731	0.00214536	0.0026894	0.00245255	0.00109738	0.00212109	0.00236249	0.00355054	0.0026469	0.00126302	0.0024696	0.00422737	0.00176107	0.00301325	0.00144006	0.00183513	0.000921529	0.00351278	0.00161924	0.00215998	0.00215214	0.00287157	0.00330849	0.00329586	0.00246496	0.00477285	0.00179392	0.00186534	0.00238807	0.000599688	0.00457902	0.00324689	0.00348256	0.00204045	0.00618885	0.00245986	0.00252513	0.00389336	0.0020667	0.00412628	0.00264612	0.00133464	0.000782782	0.00167384	0.00163171	0.00270595	0.00607524	0.0026667	0.00424712	0.00366023	0.00182416	0.00090148	0.00412051	0.00309113	0.00298904	0.00372799	0.000930106	0.000266095	0.000524783	0.00172253	0.00135214	0.0017051	0.00218901	0.00245894	0.00164729	0.00357607	0.00175251	0.00287394	0.00130901	3.42321e-05	0.000847308	0.00104663	0.00115774	0.00119906	0.00171193	0.00380082	0.00305348	0.00133756	0.00255678	0.00115929	0.00163529	0.00120701	0.00247747	0.00160128	0.00379298	0.00198463	0.0025341	0.00110244	0.00237254	0.00265256	0.00408441	0.00107122	0.00262503	0.00221187	0.00215631	0.00084554	0.00225698	0.00214817	0.00740342	0.00410879	0.00108944	0.00248561	0.00138524	0.00825238	0.000686497	0.00142865	0.00219472	0.000741203	0.0018374	0.00106582	0.00152988	0.00126867	0.00128226	0.00398985	0.00176938	0.0036188	0.00530428	0.0018076	0.0021564	0.00274288	0.00269187	0.00160796
PWY-5088: L-glutamate degradation VIII (to propanoate)	0.0	0.0	0.0	0.0	0.0	0.0	0.0	2.4315e-05	0.0	0.0	0.0	0.0	0.0	0.0	0.0	0.0	0.0	0.0	0.0	0.0	7.78272e-05	0.0	3.44989e-05	0.0	0.0	0.000180327	0.0	0.000204479	0.0	0.0	9.27545e-06	1.10134e-05	0.0	0.0	0.0	0.0	0.0	0.0	0.0	0.0	0.0	0.0	0.0	0.0	0.0	0.0	0.0	1.43123e-05	0.0	0.0	0.0	0.0	0.0	0.0	0.0	0.0	0.0	0.0	0.0	0.0	0.0	0.0	0.0	0.0	0.0	0.0	0.0	0.0	0.0	0.0	0.0	0.0	0.0	3.32441e-05	0.0	0.0	0.0	0.0	2.28964e-05	7.23857e-06	0.0	0.0	0.0	0.0	0.0	0.0	0.0	0.0	0.0	1.16099e-05	0.0	0.0	0.0	0.0	0.0	0.0	0.0	0.0	0.0	0.0	0.0	0.0	0.0	0.0	0.0	0.0	0.0	0.0	0.0	0.0	2.39219e-05	1.15439e-05	0.0	0.0	0.0	1.26537e-05	0.0	0.0	0.0	2.8965e-05	0.0	0.0	0.0	0.0	0.0
PWY-5097: L-lysine biosynthesis VI	0.00825742	0.00943209	0.00915581	0.00819332	0.00992857	0.00895163	0.0113674999999999	0.0105684	0.00926321	0.00938863	0.00845287	0.00952768	0.0108458	0.00945271	0.00861435	0.0106616	0.00982254	0.0106114	0.0109163	0.0107021	0.00830859	0.00876184	0.00971247	0.00881898	0.00840691	0.00827398	0.00916643	0.00742295	0.00907912	0.00941602	0.00874874	0.00865458	0.0108471	0.00945496	0.0089086	0.00947692	0.0091981	0.00919259	0.0113283	0.0100274	0.008911	0.0100613	0.0091091	0.0108344	0.0105933	0.0059839	0.00832446	0.00928678	0.0090491	0.00932379	0.00638434	0.00961215	0.0100515	0.0101489	0.00594834	0.00970763	0.00953835	0.00884665	0.00868557	0.0103991	0.0113468	0.0101487	0.0101578	0.00968369	0.00726336	0.0105318	0.0107913	0.0104911	0.00903048	0.00947044	0.0095472	0.0110713	0.01209	0.00892567	0.0103494	0.0111492	0.00933569	0.00890229	0.00985978	0.00814647	0.0116673	0.00906714	0.0108794	0.0103761	0.0115414	0.0098192	0.00946917	0.00858449	0.0108151	0.00929557	0.0111427	0.00963528	0.00938578	0.00923525	0.00925692	0.00989149	0.00781213	0.00970747	0.00965855	0.00937767	0.00931211	0.00813829	0.00984648	0.0105559	0.00971047	0.00895867	0.0104015	0.0124314	0.0102222	0.0091829	0.00548478	0.00935836	0.00918201	0.011246	0.0104833	0.00877276	0.00976156	0.0100513	0.010281	0.00795231	0.0087632	0.0106737	0.00884889	0.00939745	0.0100476
PWY-5100: pyruvate fermentation to acetate and lactate II	0.00372088	0.00421234	0.00661262	0.00421929	0.00314951	0.00490679	0.00320069	0.00739584	0.00288643	0.00499453	0.00539791	0.00441121	0.00358379	0.00507445	0.00434581	0.00451587	0.00516371	0.00438524	0.00662052	0.00446642	0.00331845	0.00683832	0.00479229	0.00433912	0.00376579	0.00388456	0.00421212	0.0034102	0.00195933	0.00468673	0.00391698	0.00404448	0.00551506	0.00327952	0.00392865	0.00314057	0.00489848	0.00204222	0.00423572	0.00378734	0.00512882	0.00636412	0.00362615	0.00532893	0.00270207	0.00304511	0.00687198	0.0051316	0.0045899	0.00276029	0.0048923	0.00288332	0.00365123	0.00473978	0.00383555	0.00361559	0.00438785	0.00384975	0.00497341	0.00453927	0.00582994	0.00347298	0.00479301	0.00363321	0.00366055	0.00523457	0.00320431	0.00491389	0.00426405	0.00534746	0.00348762	0.00694593	0.00587156	0.00464451	0.00527752	0.00453339	0.00573713	0.007707	0.00361304	0.00471082	0.00483664	0.00572765	0.00429882	0.00326623	0.00260114	0.00437176	0.00576338	0.00353847	0.00392288	0.00398812	0.00508946	0.00411178	0.00488669	0.00434076	0.00785589	0.0041565	0.00435333	0.00387359	0.00395884	0.0031886	0.00361073	0.00477871	0.00508289	0.0052554	0.0040368	0.00588817	0.00259653	0.00523401	0.00665734	0.00569404	0.00359521	0.00543864	0.00661423	0.00326055	0.0046654	0.00540585	0.0017746	0.00520737	0.00331208	0.00508701	0.00638429	0.00426871	0.00533334	0.00371063	0.00619384
PWY-5101: L-isoleucine biosynthesis II	3.48635e-05	0.0	0.0	0.0	0.0	5.66729e-05	0.0	0.000131894	0.0	0.0	0.0	0.0	0.0	0.0	0.0	0.0	0.0	0.0	0.0	0.0	0.0	0.0	3.44309e-05	0.0	0.0	0.0	0.0	0.0	0.0	0.0	0.0	0.0	0.000150575	0.0	0.0	0.0	0.0	0.0	0.0	0.0	0.0	0.0	0.0	0.0	0.0	0.0	0.0	0.0	0.0	0.0	0.0	0.0	0.0	0.0	0.0	0.0	0.0	0.0	0.0	0.0	0.0	0.000504174	0.0	0.000242895	0.0	0.0	0.0	0.0	0.0	0.0	0.0	3.60327e-05	0.0	0.0	0.0	0.0	0.0	0.0	0.000431966	0.0	0.0	0.0	0.0	0.0	0.0	0.0	0.0	0.0	0.0	0.0	0.0	0.0	2.71256e-05	0.0	0.0	0.0	0.0	3.20521e-05	0.0	0.0	0.0	0.0	2.02391e-05	0.0	0.0	0.0	0.0	0.0	0.0	0.0	0.0	0.0	0.0	0.0	0.0	0.0	0.0	0.0	0.0	0.0	0.0	0.0	0.0	0.0	0.0
PWY-5103: L-isoleucine biosynthesis III	0.00766437	0.0094309	0.0100612	0.00793973	0.00706108	0.00864887	0.00847985	0.0106547	0.00914884	0.0101778	0.00861299	0.00946317	0.00998287	0.00827345	0.00791338	0.00935032	0.00781531	0.00766118	0.00918528	0.0121857	0.00845877	0.00916159	0.00797868	0.00671324	0.00732152	0.00753561	0.00883903	0.00548333	0.00902403	0.00790049	0.00805532	0.00653026	0.0101637	0.00837958	0.00785794	0.00935215	0.00904465	0.00846017	0.012324	0.00919801	0.00824153	0.00985331	0.00705915	0.00721045	0.00648127	0.00511437	0.00926892	0.00804735	0.0078522	0.00898914	0.00750353	0.00682769	0.00888564	0.00845379	0.00721669	0.00984403	0.00929609	0.00747456	0.00636052	0.00872196	0.0131131	0.0118977	0.00917098	0.010898	0.00709433	0.00767336	0.00677055	0.0095291	0.00893564	0.00869176	0.00749442	0.00810015	0.0107311	0.0121748	0.00802936	0.0107885	0.00831699	0.00939271	0.00916968	0.00866477	0.0126041	0.00878007	0.0123556	0.00646955	0.00543099	0.00737089	0.0102198	0.00797173	0.00747523	0.00825261	0.0102033	0.00791895	0.00904921	0.00794041	0.00930231	0.0101251	0.00891847	0.00675716	0.0115471	0.00982824	0.00923191	0.00775603	0.0115625	0.0091936	0.00870851	0.00865361	0.0102759	0.014132	0.00883043	0.00832748	0.00551854	0.00863243	0.00937529	0.00539765	0.00889546	0.00808904	0.00860091	0.00719059	0.00604976	0.00885986	0.00941168	0.00926795	0.00806909	0.00733433	0.00791886
PWY-5104: L-isoleucine biosynthesis IV	0.0	0.0	4.64912e-05	0.000275779	2.9103e-05	1.69272e-05	6.18742e-05	8.4464e-05	0.0	0.0	0.0	0.0	1.91943e-05	0.0	1.39676e-05	3.82372e-05	0.0	0.0	9.60338e-05	0.0	0.000323421	0.0	0.000109509	0.000411583	3.53002e-05	0.000621657	1.92441e-05	0.000821883	0.0	8.65936e-05	6.09996e-05	0.000226774	0.0	0.000114655	0.0	0.0	0.0	0.0	6.35665e-06	4.26271e-05	7.53004e-06	0.0	2.10033e-05	0.0	0.0	0.000828375	0.0	0.000108251	0.0	0.0	0.0	6.40891e-05	0.0	0.0	0.000440768	4.75748e-05	8.11698e-05	0.0	0.0	8.85342e-05	0.0	5.08512e-05	0.0	3.72953e-05	0.00118747	0.000100908	6.91189e-06	0.0	9.94374e-05	0.0	0.0	1.95713e-05	0.000164491	0.000671359	0.0	0.000157931	0.0	0.0	0.000236563	0.000202926	0.0	0.0	0.0	2.70921e-05	0.0	2.5126e-05	0.0	7.98686e-05	0.0	0.000128176	0.0	0.0	0.0	3.9018e-05	0.0	0.0	0.000590702	0.000102859	5.94468e-05	0.0	0.0	0.0	0.0	0.0	0.0	0.0	0.0	0.0	0.0	0.0	0.00060359	0.000149218	0.0	0.0	0.0	0.0	0.000829022	0.0	4.73223e-05	0.000234304	0.0	0.0	0.0	0.0	0.0
PWY-5121: superpathway of geranylgeranyl diphosphate biosynthesis II (via MEP)	0.00267647	0.00298708	0.00253446	0.00355903	0.00234179	0.00240292	0.00193135	0.0016523	0.00368193	0.00163924	0.00440265	0.00315492	0.00142821	0.0021572	0.00468111	0.00180834	0.00371066	0.00144951	0.00279932	0.00176037	0.00284288	0.00241792	0.00282249	0.0029803	0.0037131	0.00237996	0.00407014	0.00467149	0.0049025	0.00222213	0.0021099	0.00376879	0.00168449	0.00508349	0.00326832	0.00516816	0.00320199	0.00469401	0.00198468	0.00217322	0.00489863	0.00350138	0.0045905	0.00212804	0.00110547	0.00117148	0.00315058	0.00320074	0.00394073	0.00363982	0.00266289	0.00131153	0.00177889	0.00323991	0.00146195	0.00325472	0.00244926	0.00163444	0.00621988	0.000781217	0.000737297	0.000745382	0.00240546	0.00102209	0.00195108	0.00280782	0.00234283	0.00179741	0.0032426	0.00324122	0.00292372	0.00195027	0.000334242	0.00188264	0.00369381	0.00243038	0.000649971	0.00271829	0.00148119	0.00291807	0.00200387	0.00416085	0.00179831	0.00161152	0.00137808	0.00305795	0.00193658	0.0045476	0.0035134	0.00277293	0.00172124	0.00346998	0.00281176	0.00287394	0.00252984	0.00230807	0.0028319	0.00316736	0.00101748	0.0030791	0.00153091	0.00399214	0.00211407	0.000913589	0.00329068	0.00388964	0.0	0.000474146	0.003176	0.00362034	0.00150611	0.00285973	0.00307951	0.00195097	0.00127638	0.00277285	0.00214141	0.00186889	0.00136989	0.00158813	0.00364133	0.00169704	0.00431283	0.00345204	0.00212954
PWY-5130: 2-oxobutanoate degradation I	0.00117242	0.000300434	0.00146902	0.00058925	0.000659906	0.000562057	0.000298692	0.000565913	0.00114718	0.000997833	0.000449948	0.000847622	0.000215075	0.000840589	0.000801517	0.000779054	0.000694052	0.000181127	0.000440819	0.000455268	0.0012575	0.000997228	0.000745882	0.000482232	0.000631487	0.00111356	0.000721779	0.000250217	0.000382969	0.000662026	0.000853149	7.56956e-05	4.81221e-05	0.00106873	0.000271276	0.000718434	0.0005369	6.04685e-05	7.80623e-05	0.00117662	0.000216712	0.00074965	0.000253404	0.000316551	0.000189989	0.000333498	0.000188799	0.00028919	0.000414654	7.0305e-05	0.000298104	0.000696752	0.00121414	0.000342295	0.000397558	0.000270115	0.00124363	0.000976503	8.14133e-05	0.00118449	0.000164357	0.00024705	0.000699254	0.000606138	0.000754539	0.000502709	0.000842405	0.000743199	0.000597487	0.000287512	0.000739888	0.000496311	0.000225564	0.000514824	0.000136481	0.000330604	0.00062171	5.65417e-05	0.000931844	0.00214826	0.000172771	0.00033269	0.0	0.000102173	3.359e-05	0.00078837	0.00054717	0.00109308	0.000280601	0.000740513	0.000529278	0.000513992	0.000376013	0.000709253	0.000366336	0.00142336	0.000707118	0.000385235	0.000350152	0.000626187	0.000993053	0.0048282	0.000672784	0.000389566	0.00144962	9.19085e-05	0.0	0.0	0.000321583	0.000384827	0.000361132	0.000677452	0.000333604	7.85458e-05	0.000703691	0.000283882	8.30845e-05	0.000480579	0.000186956	0.00292693	0.000547777	0.00162321	0.000185368	0.000766226	0.000645938
PWY-5136: fatty acid &beta;-oxidation II (plant peroxisome)	0.000423564	0.000265332	0.000329927	0.00070466	0.000661539	0.00017303	0.00051426	0.000368822	0.000163893	0.000226763	0.00023629	0.000162592	0.000380694	0.000314552	0.000265513	0.000355596	0.000227555	0.000369155	0.000242707	0.000445969	0.000649596	0.000363906	0.000521581	0.00100825	0.000306736	0.00124353	0.000201514	0.00196684	0.000109164	0.00034991	0.000322054	0.000896498	9.16411e-05	0.000569308	0.000338551	7.62574e-05	0.000131405	0.000302057	0.000206759	0.000474526	0.0002855	0.000280723	0.000279653	0.000210574	0.000409497	0.00397973	0.00028363	0.00061665	0.000119186	0.000299291	0.000538553	0.000369051	0.00039866	0.000207642	0.00347139	0.000216128	0.000223023	0.000274077	0.000420776	0.00021368	0.000242143	0.000196672	0.000207755	0.000470531	0.00239499	0.000737084	0.000140681	0.000209393	0.000306873	0.000373177	0.000177612	6.19574e-05	0.000161708	0.0011152	0.000150576	0.00034441	7.05996e-05	4.34017e-05	0.000515803	0.0011644	0.00036006	0.000122196	0.000208263	0.000612161	0.000343402	0.00053302	0.000552462	0.000430636	0.00035678	0.000571607	0.000309319	3.95396e-05	0.000181443	0.000639357	0.000384428	0.000154132	0.0010211	0.000167082	0.000102938	0.000141755	0.00021383	0.000179982	0.000277677	0.000214983	0.000384947	9.6794e-05	0.000220813	0.000364067	0.000110656	0.000353211	0.00391236	0.000405935	0.000150972	0.000116826	2.23256e-05	0.00035393	0.0019032	0.000305742	0.000871531	0.000695702	0.000314779	0.000159077	0.000807709	0.000354957	7.08313e-05
PWY-5138: fatty acid &beta;-oxidation IV (unsaturated, even number)	0.0	0.0	3.042e-05	0.000183033	1.10593e-05	0.0	0.0	5.42737e-05	0.0	0.0	0.0	0.0	3.03464e-05	0.0	0.0	3.69234e-05	0.0	0.0	0.0	0.0	0.000101869	0.0	6.66058e-05	0.000172133	0.000103788	0.00024539	0.0	0.000610414	0.0	7.02799e-05	3.23871e-05	0.000187881	0.0	0.000142325	0.0	0.0	0.0	0.0	0.0	0.0	1.0448e-05	0.0	1.68524e-05	0.0	0.000112393	0.000905195	0.0	6.24756e-05	0.0	0.0	0.000192843	1.23008e-05	0.0	0.0	0.000607288	0.0	3.22249e-05	0.0	0.0	1.72398e-05	0.0	0.0	0.0	0.000171321	0.000344592	3.96859e-05	0.0	0.0	5.58256e-05	0.0	0.0	3.9458e-06	4.21266e-05	0.00015228	0.0	0.000136051	0.0	0.0	5.24042e-05	0.000326246	0.0	0.0	0.0	1.99644e-05	0.0	0.0	0.0	0.000109949	1.47767e-05	0.0001137529999999	2.12388e-05	0.0	0.0	0.0	0.0	0.0	0.000250592	2.4092e-05	0.0	0.0	0.0	0.0	0.0	0.0	0.0	2.55394e-06	0.0	0.0	3.8594e-05	0.0	0.000948623	3.76782e-05	0.0	0.0	0.0	0.0	0.000508281	7.78643e-05	0.0	0.00015327	0.0	0.0	1.85777e-05	0.0	0.0
PWY-5154: L-arginine biosynthesis III (via N-acetyl-L-citrulline)	0.00514456	0.00488072	0.00387894	0.00433803	0.00272398	0.00449556	0.00594797	0.00247791	0.00530568	0.0024794	0.00577002	0.00468186	0.00770418	0.00396639	0.00521479	0.00285035	0.00412129	0.00273542	0.00331132	0.00842445	0.00464566	0.00164056	0.00670658	0.00417735	0.00555411	0.00446438	0.00550097	0.00521882	0.00461318	0.00315571	0.00220798	0.00489413	0.00543933	0.00595527	0.0052712	0.00586642	0.00394057	0.00624394	0.00749762	0.00372427	0.00583069	0.00416957	0.006924	0.00701142	0.00195926	0.00429863	0.00335955	0.00255654	0.00547486	0.00703059	0.00425791	0.00323849	0.00433753	0.00375271	0.00443792	0.00632448	0.00361357	0.00445453	0.005517	0.00566753	0.00810837	0.00344188	0.00465344	0.00740557	0.00424341	0.00329248	0.00478394	0.00216898	0.00531869	0.00301416	0.00554201	0.00399683	0.00787485	0.00846984	0.00166482	0.00221507	0.00242628	0.00251375	0.00501541	0.00322386	0.00857256	0.00536483	0.0100619	0.00349371	0.00239227	0.00482046	0.00290423	0.00532096	0.0039927	0.00488076	0.0082502	0.0043858	0.00449402	0.00553002	0.00378623	0.00271577	0.00305457	0.00390398	0.00652842	0.00734944	0.00418518	0.00441217	0.00573855	0.00151727	0.00460144	0.00255423	0.00620719	0.00874024	0.00301165	0.00437902	0.0039823	0.00316582	0.00175831	0.00154253	0.00748738	0.00243391	0.004694	0.00515811	0.00346838	0.00320107	0.00331426	0.00655466	0.0045178	0.00501565	0.00134337
PWY-5180: toluene degradation I (aerobic) (via o-cresol)	0.0	0.0	0.0	0.0	0.0	0.0	0.0	0.0	0.0	0.0	0.0	0.0	0.0	0.0	0.0	0.0	0.0	0.0	0.0	0.0	0.0	0.0	0.0	0.0	0.0	0.0	0.0	0.0	0.0	0.0	0.0	0.0	0.0	0.0	0.0	0.0	0.0	0.0	0.0	0.0	0.0	0.0	0.0	0.0	0.0	0.0	0.0	0.0	0.0	0.0	0.0	0.0	0.0	0.0	0.0	0.0	0.0	0.0	0.0	0.0	0.0	0.0	0.0	0.0	0.0	0.0	0.0	0.0	0.0	0.0	0.0	0.0	0.0	0.0	0.0	8.69979e-05	0.0	0.0	0.000245008	0.0	0.0	0.0	0.0	0.0	0.0	0.0	0.0	0.0	0.0	0.0	0.0	0.0	0.0	0.0	0.0	0.0	3.1469e-05	0.0	0.0	0.0	0.0	0.0	0.0	0.0	0.0	0.0	0.0	0.0	3.53204e-05	0.0	0.0	0.0	0.0	0.0	0.0	0.0	0.0	0.0	0.0	0.0	0.0	0.0	0.0	0.0	0.0
PWY-5188: tetrapyrrole biosynthesis I (from glutamate)	0.0021142	0.00273656	0.0022871	0.00260881	0.0045694	0.00166006	0.00246826	0.00215835	0.00404931	0.00386526	0.0019043	0.00513352	0.00289202	0.00247093	0.00134707	0.00294105	0.00177596	0.00237733	0.00374124	0.00230332	0.00179976	0.00313959	0.0019923	0.00295889	0.00274354	0.00318248	0.00309004	0.0015417	0.00291228	0.00271452	0.00223198	0.00232697	0.00282029	0.0014553	0.00194869	0.00310646	0.00254329	0.000616934	0.00196748	0.00271513	0.00248314	0.00252598	0.00231677	0.00180944	0.00184592	0.00302618	0.0018258	0.00255673	0.00309026	0.000806065	0.00138786	0.00117066	0.00174818	0.00233117	0.00365372	0.00345235	0.00187181	0.00237807	0.00249781	0.0020496	0.00233181	0.00146353	0.00239171	0.00172507	0.0026927	0.00270658	0.00222735	0.00392781	0.00148145	0.00292057	0.00179521	0.00254627	0.00243874	0.00205056	0.00274395	0.0011944	0.00194743	0.00267711	0.0023149	0.00298128	0.00180375	0.00123507	0.00209898	0.00183679	0.00146414	0.00201052	0.00187848	0.00171409	0.00366182	0.00275814	0.00225321	0.00206398	0.00294496	0.00193138	0.00186436	0.00383207	0.00341553	0.00241028	0.00167715	0.00103887	0.00220114	0.00174235	0.00184869	0.00129349	0.00230322	0.00276737	0.00103965	0.00101413	0.00385751	0.00352612	0.00309242	0.00262435	0.00315186	0.00211508	0.00219187	0.00235326	0.0042316	0.00467191	0.00203978	0.00125807	0.00285254	0.00325584	0.00210649	0.00330901	0.00418939
PWY-5189: tetrapyrrole biosynthesis II (from glycine)	0.000453056	1.5567e-05	4.30261e-05	0.00021273	3.9485e-05	0.000204082	0.000121388	0.000466853	0.0	2.98048e-05	2.52812e-05	0.0	0.00074342	0.0	6.46733e-05	0.000159496	9.92102e-05	1.4248e-05	4.7718e-05	0.000278719	0.00050584	0.000271626	0.000132126	0.00038185	4.08829e-05	0.00112087	0.0	0.000615074	3.51666e-05	4.85759e-05	0.000206846	0.000238435	4.08932e-05	0.000136602	0.0	0.0	1.40452e-05	4.59536e-05	1.17921e-05	6.5311e-05	4.0453e-05	0.0	2.60702e-05	6.87585e-06	6.64559e-05	0.00177583	2.53256e-05	0.000103221	0.0	7.79075e-05	0.000252118	0.000440329	0.000180775	2.42812e-05	0.00171046	0.000160332	0.000223262	0.00019784	0.0	9.19341e-05	0.0	3.81e-05	0.000225297	0.000166137	0.00100587	0.000217013	0.0	0.000243923	1.32254e-05	0.000440888	5.50049e-05	2.10328e-05	3.62143e-05	0.000498728	0.000140079	0.000177258	2.49106e-05	3.2483e-05	0.000151773	0.000426309	0.000226461	0.0	0.0	1.70294e-05	0.0	4.14684e-05	0.000137755	6.33199e-05	9.47104e-05	7.22405e-05	0.000254423	0.000188724	0.0	3.13201e-05	1.02739e-05	1.46489e-05	0.000324194	0.0	7.1033e-05	0.0	0.0	0.00163382	0.0	5.60717e-05	0.0	3.64878e-05	0.0	0.000282001	2.27605e-05	4.02954e-05	0.00178369	0.000192919	1.63378e-05	0.000183322	0.0	3.78773e-05	0.000671654	9.60567e-05	7.49693e-05	0.000934618	0.0	9.89063e-06	2.11516e-05	0.0	3.09649e-05
PWY-5198: factor 420 biosynthesis II (mycobacteria)	9.8419e-06	0.0	0.0	0.0	3.89471e-05	1.7509e-05	0.0	4.44596e-05	0.0	0.000102384	0.0	0.0	0.0	0.0	0.0	9.5261e-05	0.00014167	0.0	0.0	0.0	0.0	0.0	0.0	0.0	0.0	2.28319e-05	0.0	0.0	0.0	0.0	0.000345667	0.0	8.4279e-05	0.0	0.0	0.0	0.0	0.0	0.0	0.0	0.0	0.0	0.0	0.0	0.0	0.0	0.0	8.13099e-05	0.0	0.0	0.0	0.000120809	0.0	4.42665e-05	0.0	0.0	7.57667e-05	0.0	0.0	0.000149195	0.0	0.000184689	0.0	0.000123426	0.0	0.0	0.0	0.000119066	0.0	0.0	0.0	2.28586e-05	4.28071e-05	0.0	0.0	0.0	0.0	0.0	0.000162991	0.0	0.0	0.0	0.0	0.0	0.0	0.0	8.56368e-06	0.0	0.0	0.0	0.0	0.0	2.76621e-05	0.0	0.0	0.0	0.0	3.70296e-05	2.18603e-05	0.0	0.0	0.0	0.0	2.81472e-05	0.0	0.0	0.0	0.0	2.93479e-05	0.0	0.0	0.0	0.0	0.0	1.07249e-05	0.000190223	0.0	0.0	0.0	0.0	0.0	4.60782e-05	0.0	0.0	0.0
PWY-5209: methyl-coenzyme M oxidation to CO2	9.70968e-06	0.0	0.0	0.0	3.66145e-05	0.0	1.77624e-05	4.44139e-05	0.0	8.93322e-05	0.0	0.0	0.0	0.0	0.0	0.000107999	0.000141685	0.0	0.0	0.0	0.0	0.0	1.12658e-05	0.0	0.0	2.29498e-05	0.0	0.0	0.0	0.0	0.000327348	0.0	6.77031e-05	0.0	0.0	0.0	0.0	0.0	0.0	0.0	0.0	0.0	0.0	0.0	0.0	0.0	0.0	5.04225e-05	0.0	0.0	0.0	0.000129841	0.0	1.89457e-05	0.0	0.0	7.72955e-05	0.0	0.0	0.00013091	0.0	0.000145798	0.0	0.000108546	0.0	0.0	0.0	0.000117204	0.0	0.0	0.0	2.592e-05	3.04432e-05	0.0	0.0	0.0	0.0	0.0	0.00014668	0.0	0.0	0.0	0.0	0.0	0.0	0.0	0.0	0.0	0.0	0.0	0.0	0.0	3.12855e-05	0.0	0.0	0.0	0.0	3.29741e-05	2.81949e-05	0.0	0.0	0.0	0.0	3.51046e-05	0.0	0.0	0.0	0.0	3.69893e-05	0.0	0.0	0.0	0.0	0.0	0.0	0.000210449	0.0	0.0	0.0	0.0	0.0	3.32286e-05	0.0	0.0	0.0
PWY-5265: peptidoglycan biosynthesis II (staphylococci)	0.000249861	9.15988e-05	0.000371594	0.000791945	0.0	0.000235267	0.000432654	0.000345425	0.000658936	0.0013269	5.86469e-05	0.0	0.0	0.0	0.00045807	0.000403623	0.000145026	7.5703e-05	0.0	0.0	0.0	0.0	0.000203614	0.00124529	8.19503e-05	8.64046e-05	0.0	0.0	0.0	0.00130532	0.000969009	0.0	0.0	0.000128381	0.000117954	0.000401309	4.02075e-05	0.0	0.0	0.0	0.0	9.85593e-05	0.0	0.0	0.0	0.0	9.39624e-05	0.0	0.0	0.0001041	5.96638e-05	0.000437452	0.0	0.00130351	5.5271e-05	0.0	0.000396878	0.0	0.0	0.0	0.0	0.00164609	0.000378745	0.0	0.0	0.0	0.0	0.000108617	0.0	0.0	0.0	0.000729139	0.0010606	0.0	0.000201645	0.00018247	0.0	0.0	0.000248417	5.67608e-05	0.0	0.0	0.0	0.0	0.000153147	0.0	0.0	0.000558795	0.0	0.000346957	0.0	0.0	0.0	0.0	0.000913314	0.0	0.000368104	0.000587667	0.000257179	0.0	0.0	8.10815e-05	0.0	0.0	0.0	0.0	0.0	0.00163238	0.000248223	0.0	0.00014766	0.0	0.0	0.0	0.000146011	0.000949122	0.0	0.0	0.00018649	0.000159156	0.0	0.00044227	0.000120255	0.000415229	0.0
PWY-5306: superpathway of thiosulfate metabolism (Desulfovibrio sulfodismutans)	0.0	0.0	0.0	0.0	0.0	0.0	0.0	0.0	0.0	0.0	0.0	0.0	0.0	0.0	0.0	0.0	0.0	0.0	0.0	0.0	0.0	0.0	0.0	0.0	0.0	0.0	0.0	0.0	0.0	0.0	0.0	0.0	0.0	0.0	0.0	0.0	0.0	0.0	0.0	0.0	0.0	0.0	0.0	0.0	0.0	0.0	0.0	0.0	0.0	0.0	0.0	0.0	0.0	0.0	0.0	0.0	0.0	0.0	0.0	0.0	0.0	0.0	0.0	0.0	0.0	0.0	0.0	0.0	1.81369e-05	0.0	0.0	0.0	0.0	0.0	0.0	0.0	0.0	0.0	0.0	0.0	0.0	0.0	0.0	0.0	0.0	0.0	0.0	0.0	0.0	0.0	0.0	0.0	0.0	0.0	0.0	0.0	0.0	0.0	0.0	0.0	0.0	0.0	0.0	0.0	0.0	0.0	0.0	0.0	0.0	0.0	0.0	0.0	0.0	0.0	0.0	0.0	0.0	0.0	0.0	0.0	0.0	0.0	0.0	0.0	0.0
PWY-5308: superpathway of sulfur metabolism (Desulfocapsa sulfoexigens)	0.0	0.0	0.0	0.0	0.0	0.0	0.0	0.0	0.0	0.0	0.0	0.0	0.0	0.0	0.0	0.0	0.0	0.0	0.0	0.0	0.0	0.0	0.0	0.0	0.0	0.0	0.0	0.0	0.0	0.0	0.0	0.0	0.0	0.0	0.0	0.0	0.0	0.0	0.0	0.0	0.0	0.0	0.0	0.0	0.0	0.0	0.0	0.0	0.0	0.0	0.0	0.0	0.0	0.0	0.0	0.0	0.0	0.0	0.0	0.0	0.0	0.0	0.0	0.0	0.0	0.0	0.0	0.0	1.64122e-05	0.0	0.0	0.0	0.0	0.0	0.0	0.0	0.0	0.0	0.0	0.0	0.0	0.0	0.0	0.0	0.0	0.0	0.0	0.0	0.0	0.0	0.0	0.0	0.0	0.0	0.0	0.0	0.0	0.0	0.0	0.0	0.0	0.0	0.0	0.0	0.0	0.0	0.0	0.0	0.0	0.0	0.0	0.0	0.0	0.0	0.0	0.0	0.0	0.0	0.0	0.0	0.0	0.0	0.0	0.0	0.0
PWY-5345: superpathway of L-methionine biosynthesis (by sulfhydrylation)	0.0	5.55397e-05	0.000102154	0.00162186	0.00119269	0.000477125	0.00019449	0.000506422	0.000873847	0.00141401	0.00281599	2.73477e-05	0.00026588	0.000122714	0.00329356	0.000736906	0.000521234	7.08282e-05	0.000155833	0.00471659	0.00168482	2.75908e-05	0.000577682	0.00210613	0.000410567	0.00286529	0.0	0.00314942	6.49812e-05	0.000638594	0.00071767	0.0020972	0.000226734	0.000695253	0.0	0.000283051	6.02297e-05	0.000296507	0.0	0.000655845	0.000183544	0.00140429	0.000351686	0.000618128	0.000848491	0.00354262	0.00239455	0.000555417	0.000782558	0.000270042	0.00133315	0.00170567	0.00013861	0.00023659	0.00327503	0.00194578	0.000363767	0.000182848	0.000552726	0.000473008	0.0	0.000123205	0.000250762	0.00384811	0.00338932	0.000804025	0.000109786	9.76756e-05	0.00136522	0.000760444	0.00031892	7.36792e-05	0.00106237	0.00250916	0.0	0.00127688	0.000352311	0.00236688	0.00120003	0.0021132	0.00314523	0.00104347	5.1862e-05	0.000204022	0.0	0.00012137	0.00104681	0.000601059	0.000151164	0.000686943	0.00167241	0.000306266	0.00130373	0.00025915	0.00123658	0.000376732	0.00180253	0.000510124	0.00203229	0.00313395	0.0	0.000265639	0.000330822	0.0	0.000544999	0.00256045	0.000682607	0.000509282	0.000708751	0.000910422	0.00377951	0.001022	0.0	0.000406561	0.00040255	0.001472	0.00303418	0.0005582	0.000283549	0.00115578	0.000103519	0.000130331	0.0010985	7.56071e-05	0.000488308
PWY-5347: superpathway of L-methionine biosynthesis (transsulfuration)	0.0	0.000144957	0.000472285	0.000866261	5.37126e-05	0.000229423	0.00038412	0.000478677	5.42609e-05	7.10112e-05	7.58344e-05	0.0	0.000255439	0.000258634	0.0	0.000471977	0.00017309	0.000240036	0.000111991	0.000176193	0.000890538	0.0	0.000231205	0.000992602	4.32894e-05	0.0011919	0.000207733	0.00216751	0.000135133	0.000438039	0.0002435	0.00109833	6.71355e-05	0.000372241	9.7123e-05	4.51455e-05	0.000150529	0.000271492	0.000351602	1.47849e-05	0.000125418	0.000100889	0.000134146	9.60414e-05	0.000251318	0.00326233	8.64549e-05	0.000571435	8.60034e-05	0.000315163	0.00082192	0.000149412	9.49e-05	0.0	0.00306891	6.0048e-05	0.00017507	7.26694e-05	0.000180472	8.50378e-05	3.33792e-05	0.00053211	0.000399226	0.000735185	0.00200722	0.000429338	0.0	0.000125295	0.000390304	0.000310316	0.000367352	8.36316e-05	0.000167919	0.00128405	4.06365e-05	0.000763195	0.000231251	6.3783e-05	0.0005396	0.00109477	0.000219703	0.000167954	4.68363e-05	4.17483e-05	0.0	0.0	2.61144e-05	0.000621972	2.43972e-05	0.000543009	0.00129302	6.82942e-05	4.39283e-05	0.000294993	9.86109e-05	3.08117e-05	0.000896601	0.000163382	2.96331e-05	9.30041e-05	0.00018759	0.000582736	3.7402e-05	0.0	9.11283e-05	3.86583e-05	9.59413e-05	0.000188508	0.000156228	5.60585e-05	0.00339284	0.000451168	6.69301e-05	3.95202e-05	0.0	0.000533475	0.00146505	0.000236982	0.0	0.000457711	0.0	7.88047e-05	0.000402851	0.0	5.26697e-05
PWY-5367: petroselinate biosynthesis	0.000125331	0.001066	0.000408023	2.88369e-05	9.03519e-05	5.51535e-05	0.0	0.000299071	0.000170711	4.0757e-05	0.0	4.90874e-05	0.000591007	0.000469524	1.16141e-05	8.71608e-05	7.87858e-05	1.90509e-05	0.000123324	0.000123387	0.000131501	0.0	4.78328e-05	0.00018803	0.000102561	0.000301549	0.0	0.000391673	0.0	0.000101911	1.65648e-05	0.00030644	0.000130311	6.21461e-05	0.000106863	8.29473e-05	0.000136617	0.000140261	0.000160043	8.30219e-05	0.000628314	2.73778e-05	6.98043e-05	0.0	0.0	0.00105318	7.89013e-05	0.000323377	8.28366e-05	0.000181508	0.000341806	6.57789e-05	0.0	0.0	0.00100784	1.90082e-05	9.9228e-05	1.28818e-05	0.0	0.0	0.000266291	5.96963e-05	0.00018562	0.000293674	0.000518919	0.000544966	1.47367e-05	5.85244e-06	0.000220771	0.000248463	0.0	3.0692e-05	0.000402548	0.000426775	3.9053e-05	0.000154138	0.0	0.000322608	9.34289e-05	0.000329591	0.000136069	6.8492e-05	0.0	8.76641e-05	0.0	4.98001e-05	0.000113601	4.50637e-05	0.000194659	5.8849e-05	0.0	0.00029298	0.000138369	0.000185835	9.46087e-05	1.81963e-05	0.000392723	0.00015794	6.1836e-05	9.92115e-05	0.0	0.000661901	0.0	0.000113381	4.4336e-05	9.94523e-05	0.0	7.87127e-05	0.000143528	0.0	0.000933546	4.15318e-05	0.000289475	2.96472e-05	0.0	0.000442604	0.000315855	0.000112005	9.70414e-06	9.64737e-05	0.0	0.0	0.0	0.0	0.000134764
PWY-5384: sucrose degradation IV (sucrose phosphorylase)	0.00234025	0.000990564	0.000938174	0.00271498	0.00282833	0.00196668	0.00182053	0.00192278	0.002077	0.000478396	0.00260129	0.00595027	0.000347331	0.00185712	0.00333291	0.00117937	0.00199913	0.00161539	0.00431416	0.00125192	0.00284169	0.00202752	0.00210869	0.00299901	0.00334078	0.00197842	0.00354968	0.00240625	0.00273965	0.0030071	0.0016707	0.00291918	0.00258063	0.003379	0.00377248	0.00249365	0.00230451	0.00240203	0.00137584	0.00127363	0.00215931	0.00304909	0.00315473	0.00147643	0.00170688	0.00351688	0.0031635	0.00187203	0.00335687	0.00191515	0.00212188	0.00213893	0.000526724	0.00238749	0.00230128	0.00210031	0.00124277	0.0017456	0.00391336	0.00187831	0.00217128	0.00113935	0.00136909	0.00137971	0.00211205	0.00248913	0.00292073	0.00167441	0.00129703	0.00314388	0.0026113	0.00393061	0.00236664	0.0028416	0.00313056	0.00193906	0.00181891	0.00226566	0.00157911	0.00293533	0.00111497	0.00150254	0.0020548	0.0026766	0.00206508	0.00142782	0.00307172	0.0034849	0.00275852	0.00301146	0.0048681	0.00203812	0.00308005	0.00177059	0.00227774	0.00260496	0.00107719	0.00344513	0.00181498	0.00226843	0.00233437	0.000631059	0.00317674	0.000396628	0.00106216	0.00286841	0.00246656	0.00297293	0.00433666	0.0047593	0.00330491	0.00242644	0.00398473	0.00198857	0.00365534	0.00268083	0.00137106	0.00274941	0.000816743	0.00161812	0.0039478	0.00115242	0.00236042	0.00204171	0.00399843
PWY-5392: reductive TCA cycle II	2.28379e-05	0.0	0.0	8.06618e-05	1.39975e-05	5.94679e-05	0.0	2.20075e-05	0.0	0.0	0.0	0.0	1.45913e-05	0.0	5.01898e-05	0.0	0.0	0.0	0.0	0.0	0.000122987	0.0	4.30367e-05	9.18989e-05	3.8563e-05	9.89592e-05	0.0	7.53811e-05	3.0818e-05	4.40689e-05	0.0	0.000141379	0.0	5.61973e-05	0.0	0.0	5.22271e-06	6.40314e-05	0.0	4.84604e-05	8.91667e-06	0.0	8.08079e-06	0.0	5.12514e-05	7.5681e-05	0.0	0.0	0.0	6.68249e-05	0.000167609	0.0	0.0	0.0	0.000137273	0.0	9.48612e-05	0.0	0.0	0.0	0.0	0.0	0.0	8.07804e-05	0.00012905	5.50725e-05	0.0	0.0	2.09898e-05	0.0	0.0	0.0	0.000104809	0.000112893	0.0	0.0	0.0	0.0	5.65064e-05	0.000200595	0.0	0.0	0.0	0.0	0.0	0.0	0.0	0.0	2.58573e-05	0.0	0.0	0.0	0.0	0.0	5.44078e-06	0.0	2.80807e-05	2.30462e-05	0.0	0.0	0.0	3.60887e-05	0.0	0.0	0.0	4.04583e-05	0.0	0.0	0.0	0.0	0.000209407	0.0	0.0	0.0	0.0	0.0	0.000111429	3.89907e-05	4.46879e-05	0.000130111	0.0	0.0	0.0	0.0	5.90156e-05
PWY-5415: catechol degradation I (meta-cleavage pathway)	0.0	0.0	0.0	0.0	0.0	0.0	0.0	0.0	0.0	0.0	0.0	0.0	0.0	0.0	0.0	0.0	0.0	0.0	0.0	0.0	0.0	0.0	0.0	0.0	0.0	0.0	0.0	0.0	0.0	0.0	0.0	0.0	0.0	0.0	0.0	0.0	0.0	0.0	0.0	0.0	0.0	0.0	0.0	0.0	0.0	0.0	0.0	2.83434e-05	0.0	0.0	0.0	0.0	0.0	0.0	0.0	0.0	2.16586e-05	0.0	0.0	0.0	0.0	0.0	0.0	0.0	0.0	0.0	0.0	0.0	0.0	0.0	0.0	0.0	0.0	0.0	0.0	7.18834e-05	0.0	0.0	2.93375e-05	0.0	0.0	0.0	0.0	0.0	0.0	0.0	0.0	0.0	0.0	0.0	0.0	0.0	0.0	0.0	0.0	0.0	1.82775e-05	0.0	0.0	0.0	0.0	0.0	0.0	0.0	0.0	0.0	0.0	0.0	1.69189e-05	0.0	0.0	0.0	0.0	0.0	0.0	0.0	0.0	0.0	0.0	0.0	0.0	0.0	0.0	0.0	0.0
PWY-5417: catechol degradation III (ortho-cleavage pathway)	0.0	0.0	0.0	0.0	0.0	0.0	0.0	0.0	0.0	0.0	0.0	0.0	0.0	0.0	0.0	0.0	0.0	0.0	0.0	0.0	0.0	0.0	0.0	5.69758e-05	0.0	0.0	0.0	0.0	0.0	0.0	0.0	0.000128521	0.0	0.0	0.0	0.0	0.0	0.0	0.0	0.0	0.0	0.0	0.0	0.0	8.48059e-05	8.09679e-05	0.0	0.0	0.0	0.0	0.0	0.0	0.0	0.0	0.0	0.0	0.0	0.0	0.0	0.0	0.0	0.0	0.0	7.226e-05	0.0	0.0	0.0	0.0	0.0	0.0	0.0	0.0	4.88596e-05	4.06309e-05	0.0	0.0	0.0	0.0	0.0	0.0	0.0	0.0	0.0	0.0	0.0	0.0	0.0	0.0	0.0	0.0	0.0	0.0	0.0	0.0	0.0	0.0	0.0	0.0	0.0	0.0	0.0	0.0	0.0	0.0	0.0	0.0	0.0	0.0	0.0	0.0	0.000459868	0.0	0.0	0.0	0.0	0.0	0.0	0.0	0.0	0.0	0.0	0.0	0.0	0.0	0.0
PWY-5431: aromatic compounds degradation via &beta;-ketoadipate	0.0	0.0	0.0	0.0	0.0	0.0	0.0	0.0	0.0	0.0	0.0	0.0	0.0	0.0	0.0	0.0	0.0	0.0	0.0	0.0	0.0	0.0	0.0	5.69758e-05	0.0	0.0	0.0	0.0	0.0	0.0	0.0	0.000128521	0.0	0.0	0.0	0.0	0.0	0.0	0.0	0.0	0.0	0.0	0.0	0.0	8.48059e-05	8.09679e-05	0.0	0.0	0.0	0.0	0.0	0.0	0.0	0.0	0.0	0.0	0.0	0.0	0.0	0.0	0.0	0.0	0.0	7.226e-05	0.0	0.0	0.0	0.0	0.0	0.0	0.0	0.0	4.88596e-05	4.06309e-05	0.0	0.0	0.0	0.0	0.0	0.0	0.0	0.0	0.0	0.0	0.0	0.0	0.0	0.0	0.0	0.0	0.0	0.0	0.0	0.0	0.0	0.0	0.0	0.0	0.0	0.0	0.0	0.0	0.0	0.0	0.0	0.0	0.0	0.0	0.0	0.0	0.000459868	0.0	0.0	0.0	0.0	0.0	0.0	0.0	0.0	0.0	0.0	0.0	0.0	0.0	0.0
PWY-5464: superpathway of cytosolic glycolysis (plants), pyruvate dehydrogenase and TCA cycle	0.000126879	6.42138e-05	0.0	0.0	5.37245e-05	0.000301963	0.0	0.000229687	0.0	0.0	2.162e-05	0.0	0.0	0.0	0.0	0.0	0.0	0.0	0.0	0.0	0.0	0.0	0.000233537	0.000289674	0.0	0.0	3.68722e-05	7.07316e-05	0.0	0.00017741	6.77633e-05	0.000222842	0.0	0.000110668	0.0	0.0	3.61919e-05	0.000133387	6.90664e-05	5.89215e-05	2.21255e-05	6.40146e-05	5.15735e-05	0.0	8.72049e-05	5.4217e-05	0.000111289	0.0	0.0	0.000288037	0.000125533	0.0	0.0	0.0	0.0	0.0	3.1539e-05	2.56304e-05	0.0	0.0	0.0	0.0	8.26807e-05	0.000160288	0.0	0.000265752	0.0	0.000117331	8.88749e-05	0.0	0.0	0.0	0.00014938	0.0	0.0	0.000167618	0.0	0.0	0.0	0.000257314	0.0	0.0	0.0	8.52437e-05	0.0	5.58134e-05	0.0	0.00016241	0.0	0.0	0.0	0.0	0.0	0.000258011	0.000218785	0.0	0.000120389	2.86466e-05	4.19213e-05	7.42868e-05	0.0	0.0	5.93763e-05	0.0	0.0	0.0	0.0	0.0	0.0	0.000237062	0.0	0.0	0.000186473	0.0	0.0	8.95238e-05	0.0	0.0	0.0	0.0	0.0	3.91182e-05	0.000135498	0.0	0.000134827
PWY-5484: glycolysis II (from fructose 6-phosphate)	0.004778	0.00446442	0.00358691	0.00366704	0.00413654	0.0034734	0.00480261	0.00555456	0.00395374	0.00405053	0.00360129	0.00301413	0.00370919	0.00354644	0.00400819	0.00518036	0.00429801	0.00358282	0.00288724	0.002865	0.00464628	0.00439481	0.00499114	0.00401628	0.00420065	0.00404195	0.00432231	0.00370442	0.00506495	0.00478069	0.00500946	0.00330222	0.00409855	0.00263733	0.00315841	0.00356243	0.00211293	0.00470101	0.00357174	0.00337288	0.00362929	0.00382167	0.00381159	0.00399132	0.00315346	0.00563448	0.00250847	0.003201	0.00433875	0.0043934	0.00419731	0.00486993	0.00260132	0.00311473	0.00519363	0.00292442	0.00479988	0.00266479	0.00310598	0.00343951	0.00475003	0.00257354	0.00525616	0.0037567	0.00567119	0.00311277	0.0025279	0.00321095	0.00351767	0.00441992	0.00430628	0.00262968	0.00223496	0.00380325	0.00348665	0.00381729	0.00439715	0.00188081	0.00415637	0.00264031	0.00247239	0.00285049	0.00309372	0.00299702	0.00174118	0.00246623	0.00635983	0.00516331	0.00294479	0.00359891	0.00374074	0.00255398	0.00468174	0.00409365	0.00343586	0.00381293	0.00391814	0.00310167	0.00349275	0.0042	0.00347893	0.00330563	0.00682493	0.0038285	0.00303121	0.00295129	0.00775919	0.00268232	0.00288912	0.00295005	0.0052734	0.00447943	0.00478568	0.00220132	0.00222114	0.00486511	0.00461475	0.00511876	0.00339596	0.00408627	0.00245669	0.00399039	0.00479303	0.00464473	0.00403666
PWY-5494: pyruvate fermentation to propanoate II (acrylate pathway)	0.000148449	0.0	1.74478e-05	9.91907e-05	0.0	2.04666e-05	4.20423e-05	0.0	2.99551e-05	1.55201e-05	1.57446e-05	0.0	4.33568e-05	0.000122901	9.15177e-05	3.4448e-05	0.000121173	3.54608e-05	0.0	0.0	0.000102487	4.21761e-05	5.8082e-05	0.0	9.20533e-05	1.60277e-05	3.31194e-05	0.0	4.72937e-05	0.0	0.0	1.99049e-05	3.50023e-05	5.66097e-05	2.77841e-05	3.25892e-05	1.23263e-05	0.0	5.29952e-05	9.37193e-06	2.04629e-05	3.19144e-05	6.87518e-05	2.9479e-05	0.0	0.0	0.0	0.0	4.75838e-05	0.0	0.000213216	8.06621e-05	0.0	4.46226e-05	1.16574e-05	3.27248e-05	0.0	5.59966e-05	0.0	5.87178e-05	0.0	0.0	4.54189e-05	0.0	0.0	0.0	0.0	1.73956e-05	2.47488e-05	2.51682e-05	0.0	0.0	0.0	0.0	0.0	6.63676e-05	0.0	0.0	2.03047e-05	1.38378e-05	0.0	0.0	2.11502e-05	0.0	0.0	2.21057e-05	9.71533e-05	2.06155e-05	1.62201e-05	0.0	0.0	0.0	0.0	8.65111e-05	0.0	1.83821e-05	7.11402e-05	0.0	3.64022e-05	0.0001018	5.56579e-05	8.39735e-05	2.73342e-05	0.0	8.05282e-05	0.0	0.0	0.0	0.0	0.0	0.0	0.0	0.0	0.0	1.73344e-05	0.0	0.0	0.0	1.86463e-05	1.94953e-05	0.0	4.30685e-05	0.0	4.66682e-05	1.99446e-05
PWY-5497: purine nucleobases degradation II (anaerobic)	0.00119949	0.000575307	0.00071449	0.000850106	0.000442493	0.000494114	0.000142335	0.00049145	0.000315392	0.000453855	0.000952143	0.000635777	0.00021521	0.000756224	0.00217066	0.000712399	0.000438777	0.000262433	0.000567629	0.000199335	0.00136755	0.000389995	0.000916164	0.000882634	0.000923737	0.000755233	0.000399677	0.00120429	0.000924488	0.000597996	0.000552798	0.00117786	0.000200569	0.00101698	0.000572123	0.000348362	0.000405572	0.00113392	0.000583857	0.000264308	0.000752172	0.000467635	0.000473186	0.000639626	0.000431675	0.00075488	0.000487236	0.000628115	0.000699303	0.00122418	0.00100907	0.000690225	0.000590989	0.000347334	0.00122841	0.0011355	0.000579713	0.000525633	0.000864027	0.000472705	8.31238e-05	0.000301132	0.000507608	0.000223795	0.00158232	0.000741489	0.0004589	0.000243062	0.00107172	0.000722102	0.000387454	0.000509447	6.69354e-05	0.000386506	0.000308962	0.000391071	0.000437942	0.000565631	0.00137913	0.000865838	0.000380738	0.000819344	0.000505121	0.000491201	0.000480105	0.000699781	0.000757168	0.00076791	0.000521617	0.000992006	0.00078598	0.000728844	0.000538331	0.000732626	0.000396637	0.000392336	0.00103411	0.000624833	0.000406105	0.000597599	0.000772687	0.000192782	0.00060774	0.0	0.000995865	0.000354781	0.000877834	0.000457026	0.000437251	0.000636973	0.00132075	0.000732256	0.000693174	0.00019516	0.000261269	0.000591004	0.00152933	0.000512467	0.000446598	0.000593876	0.000648893	0.000532914	0.000729565	0.00122637	0.00028758
PWY-5505: L-glutamate and L-glutamine biosynthesis	0.00145473	0.00174304	0.00169541	0.00110499	0.00124824	0.00132392	0.00174859	0.00203954	0.00125936	0.00162971	0.00214056	0.000994952	0.000868646	0.00215472	0.00204651	0.00167836	0.00151447	0.00200502	0.00161607	0.00178427	0.0015441	0.00136435	0.0022883	0.00171162	0.00119505	0.00106494	0.00155459	0.00167447	0.000358493	0.00113381	0.00121313	0.00140148	0.00144725	0.000867977	0.00203547	0.00150341	0.00270866	0.0010122	0.0035582	0.00163631	0.00164114	0.00239588	0.0019231	0.00210318	0.000453263	0.00118926	0.00254204	0.00160357	0.00130393	0.00116066	0.00116006	0.00102228	0.00145781	0.00130252	0.00125873	0.00141224	0.00115135	0.00149398	0.00228455	0.00200745	0.000746458	0.00131896	0.00120112	0.00160914	0.00183503	0.000944495	0.00140334	0.00100573	0.00202041	0.00161898	0.00150421	0.00156372	0.000486258	0.00143786	0.00138653	0.000791568	0.00124504	0.00183432	0.00137969	0.00113685	0.00237528	0.00167872	0.00164354	0.0021041	0.000757342	0.00228126	0.00154428	0.00122118	0.00110557	0.00157683	0.00223024	0.00193212	0.00168383	0.00201733	0.00241972	0.0011438	0.00134485	0.00230578	0.00142105	0.00281425	0.00158958	0.000768465	0.00162354	0.000504602	0.00159082	0.00184051	0.00082927	0.00166865	0.00105295	0.00117275	0.00124626	0.0020334	0.0015638	0.000637179	0.000911983	0.00113929	0.000806573	0.00156614	0.00107814	0.00100762	0.00164182	0.003006	0.00206201	0.00149632	0.00102722
PWY-5514: UDP-N-acetyl-D-galactosamine biosynthesis II	0.0	0.0	0.0	0.0	0.0	0.0	0.0	0.0	0.0	0.0	0.0	0.0	0.0	0.0	0.0	0.0	0.0	0.0	0.0	0.0	0.0	0.0	0.0	0.0	0.0	0.0	0.0	0.0	0.0	0.0	0.0	0.0	0.0	0.0	0.0	0.0	0.0	0.0	0.0	7.20099e-06	0.0	0.0	0.0	0.0	5.35854e-06	0.0	0.0	0.0	0.0	0.0	0.0	0.0	0.0	0.0	0.0	0.0	2.33188e-05	0.0	0.0	0.0	0.0	0.0	0.0	0.0	0.0	0.0	0.0	0.0	0.0	0.0	0.0	0.0	0.0	0.0	0.0	0.0	0.0	0.0	0.0	0.0	0.0	0.0	0.0	0.0	0.0	0.0	0.0	0.0	0.0	0.0	0.0	0.0	0.0	0.0	0.0	0.0	0.0	0.0	0.0	0.0	0.0	0.0	0.0	0.0	0.0	0.0	0.0	0.0	0.0	0.0	0.0	0.0	0.0	0.0	0.0	0.0	1.93991e-05	0.0	0.0	0.0	0.0	0.0	0.0	0.0	0.0
PWY-5531: 3,8-divinyl-chlorophyllide a biosynthesis II (anaerobic)	0.0	0.0	0.0	8.76896e-05	1.92453e-05	0.0	0.0	0.0	0.0	0.0	0.0	0.0	0.0	0.0	2.70095e-05	4.89348e-05	0.0	0.0	0.0	0.0	0.0	0.0	0.0	0.0	0.0	1.9224e-05	0.0	0.0	0.0	0.0	0.0	0.0	0.0	0.0	0.0	0.0	0.0	0.0	0.0	0.0	0.0	0.0	0.0	0.0	0.0	0.0	0.0	0.0	0.0	0.0	3.56361e-05	0.0	0.0	0.0	0.0	0.0	0.0	0.0	0.0	0.0	0.0	0.0	0.0	0.0	0.0	0.0	0.0	1.17897e-05	0.0	0.0	0.0	0.0	0.0	0.0	0.0	0.0	0.0	0.0	0.0	0.0	0.0	0.0	0.0	0.0	0.0	0.0	0.0	0.0	0.0	7.08402e-05	0.0	0.0	0.0	0.0	0.0	0.0	0.000154729	0.0	0.0	0.0	0.0	3.68642e-05	0.0	0.0	0.0	0.0	0.0	0.0	0.0	0.0	0.0	0.0	0.0	0.0	0.0	0.0	2.11094e-05	0.0	0.0	0.0	0.0	0.0	0.0	0.0	0.0
PWY-5532: nucleoside and nucleotide degradation (archaea)	0.0	0.0	0.0	0.0	0.0	0.0	0.0	0.0	0.0	0.0	0.0	0.0	0.0	0.0	0.0	0.0	0.0	0.0	0.0	0.0	0.0	0.0	0.0	0.0	0.0	0.0	0.0	0.0	0.0	0.0	0.0	0.0	0.0	0.0	0.0	0.0	0.0	0.0	0.0	0.0	0.0	0.0	0.0	0.0	0.0	0.0	0.0	0.0	0.0	0.0	0.0	0.0	0.0	0.0	0.0	0.0	0.0	0.0	0.0	0.0	0.0	0.0	0.0	0.0	0.0	0.0	0.0	0.0	0.0	0.0	0.0	0.0	0.0	0.0	0.0	0.0	0.0	0.0	0.0	0.0	0.0	0.0	0.0	0.0	0.0	0.0	0.0	0.0	2.14577e-05	0.0	0.0	0.0	0.0	0.0	0.0	0.0	0.0	0.0	0.0	0.0	0.0	0.0	0.0	0.0	0.0	0.0	0.0	0.0	0.0	0.0	0.0	0.0	0.0	0.0	0.0	0.0	0.0	0.0	0.0	0.0	0.0	0.0	0.0	0.0	0.0
PWY-561: superpathway of glyoxylate cycle and fatty acid degradation	0.0	0.0	2.67366e-05	0.000441904	5.79617e-05	0.0	0.0	0.000182664	0.0	0.0	0.0	0.0	7.90075e-05	0.0	0.0	0.000108781	0.0	0.0	3.7095e-05	0.0	0.000575377	0.0	0.000186402	0.000613564	0.0	0.00102853	2.54812e-05	0.00132292	0.0	0.000248614	0.000182228	0.000665749	0.0	0.00019094	0.0	0.0	2.92788e-05	0.0	0.0	0.0	6.62532e-05	0.0	2.23503e-05	0.0	0.000275513	0.00248561	0.0	0.000315883	0.0	0.0	0.000290162	7.69736e-05	0.000124481	0.0	0.00212022	4.7716e-05	0.000105436	0.0	0.0	8.08942e-05	0.0	3.88216e-05	0.0	0.000506057	0.00178493	0.000405463	4.42972e-05	0.0	0.000146277	0.0	0.0	0.0	0.000126823	0.00102711	0.0	0.000272958	0.0	0.0	0.000466971	0.000890252	0.0	0.0	0.0	0.000132534	0.0	2.74149e-05	5.7252e-05	0.000163775	4.63692e-05	0.000244334	0.0	0.0	0.0	3.44983e-05	0.0	0.0	0.000674895	9.18274e-05	4.00434e-05	0.0	0.0	0.0	0.0	0.0	0.0	3.39345e-05	0.0	0.0	3.62485e-05	0.0	0.00281416	0.000131657	0.0	0.0	0.0	6.43393e-05	0.00079593	0.000127515	6.84776e-05	0.000408604	0.0	0.0	3.01071e-05	0.0	0.0
PWY-5647: 2-nitrobenzoate degradation I	0.0	0.0	0.0	0.0	0.0	0.0	0.0	0.0	0.0	0.0	0.0	0.0	0.0	0.0	0.0	0.0	0.0	0.0	0.0	0.0	0.0	0.0	0.0	0.0	0.0	1.25498e-05	0.0	0.0	0.0	0.0	0.0	0.0	0.0	0.0	0.0	0.0	0.0	0.0	0.0	0.0	0.0	0.0	0.0	0.0	0.0	0.0	0.0	0.0	0.0	0.0	0.0	0.0	0.0	0.0	0.0	0.0	0.0	0.0	0.0	0.0	0.0	0.0	0.0	0.0	0.0	0.0	0.0	0.0	0.0	0.0	0.0	0.0	0.0	0.0	0.0	0.0	0.0	0.0	0.0	0.0	0.0	0.0	0.0	0.0	0.0	0.0	0.0	0.0	0.0	0.0	0.0	0.0	0.0	0.0	0.0	0.0	0.0	0.0	0.0	0.0	0.0	0.0	0.0	0.0	0.0	0.0	0.0	0.0	0.0	0.0	0.0	0.0	0.0	0.0	0.0	0.0	0.0	0.0	0.0	0.0	0.0	0.0	0.0	0.0	0.0
PWY-5654: 2-amino-3-carboxymuconate semialdehyde degradation to 2-hydroxypentadienoate	0.0	9.50629e-06	0.0	0.0	0.0	0.0	0.0	0.0	0.0	0.0	0.0	0.0	0.0	0.0	0.0	0.0	0.0	0.0	0.0	0.0	0.0	0.0	0.0	0.0	0.0	1.26222e-05	0.0	0.0	0.0	0.0	0.0	2.95259e-05	0.0	0.0	0.0	0.0	0.0	0.0	0.0	0.0	2.56703e-06	0.0	0.0	0.0	3.66142e-06	0.0	0.0	0.0	0.0	0.0	0.0	0.0	0.0	0.0	0.0	0.0	0.0	0.0	0.0	0.0	0.0	0.0	0.0	2.47632e-06	0.0	0.0	0.0	0.0	0.0	0.0	0.0	0.0	2.46263e-06	0.0	0.0	0.0	0.0	0.0	0.0	0.0	0.0	0.0	0.0	0.0	0.0	0.0	0.0	0.0	0.0	0.0	0.0	0.0	0.0	0.0	0.0	0.0	0.0	0.0	0.0	0.0	0.0	0.0	0.0	0.0	0.0	0.0	0.0	0.0	0.0	0.0	2.64793e-05	0.0	0.0	0.0	0.0	0.0	0.0	0.0	0.0	0.0	0.0	0.0	0.0	0.0	0.0
PWY-5656: mannosylglycerate biosynthesis I	0.0	0.0	0.0	0.000178225	9.38595e-06	0.0	0.0	6.39571e-05	0.0	0.0	0.0	0.0	3.23314e-05	0.0	0.0	2.42219e-05	0.0	0.0	0.0	0.0	0.000233074	0.0	1.7208e-05	0.000220814	1.04124e-05	0.000409588	1.41641e-05	0.000642443	0.0	3.73203e-05	4.34211e-05	0.00011587	0.0	6.83588e-05	0.0	0.0	0.0	0.0	0.0	4.69851e-06	2.86313e-06	0.0	0.0	0.0	0.0	0.0012976	0.0	3.12549e-05	0.0	0.0	0.000138248	0.0	0.0	0.0	0.00155466	0.0	4.95824e-05	0.0	0.0	0.00012179	0.0	3.63421e-05	1.54171e-05	0.0	0.000939952	7.20041e-05	1.06415e-05	0.0	1.52972e-05	0.0	0.0	0.0	0.0	0.000501686	0.0	6.23533e-05	0.0	0.0	0.000161274	0.000377391	9.61262e-06	0.0	0.0	0.0	0.0	0.0	0.0	6.77496e-05	0.0	6.53753e-05	0.0	1.53538e-05	4.46186e-05	4.90684e-05	0.0	0.0	0.000370723	4.64326e-05	0.0	0.0	0.0	0.0	0.0	0.0	0.0	9.53308e-06	0.0	0.0	0.0	0.0	0.0017514	3.39126e-05	0.0	0.0	1.95345e-05	1.85486e-05	0.000476315	3.09425e-06	0.0	0.000110219	0.0	0.0	0.0	0.0	0.0
PWY-5659: GDP-mannose biosynthesis	0.00336795	0.00222148	0.0022431	0.00298764	0.00227996	0.00423836	0.00180267	0.00220238	0.00291652	0.00124594	0.00362404	0.00449649	0.00231312	0.00193396	0.00489621	0.00158478	0.0018974	0.00185738	0.00521581	0.00198164	0.00329696	0.00241324	0.0025615	0.00257266	0.00415845	0.00284586	0.00373936	0.00370702	0.00438917	0.00369877	0.0016485	0.00314304	0.00190296	0.00289868	0.00340714	0.00476454	0.00295248	0.00539089	0.00173748	0.00133247	0.0028597	0.00336709	0.0034855	0.00193292	0.00168577	0.00251688	0.00426701	0.00339529	0.00271933	0.00438979	0.00397723	0.00151604	0.000658741	0.00256679	0.00364421	0.00283915	0.00192543	0.00315416	0.00338152	0.00197568	0.00148849	0.00487422	0.002421	0.00236614	0.00278805	0.00207287	0.00548587	0.0017735	0.00398326	0.00296968	0.00344819	0.00365649	0.00206353	0.00265493	0.00293391	0.00155906	0.00194831	0.00362895	0.00282506	0.00213886	0.00242441	0.00329706	0.0033905	0.00147386	0.00314068	0.00401778	0.00232283	0.00373077	0.00320143	0.00271789	0.00220953	0.00419867	0.00322336	0.00237278	0.00487419	0.00263947	0.00183815	0.00270955	0.00327918	0.00258283	0.00415795	0.00464137	0.00304884	0.00106798	0.00294343	0.00527636	0.00295251	0.00207768	0.0038071	0.00511511	0.00317333	0.00247266	0.00452901	0.00291356	0.00165852	0.00315505	0.00195373	0.00329467	0.00149112	0.00365993	0.00318064	0.00240243	0.00303923	0.0051097	0.0028455
PWY-5667: CDP-diacylglycerol biosynthesis I	0.00974188	0.00978598	0.0105933	0.00970451	0.00814163	0.0101742	0.00859368	0.0108093	0.00856145	0.00981499	0.0093466	0.00823356	0.0115411	0.0101037	0.0094046	0.00956072	0.00958207	0.0100217	0.00997742	0.00921755	0.00858366	0.010283	0.0106875	0.00863207	0.00973229	0.00812182	0.00931461	0.00739725	0.00857708	0.0112715	0.0094756	0.00898486	0.0118758	0.0103978	0.00986746	0.00941569	0.00986689	0.0101498	0.00841643	0.00893636	0.00849932	0.00813926	0.00802269	0.00866572	0.00931934	0.00529921	0.00927664	0.00950165	0.0101248	0.0100451	0.00935361	0.00745878	0.00799076	0.00990612	0.00625445	0.00880748	0.00825058	0.00955355	0.00911354	0.0105958	0.0127958	0.00941609	0.00932938	0.00751451	0.00767346	0.009714	0.00935296	0.0106985	0.00934958	0.00844689	0.0101387	0.0102152	0.00950344	0.00748891	0.0100503	0.0108839	0.0118008	0.0102138	0.00966771	0.00675515	0.00800399	0.0102535	0.00774179	0.00918691	0.0116233	0.00807961	0.0079854	0.00924899	0.00942629	0.00875019	0.0104339	0.0100897	0.00876097	0.00839917	0.00890677	0.00875959	0.009078	0.00973951	0.0086032	0.00997364	0.00958451	0.0104546	0.00794793	0.00647135	0.0093959	0.00944477	0.0110018	0.00798871	0.00936388	0.00903282	0.00484124	0.00951967	0.00852143	0.00723723	0.00854493	0.00788081	0.00541222	0.00904556	0.00890902	0.0074937	0.0101164	0.00892442	0.00902494	0.00926362	0.00863517
PWY-5675: nitrate reduction V (assimilatory)	0.0	0.0	2.43309e-05	0.000272658	3.14901e-05	1.84697e-05	0.0	0.000233963	0.0	0.0	0.0	0.0	3.42277e-05	0.0	0.0	2.10796e-05	0.0	4.04142e-06	4.73657e-05	0.0	0.00051053	9.17041e-06	0.000136971	0.000445821	3.10353e-05	0.00080744	0.0	0.00109727	0.0	0.000131268	7.0271e-05	0.000280976	9.17197e-06	6.75132e-05	0.0	2.21186e-05	2.97274e-05	1.86064e-05	0.0	2.0588e-05	1.55748e-05	8.89049e-06	2.34463e-05	0.0	0.000151527	0.00304061	0.0	0.000173524	5.35062e-06	5.39505e-05	0.000169299	7.91958e-05	0.000137537	0.0	0.00235672	0.000139333	9.62799e-05	0.0	3.01455e-05	0.000129966	0.0	0.0	6.95826e-06	0.000479139	0.00202769	0.000283452	1.63793e-05	3.19767e-05	2.80749e-05	0.0	0.0	9.35934e-05	9.41219e-05	0.000844183	0.0	0.000167492	0.0	0.0	0.000296894	0.000701738	0.0	0.0	1.55252e-05	4.38354e-05	0.0	2.74869e-05	3.3435e-05	9.18133e-05	3.82923e-05	0.000271175	1.90258e-05	0.0	0.0	5.99808e-05	0.0	0.0	0.000366041	7.52737e-05	4.48447e-05	0.0	0.0	0.0	0.0	0.0	0.0	0.0	0.0	0.0	0.0	0.0	0.00280312	6.19212e-05	0.0	0.0	0.0	9.46947e-05	0.000664606	0.000105309	0.0	0.000231535	3.06856e-05	1.50246e-05	3.67065e-05	0.0	0.0
PWY-5676: acetyl-CoA fermentation to butanoate II	0.00118016	0.00114628	0.00072596	0.00128892	0.000255057	0.000434482	0.00050655	0.000854556	0.000750166	0.000635346	0.000456058	0.000698519	0.000860428	0.000978176	0.00114733	0.000604824	0.00118825	0.00032587	0.000367767	0.000241148	0.000717458	0.000547964	0.000847852	0.000926902	0.000782627	0.00147031	0.000408981	0.00136253	0.000301255	0.000697813	0.000390266	0.000554056	0.000622105	0.00134535	0.000466962	0.000467571	0.000216745	0.00038853	0.00110217	0.000820229	0.00101986	0.00105207	0.000457017	0.000480526	0.000122285	0.00219699	0.00107183	0.000989119	0.000323478	0.000558239	0.0008183	0.00039048	0.000577258	0.000587265	0.000935042	0.000636719	0.000602448	0.000722706	0.000980519	0.000627197	0.00079491	0.000328215	0.000536325	0.000587934	0.0019221	0.000739012	0.000242375	0.000808184	0.000779708	0.00106323	0.000222216	0.000207594	0.000670323	0.00134737	0.00109744	0.00062405	0.000760576	0.000395364	0.00057222	0.00152146	0.000710283	0.000394296	0.000410975	0.00034686	0.000214569	0.00186123	0.0017296	0.000892616	0.000842003	0.000699898	0.000637423	0.000509558	0.0005684	0.00108876	0.000439434	0.000458422	0.00121684	0.000771079	0.000441325	0.000670767	0.000532352	0.000767126	0.000928802	0.000549811	0.000722747	0.000731911	0.000484002	0.000706985	0.000406797	0.000524426	0.00241442	0.000744117	0.00098125	0.000161472	0.000199174	0.000846046	0.00160278	0.000381783	0.000518041	0.0010931	0.000571404	0.000514869	0.00080093	0.000290941	0.000659594
PWY-5677: succinate fermentation to butanoate	0.000372772	0.000103983	0.000137863	0.000101358	0.0	1.55997e-05	5.27673e-05	0.0	8.66061e-05	0.0	3.44732e-05	0.0	2.29642e-05	2.35499e-05	1.21357e-05	5.79818e-05	5.60678e-05	0.0	0.0	1.3339e-05	3.66742e-05	6.86304e-05	3.39798e-05	6.15617e-05	0.000114356	0.000204129	2.90577e-05	0.0	3.37874e-05	0.0	0.0	0.0	0.0	0.000215394	1.69542e-05	0.0	1.44408e-05	1.49196e-05	0.0	6.413e-05	0.000132839	6.11178e-05	9.56991e-06	0.0	0.0	0.0	0.000121667	0.0	0.0	0.0	4.69222e-05	6.44685e-05	0.0	0.0	7.04003e-05	0.0	0.0	0.0	4.12776e-05	0.0	0.0	2.24453e-05	0.0	0.0	0.0	0.0	0.0	0.000149535	7.10779e-05	0.0	0.0	0.0	0.0	0.0	0.0	0.0	0.0	0.0	0.0	0.000227538	0.0	0.0	0.0	0.0	0.0	0.000113743	3.89955e-05	9.19583e-05	0.0	7.66094e-05	0.0	0.0	0.0	7.35318e-05	8.04628e-06	0.0	6.16494e-05	0.0	0.0	0.0	0.0	0.00015613	0.000111171	7.10488e-05	0.0	0.0	0.0	2.67351e-05	0.0	0.0	0.0	0.0	0.0	0.0	0.0	0.0	0.000133622	0.0	0.000118581	0.000165219	0.0	5.37602e-05	0.0	1.48272e-05	0.0
PWY-5686: UMP biosynthesis I	0.0113916	0.0118216	0.01231	0.011204	0.0129999	0.0129014	0.0159618	0.0134457	0.0121471	0.013848	0.0111105	0.0125879	0.014783	0.0124049	0.0101764	0.0133772	0.0135843	0.0128721	0.0126465	0.0142728	0.0110839	0.012435	0.0120699	0.0112796	0.0115439	0.0110327	0.0117154	0.00887609	0.0109986	0.0123964	0.0147322	0.0111967	0.0134807	0.0117742	0.0114597	0.0131373	0.0125387	0.010883	0.0141867	0.0146	0.0117307	0.0128082	0.0119379	0.0132344	0.0149815	0.00694907	0.0115464	0.0120762	0.0123221	0.0108013	0.0107419	0.0134546	0.0142978	0.0133576	0.00699028	0.0117009	0.0136491	0.0127494	0.0110296	0.0134413	0.0144526	0.0143177	0.0122801	0.012641	0.00859104	0.0130734	0.0139469	0.0130208	0.010977	0.0123516	0.0129245	0.0139236	0.0140849	0.0121476	0.0137583	0.0105736	0.0114794	0.0126873	0.0120337	0.0109729	0.015325	0.0111011	0.0149971	0.0154859	0.0173177	0.012756	0.0116363	0.0107166	0.01296	0.0118234	0.0139916	0.0130642	0.0123092	0.0122421	0.0130957	0.0132254	0.0102812	0.0124978	0.0132726	0.0121363	0.0128031	0.012466	0.011245	0.0149604	0.01311	0.012356	0.0109868	0.0164753	0.0124491	0.0114929	0.00622946	0.0122678	0.0120143	0.0153262	0.0160408	0.0127783	0.00986467	0.0138618	0.0130741	0.0124733	0.012548	0.0129771	0.0112555	0.012746	0.013562
PWY-5690: TCA cycle II (plants and fungi)	0.000273885	0.00038322	0.000540956	0.000285861	4.11247e-05	0.000254945	8.4349e-05	0.00019749	0.0	4.00972e-05	0.000157555	0.000238123	0.00055646	0.000525938	0.000266354	0.000384567	0.000155493	0.000270864	0.000232252	0.000483418	0.000192964	0.000391461	0.000207151	0.000397988	0.0	3.59414e-05	0.000236591	0.000562476	0.0	0.000401006	8.43307e-05	0.000407394	0.0	0.000351007	9.54564e-05	0.000190155	0.000286991	0.000481576	0.000270561	0.000151162	0.000632093	0.000417822	0.000431695	0.000393366	5.26776e-05	9.88313e-05	0.000334877	0.000140715	0.000352388	0.000497248	0.000629704	0.000226276	0.000170961	0.00022607	0.000180019	0.000214661	8.13709e-05	9.20136e-05	0.000290483	0.000484029	6.20165e-05	0.000154449	0.000342903	9.72399e-05	0.0	0.00029172	0.000389301	0.000184256	6.07061e-05	0.000275255	0.000188097	0.000240056	0.000112814	0.000135316	0.000166703	9.79716e-05	4.38915e-05	0.000238881	0.0	0.0002681	0.000194546	0.000487804	0.000277021	0.000203485	0.000153125	0.000546559	0.000443483	0.000274621	6.81468e-05	0.000128608	0.000167092	0.000173165	0.000261487	0.000519031	0.000266851	0.000221206	0.000142562	0.000137249	8.16282e-05	0.000184563	0.000175905	0.000568728	4.89243e-05	6.42723e-05	0.000532813	0.000185888	0.0	0.000273466	0.000128734	0.000341002	4.89079e-05	0.000360923	0.000291462	6.4734e-05	0.000280758	5.87651e-05	1.92712e-05	0.00025728	0.00012058	0.000166189	0.000478028	0.000117147	0.000647965	0.00025489	0.000210274
PWY-5692: allantoin degradation to glyoxylate II	0.0	0.0	0.0	9.26578e-06	0.0	0.0	0.0	3.22532e-06	0.0	0.0	0.0	0.0	0.0	0.0	0.0	5.81265e-06	0.0	0.0	4.24066e-06	0.0	3.29175e-05	0.0	2.23299e-05	2.43635e-05	0.0	9.63025e-06	0.0	2.06004e-05	0.0	5.80925e-06	4.23043e-06	1.94199e-05	0.0	5.02227e-06	0.0	0.0	5.0082e-06	0.0	0.0	0.0	0.0	0.0	0.0	0.0	0.0	0.000100739	0.0	1.75457e-05	0.0	0.0	2.01122e-05	0.0	0.0	0.0	0.000139222	0.0	3.29381e-06	0.0	0.0	0.0	0.0	0.0	0.0	0.0	0.0	6.14841e-06	0.0	0.0	0.0	0.0	0.0	0.0	0.0	0.0	0.0	2.08143e-05	0.0	0.0	1.48517e-05	1.39854e-05	0.0	0.0	0.0	0.0	0.0	0.0	0.0	1.79705e-05	0.0	0.0	0.0	0.0	0.0	0.0	0.0	0.0	6.14919e-06	0.0	0.0	0.0	0.0	0.0	0.0	0.0	0.0	0.0	0.0	0.0	0.0	0.0	0.000187608	0.0	0.0	0.0	0.0	0.0	3.43369e-05	0.0	0.0	1.43101e-05	0.0	0.0	0.0	0.0	0.0
PWY-5695: inosine 5'-phosphate degradation	0.0102493	0.0088591	0.00809276	0.00841853	0.00969646	0.00855514	0.00915938	0.00668779	0.00948356	0.00852726	0.0086205	0.0100317	0.0089126	0.0090314	0.00923398	0.00852515	0.0106465	0.00887092	0.0074178	0.0100217	0.00999525	0.00950545	0.0103076	0.00906521	0.00919221	0.00846259	0.0100672	0.00847258	0.00983751	0.00951203	0.011639	0.00950704	0.00809089	0.0108853	0.00965703	0.0105372	0.00891223	0.00964704	0.0115655	0.00916859	0.00922122	0.00886263	0.00950704	0.00889032	0.00661666	0.00696407	0.00809938	0.00919031	0.00966457	0.00852245	0.00950719	0.0121542	0.0097191	0.00855569	0.00650397	0.0101949	0.010336	0.00979729	0.00971799	0.0106729	0.0101777	0.00640233	0.00794206	0.00808538	0.00738809	0.0098179	0.00967246	0.00876783	0.00935668	0.00875059	0.00977795	0.00980883	0.00683081	0.00815808	0.00939987	0.00505798	0.00907289	0.00846272	0.00991982	0.00934604	0.0116127	0.0091571	0.00968663	0.00786952	0.00650778	0.00983473	0.00810612	0.00976064	0.0108401	0.00940572	0.00776184	0.00890801	0.00908744	0.0107928	0.00786931	0.0096927	0.0100462	0.00934138	0.0084319	0.00951843	0.0091684	0.0105072	0.00945032	0.0097801	0.00932344	0.00791316	0.0102471	0.0116703	0.00992729	0.00995894	0.00652898	0.00798981	0.00780521	0.0122295	0.00858378	0.00811877	0.0080892	0.0092322	0.00841925	0.00927953	0.00919719	0.0103271	0.00845287	0.0108396	0.009704
PWY-5705: allantoin degradation to glyoxylate III	0.0	0.0	0.0	6.20017e-05	4.17016e-06	0.0	0.0	2.7935e-05	0.0	0.0	0.0	0.0	3.7179e-06	0.0	0.0	5.87958e-06	0.0	0.0	4.2533e-06	0.0	4.93612e-05	0.0	3.07641e-05	3.69649e-05	0.0	0.000147927	0.0	0.000268014	0.0	4.57398e-05	2.38156e-05	0.00014885	0.0	3.12663e-05	0.0	0.0	7.69516e-06	0.0	0.0	2.08754e-06	0.0	0.0	2.75132e-06	0.0	0.0	0.000246717	0.0	2.13166e-05	0.0	0.0	6.07383e-05	0.0	0.0	0.0	0.000404425	7.78157e-06	2.64612e-05	0.0	0.0	0.0	0.0	0.0	0.0	0.0	0.000158941	3.72023e-05	0.0	0.0	2.4263e-05	0.0	0.0	0.0	0.0	7.1262e-05	0.0	5.80144e-05	0.0	0.0	5.00595e-05	6.01017e-05	0.0	0.0	0.0	8.39744e-06	0.0	0.0	0.0	2.8233e-05	0.0	2.53097e-05	0.0	0.0	0.0	0.0	0.0	0.0	0.000132722	0.0	0.0	0.0	0.0	0.0	0.0	0.0	0.0	3.35475e-06	0.0	0.0	0.0	0.0	0.000293786	4.76463e-06	0.0	0.0	0.0	0.0	0.000112788	0.0	0.0	3.44733e-05	0.0	0.0	0.0	0.0	0.0
PWY-5723: Rubisco shunt	0.00234449	1.89125e-05	5.25535e-05	0.000646118	0.000203677	3.79536e-05	3.06586e-05	0.000286601	0.00013475	0.0	0.0	0.0	3.32711e-05	0.0	0.0	0.000160767	0.0	0.0	5.49366e-05	0.0	0.00148506	0.0	0.000182322	0.000805677	7.99629e-05	0.00106111	0.0	0.00181768	0.0	0.000318408	0.000167406	0.000907637	9.83059e-05	0.000346075	0.0	0.0	1.36456e-05	2.20919e-05	6.08825e-05	3.49803e-05	1.65978e-05	1.04969e-05	5.67291e-05	0.0	0.000255498	0.00320642	0.0	0.000261612	6.14212e-05	8.98337e-05	0.00365921	0.000224992	0.0	0.0	0.00329898	6.42482e-05	0.000206703	0.0	0.0	9.15054e-05	0.0	2.13951e-05	0.0	0.000321001	0.00196073	0.00047216	6.48869e-05	1.34128e-05	4.66162e-05	3.04482e-05	0.0	0.00010898	0.000168012	0.00110753	8.60746e-05	0.000420153	5.71527e-05	0.0	0.000448934	0.00089707	0.0	0.0	3.05556e-05	4.31095e-05	0.0	0.0	3.66718e-05	0.000185678	6.15508e-05	0.000329146	0.000186342	0.0	4.08381e-05	0.000122391	0.0	2.83778e-05	0.00114119	8.63034e-05	7.53691e-05	0.0	0.0	1.77183e-05	0.0	0.0	0.0	0.0	0.0	8.53667e-05	0.000130662	0.000162692	0.00342417	5.00707e-05	0.0	0.0	0.0	0.000119806	0.00148412	0.000141937	0.0	0.000870178	0.0	2.87535e-05	6.15306e-05	2.19017e-05	0.0
PWY-5724: superpathway of atrazine degradation	0.0	0.0	0.0	0.0	1.08568e-05	0.0	0.0	0.0	0.0	0.0	0.0	0.0	0.0	0.0	0.0	0.0	0.0	0.0	0.0	0.0	0.0	0.0	0.0	0.0	0.0	0.0	0.0	0.0	0.0	0.0	0.0	0.0	0.0	0.0	0.0	0.0	0.0	0.0	0.0	0.0	0.0	0.0	0.0	0.0	0.0	0.0	0.0	0.0	0.0	0.0	0.0	0.0	0.0	0.0	0.0	1.34886e-05	0.0	0.0	0.0	0.0	0.0	0.0	0.0	0.0	0.0	0.0	0.0	0.0	0.0	0.0	0.0	0.0	0.0	0.0	0.0	0.0	0.0	0.0	0.0	0.0	0.0	0.0	0.0	0.0	0.0	0.0	0.0	0.0	0.0	0.0	0.0	0.0	0.0	0.0	0.0	0.0	0.0	0.0	0.0	0.0	0.0	0.0	0.0	0.0	0.0	0.0	0.0	0.0	0.0	0.0	0.0	0.0	0.0	0.0	0.0	0.0	0.0	0.0	0.0	0.0	0.0	0.0	0.0	0.0	0.0
PWY-5747: 2-methylcitrate cycle II	0.0	0.0	0.0	5.93962e-05	6.69368e-06	0.0	1.60498e-05	4.2642e-06	0.0	0.0	0.0	0.0	3.62793e-06	0.0	0.0	0.0	0.0	0.0	0.0	0.0	4.01458e-05	0.0	5.50417e-06	5.77308e-05	1.00643e-05	6.90813e-05	0.0	0.000118991	0.0	1.29855e-05	1.08414e-05	9.22264e-05	0.0	7.57167e-06	0.0	0.0	0.0	0.0	0.0	0.0	2.08462e-06	0.0	0.0	0.0	0.0	0.000116648	0.0	4.27032e-06	0.0	0.0	0.0	0.0	0.0	0.0	0.000389196	0.0	4.54677e-06	0.0	0.0	7.23927e-06	0.0	0.0	0.0	2.10617e-05	0.000186432	4.24952e-05	0.0	0.0	6.39117e-06	0.0	0.0	9.97248e-06	8.00113e-05	7.33755e-05	0.0	4.00246e-05	0.0	0.0	3.74698e-05	0.000112225	0.0	0.0	0.0	4.5694e-06	0.0	0.0	0.0	3.69101e-06	0.0	2.08756e-05	0.0	0.0	0.0	0.0	0.0	0.0	8.28772e-05	0.0	0.0	0.0	0.0	0.0	0.0	0.0	0.0	0.0	0.0	0.0	0.0	0.0	0.000358903	1.77005e-05	0.0	0.0	0.0	0.0	0.000111746	0.0	0.0	3.72938e-05	0.0	0.0	0.0	0.0	0.0
PWY-5837: 2-carboxy-1,4-naphthoquinol biosynthesis	0.00041197	0.00014956	0.000175386	0.000340507	0.000156809	0.000138153	4.76118e-05	0.000119867	0.000213444	7.21678e-05	6.83777e-05	6.30243e-05	1.87695e-05	0.0	0.00101861	3.90958e-05	0.0	0.000123408	4.05414e-05	2.46289e-05	0.000337067	6.78213e-05	0.000140822	0.000353103	0.000468412	0.000578017	0.000154856	0.000785782	0.000165517	8.42358e-05	3.79375e-05	0.000237968	2.27709e-05	0.000170323	0.00030754	1.61173e-05	0.000372398	0.000140984	3.97229e-05	2.35164e-05	1.73136e-05	2.81857e-05	3.12778e-05	7.2171e-05	0.000149539	0.00155929	0.00022178	0.000124251	0.0	0.000213417	0.000328611	5.85179e-05	7.69271e-05	3.01355e-05	0.00146755	5.29509e-05	0.00013317	0.000172386	4.22496e-05	8.72959e-05	0.0	6.17066e-05	0.0	0.000410096	0.000803106	0.000225162	6.32605e-05	0.000149843	0.000157985	9.40805e-05	0.000212197	0.000103064	0.000104831	0.000343099	4.3642e-05	0.000473435	0.0	6.20445e-05	0.000165028	0.000609939	0.0	0.0	2.78689e-05	0.000118869	0.0	4.95867e-05	0.000128662	9.50661e-05	7.11858e-05	0.000262445	3.24201e-05	0.0	0.0	0.0	9.06387e-05	3.53797e-05	0.00053483	0.000350505	2.91634e-05	0.00018381	0.0	2.05794e-05	9.94193e-05	0.0	0.000103602	8.33917e-05	0.0	3.169e-05	9.87629e-05	6.56686e-05	0.00142719	2.3921e-05	9.72998e-05	0.0	3.78763e-05	9.00525e-05	0.00067027	6.84337e-05	0.000153152	0.000233816	9.1001e-05	8.7052e-05	5.06047e-05	0.0	0.000140206
PWY-5838: superpathway of menaquinol-8 biosynthesis I	0.00118765	0.000474336	0.000538515	0.00100496	0.000500012	0.000436903	0.000156942	0.000340271	0.000663588	0.000235713	0.000226772	0.000208737	6.29497e-05	0.0	0.00234835	0.000130502	0.0	0.000389751	0.000133946	8.26469e-05	0.000990823	0.000216866	0.000448889	0.00100286	0.00129415	0.00153326	0.00049175	0.00184966	0.000540025	0.000269999	0.000126282	0.000709092	7.57323e-05	0.000543913	0.000919022	5.4814e-05	0.000993018	0.000460409	0.000134226	7.97155e-05	5.88291e-05	9.4686e-05	0.000105561	0.000239159	0.000424609	0.00244154	0.0006383	0.000388086	0.0	0.000673798	0.000953345	0.000191417	0.000247779	0.000101036	0.00253945	0.000177615	0.000425883	0.000535155	0.000141336	0.00027952	0.0	0.00019462	0.0	0.000981706	0.00184931	0.000666407	0.000207608	0.000447375	0.000503036	0.000299805	0.000662606	0.000332761	0.000230485	0.000872376	0.000144194	0.000755384	0.0	0.000201316	0.000524337	0.00147875	0.0	0.0	9.27964e-05	0.000366286	0.0	0.000164793	0.000403275	0.000312768	0.000235048	0.000796672	0.000107426	0.0	0.0	0.0	0.000289478	0.000117684	0.0013653	0.0010032	9.72958e-05	0.00057597	0.0	6.997e-05	0.000321321	0.0	0.00033586	0.000262349	0.0	0.000105262	0.000312193	0.000215546	0.0021032	8.03726e-05	0.000302618	0.0	0.000122642	0.000285214	0.00179992	0.000224778	0.000491575	0.000712372	0.000296481	0.00028766	0.000168915	0.0	0.000433664
PWY-5840: superpathway of menaquinol-7 biosynthesis	0.00116902	0.000345259	0.000420576	0.000611093	0.000463936	0.000436543	0.000154472	0.00032672	0.00059931	0.000230813	0.000172449	0.000207999	6.26709e-05	0.0	0.000630196	0.000122754	0.0	0.000383549	0.000132135	8.11348e-05	0.00095668	0.000211628	0.000440158	0.000863121	0.0011503	0.00121331	0.000479062	0.00130181	0.000450474	0.000270177	8.72175e-05	0.000509061	7.59045e-05	0.000474784	0.000703425	5.22736e-05	0.000745144	0.000353206	7.42595e-05	7.66286e-05	5.52687e-05	8.97446e-05	0.000104436	0.000185348	0.000362828	0.00231993	0.000358869	0.000379703	0.0	0.000447257	0.000961583	0.000182835	0.00025057	0.000100667	0.00219081	0.000157683	0.000398924	0.000499207	0.000129523	0.000273238	0.0	0.000199771	0.0	0.000691887	0.0015162	0.000441467	0.000185491	0.000428176	0.000478632	0.000160607	0.000610921	0.000334716	0.000286488	0.000701439	0.000136223	0.000799276	0.0	0.000176796	0.000512155	0.000905884	0.0	0.0	9.15693e-05	0.000357722	0.0	0.000156627	0.00037737	0.000306203	0.00021073	0.00061127	0.000106749	0.0	0.0	0.0	0.000107497	0.000117735	0.000804247	0.00060319	9.77748e-05	0.000520993	0.0	6.97319e-05	0.000263405	0.0	0.000315595	0.0	0.0	0.000100687	0.000313561	0.000215437	0.00191785	8.00435e-05	0.000155555	0.0	0.000123699	0.000282618	0.000948468	0.000221334	0.000447216	0.000723491	0.000155933	0.000281977	0.000145268	0.0	0.00044051
PWY-5845: superpathway of menaquinol-9 biosynthesis	0.00108642	0.000382006	0.000520555	0.000611093	0.000189667	0.000417671	0.000157345	0.000297482	0.000585682	0.000229101	0.000135604	0.00020587	0.0	0.0	0.00204306	0.000124807	0.0	0.000128686	8.69276e-05	7.77918e-05	0.000938085	0.000167218	0.000421597	0.000930161	0.000638007	0.00117424	0.000368559	0.00170633	0.000523341	0.000261083	0.000122365	0.000689578	0.0	0.000151395	0.00089348	5.4692e-05	3.43145e-05	0.000457856	0.000132998	7.39628e-05	5.74416e-05	5.48479e-05	0.0	0.000228545	0.000235211	0.00231993	0.0	0.000229706	0.0	0.00066739	0.000933918	0.000121291	0.000251525	9.808e-05	0.00219081	0.000177172	0.000371631	0.00051616	0.000137165	0.000120812	0.0	0.000181452	0.0	0.000537917	0.0015162	0.000421841	0.000168844	0.00015625	0.000490967	7.27442e-05	0.00061449	0.000283759	0.0	0.000701439	0.000134692	0.000838449	0.0	0.00019828	0.000518535	0.00080089	0.0	0.0	8.97068e-05	0.0	0.0	0.000101806	7.31975e-05	0.000281505	0.000210253	0.000565226	0.0	0.0	0.0	0.0	7.9711e-05	0.0	0.0012617	0.000167698	0.0	0.000186328	0.0	0.0	0.000324403	0.0	0.000256718	0.000193672	0.0	0.000102729	0.000195155	0.000210465	0.00191785	7.94357e-05	0.000275042	0.0	0.000116032	0.0	0.00167801	0.000199084	0.000410583	0.000552156	0.000181916	0.000106299	0.000168054	0.0	0.000221243
PWY-5850: superpathway of menaquinol-6 biosynthesis	0.00012453	0.000112572	0.0	0.000611093	0.000158422	0.000204458	0.0	0.000131718	0.000149293	5.21292e-05	0.000135604	8.13948e-05	0.0	0.0	0.000464501	7.88619e-05	0.0	0.0	0.0	0.0	0.000613696	0.0	0.000273613	0.000680476	0.000142794	0.00117424	7.61084e-05	0.00130181	0.000363617	0.000114215	8.72175e-05	0.000509061	0.0	0.000151395	0.0	0.0	0.0	0.000211229	0.0	4.28037e-05	0.0	0.0	0.0	0.0	0.000235211	0.00231993	0.0	0.000229706	0.0	0.0	0.000732504	0.000121291	8.45046e-05	0.0	0.00219081	6.81679e-05	1.99438e-05	0.0	0.0	0.000120812	0.0	0.0	0.0	0.000537917	0.0015162	0.000421841	4.05588e-05	0.000103863	0.000204628	7.27442e-05	0.0	0.0	0.0	0.000701439	0.0	0.000719023	0.0	0.0	0.000340088	0.00080089	0.0	0.0	0.0	0.0	0.0	0.000101806	7.31975e-05	0.000205454	7.58287e-05	0.000398956	0.0	0.0	0.0	0.0	0.0	0.0	0.000804247	0.000167698	0.0	0.0	0.0	0.0	0.0	0.0	0.0	0.0	0.0	0.0	0.000195155	0.0	0.00191785	0.0	0.0	0.0	0.0	0.0	0.000948468	8.78845e-05	0.000158093	0.000552156	0.0	6.29301e-05	0.0	0.0	0.000221243
PWY-5855: ubiquinol-7 biosynthesis (early decarboxylation)	0.0	0.0	0.0	0.00013483	6.05996e-06	0.0	0.0	6.45618e-06	0.0	0.0	0.0	0.0	0.0	0.0	0.0	5.0175e-06	0.0	0.0	0.0	0.0	1.82955e-05	0.0	1.26557e-05	7.52437e-05	3.15996e-05	4.61211e-05	0.0	0.00014444	0.0	2.73508e-05	1.10007e-05	6.99545e-05	0.0	4.13969e-05	0.0	0.0	0.0	0.0	0.0	1.92571e-06	1.7121e-06	0.0	3.57395e-06	0.0	0.0	0.00032386	0.0	1.21016e-05	0.0	0.0	0.000180535	1.84916e-05	0.0	0.0	3.35653e-05	0.0	2.10095e-05	0.0	0.0	0.0	0.0	0.0	0.0	0.0	0.000102534	7.3199e-06	0.0	0.0	3.39573e-05	0.0	0.0	0.0	0.0	9.3839e-05	0.0	6.93452e-05	0.0	0.0	9.25445e-06	1.07156e-05	0.0	0.0	0.0	0.0	0.0	0.0	1.53809e-05	4.01629e-05	0.0	9.51179e-06	0.0	0.0	0.0	0.0	0.0	0.0	0.00017898	2.42453e-05	0.0	0.0	0.0	1.04432e-05	0.0	0.0	0.0	0.0	0.0	0.0	0.0	0.0	0.000283609	1.35383e-05	0.0	0.0	0.0	0.0	0.000304202	4.5439e-05	0.0	7.17254e-05	0.0	0.0	0.0	0.0	0.0
PWY-5860: superpathway of demethylmenaquinol-6 biosynthesis I	8.36616e-05	7.5684e-05	0.0	0.000415644	0.000106366	0.000137989	0.0	8.94694e-05	0.000100349	3.48488e-05	9.09958e-05	5.45531e-05	0.0	0.0	0.00031871	5.28415e-05	0.0	0.0	0.0	0.0	0.000425619	0.0	0.000185561	0.000474263	9.60337e-05	0.000836689	5.09824e-05	0.000964556	0.000246211	7.6939e-05	5.85617e-05	0.000353515	0.0	0.000101746	0.0	0.0	0.0	0.000142374	0.0	2.86098e-05	0.0	0.0	0.0	0.0	0.00016113	0.00199717	0.0	0.000156244	0.0	0.0	0.000512412	8.12401e-05	5.65184e-05	0.0	0.00175373	4.5566e-05	1.33101e-05	0.0	0.0	8.10379e-05	0.0	0.0	0.0	0.000368832	0.00115226	0.000289556	2.71171e-05	6.96235e-05	0.000138191	4.8899e-05	0.0	0.0	0.0	0.000484801	0.0	0.000568812	0.0	0.0	0.00023086	0.00056318	0.0	0.0	0.0	0.0	0.0	6.83829e-05	4.91926e-05	0.00013881	5.07539e-05	0.000272492	0.0	0.0	0.0	0.0	0.0	0.0	0.00055852	0.000112897	0.0	0.0	0.0	0.0	0.0	0.0	0.0	0.0	0.0	0.0	0.000132008	0.0	0.00164013	0.0	0.0	0.0	0.0	0.0	0.000659867	5.89914e-05	0.000106091	0.000378889	0.0	4.2111e-05	0.0	0.0	0.000149469
PWY-5861: superpathway of demethylmenaquinol-8 biosynthesis I	0.000854228	0.000327833	0.000371717	0.00069258	0.000340943	0.000299068	0.000105233	0.000238247	0.000459074	0.000159124	0.000152847	0.000141081	4.21373e-05	0.0	0.00182774	8.77349e-05	0.0	0.000267744	9.07194e-05	5.52918e-05	0.00070462	0.000147561	0.000307838	0.000714324	0.00093682	0.00111599	0.000338273	0.00143788	0.00036846	0.00018451	8.50644e-05	0.000500623	5.08162e-05	0.000373359	0.000642333	3.66675e-05	0.000723851	0.000314426	9.00207e-05	5.34008e-05	3.93666e-05	6.37218e-05	7.08849e-05	0.00016142	0.000297479	0.00213445	0.000447851	0.000267719	0.0	0.000467479	0.000676961	0.000128559	0.000166761	6.79493e-05	0.0020999	0.000119233	0.00029056	0.000367584	9.52785e-05	0.000189026	0.0	0.000131522	0.0	0.000689333	0.00145	0.000465419	0.000140471	0.000305457	0.000346276	0.000206895	0.000454129	0.000225854	0.000157307	0.000608389	9.73817e-05	0.000603271	0.0	0.000136093	0.000359485	0.00109041	0.0	0.0	6.21316e-05	0.000251361	0.0	0.00011121	0.00028127	0.000212808	0.000158651	0.000557768	7.21897e-05	0.0	0.0	0.0	0.000196867	7.898e-05	0.000976552	0.00071014	6.53013e-05	0.000396104	0.0	4.6793e-05	0.000219843	0.0	0.000229027	0.000180311	0.0	7.04455e-05	0.000213046	0.000145927	0.00184918	5.39367e-05	0.000210581	0.0	8.225e-05	0.000194418	0.00130322	0.000152508	0.000334538	0.00049302	0.000200675	0.000195111	0.00011339	0.0	0.000296789
PWY-5862: superpathway of demethylmenaquinol-9 biosynthesis	0.0007762	0.000262147	0.000358896	0.000415644	0.000127523	0.000285567	0.000105505	0.00020698	0.000403392	0.000154606	9.09958e-05	0.000139116	0.0	0.0	0.00155625	8.38752e-05	0.0	8.66358e-05	5.85474e-05	5.20329e-05	0.000664755	0.000113244	0.000288619	0.000659274	0.000442586	0.000836689	0.000251524	0.00130961	0.000356819	0.00017827	8.23996e-05	0.000486057	0.0	0.000101746	0.000623642	3.65856e-05	2.29441e-05	0.00031264	8.91924e-05	4.95298e-05	3.84348e-05	3.67651e-05	0.0	0.000154172	0.00016113	0.00199717	0.0	0.000156244	0.0	0.000462854	0.000662286	8.12401e-05	0.000169306	6.59441e-05	0.00175373	0.000118933	0.000252793	0.000354155	9.24362e-05	8.10379e-05	0.0	0.00012251	0.0	0.000368832	0.00115226	0.000289556	0.000113925	0.000105032	0.000337704	4.8899e-05	0.000420296	0.000192083	0.0	0.000484801	9.08861e-05	0.000684508	0.0	0.000134012	0.000355396	0.00056318	0.0	0.0	6.00543e-05	0.0	0.0	6.83829e-05	4.91926e-05	0.000191143	0.000141728	0.000390041	0.0	0.0	0.0	0.0	5.34308e-05	0.0	0.000897491	0.000112897	0.0	0.000125461	0.0	0.0	0.000222007	0.0	0.000174121	0.000132041	0.0	6.87441e-05	0.000132008	0.000142435	0.00164013	5.33038e-05	0.000190631	0.0	7.77919e-05	0.0	0.00120791	0.000134802	0.000278464	0.000378889	0.000122408	7.13172e-05	0.000112808	0.0	0.000149469
PWY-5873: ubiquinol-7 biosynthesis (late decarboxylation)	0.0	0.0	0.0	0.0	0.0	0.0	0.0	0.0	0.0	0.0	0.0	0.0	0.0	0.0	0.0	0.0	0.0	0.0	0.0	0.0	0.0	0.0	0.0	0.0	0.0	0.0	0.0	0.0	0.0	0.0	0.0	0.0	0.0	0.0	0.0	0.0	0.0	0.0	0.0	0.0	0.0	0.0	0.0	0.0	0.0	0.0	0.0	0.0	0.0	0.0	0.0	0.0	0.0	0.0	0.0	0.0	0.0	0.0	0.0	0.0	0.0	0.0	0.0	0.0	0.0	0.0	0.0	0.0	0.0	0.0	0.0	0.0	0.0	0.0	0.0	0.0	0.0	0.0	0.0	0.0	0.0	0.0	0.0	0.0	0.0	0.0	0.0	0.0	0.0	0.0	0.0	0.0	0.0	0.0	0.0	0.0	0.0	0.0	0.0	0.0	0.0	0.0	0.0	0.0	0.0	0.0	0.0	0.000146213	0.0	0.0	0.0	0.0	0.0	0.0	0.0	0.0	0.0	0.0	0.0	0.0	0.0	0.0	0.0	0.0	0.0
PWY-5896: superpathway of menaquinol-10 biosynthesis	0.00012453	0.000112572	0.0	0.000611093	0.000158422	0.000204458	0.0	0.000131718	0.000149293	5.21292e-05	0.000135604	8.13948e-05	0.0	0.0	0.000464501	7.88619e-05	0.0	0.0	0.0	0.0	0.000613696	0.0	0.000273613	0.000680476	0.000142794	0.00117424	7.61084e-05	0.00130181	0.000363617	0.000114215	8.72175e-05	0.000509061	0.0	0.000151395	0.0	0.0	0.0	0.000211229	0.0	4.28037e-05	0.0	0.0	0.0	0.0	0.000235211	0.00231993	0.0	0.000229706	0.0	0.0	0.000732504	0.000121291	8.45046e-05	0.0	0.00219081	6.81679e-05	1.99438e-05	0.0	0.0	0.000120812	0.0	0.0	0.0	0.000537917	0.0015162	0.000421841	4.05588e-05	0.000103863	0.000204628	7.27442e-05	0.0	0.0	0.0	0.000701439	0.0	0.000719023	0.0	0.0	0.000340088	0.00080089	0.0	0.0	0.0	0.0	0.0	0.000101806	7.31975e-05	0.000205454	7.58287e-05	0.000398956	0.0	0.0	0.0	0.0	0.0	0.0	0.000804247	0.000167698	0.0	0.0	0.0	0.0	0.0	0.0	0.0	0.0	0.0	0.0	0.000195155	0.0	0.00191785	0.0	0.0	0.0	0.0	0.0	0.000948468	8.78845e-05	0.000158093	0.000552156	0.0	6.29301e-05	0.0	0.0	0.000221243
PWY-5897: superpathway of menaquinol-11 biosynthesis	0.00107663	0.000421067	0.000483366	0.000906285	0.00044816	0.000390077	0.000139931	0.000313521	0.000593789	0.000208795	0.000199837	0.000184186	5.57897e-05	0.0	0.00221016	0.000114924	0.0	0.00034949	0.000118092	7.31366e-05	0.000897113	0.000193099	0.000401549	0.000920464	0.0011814	0.00141875	0.000436644	0.00172531	0.000476834	0.000240341	0.000111372	0.000636401	6.70327e-05	0.000483578	0.000827941	4.80408e-05	0.000915646	0.000406448	0.000117946	7.00136e-05	5.15671e-05	8.32998e-05	9.26584e-05	0.00021203	0.000407168	0.00247481	0.000580193	0.000347142	0.0	0.0005994	0.000872738	0.000171287	0.000225311	8.89037e-05	0.00246853	0.000156315	0.000379884	0.000484338	0.000124237	0.000251251	0.0	0.000176487	0.0	0.000985899	0.0017313	0.000612474	0.000184088	0.000416266	0.000446976	0.000266274	0.000590931	0.000297735	0.000291601	0.000833738	0.000127833	0.000860094	0.0	0.000178598	0.000466966	0.0014399	0.0	0.0	8.19292e-05	0.000333497	0.0	0.000145591	0.000360895	0.000275662	0.000207612	0.000715181	9.50548e-05	0.0	0.0	0.0	0.000258142	0.000104579	0.00128247	0.000915801	8.59932e-05	0.00051316	0.0	6.13651e-05	0.000286841	0.0	0.000297548	0.000234096	0.0	9.43712e-05	0.000278915	0.000190457	0.00208529	7.06961e-05	0.000270855	0.0	0.000111452	0.000256201	0.00170617	0.000198765	0.000439287	0.000652438	0.000262362	0.000253997	0.000148713	0.0	0.000395246
PWY-5898: superpathway of menaquinol-12 biosynthesis	0.00107663	0.000421067	0.000483366	0.000906285	0.00044816	0.000390077	0.000139931	0.000313521	0.000593789	0.000208795	0.000199837	0.000184186	5.57897e-05	0.0	0.00221016	0.000114924	0.0	0.00034949	0.000118092	7.31366e-05	0.000897113	0.000193099	0.000401549	0.000920464	0.0011814	0.00141875	0.000436644	0.00172531	0.000476834	0.000240341	0.000111372	0.000636401	6.70327e-05	0.000483578	0.000827941	4.80408e-05	0.000915646	0.000406448	0.000117946	7.00136e-05	5.15671e-05	8.32998e-05	9.26584e-05	0.00021203	0.000407168	0.00247481	0.000580193	0.000347142	0.0	0.0005994	0.000872738	0.000171287	0.000225311	8.89037e-05	0.00246853	0.000156315	0.000379884	0.000484338	0.000124237	0.000251251	0.0	0.000176487	0.0	0.000985899	0.0017313	0.000612474	0.000184088	0.000416266	0.000446976	0.000266274	0.000590931	0.000297735	0.000291601	0.000833738	0.000127833	0.000860094	0.0	0.000178598	0.000466966	0.0014399	0.0	0.0	8.19292e-05	0.000333497	0.0	0.000145591	0.000360895	0.000275662	0.000207612	0.000715181	9.50548e-05	0.0	0.0	0.0	0.000258142	0.000104579	0.00128247	0.000915801	8.59932e-05	0.00051316	0.0	6.13651e-05	0.000286841	0.0	0.000297548	0.000234096	0.0	9.43712e-05	0.000278915	0.000190457	0.00208529	7.06961e-05	0.000270855	0.0	0.000111452	0.000256201	0.00170617	0.000198765	0.000439287	0.000652438	0.000262362	0.000253997	0.000148713	0.0	0.000395246
PWY-5899: superpathway of menaquinol-13 biosynthesis	0.00107663	0.000421067	0.000483366	0.000906285	0.00044816	0.000390077	0.000139931	0.000313521	0.000593789	0.000208795	0.000199837	0.000184186	5.57897e-05	0.0	0.00221016	0.000114924	0.0	0.00034949	0.000118092	7.31366e-05	0.000897113	0.000193099	0.000401549	0.000920464	0.0011814	0.00141875	0.000436644	0.00172531	0.000476834	0.000240341	0.000111372	0.000636401	6.70327e-05	0.000483578	0.000827941	4.80408e-05	0.000915646	0.000406448	0.000117946	7.00136e-05	5.15671e-05	8.32998e-05	9.26584e-05	0.00021203	0.000407168	0.00247481	0.000580193	0.000347142	0.0	0.0005994	0.000872738	0.000171287	0.000225311	8.89037e-05	0.00246853	0.000156315	0.000379884	0.000484338	0.000124237	0.000251251	0.0	0.000176487	0.0	0.000985899	0.0017313	0.000612474	0.000184088	0.000416266	0.000446976	0.000266274	0.000590931	0.000297735	0.000291601	0.000833738	0.000127833	0.000860094	0.0	0.000178598	0.000466966	0.0014399	0.0	0.0	8.19292e-05	0.000333497	0.0	0.000145591	0.000360895	0.000275662	0.000207612	0.000715181	9.50548e-05	0.0	0.0	0.0	0.000258142	0.000104579	0.00128247	0.000915801	8.59932e-05	0.00051316	0.0	6.13651e-05	0.000286841	0.0	0.000297548	0.000234096	0.0	9.43712e-05	0.000278915	0.000190457	0.00208529	7.06961e-05	0.000270855	0.0	0.000111452	0.000256201	0.00170617	0.000198765	0.000439287	0.000652438	0.000262362	0.000253997	0.000148713	0.0	0.000395246
PWY-5910: superpathway of geranylgeranyldiphosphate biosynthesis I (via mevalonate)	3.98127e-05	0.0	0.0	0.0	0.0	0.000178499	0.000296344	2.80122e-05	0.0	0.0	0.0	0.0	0.0	2.72406e-05	0.0	5.20027e-05	0.0	0.0	0.0	0.0	0.0	0.0	4.51671e-05	0.0	0.0	0.0	0.0	0.0	0.0	5.91858e-05	4.37641e-05	3.72639e-05	0.0	2.77543e-05	0.0	0.0	0.0	7.11173e-05	0.0	0.0	0.0	1.81703e-05	0.0	0.0	0.0	1.61595e-05	5.62918e-05	3.22871e-05	1.80718e-05	0.000114047	0.000192106	3.25458e-05	4.86798e-05	3.94972e-05	0.0	0.0	0.000236395	1.4482e-05	0.0	0.0	0.0	0.0	0.00021548	0.0	0.0	0.0	0.0	1.92433e-05	3.58227e-05	0.0	4.24833e-05	0.0	0.0	2.56826e-05	0.0	0.000303292	0.0	0.0	0.0	0.0	0.0	0.0	0.0	0.0	0.0	0.0	0.0	5.71204e-05	3.54023e-05	0.0	0.0	0.0	4.71711e-05	0.000104816	2.32615e-05	0.0	5.74948e-05	0.0	0.0	0.0	0.0	0.0	0.0	0.0	0.0	0.0	0.0	0.0	5.47312e-05	0.0	0.0	0.0	6.20354e-05	0.0	0.0	0.000346879	0.0	2.00183e-05	0.0	0.0	0.0	1.44173e-05	0.0	0.0	0.0
PWY-5913: partial TCA cycle (obligate autotrophs)	0.000386605	0.000633383	6.82085e-05	0.000575281	0.000367912	0.00062278	0.00101391	0.00042465	0.000422309	4.41094e-05	0.000158762	0.00126004	0.000157652	0.000674478	4.79455e-05	0.000391814	0.000526329	0.0010674	0.000644932	0.000421336	0.0010097	0.000716996	0.000323442	0.000810687	5.606e-05	0.00105339	9.96141e-05	0.00124532	2.81223e-05	0.000716617	0.00132162	0.000729407	0.000369022	0.00031537	7.09889e-05	0.000214939	0.000342251	0.000196522	0.000430508	0.000712876	0.000500784	0.00118141	2.56667e-05	0.000369015	0.0015103	0.00301022	0.000987543	0.000714614	0.000153487	0.000268526	0.000744891	0.00039232	0.00048917	0.00015526	0.00212112	0.000272545	0.000585542	0.000507623	0.000597854	0.000282858	0.000927773	0.000243085	0.00091259	0.000658859	0.00160608	0.000346361	0.000468158	0.000790159	0.000366953	0.00116252	5.8894e-05	0.000525019	0.00053052	0.00112816	0.00100942	0.000677458	0.000494417	0.000355735	0.000439058	0.000731941	0.000411411	0.000454295	0.000174871	0.000905597	0.000769255	0.000470458	0.00196268	0.000306786	0.000224748	0.000744566	0.000300366	0.000221943	0.000786376	0.000385096	0.0010734	0.000519042	0.000895033	0.000662287	0.000237845	0.000245037	0.000842399	0.000703851	0.000750184	0.000296516	0.0	0.000883846	3.25668e-05	0.000351166	0.000851177	0.000485789	0.00284518	0.000766729	0.00137313	0.000848044	0.000107386	0.00117219	0.00119918	0.000455924	0.000146829	0.00120551	0.000179844	0.00111207	0.000614613	0.000260523	0.000831563
PWY-5918: superpathway of heme b biosynthesis from glutamate	0.00044405	3.27967e-05	4.5096e-05	0.000317106	6.235e-05	0.000265972	0.000125873	0.000237256	3.48961e-05	5.81327e-05	4.99066e-05	0.0	4.81073e-05	2.80102e-05	0.000146284	0.000255694	0.000177439	3.32423e-05	9.17837e-05	0.000205609	0.000605429	0.000329133	0.000282382	0.000536463	9.22547e-05	0.00106819	1.66727e-05	0.00101417	6.32181e-05	0.00017389	0.000142541	0.000343856	8.34538e-05	0.000257018	0.0	0.0	1.70718e-05	3.90693e-05	0.0	0.000127232	6.62783e-05	0.0	4.28431e-05	1.67839e-05	0.000218185	0.0018165	4.80943e-05	0.000249274	0.0	5.08875e-05	0.000426251	0.000264482	7.29659e-05	5.15403e-05	0.0019329	0.000152838	0.000261801	0.000121293	0.0	0.000159656	0.0	8.52971e-05	0.000314114	0.00024733	0.00121265	0.000287268	4.43317e-05	0.000200149	0.000125179	0.000222944	0.000111477	5.76361e-05	7.02525e-05	0.000581875	0.0	0.000433005	4.54002e-05	6.36988e-05	0.000254186	0.000592095	0.000185465	0.0	1.76275e-05	5.49508e-05	0.0	7.88034e-05	0.000166452	0.000188812	0.000147528	0.000204424	0.000191555	0.000252423	0.0	7.39577e-05	2.34317e-05	6.10199e-05	0.000536815	4.5247e-05	0.000116303	0.0	0.0	0.000687791	0.0	9.57896e-05	0.0	6.64309e-05	0.000148507	0.000237222	5.08947e-05	8.55215e-05	0.00181254	0.000207389	3.51342e-05	7.18265e-05	0.0	9.05931e-05	0.00124647	0.000170875	0.000150048	0.0010522	0.0	2.10854e-05	4.89997e-05	0.0	6.74853e-05
PWY-5920: superpathway of heme b biosynthesis from glycine	0.0	0.0	0.0	0.000112954	3.68789e-05	2.80557e-05	1.95268e-05	6.60123e-05	0.0	0.0	0.0	0.0	0.0	0.0	0.0	0.0	0.0	1.71787e-05	2.04017e-05	0.0	0.000242313	0.0	0.000152123	0.000293329	3.60637e-05	0.000643005	0.0	0.000698705	0.0	6.67822e-05	7.49462e-05	0.000210036	3.00042e-05	0.000155396	0.0	0.0	9.50635e-06	1.91269e-05	0.0	0.0	9.49695e-06	0.0	0.0	0.0	8.79543e-05	0.00139192	1.9023e-05	0.000119452	0.0	2.84809e-05	0.000273884	6.51786e-05	0.0	0.0	0.00139838	0.0	7.72817e-05	0.0	0.0	6.17519e-05	0.0	0.0	0.0	0.000154157	0.000751082	0.000168884	0.0	0.0	2.30521e-05	0.0	0.0	2.74356e-05	3.2033e-05	0.000346942	0.0	0.000227962	0.0	0.0	0.000119923	0.000386207	0.0	0.0	0.0	2.37577e-05	0.0	0.0	0.0	8.45674e-05	2.03077e-05	9.16455e-05	0.0	0.0	0.0	0.0	0.0	2.1625e-05	0.000291183	0.0	3.59137e-05	0.0	0.0	0.0	0.0	0.0	0.0	0.0	0.0	0.0	2.76212e-05	0.0	0.00138181	9.76572e-05	0.0	0.0	0.0	4.70717e-05	0.000715383	9.40284e-05	7.24399e-05	0.00047611	0.0	0.0	2.33873e-05	0.0	0.0
PWY-5941: glycogen degradation II	0.00771709	0.00976456	0.00912433	0.0085741	0.00853423	0.0104334	0.00762907	0.0104599	0.00648668	0.0100822	0.00982756	0.0116601	0.0119589	0.0125165	0.00767126	0.0115117	0.00834736	0.0117612	0.011941	0.00890703	0.00830126	0.0119484	0.00630136	0.00841013	0.0082546	0.00669465	0.00904428	0.0070615	0.00701494	0.00984976	0.00985709	0.010215	0.0108707	0.00661667	0.00982756	0.00722492	0.0105756	0.00816658	0.0074251	0.00910276	0.00983543	0.0109453	0.00935636	0.00890253	0.0130288	0.00817794	0.0122394	0.0109684	0.00986743	0.00865091	0.00799302	0.00821717	0.00737174	0.00934822	0.00766623	0.00667478	0.00758323	0.0094547	0.00963988	0.00993401	0.00949741	0.0135876	0.0115104	0.00954685	0.00838817	0.00877039	0.00935161	0.0107626	0.00945827	0.0110395	0.00916065	0.0103115	0.0118591	0.0102791	0.0110108	0.00872262	0.0121691	0.0113748	0.00989634	0.00882757	0.00678154	0.00794267	0.0101695	0.0118372	0.0128182	0.0105717	0.0113841	0.00772664	0.00949713	0.00907601	0.0124615	0.0111454	0.010733	0.00752082	0.0119748	0.00934918	0.00800161	0.0111024	0.0120049	0.00992515	0.010886	0.00677099	0.00871358	0.00844486	0.00895527	0.0128182	0.006141	0.00774327	0.0106313	0.010955	0.00712666	0.0114365	0.0129206	0.00926457	0.011935	0.0107407	0.00468498	0.00946472	0.00870116	0.00821003	0.0107108	0.0062892	0.00887804	0.0086344	0.0112196
PWY-5971: palmitate biosynthesis (type II fatty acid synthase)	0.00302721	0.00154783	0.00224019	0.00151878	0.00126573	0.00140722	0.0	0.000882957	0.00332747	0.000524356	0.0	0.00094398	0.000462946	0.00129882	0.000747564	0.000617242	0.00189811	0.000939862	0.00145359	0.000461599	0.00198122	0.0	0.000617192	0.00230673	0.00248768	0.00362522	0.0	0.0042877	0.0	0.00221588	0.000797677	0.00299251	0.000636545	0.00263572	0.00251356	0.000397281	0.00200049	0.00287437	0.000985351	0.0017811	0.00224784	0.00143333	0.00262042	0.0	0.0	0.00380953	0.00118788	0.00107007	0.00147014	0.00252631	0.0031295	0.000890381	0.0	0.0	0.00337214	0.000617449	0.00166934	0.000855173	0.0	0.0	0.00185012	0.000824304	0.000937021	0.00261643	0.0036801	0.000915615	0.000853724	0.000448065	0.00206859	0.00184011	0.0	0.000886398	0.000767237	0.00259832	0.000759633	0.00221861	0.0	0.000687628	0.00115967	0.00243023	0.000750038	0.00199956	0.0	0.00123619	0.0	0.000703537	0.00260551	0.00175556	0.000917508	0.00154617	0.0	0.00107569	0.0011692	0.00211157	0.00175808	0.000694936	0.00330775	0.00205854	0.000766221	0.00115174	0.0	0.00367838	0.0	0.000369354	0.00153542	0.00136607	0.0	0.000574815	0.00169644	0.0	0.00398848	0.00122508	0.00167005	0.000634374	0.0	0.00153745	0.00530865	0.00105994	0.000607241	0.00214383	0.0	0.0	0.0	0.0	0.000998659
PWY-5972: stearate biosynthesis I (animals)	0.0	0.0	0.0	2.67532e-05	1.1488e-05	0.0	0.0	0.0	0.0	0.0	0.0	0.0	2.23788e-05	0.0	0.0	0.0	0.0	0.0	0.0	0.0	0.0	0.0	3.3738e-05	3.31983e-05	2.54721e-05	3.37271e-05	2.46359e-05	0.0	0.0	2.24088e-05	2.15408e-05	1.65239e-05	0.0	6.04783e-05	0.0	0.0	5.61979e-06	0.0	0.0	9.42166e-06	9.28562e-06	0.0	3.64826e-06	0.0	0.0	0.0	0.0	3.82235e-05	0.0	0.0	8.6703e-05	0.0	0.0	0.0	0.000122315	1.82708e-05	1.53584e-05	0.0	0.0	0.0	0.0	0.0	0.0	0.0	3.15753e-05	0.0	1.21497e-05	1.61106e-05	0.0	0.0	0.0	0.0	0.0	1.98706e-05	0.0	4.17564e-05	0.0	0.0	3.28215e-05	0.000211517	0.0	0.0	0.0	0.0	2.74562e-05	0.0	0.0	2.77763e-05	0.0	4.80672e-05	0.0	0.0	0.0	0.0	4.14641e-06	0.0	0.000136205	1.02904e-05	0.0	0.0	0.0	0.0	0.0	0.0	0.0	0.0	0.0	1.09252e-05	0.0	0.0	0.0	3.60389e-05	0.0	0.0	0.0	0.0	0.000240571	0.0	9.23653e-06	4.84794e-05	0.0	0.0	0.0	0.0	0.0
PWY-5973: cis-vaccenate biosynthesis	0.00737165	0.00662683	0.00544718	0.00586432	0.00803456	0.00556623	0.00651213	0.00269721	0.00773732	0.00488097	0.00700412	0.00542614	0.00745877	0.00529409	0.0090072	0.00459094	0.00562169	0.00702224	0.00637291	0.00828621	0.00643503	0.0053699	0.00702612	0.0073962	0.00706355	0.00612352	0.00659502	0.00739362	0.00926666	0.00647941	0.00309309	0.0066916	0.00541112	0.00790401	0.00810034	0.00676629	0.00632255	0.00952233	0.00861025	0.00665794	0.00710826	0.00628053	0.00730913	0.00537771	0.00242485	0.00378035	0.00518294	0.00526215	0.00653284	0.00887581	0.0074406	0.00513269	0.00461522	0.00576144	0.00325302	0.00832193	0.00660132	0.00624111	0.0076811	0.00648826	0.00758415	0.00498425	0.00493253	0.00722402	0.00564989	0.00578713	0.00422574	0.0058153	0.00773545	0.00398479	0.00618404	0.0061926	0.00710491	0.00709634	0.00602758	0.00316697	0.00468477	0.00336974	0.00663095	0.00368036	0.00926882	0.00778142	0.00739709	0.00468665	0.00145704	0.00568346	0.00468203	0.00738385	0.00574888	0.0064116	0.00692999	0.00524757	0.00538793	0.00806322	0.00513245	0.00537192	0.00465414	0.00629762	0.00534289	0.00789699	0.00571375	0.00725936	0.00690953	0.00328135	0.00711475	0.00342495	0.00998342	0.00862459	0.00504463	0.00549553	0.00398368	0.00522799	0.00278971	0.00744817	0.00496752	0.00487292	0.00805535	0.00541942	0.0050164	0.00343796	0.00597471	0.00671774	0.00575199	0.00578329	0.00293015
PWY-5981: CDP-diacylglycerol biosynthesis III	0.000442247	0.000759156	5.21062e-06	0.000183159	0.00228429	0.000436581	0.000286879	0.000282073	0.00125223	0.00186585	0.000228458	0.000441628	6.57544e-06	0.000393283	3.26951e-05	0.00100849	0.0	0.0	1.693e-05	0.0	0.000194698	0.0	0.000199744	0.000575865	2.33872e-05	0.00192226	0.000353811	0.000252203	0.0040344	0.00130208	2.05852e-05	0.00027997	0.000289456	7.16308e-06	1.49473e-05	1.19089e-05	0.000341248	0.000128675	3.91208e-05	0.00136424	2.13829e-05	5.71768e-05	1.19652e-05	0.000165014	0.000210849	0.000721215	0.000129824	0.000856091	0.00026395	0.000256433	0.000816131	0.000692872	0.000933953	0.000930349	0.000369848	0.000128602	0.000938638	0.000669558	3.82804e-05	0.0	4.65565e-05	0.000188321	0.000153006	0.000662416	0.000186313	3.48246e-05	0.000407624	0.00273689	0.000274121	0.000118338	0.000298415	8.79213e-05	0.000163499	0.000403033	0.000404727	0.00128919	0.000556487	4.42491e-05	0.000131409	0.000338915	0.0	8.45966e-05	0.00032469	3.17931e-05	0.0	0.0	0.000132089	0.000317345	0.000214405	8.86228e-06	0.000348466	0.000218719	0.000275236	0.000156821	0.000168181	0.00260041	0.000215564	0.000142951	3.63177e-05	0.000357552	0.000596334	0.000124632	7.0361e-05	0.000207178	0.00069564	4.60732e-05	0.0	0.000405815	0.000539744	0.000285863	0.000811572	9.25589e-05	0.000275214	4.8348e-05	0.0	0.00124247	0.00383511	0.00017063	0.000841708	6.8167e-05	0.0	0.000107932	0.0	3.84062e-05	0.000124179
PWY-5989: stearate biosynthesis II (bacteria and plants)	0.00298066	0.00142986	0.00170422	0.00246189	0.000935154	0.0013126	0.00104209	0.000630213	0.00304627	0.000385377	0.00128204	0.000780229	0.000831355	0.000899788	0.00139562	0.000429268	0.00182713	0.00125938	0.00112271	0.000301918	0.00164849	0.000834066	0.000450638	0.00180809	0.00238775	0.00336833	0.00226812	0.00383981	0.00210827	0.00202976	0.00116269	0.00248659	0.000427054	0.00363468	0.00235247	0.000262685	0.00163751	0.00259622	0.00066717	0.00153954	0.00163708	0.002216	0.00331877	0.00127367	0.00168381	0.00331707	0.000950654	0.000731518	0.00121727	0.00204052	0.0025147	0.000675869	0.00198691	0.00172661	0.00297621	0.000582854	0.00133732	0.00179634	0.00236853	0.000433561	0.00136037	0.000609547	0.000647335	0.00204303	0.0031082	0.000751113	0.0014789	0.00131438	0.00155885	0.0014909	6.27087e-05	0.00082083	0.000566535	0.00201085	0.000609919	0.00197075	0.000470729	0.000468103	0.000862846	0.0020944	0.000489337	0.00198018	0.000216918	0.000986392	0.000687803	0.00052832	0.00284421	0.0020652	0.000627045	0.00145167	0.00067043	0.000732517	0.000848997	0.00161763	0.00154977	0.000737201	0.00297564	0.0016527	0.000569588	0.000852728	0.0015835	0.00302099	0.00262133	0.000241404	0.00161453	0.00115576	0.000847662	0.000386681	0.00136986	0.000534275	0.00354237	0.00121026	0.00140018	0.000500583	0.000383422	0.00106899	0.00535476	0.000773973	0.001075	0.00242576	0.00160288	0.00107071	0.000876658	0.0017152	0.000762756
PWY-5994: palmitate biosynthesis (type I fatty acid synthase)	0.000151031	0.000206691	0.0	0.0	9.81709e-05	0.0	0.0	0.0	6.81371e-05	0.0	0.0	0.000103964	0.0	0.0	0.0	0.0	0.0	0.000101576	6.72345e-05	0.0	0.000160647	0.0	0.0	1.17128e-05	0.0	0.0	0.0	0.000101941	0.0	0.0	0.0	3.03828e-05	0.0	0.0	7.91932e-05	6.30743e-05	9.22793e-05	0.0	9.4914e-05	0.000256386	0.00019685	0.000136453	2.32414e-05	0.0	0.0	2.00369e-05	0.000164202	0.000161884	8.12913e-05	0.0	0.000218663	0.000100303	0.0	0.0	0.0	0.0	0.0	0.000130871	0.0	0.0	7.64931e-05	0.0	0.0	9.1386e-05	0.0	0.0	6.81837e-06	0.0	5.31032e-05	9.90338e-05	0.0	0.000170891	0.0	0.0	0.0	0.000152399	0.0	6.82784e-05	0.0	0.0	0.000208262	0.000244582	0.0	0.0	0.0	0.0	0.00025552	0.0	0.0	0.000379888	0.0	0.0	4.97731e-05	0.0	9.91493e-05	7.90362e-05	0.000221423	0.000203542	0.0	0.0	0.0	0.000136104	0.0	8.68938e-05	0.0	0.000304691	0.0	0.0	0.000205489	0.0	3.13306e-05	8.7213e-06	9.26944e-05	0.0	0.0	0.000136584	0.000105607	0.00022795	0.0	0.000141134	0.0	0.0	0.0	0.0	0.0
PWY-6071: superpathway of phenylethylamine degradation	0.0	0.0	0.0	0.0	0.0	0.0	0.0	0.0	0.0	0.0	0.0	0.0	0.0	0.0	0.0	0.0	0.0	0.0	0.0	0.0	2.79791e-05	0.0	0.0	3.88822e-05	0.0	1.35247e-05	0.0	0.0	0.0	0.0	0.0	2.31974e-05	0.0	0.0	0.0	0.0	0.0	0.0	0.0	0.0	0.0	0.0	0.0	0.0	0.0	0.000358749	0.0	0.0	0.0	0.0	0.0	0.0	0.0	0.0	0.000298475	0.0	0.0	0.0	0.0	0.0	0.0	0.0	0.0	0.0	2.70307e-05	7.11865e-06	0.0	0.0	0.0	0.0	0.0	0.0	0.0	1.53371e-05	0.0	0.0	0.0	0.0	7.07832e-06	9.76755e-06	0.0	0.0	0.0	0.0	0.0	0.0	0.0	0.0	0.0	0.0	0.0	0.0	0.0	0.0	0.0	0.0	0.0	0.0	0.0	0.0	0.0	0.0	0.0	0.0	0.0	0.0	0.0	0.0	0.0	0.0	0.000478737	0.0	0.0	0.0	0.0	0.0	0.0	0.0	0.0	0.0	0.0	0.0	0.0	0.0	0.0
PWY-6113: superpathway of mycolate biosynthesis	0.0	0.0	0.0	0.0	0.0	0.0	0.0	0.0	0.0	0.0	0.0	0.0	0.0	0.0	0.0	0.0	0.0	0.0	0.0	0.0	0.0	0.0	0.0	0.0	0.0	0.0	0.0	0.0	0.0	0.0	0.0	0.0	0.0	0.0	0.0	0.0	0.0	0.0	0.0	0.0	0.0	0.0	0.0	0.0	0.0	0.0	0.0	0.0	0.0	0.0	0.00042457	0.0	0.0	0.0	0.0	0.0	0.0	0.0	0.0	0.0	0.0	0.0	0.0	0.0	0.0	0.0	0.0	0.0	0.0	0.0	0.0	0.0	0.0	0.0	0.0	0.0	0.0	0.0	0.0	0.0	0.0	0.0	0.0	0.0	0.0	0.0	0.0	0.0	0.0	0.000366539	0.0	0.0	0.0	0.0	0.0	0.0	0.00049899	0.0	0.0	0.0	0.0	0.0	0.0	0.0	0.0	0.0	0.0	0.0	0.0	0.0	0.0	0.0	0.0	0.0	0.0	0.0	0.0	0.0	0.0	0.000304879	0.0	0.0	0.0	0.0	0.0
PWY-6121: 5-aminoimidazole ribonucleotide biosynthesis I	0.00945413	0.00937617	0.0111981	0.00895898	0.00981557	0.0098478	0.0122344	0.0119998	0.0100655	0.0120759	0.0097059	0.00992064	0.010864	0.00996922	0.00933753	0.0107832	0.0111543	0.00965455	0.0105448	0.00951059	0.00925168	0.010059	0.00979391	0.00879279	0.00863654	0.0096693	0.00960863	0.00822372	0.00959331	0.0102442	0.0126137	0.0088894	0.0112898	0.00979984	0.00929286	0.0103083	0.0103603	0.0101727	0.00913568	0.0114511	0.00969382	0.0102996	0.0103248	0.011652	0.012841	0.0066836	0.00918077	0.0103533	0.00931009	0.00971341	0.00899972	0.0113656	0.0124751	0.0102314	0.00690707	0.00916119	0.0119078	0.0108406	0.00915082	0.00931113	0.00856261	0.0106077	0.0107604	0.00843597	0.00742456	0.0106868	0.0114528	0.0108815	0.00934043	0.0100422	0.00951619	0.0104969	0.0109929	0.00817045	0.0102889	0.0101635	0.0101193	0.0114442	0.00930464	0.0109701	0.00957667	0.00947097	0.0106171	0.0126332	0.015344	0.0111362	0.00907475	0.00896182	0.0108726	0.00941197	0.00972952	0.0104561	0.0105316	0.0108207	0.0105735	0.0126375	0.0089468	0.0106901	0.00928813	0.00895966	0.0102952	0.00923606	0.0089821	0.0129195	0.00990147	0.0102284	0.010861	0.0095386	0.0102597	0.00955014	0.00656478	0.0106195	0.00977276	0.0118836	0.0117243	0.0105068	0.00868839	0.0111475	0.014162	0.00992552	0.0100616	0.0103634	0.00975811	0.0102958	0.0125604
PWY-6122: 5-aminoimidazole ribonucleotide biosynthesis II	0.00944959	0.00938788	0.0111959	0.00868669	0.00982245	0.00964661	0.0124577	0.0123126	0.00986352	0.0122248	0.0095973	0.0097937	0.0118919	0.00992671	0.00925525	0.0108475	0.011162	0.00994122	0.0106798	0.0119262	0.00924662	0.0100665	0.00965645	0.00869556	0.00838979	0.0096939	0.00941478	0.00817012	0.00943136	0.0104347	0.013147	0.00882567	0.0114973	0.00999594	0.00916465	0.0100979	0.0103017	0.0102101	0.012484	0.0115915	0.00966778	0.0103952	0.0104245	0.0118455	0.0128987	0.00688699	0.00893237	0.0103135	0.00893875	0.00947234	0.00881181	0.011508	0.0128801	0.0101137	0.00696719	0.00868475	0.0118549	0.0108271	0.00902992	0.00977076	0.0105228	0.0113694	0.0109717	0.00899705	0.00733055	0.0106744	0.0112506	0.0109979	0.0092181	0.0101101	0.00911381	0.0106416	0.0113486	0.00917395	0.0105849	0.010006	0.0101252	0.0112994	0.00910096	0.0109106	0.0127862	0.00906864	0.0120102	0.0128219	0.0151394	0.0109352	0.00960365	0.00882514	0.0107149	0.00917348	0.00986396	0.0101681	0.0104846	0.0110395	0.0103319	0.0126892	0.00903874	0.0105408	0.00964532	0.00907852	0.0100162	0.00883377	0.0090667	0.0141458	0.00967176	0.0100574	0.010514	0.0125886	0.0102241	0.00937387	0.00709527	0.0106068	0.00992745	0.0123677	0.012057	0.0106869	0.00869784	0.0111773	0.0139268	0.00984508	0.00994339	0.0100818	0.00941409	0.0101771	0.0126011
PWY-6123: inosine-5'-phosphate biosynthesis I	0.00902575	0.00826558	0.00810988	0.00744728	0.00751797	0.00897251	0.0131391	0.00730489	0.00859507	0.00710829	0.0079223	0.00890081	0.00724365	0.00768496	0.00854965	0.00700248	0.00805753	0.00766157	0.00706175	0.00689742	0.00882736	0.00668741	0.00802328	0.00633612	0.00828012	0.00770316	0.00807994	0.00734951	0.00968025	0.00836889	0.0101346	0.00711413	0.00679142	0.00832947	0.00869165	0.00955268	0.00716093	0.00973238	0.00731918	0.0101474	0.00843995	0.00861292	0.00843081	0.00865147	0.0093193	0.00419158	0.00757057	0.00788272	0.00792148	0.00907871	0.00929596	0.0105521	0.00898135	0.00769926	0.00418109	0.00845854	0.00936983	0.00839626	0.00887413	0.0062795	0.00554774	0.00863163	0.0068973	0.00565819	0.0063831	0.00915241	0.00933687	0.00794053	0.00825906	0.00771601	0.00887945	0.00888447	0.00733335	0.0052282	0.00726181	0.00488294	0.00612928	0.00803844	0.00901214	0.00718716	0.00636108	0.00801119	0.00804011	0.00851973	0.0106362	0.00929848	0.00766981	0.00898491	0.00903262	0.0075337	0.00639663	0.00865556	0.0081669	0.00841335	0.00827195	0.00895264	0.00578662	0.00905373	0.00741671	0.00823461	0.00906624	0.0103753	0.00905706	0.00886052	0.00807697	0.00719225	0.0105811	0.00815809	0.00826055	0.00838893	0.00361469	0.00749657	0.00801639	0.00738109	0.00884947	0.00906275	0.00814832	0.00770789	0.00922883	0.00881931	0.00781407	0.00892178	0.00864898	0.00821693	0.00953622
PWY-6124: inosine-5'-phosphate biosynthesis II	0.00874015	0.00799365	0.0076222	0.00710568	0.00701806	0.00861507	0.0128936	0.00675804	0.00824563	0.00656905	0.00754494	0.00859624	0.00666471	0.00726822	0.00839515	0.00657305	0.00752979	0.00716211	0.00662515	0.00636133	0.00868517	0.00622878	0.00754085	0.00590347	0.00791755	0.00738355	0.00765832	0.00725283	0.00967981	0.00800547	0.00956387	0.00673104	0.00631674	0.00797691	0.00835199	0.00920371	0.0067227	0.00961297	0.0066921	0.00971579	0.0081264	0.00830589	0.00809453	0.00792667	0.00862733	0.0038716	0.0070414	0.00737522	0.00739107	0.00876487	0.00912749	0.00997458	0.00825728	0.00712767	0.00390883	0.00790437	0.00878005	0.00785698	0.00842955	0.00569233	0.00494754	0.00805645	0.00631599	0.00515219	0.00607827	0.00869272	0.00873157	0.00741517	0.00779584	0.00720996	0.00832348	0.00829432	0.00666164	0.0047312	0.00664616	0.00434207	0.00561157	0.00745046	0.00863627	0.00658726	0.00566797	0.00749782	0.00738043	0.00785385	0.00970362	0.00864184	0.00718732	0.00870083	0.00847527	0.00702674	0.00578887	0.00810808	0.00771353	0.00769635	0.00779726	0.0082841	0.00534486	0.0085058	0.00677739	0.0077118	0.0086192	0.0101313	0.00859981	0.00822664	0.00753173	0.00669982	0.0104138	0.00740315	0.00778053	0.0079299	0.0033249	0.00697031	0.0075763	0.00664278	0.0081369	0.00855135	0.00772988	0.00707941	0.00845933	0.00835435	0.00720591	0.008378	0.00817919	0.00764523	0.00893255
PWY-6125: superpathway of guanosine nucleotides de novo biosynthesis II	0.00427502	0.00334756	0.00300173	0.00434448	0.0079718	0.00414022	0.00448005	0.00219152	0.00544734	0.00243839	0.00575609	0.00297734	0.00410872	0.00295822	0.00622106	0.00266397	0.00438286	0.00625456	0.00266158	0.00391233	0.00386	0.00542271	0.00572787	0.00620557	0.00592362	0.00321629	0.00467145	0.00439791	0.00572352	0.00321467	0.00383028	0.00371902	0.00387817	0.00675417	0.00468226	0.00540229	0.00420461	0.00477864	0.0030408	0.001979	0.00487106	0.00282457	0.00475718	0.00276355	0.00168631	0.00359751	0.00431035	0.00381664	0.00471701	0.00370293	0.0057508	0.00539273	0.00285735	0.00500425	0.00323546	0.00562458	0.00385165	0.0033206	0.00733689	0.00419282	0.00297299	0.00298839	0.00415044	0.00429842	0.00321002	0.00525744	0.00307488	0.00368638	0.00483504	0.00327554	0.00512535	0.00369162	0.00238884	0.00279803	0.00587919	0.00453198	0.00298908	0.00286141	0.00278442	0.00471425	0.00375357	0.00561796	0.00306659	0.00254732	0.00152153	0.00407839	0.00379499	0.00543222	0.00344027	0.00554195	0.00259134	0.00354116	0.00337459	0.00598819	0.00350919	0.00318943	0.00360753	0.00394706	0.00356758	0.00474973	0.00350174	0.00559473	0.00372428	0.00396524	0.00545291	0.00284474	0.00500984	0.00363018	0.00289824	0.00347577	0.00393244	0.00361404	0.00206483	0.00871826	0.00405021	0.00348604	0.00447521	0.00295371	0.00373469	0.00235357	0.0053558	0.00528119	0.00549201	0.0038048	0.00369569
PWY-6126: superpathway of adenosine nucleotides de novo biosynthesis II	0.00556601	0.00452499	0.00413947	0.0058419	0.0100332	0.00553845	0.00597179	0.00302965	0.00692854	0.00346416	0.00726123	0.00410146	0.00551406	0.00403317	0.00757201	0.00369882	0.00599887	0.00799365	0.00369908	0.00510334	0.00517704	0.00693355	0.00743223	0.00776653	0.00732492	0.00438761	0.00614889	0.00563176	0.00713867	0.00444214	0.00536632	0.00488599	0.00522036	0.00819533	0.0061353	0.00716368	0.0056302	0.00624617	0.00407423	0.00284009	0.00641579	0.00393449	0.00634258	0.0038355	0.00241396	0.00446953	0.00563843	0.00514384	0.00615571	0.00503909	0.00704411	0.00716425	0.00402701	0.00649983	0.00418031	0.00722582	0.00527457	0.00460819	0.00870386	0.00565113	0.00386562	0.00402429	0.00533504	0.00552885	0.00428006	0.00673313	0.00422694	0.00504491	0.00611109	0.00438026	0.00672482	0.00500778	0.00323907	0.00365358	0.00741507	0.00593284	0.00408807	0.00393209	0.003843	0.00590503	0.00509907	0.00729188	0.00400659	0.00359901	0.00216357	0.00540887	0.00497571	0.00687403	0.00468166	0.00721863	0.00350713	0.00474962	0.00455234	0.00729569	0.0047166	0.00438621	0.00475502	0.00524678	0.00475105	0.00593373	0.00469314	0.00711177	0.0049203	0.00544282	0.006969	0.0039246	0.00659143	0.00488481	0.00394835	0.00465793	0.00480508	0.00483668	0.00287778	0.0104482	0.00528193	0.00475582	0.00555774	0.00407577	0.00512654	0.00329462	0.00690884	0.00671289	0.0072546	0.00505453	0.00485517
PWY-6138: CMP-N-acetylneuraminate biosynthesis I (eukaryotes)	0.0	0.0	0.0	3.54377e-05	0.0	1.47947e-05	0.0	0.0	0.0	2.41155e-05	3.88963e-05	0.0	0.0	0.0	0.0	0.0	0.0	0.0	0.0	0.0	0.0	0.0	0.0	0.0	0.0	0.0	0.0	0.0	0.0	0.0	0.0	0.0	0.0	2.56025e-05	0.0	0.0	0.0	0.0	0.0	0.0	0.0	1.49124e-05	0.0	0.0	0.0	0.0	0.0	0.0	0.0	0.0	0.000266068	0.0	0.0	0.0	1.26055e-05	0.0	0.0	0.0	0.0	0.0	0.0	0.0	0.0	0.0	0.0	0.0	0.0	0.0	0.0	0.0	0.0	0.0	0.0	0.0	0.0	0.0	0.0	0.0	0.0	0.0	0.0	0.0	0.0	0.0	0.0	0.0	0.0	0.0	0.0	0.0	0.0	0.0	0.0	0.0	0.0	0.0	0.0	0.0	0.0	0.0	0.0	0.0	0.0	0.0	0.0	0.0	0.0	0.0	0.0	0.0	0.0	0.0	0.0	0.0	0.0	0.0	0.0	0.0	0.0	0.0	0.0	0.0	0.0	0.0	0.0
PWY-6143: CMP-pseudaminate biosynthesis	0.000741996	0.000308409	1.80503e-05	0.000158282	0.000160609	5.79946e-05	2.84374e-05	6.18877e-05	4.05278e-05	0.0	1.93162e-05	0.0	0.0	0.0	0.0	0.000434653	4.12276e-05	3.88248e-05	0.000340064	1.99029e-05	0.0	0.0	0.000181467	5.52676e-05	0.000827427	0.000331913	6.57918e-05	0.0	0.0	0.0	0.0	0.0	5.36078e-05	9.52696e-05	0.0	0.0	0.000628594	9.65908e-06	0.000206442	0.0	0.0	7.09497e-05	0.000257752	0.0	0.0	0.0	0.0	0.0	0.0	0.0	0.000354476	0.0	0.0	6.97736e-05	8.22453e-05	2.87929e-05	5.41233e-05	3.67682e-05	0.0	8.5576e-05	0.0	0.000129991	0.000103456	0.000112806	0.0	0.0	0.0	9.6998e-05	5.69214e-05	0.0	0.00032812	0.0	0.0	0.0	0.0	0.0	0.0	3.99784e-05	0.0	0.0	1.51056e-05	0.000334546	0.0	0.0	0.0	0.0	0.000146171	0.0	3.32655e-05	0.00010667	7.29758e-05	0.0	4.37939e-05	0.000114295	1.75759e-05	0.0	0.000260823	6.61688e-05	5.66527e-05	4.60567e-05	0.0	0.0	0.000123533	1.51572e-05	0.000220551	2.83654e-05	0.00432261	0.000161387	0.000169659	5.17911e-05	5.4539e-05	3.22694e-05	0.000334361	0.0	0.0	2.87891e-05	3.37684e-05	0.0	0.0	2.65993e-05	0.0	0.00091746	0.000116007	0.000219522	2.15835e-05
PWY-6147: 6-hydroxymethyl-dihydropterin diphosphate biosynthesis I	0.00485986	0.00403146	0.0029196	0.00375444	0.00263877	0.00334887	0.00391132	0.00225548	0.00426039	0.00247737	0.00387044	0.00306835	0.00371187	0.00353981	0.00549333	0.00229905	0.00327189	0.00272919	0.00246111	0.00659154	0.00411362	0.00295881	0.00313255	0.00253326	0.00438867	0.0034214	0.00492958	0.00364121	0.0066677	0.002531	0.0026612	0.00371404	0.00436492	0.00565521	0.00344282	0.00418156	0.00256476	0.00590692	0.00267545	0.00251915	0.00411545	0.00379076	0.00409485	0.00303732	0.00134912	0.00269906	0.00259031	0.00240644	0.00522366	0.00520674	0.00424782	0.00219685	0.0025666	0.00342956	0.00268195	0.00341061	0.002631	0.00288791	0.00576872	0.0044182	0.00575814	0.00287154	0.00370052	0.00671063	0.00394848	0.00268176	0.00255495	0.00190745	0.00439781	0.00310403	0.00470936	0.0020111	0.00147723	0.00716672	0.00203871	0.00237829	0.00142593	0.0020861	0.00350198	0.00423931	0.00136359	0.00428211	0.00679372	0.0017802	0.000538277	0.00257936	0.00305509	0.0058891	0.00331398	0.00422142	0.00468634	0.00304506	0.00405337	0.0043712	0.00174772	0.00221428	0.00280892	0.00333248	0.00359752	0.00683591	0.0030315	0.00700909	0.00413177	0.00190019	0.00376756	0.00230227	0.00882563	0.00511848	0.0022028	0.00313056	0.00352369	0.00218585	0.0018433	0.000909623	0.00478659	0.00191427	0.00267853	0.00319753	0.00162	0.00465792	0.00331034	0.00360907	0.00415827	0.00444411	0.00232008
PWY-6151: S-adenosyl-L-methionine salvage I	0.00775296	0.0103025	0.0101764	0.00959741	0.00950459	0.00934881	0.0102639	0.0107914	0.007512	0.0116136	0.00798284	0.00789272	0.0118223	0.010029	0.00805925	0.0105919	0.00897545	0.0106015	0.0106264	0.0112411	0.00850813	0.00972933	0.00971649	0.00904252	0.00708645	0.00781268	0.00900204	0.00804971	0.00844792	0.00966407	0.0105286	0.0100817	0.0111786	0.00813266	0.00925144	0.00939012	0.00988087	0.0100943	0.0126474	0.0114311	0.00917903	0.0094283	0.0091108	0.01256	0.0116043	0.00599027	0.0104599	0.0102559	0.011158	0.0105941	0.00843407	0.00946773	0.00946337	0.0109342	0.00647568	0.0100504	0.0112703	0.0100924	0.0102456	0.0107133	0.0120647	0.00758526	0.0112479	0.0102112	0.00716937	0.0108669	0.0116082	0.00971673	0.00983789	0.011434	0.0114736	0.0117275	0.0138896	0.00934364	0.0128268	0.0102683	0.0124827	0.0132624	0.00950419	0.00747939	0.01512	0.0116028	0.0118107	0.0115525	0.0144071	0.010069	0.0104706	0.00888389	0.0106193	0.0104599	0.0115589	0.01077	0.0102643	0.0103435	0.0123663	0.00850781	0.00839657	0.0104677	0.0095989	0.0110786	0.00991415	0.00919687	0.00979578	0.0108599	0.0110899	0.0119596	0.0092546	0.0148256	0.0112091	0.00996039	0.00513818	0.0109925	0.0114369	0.0154184	0.0118551	0.00929226	0.00461268	0.0126913	0.0116973	0.0089834	0.0120752	0.0107787	0.0109279	0.0103655	0.0108666
PWY-6160: 3-dehydroquinate biosynthesis II (archaea)	0.0	0.0	0.0	0.0	3.24493e-05	2.19196e-05	0.0	2.48833e-05	0.0	0.000143376	0.0	0.0	0.0	0.0	0.0	0.000164594	0.000148881	0.0	0.0	0.0	0.0	0.0	0.0	0.0	0.0	1.25051e-05	0.0	0.0	0.0	8.14536e-05	0.000309197	0.0	0.000115329	0.0	0.0	0.0	0.0	0.0	0.0	0.0	0.0	0.0	0.0	0.0	0.0	0.0	0.0	0.000142437	0.0	0.0	0.0	0.000375586	0.0	2.12771e-05	0.0	0.0	8.54511e-05	0.0	0.0	0.00013751	0.0	0.000214864	0.0	0.000147133	0.0	0.0	0.0	0.000129015	0.0	0.0	3.15881e-05	2.43484e-05	2.53971e-05	1.41498e-05	0.0	0.0	0.0	0.0	0.000167777	0.0	0.0	0.0	0.0	0.0	0.0	0.0	3.36523e-05	0.0	1.9146e-05	0.0	0.0	0.0	3.16014e-05	1.81851e-05	0.0	0.0	0.0	3.31256e-05	2.58068e-05	0.0	0.0	0.0	0.0	0.0	0.0	0.0	0.0	0.0	2.44053e-05	4.79738e-05	0.0	0.0	0.0	0.0	1.718e-05	0.000291313	0.0	0.0	0.0	0.0	0.0	5.4292e-05	0.0	0.0	0.0
PWY-6163: chorismate biosynthesis from 3-dehydroquinate	0.00924306	0.010399	0.0120098	0.0106544	0.0112681	0.0114462	0.0119543	0.0121467	0.0109096	0.0136288	0.0106727	0.0115005	0.0116339	0.011382	0.00964738	0.0130359	0.0119674	0.0119675	0.0112527	0.0110423	0.00982181	0.0116548	0.0117662	0.0102721	0.00997221	0.0098832	0.0105184	0.00891835	0.0101919	0.0106722	0.0130607	0.0103588	0.0114312	0.010551	0.0108599	0.0115389	0.0117455	0.00990728	0.0121378	0.0133914	0.0103483	0.0102212	0.0108705	0.0140599	0.018232	0.00710858	0.0117762	0.0111038	0.0116938	0.0102908	0.00909189	0.011677	0.0169051	0.0123288	0.00693532	0.0118053	0.0111085	0.0132251	0.0103615	0.012323	0.0116893	0.0113213	0.0118466	0.0103486	0.00822958	0.0119538	0.0148863	0.0126189	0.0114215	0.0114505	0.0121916	0.0130899	0.0140977	0.00970323	0.0126913	0.0124926	0.0130586	0.0135951	0.0116501	0.0109816	0.0143799	0.0124042	0.0104309	0.0147368	0.0240184	0.0138759	0.0108754	0.00985365	0.0132719	0.011291	0.0117979	0.0121496	0.0109867	0.0120834	0.0122207	0.0139306	0.00922694	0.012068	0.0118296	0.0109036	0.0120821	0.010536	0.00914533	0.0166642	0.0115498	0.0128064	0.0122688	0.0144338	0.0114877	0.0110381	0.00654267	0.0122095	0.0115371	0.0199533	0.01491	0.0110952	0.0088969	0.0135778	0.0175936	0.0115415	0.0131594	0.012225	0.0125007	0.0116011	0.0132735
PWY-6165: chorismate biosynthesis II (archaea)	0.0	0.0	0.0	0.0	8.61111e-05	5.82658e-05	0.0	6.61265e-05	0.0	0.000375565	0.0	0.0	0.0	0.0	0.0	0.000429532	0.000388554	0.0	0.0	0.0	0.0	0.0	0.0	0.0	0.0	3.32724e-05	0.0	0.0	0.0	0.000214372	0.000790958	0.0	0.00030201	0.0	0.0	0.0	0.0	0.0	0.0	0.0	0.0	0.0	0.0	0.0	0.0	0.0	0.0	0.000371785	0.0	0.0	0.0	0.000944513	0.0	5.65658e-05	0.0	0.0	0.000224959	0.0	0.0	0.000359476	0.0	0.000555238	0.0	0.000382455	0.0	0.0	0.0	0.000338201	0.0	0.0	8.38702e-05	6.47129e-05	6.7516e-05	3.7639e-05	0.0	0.0	0.0	0.0	0.000436863	0.0	0.0	0.0	0.0	0.0	0.0	0.0	8.92449e-05	0.0	5.09188e-05	0.0	0.0	0.0	8.38518e-05	4.83577e-05	0.0	0.0	0.0	8.78931e-05	6.85564e-05	0.0	0.0	0.0	0.0	0.0	0.0	0.0	0.0	0.0	6.48471e-05	0.000126974	0.0	0.0	0.0	0.0	4.56894e-05	0.000741326	0.0	0.0	0.0	0.0	0.0	0.000143595	0.0	0.0	0.0
PWY-6167: flavin biosynthesis II (archaea)	5.57732e-05	0.0	0.0	0.0	9.94192e-05	4.63646e-05	0.0	4.30222e-05	0.0	0.000117895	0.0	0.0	0.0	0.0	0.0	9.77809e-05	0.000133207	0.0	0.0	0.0	0.0	0.0	0.0	0.0	0.0	2.86919e-05	0.0	0.0	0.0	0.0	0.000582094	0.0	0.000100419	0.0	0.0	0.0	0.0	0.0	0.0	0.0	0.0	0.0	0.0	0.0	0.0	0.0	0.0	0.000319845	0.0	0.0	0.0	0.000343622	0.0	0.0001097	0.0	0.0	0.000249913	0.0	0.0	0.000310411	0.0	0.0	0.0	0.0	0.0	0.0	0.0	0.000177258	0.0	0.0	0.000127025	0.0	0.0	0.0	0.0	0.0	0.0	0.0	0.000276647	0.0	0.0	0.0	0.0	0.0	0.0	0.0	0.0	0.0	0.0	0.0	0.0	0.0	7.64895e-05	0.0	0.0	0.0	0.0	0.0	0.000182448	0.0	0.0	0.0	0.0	0.0	0.0	0.0	0.0	0.0	7.20823e-05	0.0	0.0	0.0	0.0	0.0	0.0	0.000469784	0.0	0.0	0.0	0.0	0.0	0.000143953	0.0	0.0	0.0
PWY-6168: flavin biosynthesis III (fungi)	0.00218292	0.00157371	0.000592638	0.00440425	0.00204716	0.00137882	0.000313374	0.00127017	0.00169896	0.000843816	0.00337698	0.00131883	0.00110843	0.0	0.00281053	0.00204859	0.000818152	0.0009515	0.000374644	0.000544027	0.00330867	0.0027948	0.000372196	0.00219271	0.00333003	0.00247681	0.00312194	0.00340534	0.000182409	0.00151624	0.00218502	0.00140675	0.00164779	0.00315928	0.00164709	0.00207546	0.0012998	0.00010478	0.00158651	0.000288654	0.00153597	0.00113007	0.00353682	0.000248631	0.0	0.00365652	0.00067445	0.00228664	0.00152046	0.0	0.00405442	0.0029368	0.0	0.000678622	0.00339292	0.00260831	0.000978928	0.00163458	0.0	0.000617944	0.000914618	0.0	0.00123909	0.0	0.00220017	0.00233957	0.000824671	0.000525357	0.0025759	0.000633716	0.00325894	0.00075186	0.0	0.00125412	0.00128022	0.00203249	0.000837397	0.000475617	0.00143735	0.00254906	0.000694486	0.00202271	0.0011472	0.00015216	0.0	0.000673329	0.0016555	0.00104647	0.00173328	0.00175695	0.00185068	0.000976519	0.00121793	0.00165823	0.0011448	0.00161564	0.00153235	0.0010628	0.00143254	0.00228535	0.00101525	0.00230049	0.00163185	0.0	0.00239045	0.000376742	0.0	0.000427146	0.00187037	0.00283751	0.00318735	0.000695394	0.00047703	0.0	0.0	0.000986668	0.00308399	0.000287059	0.000298424	0.00136109	0.00121146	0.000869141	0.000105521	0.0	0.000539267
PWY-6174: mevalonate pathway II (haloarchaea)	2.11109e-05	0.0	0.0	0.0	0.0	0.0	0.0	0.0	0.0	0.0	0.0	0.0	0.0	0.0	0.0	0.0	0.0	0.0	0.0	0.0	0.0	0.0	0.0	0.0	0.0	0.0	0.0	0.0	0.0	3.38374e-05	6.41923e-05	0.0	0.0	0.0	0.0	0.0	0.0	0.0	0.0	0.0	0.0	0.0	0.0	0.0	0.0	0.0	0.0	0.0	0.0	0.0	0.0	3.31058e-05	0.0	0.0	0.0	0.0	0.00010107	0.0	0.0	0.0	0.0	0.0	0.0	0.0	0.0	0.0	0.0	1.66459e-05	0.0	0.0	0.0	0.0	0.0	0.0	0.0	0.0	0.0	0.0	0.0	0.0	0.0	0.0	0.0	0.0	0.0	0.0	0.0	0.0	1.87144e-05	0.0	0.0	0.0	2.86719e-05	0.0	0.0	0.0	0.0	0.0	0.0	0.0	0.0	0.0	0.0	0.0	0.0	0.0	0.0	0.0	0.0	0.0	0.0	0.0	0.0	0.0	0.0	0.000292957	0.0	0.0	0.0	0.0	0.0	0.0	0.0	0.0	0.0
PWY-6182: superpathway of salicylate degradation	0.0	0.0	0.0	0.0	0.0	0.0	0.0	0.0	0.0	0.0	0.0	0.0	0.0	0.0	0.0	0.0	0.0	0.0	0.0	0.0	0.0	0.0	0.0	3.97522e-05	0.0	0.0	0.0	0.0	0.0	0.0	0.0	7.71479e-05	0.0	0.0	0.0	0.0	0.0	0.0	0.0	0.0	0.0	0.0	0.0	0.0	4.61567e-05	3.41272e-05	0.0	0.0	0.0	0.0	0.0	0.0	0.0	0.0	0.0	0.0	0.0	0.0	0.0	0.0	0.0	0.0	0.0	5.23395e-05	0.0	0.0	0.0	0.0	0.0	0.0	0.0	0.0	3.61996e-05	2.65608e-05	0.0	0.0	0.0	0.0	0.0	0.0	0.0	0.0	0.0	0.0	0.0	0.0	0.0	0.0	0.0	0.0	0.0	0.0	0.0	0.0	0.0	0.0	0.0	0.0	0.0	0.0	0.0	0.0	0.0	0.0	0.0	0.0	0.0	0.0	0.0	0.0	0.000243841	0.0	0.0	0.0	0.0	0.0	0.0	0.0	0.0	0.0	0.0	0.0	0.0	0.0	0.0
PWY-6185: 4-methylcatechol degradation (ortho cleavage)	0.0	0.0	0.0	0.0	0.0	0.0	0.0	0.0	0.0	0.0	0.0	0.0	0.0	0.0	0.0	0.0	0.0	0.0	0.0	0.0	0.0	0.0	0.0	5.05192e-05	0.0	0.0	0.0	0.0	0.0	0.0	0.0	0.000113528	0.0	0.0	0.0	0.0	0.0	0.0	0.0	0.0	0.0	0.0	0.0	0.0	3.01416e-05	2.46298e-05	0.0	0.0	0.0	0.0	0.0	0.0	0.0	0.0	0.0	0.0	0.0	0.0	0.0	0.0	0.0	0.0	0.0	5.26765e-05	2.82479e-05	0.0	0.0	0.0	0.0	0.0	0.0	0.0	4.16286e-05	3.41515e-05	0.0	0.0	0.0	0.0	0.0	0.0	0.0	0.0	0.0	0.0	0.0	0.0	0.0	0.0	0.0	0.0	0.0	0.0	0.0	0.0	0.0	0.0	0.0	0.0	0.0	0.0	0.0	0.0	0.0	0.0	0.0	0.0	0.0	0.0	0.0	0.0	0.00043319	0.0	0.0	0.0	0.0	0.0	0.0	0.0	0.0	0.0	0.0	0.0	0.0	0.0	0.0
PWY-6210: 2-aminophenol degradation	0.0	9.50629e-06	0.0	0.0	0.0	0.0	0.0	0.0	0.0	0.0	0.0	0.0	0.0	0.0	0.0	0.0	0.0	0.0	0.0	0.0	0.0	0.0	0.0	0.0	0.0	1.26222e-05	0.0	0.0	0.0	0.0	0.0	2.95259e-05	0.0	0.0	0.0	0.0	0.0	0.0	0.0	0.0	2.56703e-06	0.0	0.0	0.0	3.66142e-06	0.0	0.0	0.0	0.0	0.0	0.0	0.0	0.0	0.0	0.0	0.0	0.0	0.0	0.0	0.0	0.0	0.0	0.0	1.72934e-05	0.0	0.0	0.0	0.0	0.0	0.0	0.0	0.0	2.46263e-06	0.0	0.0	0.0	0.0	0.0	1.18981e-05	0.0	0.0	0.0	0.0	0.0	0.0	0.0	0.0	0.0	0.0	1.0183e-05	0.0	0.0	0.0	0.0	0.0	0.0	0.0	0.0	0.0	0.0	0.0	0.0	0.0	0.0	0.0	0.0	0.0	0.0	0.0	0.0	2.64793e-05	0.0	0.0	0.0	0.0	0.0	0.0	0.0	0.0	4.4509e-06	0.0	0.0	0.0	0.0	0.0
PWY-6215: 4-chlorobenzoate degradation	0.0	0.0	0.0	0.0	0.0	0.0	0.0	0.0	0.0	0.0	0.0	0.0	0.0	0.0	0.0	0.0	0.0	0.0	0.0	0.0	0.0	0.0	0.0	5.87953e-06	0.0	0.0	0.0	0.0	0.0	0.0	0.0	2.85119e-06	0.0	0.0	0.0	0.0	0.0	0.0	0.0	0.0	0.0	0.0	0.0	0.0	0.0	8.58564e-05	0.0	0.0	0.0	0.0	0.0	0.0	0.0	0.0	0.0	0.0	9.24183e-06	0.0	0.0	0.0	0.0	0.0	0.0	2.53473e-05	0.0	0.0	0.0	0.0	0.0	0.0	0.0	0.0	1.26505e-05	2.49929e-05	0.0	0.0	0.0	0.0	0.0	0.0	0.0	0.0	0.0	0.0	0.0	0.0	0.0	0.0	6.44163e-06	0.0	0.0	0.0	0.0	0.0	0.0	0.0	0.0	0.0	0.0	0.0	0.0	0.0	0.0	0.0	0.0	0.0	0.0	0.0	0.0	0.0	9.69459e-05	0.0	0.0	0.0	0.0	0.0	0.0	0.0	0.0	0.0	0.0	0.0	0.0	0.0	0.0
PWY-621: sucrose degradation III (sucrose invertase)	0.00250547	0.00099498	0.00097946	0.00306	0.00289052	0.00204694	0.0017499	0.00192009	0.00250495	0.000481722	0.00270434	0.0065536	0.000342288	0.00179632	0.00365131	0.00118509	0.00214275	0.00159278	0.00406053	0.00117938	0.00293944	0.0014388	0.00262646	0.00304886	0.00388159	0.00217541	0.0039685	0.0023169	0.0031396	0.00316879	0.000895442	0.00297205	0.00248695	0.00468277	0.00403071	0.00317056	0.00241043	0.00274337	0.00137701	0.0011771	0.00221343	0.00301672	0.00326115	0.0015042	0.00169332	0.00275029	0.00322319	0.00182674	0.00345673	0.00204768	0.00216792	0.0021046	0.000531757	0.00246953	0.00235758	0.00246789	0.00129517	0.0016594	0.00384366	0.00176598	0.00178015	0.00114159	0.00135999	0.00130373	0.00207937	0.00262481	0.00312605	0.00161165	0.00131216	0.00321366	0.00278703	0.00418857	0.00220237	0.00255249	0.00313638	0.00189941	0.001775	0.00234386	0.00160316	0.00296919	0.00109587	0.00164203	0.00203978	0.00277467	0.00215955	0.00144949	0.00139822	0.00375958	0.002905	0.0031222	0.00444791	0.00208251	0.00319709	0.00180844	0.00230543	0.00253603	0.00107678	0.0035535	0.00180012	0.00210751	0.00241017	0.000622597	0.00201174	0.000394292	0.00107608	0.00286569	0.00298533	0.00178819	0.00451616	0.00505038	0.00319036	0.00245733	0.00396073	0.00192206	0.00358718	0.00262332	0.00149511	0.00280637	0.000817295	0.00173889	0.00437185	0.00127091	0.00248582	0.0022299	0.00424461
PWY-622: starch biosynthesis	0.00246443	0.00201332	0.0	0.000302976	0.000915579	0.000206403	0.00263992	0.000209006	0.00114237	0.0	0.000330517	0.00139451	0.0	0.000363976	0.0	0.0	0.0	0.000585937	0.000686099	0.000340377	0.001096	0.00137991	0.00356435	0.000380009	0.0	0.000132798	0.0	0.000701816	0.0	0.000553559	0.000391501	0.000196439	0.000198862	0.0	0.000355656	0.000507917	0.00059227	0.0	0.00114768	0.00199587	0.00174491	0.00211821	0.0	0.000429798	0.00149394	0.000201367	0.00181726	0.000711596	0.000161415	0.0	0.00186639	0.000194435	0.000733668	0.0	6.38543e-05	0.0	0.000187547	0.00142555	0.000532222	0.0	0.00021381	0.0	0.000323109	0.0	0.0	0.0	0.000393454	0.000296502	0.000446536	0.000432127	0.0	0.0004112	0.0	0.0	0.000324676	0.0041801	0.000650283	0.000173575	0.0	0.0	0.000909753	0.0012766	0.000358655	0.000594041	0.000662182	0.000507508	0.00205194	0.0	0.0	0.00119078	0.0	0.000253242	0.000678688	0.000230412	0.00124918	0.000705943	0.00194978	0.00173948	5.80194e-05	0.0	0.000117806	0.00126742	0.0026257	0.000602527	0.0	0.00262813	0.0	0.0	0.000521941	0.000814943	0.000192751	0.000119657	0.00262752	0.000179284	0.0	0.0035864	0.000703325	0.000739418	0.0	0.000999927	0.0	0.00465585	0.000151713	0.000775818	0.0
PWY-6270: isoprene biosynthesis I	0.00550763	0.00664844	0.00624859	0.00614622	0.00508314	0.00414455	0.00537926	0.0049213	0.00651763	0.00731356	0.00648733	0.00486824	0.00511593	0.00741935	0.00633298	0.00657272	0.00570594	0.00431031	0.0050549	0.00482229	0.0044316	0.0069613	0.00510865	0.00494438	0.0064988	0.00437683	0.00539277	0.00442709	0.00545207	0.00436989	0.00507098	0.00562623	0.00450955	0.00540651	0.00517006	0.00298375	0.00520284	0.0055562	0.00729589	0.00426582	0.00636617	0.00553475	0.00496294	0.00391406	0.00180551	0.00462529	0.00615671	0.00650732	0.00467546	0.00584117	0.00737546	0.00635767	0.00360348	0.00543341	0.00476642	0.00450364	0.00654645	0.00734112	0.00609106	0.00574575	0.00417639	0.00634223	0.00608308	0.00551323	0.00518674	0.00485524	0.00346638	0.00798905	0.00565993	0.00504963	0.00385466	0.00337306	0.00621313	0.00447731	0.00704518	0.00679781	0.00705292	0.00444113	0.00572534	0.00614259	0.0051899	0.00341946	0.00214897	0.00356737	0.00232315	0.00595782	0.00496728	0.00509135	0.00600239	0.00464934	0.00683508	0.00554473	0.00591514	0.00509488	0.0043595	0.0049549	0.00650875	0.00575718	0.00525134	0.00524867	0.00260224	0.00606228	0.00525885	0.00405407	0.00653884	0.00631108	0.0069139	0.00225689	0.00540918	0.00650577	0.00429129	0.00526816	0.00629346	0.00427521	0.00464283	0.00641024	0.00605765	0.00270762	0.0024251	0.00405834	0.00528199	0.00351234	0.00635159	0.00491695	0.00507143
PWY-6277: superpathway of 5-aminoimidazole ribonucleotide biosynthesis	0.00944959	0.00938788	0.0111959	0.00868669	0.00982245	0.00964661	0.0124577	0.0123126	0.00986352	0.0122248	0.0095973	0.0097937	0.0118919	0.00992671	0.00925525	0.0108475	0.011162	0.00994122	0.0106798	0.0119262	0.00924662	0.0100665	0.00965645	0.00869556	0.00838979	0.0096939	0.00941478	0.00817012	0.00943136	0.0104347	0.013147	0.00882567	0.0114973	0.00999594	0.00916465	0.0100979	0.0103017	0.0102101	0.012484	0.0115915	0.00966778	0.0103952	0.0104245	0.0118455	0.0128987	0.00688699	0.00893237	0.0103135	0.00893875	0.00947234	0.00881181	0.011508	0.0128801	0.0101137	0.00696719	0.00868475	0.0118549	0.0108271	0.00902992	0.00977076	0.0105228	0.0113694	0.0109717	0.00899705	0.00733055	0.0106744	0.0112506	0.0109979	0.0092181	0.0101101	0.00911381	0.0106416	0.0113486	0.00917395	0.0105849	0.010006	0.0101252	0.0112994	0.00910096	0.0109106	0.0127862	0.00906864	0.0120102	0.0128219	0.0151394	0.0109352	0.00960365	0.00882514	0.0107149	0.00917348	0.00986396	0.0101681	0.0104846	0.0110395	0.0103319	0.0126892	0.00903874	0.0105408	0.00964532	0.00907852	0.0100162	0.00883377	0.0090667	0.0141458	0.00967176	0.0100574	0.010514	0.0125886	0.0102241	0.00937387	0.00709527	0.0106068	0.00992745	0.0123677	0.012057	0.0106869	0.00869784	0.0111773	0.0139268	0.00984508	0.00994339	0.0100818	0.00941409	0.0101771	0.0126011
PWY-6281: L-selenocysteine biosynthesis II (archaea and eukaryotes)	0.0	0.0	0.0	0.0	0.0	0.0	0.0	0.0	0.0	0.0	0.0	0.0	0.0	0.0	0.0	0.0	0.0	0.0	0.0	0.0	0.0	0.0	0.0	0.0	0.0	0.0	0.0	0.0	0.0	0.0	0.0	0.0	0.0	0.0	0.0	0.0	0.0	0.0	0.0	0.0	0.0	0.0	0.0	0.0	0.0	0.0	0.0	0.0	0.0	0.0	0.0	0.0	0.0	0.0	0.0	0.0	0.0	0.0	0.0	0.0	0.0	0.0	0.0	0.0	0.0	0.0	0.0	0.0	0.0	0.0	0.0	0.0	0.0	0.0	0.0	0.0	0.000106139	0.0	0.0	0.0	0.0	0.0	0.0	0.0	9.23467e-05	0.0	0.0	0.0	0.0	0.0	0.0	1.56823e-05	0.0	0.0	0.0	0.0	0.0	0.0	0.0	0.0	0.0	0.0	0.0	0.0	0.0	0.0	0.0	0.0	0.0	0.0	0.0	0.0	0.0	0.0	0.0	0.0	0.0	0.0	0.0	0.0	0.0	0.0	0.0	0.0	0.0
PWY-6282: palmitoleate biosynthesis I (from (5Z)-dodec-5-enoate)	0.00304794	0.00116043	0.00171528	0.00245655	0.000974059	0.00131988	0.00104507	0.000629123	0.00318137	0.000386728	0.00127982	0.000778895	0.000375599	0.000899965	0.00141364	0.000430638	0.00183571	0.00126764	0.00112216	0.000301987	0.00165793	0.000834931	0.000452948	0.00186243	0.00244684	0.00338169	0.00226374	0.00390336	0.00211342	0.00208003	0.00114014	0.0024678	0.000431033	0.00366234	0.00237187	0.000262488	0.00165689	0.00260136	0.000677584	0.00159682	0.00162933	0.00223147	0.00328291	0.00128448	0.00162408	0.00358259	0.000945156	0.000734486	0.00121544	0.00205826	0.00255335	0.000687805	0.0020811	0.00177945	0.00309386	0.00058657	0.00139279	0.00183317	0.00237555	0.000436378	0.0013649	0.000631183	0.00065247	0.00208826	0.00325053	0.000653559	0.00148777	0.00133336	0.00156391	0.00147357	6.27225e-05	0.000825557	0.000525513	0.0020148	0.000614499	0.00218786	0.000473659	0.000463772	0.000877667	0.00212432	0.000505761	0.00199894	0.000217115	0.000988844	0.0006726	0.000529898	0.00276384	0.00206662	0.00063013	0.00146448	0.000672344	0.000742186	0.000856513	0.00164606	0.00154632	0.00074876	0.00302459	0.0016777	0.000573905	0.000855392	0.00161658	0.00296987	0.00259337	0.000245336	0.00163255	0.00114796	0.000857232	0.000392918	0.00136679	0.000535459	0.00372917	0.00120919	0.00137074	0.000518983	0.000385632	0.00111209	0.00563276	0.000780619	0.00112645	0.00230797	0.00162839	0.00106722	0.000876436	0.0017328	0.000756211
PWY-6284: superpathway of unsaturated fatty acids biosynthesis (E. coli)	0.000387884	0.00127204	0.000955904	0.00012433	0.000262106	0.000187846	0.0	0.000551627	0.000516268	0.000116566	0.0	0.000148343	0.000415784	0.000841482	3.81984e-05	0.000219969	0.000243794	6.19447e-05	0.000347248	0.00025275	0.000480152	0.0	0.000136942	0.000534005	0.000317355	0.000904868	0.0	0.00111106	0.0	0.00031229	5.37864e-05	0.000832541	0.000294606	0.000241494	0.000329862	0.000186204	0.000398679	0.000427227	0.000388451	0.000254031	0.00126199	8.92558e-05	0.000223551	0.0	0.0	0.00226381	0.0002311	0.000628383	0.000248038	0.000526055	0.000917304	0.000189575	0.0	0.0	0.00195635	6.03023e-05	0.00029512	5.38811e-05	0.0	0.0	0.000668938	0.000193687	0.000423879	0.000781722	0.00135304	0.000721735	4.82644e-05	1.93632e-05	0.000594865	0.000633291	0.0	9.64977e-05	0.000580902	0.00108234	0.000118211	0.000497485	0.0	0.00050586	0.000265602	0.000837767	0.000319904	0.000215559	0.0	0.000254376	0.0	0.000144547	0.000349476	0.00014799	0.000434623	0.000183556	0.0	0.000595213	0.000364479	0.000520984	0.000284669	5.83488e-05	0.00102971	0.000452661	0.000175624	0.000278966	0.0	0.00155798	0.0	0.000219277	0.000141275	0.000287133	0.0	0.000200399	0.000403946	0.0	0.00216951	0.000153174	0.000686736	9.07114e-05	0.0	0.000878592	0.00102521	0.000302604	3.18813e-05	0.000389145	0.0	0.0	0.0	0.0	0.000383778
PWY-6285: superpathway of fatty acids biosynthesis (E. coli)	0.0	0.0	0.0	0.000241018	0.000262769	0.000347529	0.0	0.000363877	0.0	0.0	0.0	0.0	0.0002063	0.0	0.0	0.0	0.0	0.0	0.0	0.000230097	0.000807524	0.0	0.000192512	0.000901952	0.0	0.00150723	0.0	0.00182746	0.0	0.000446013	0.0	0.00115174	0.000247064	0.000462977	0.0	0.0	0.0	0.000574251	0.0	0.0	0.000294225	9.21404e-05	0.000123047	0.0	0.0	0.00291085	0.000190924	0.000479439	0.0	0.000624066	0.00145413	0.000232962	0.0	0.0	0.00254115	0.000113939	0.000450553	0.000106372	0.0	0.0	0.0	0.00032904	0.0	0.00106259	0.00205086	0.000618546	0.0	0.0	0.000372184	0.0	0.0	0.000181936	0.000631018	0.00159115	0.000180849	0.000849937	0.0	0.0	0.000420065	0.00124438	0.0	0.0	0.0	0.0	0.0	0.0	0.0	0.000286145	0.000156322	0.000332534	0.0	0.0	0.0	0.0	0.00015974	0.0	0.0012188	0.0	0.000180087	0.0	0.0	0.0	0.0	0.0	0.0	0.000450906	0.0	0.0	0.000508864	0.0	0.00286752	0.00028557	0.000457405	0.0	0.0	0.000336147	0.00176139	0.00045508	0.0	0.000688705	0.0	0.0	0.0	0.0	0.000581051
PWY-6292: superpathway of L-cysteine biosynthesis (mammalian)	0.000706995	0.00152736	0.00151224	0.00137623	0.00110052	0.00183316	0.0011617	0.00188385	0.00070446	0.00100835	0.00118592	0.00238414	0.00223141	0.00246867	0.000243173	0.00180566	0.001969	0.00231257	0.00224605	0.00131562	0.0017419	0.00233078	0.00145251	0.00125018	0.000382043	0.00125351	0.00116529	0.00124164	0.00042231	0.00169964	0.00182712	0.00123387	0.00131531	0.000445464	0.00179299	0.00269718	0.00187903	0.00139763	0.00152887	0.00294892	0.00184036	0.00255674	0.00250001	0.00208995	0.00430963	0.00086481	0.00167794	0.00254976	0.00199255	0.00159207	0.00119255	0.000594645	0.00284543	0.00165643	0.000559106	0.00110073	0.00138456	0.00164707	0.00170921	0.00151081	0.00135083	0.00137784	0.00232939	0.00112899	0.00158814	0.00265705	0.00382065	0.00278606	0.00164286	0.00207758	0.00248396	0.00226495	0.00119392	0.00155803	0.00150936	0.000573054	0.00203336	0.00221977	0.00187978	0.00224132	0.00175109	0.00196753	0.00261932	0.00387817	0.00424764	0.00428405	0.00215545	0.0012671	0.00194105	0.00204287	0.00184745	0.00251155	0.00209768	0.00182707	0.00106878	0.00304539	0.00208157	0.0030154	0.00167024	0.00243187	0.00253593	0.00109871	0.00117976	0.000886705	0.00126516	0.00189819	0.000176934	0.00257116	0.00202488	0.00229954	0.00102362	0.00224894	0.0020772	0.00305904	0.00353562	0.00285204	4.14032e-05	0.00208679	0.00491304	0.00240077	0.00205186	0.00130459	0.00220404	0.0028285	0.0031967
PWY-6293: superpathway of L-cysteine biosynthesis (fungi)	8.15427e-05	3.55288e-05	0.0	0.000252065	2.71911e-05	0.000142768	0.000300773	0.000166058	0.0	0.0	1.86885e-05	0.0	2.4081e-05	9.72861e-05	2.4536e-05	5.31648e-05	0.0	0.0	2.64677e-05	0.0	0.000163669	0.0	0.000165207	0.000242812	2.62475e-05	0.000249361	4.52794e-05	0.000529997	0.0	7.62954e-05	6.18696e-05	0.000215631	0.000178732	8.65125e-05	0.0	0.0	2.51323e-05	5.85952e-05	2.75076e-05	9.26197e-06	1.53979e-05	0.0	8.25302e-06	8.36346e-05	0.000169416	0.00100772	3.95983e-05	6.42986e-05	7.89494e-05	7.19828e-05	0.000152008	0.0	0.0	0.0	0.000925769	3.79e-05	9.75761e-06	0.0	0.0	0.0	0.0	0.00015967	0.0	0.000499872	0.000486023	0.0001806	0.0	3.18409e-05	0.000156179	0.0	0.000132193	6.86102e-05	5.72333e-05	0.000320865	0.000267076	0.000575735	0.0	0.0	0.000143352	0.000339705	0.0	0.0	0.0	0.000114449	0.0	0.0	0.0	6.22583e-05	1.88826e-05	5.88903e-05	0.0	0.0	0.0	0.0	0.000103322	0.0	0.000275158	5.64185e-05	3.05023e-05	0.0	0.0	0.0	0.0	0.0	0.0	0.0	0.0	0.0	0.0	0.000234834	0.00101962	0.0	0.000148069	0.0	0.0	7.42084e-05	9.09923e-05	0.0	0.0	0.000132722	0.0	1.13463e-05	0.0	0.0	1.34612e-05
PWY-6305: superpathway of putrescine biosynthesis	0.00249781	0.00185457	0.00172711	0.00142967	0.00119044	0.00126168	0.000687546	0.00116305	0.00184683	0.00108062	0.00178183	0.000947726	0.000393444	0.0018363	0.000639612	0.00161242	0.00179879	0.00167975	0.00204146	0.000834289	0.002289	0.00122081	0.00208812	0.0028568	0.0025852	0.00183783	0.00216615	0.00214432	0.000608504	0.00154135	0.00169189	0.00207596	0.000948454	0.000895294	0.00302895	0.00358768	0.00254008	0.00230262	0.0014276	0.00142327	0.00333646	0.00155483	0.00257438	0.00160688	0.000461787	0.0030327	0.00163787	0.00122311	0.0013397	0.00228168	0.00101935	0.000797583	0.0014114	0.0012587	0.00236571	0.00170575	0.00127632	0.00220503	0.00225033	0.000970837	0.000553779	0.000653017	0.00130365	0.00100029	0.00218565	0.00116596	0.00137057	0.0010761	0.00152062	0.0025056	0.000459691	0.000493951	0.000819331	0.0016997	0.000668736	0.000871152	0.00108488	0.00144502	0.00121581	0.00171631	0.000936095	0.00194785	0.00101028	0.000786221	0.00023574	0.00219217	0.00220344	0.00137534	0.00182259	0.00189659	0.000942273	0.00195031	0.000801835	0.00210261	0.00106307	0.00115369	0.00260019	0.00155724	0.000533582	0.00235261	0.00268035	0.00242437	0.00195874	0.000629815	0.0015483	0.000974155	0.000887628	0.000612692	0.00157103	0.00150572	0.00341616	0.00186067	0.00120735	0.000534656	0.000796555	0.00076309	0.00220876	0.00137266	0.000907068	0.00121611	0.0013467	0.00103608	0.00228892	0.00274526	0.00116249
PWY-6307: L-tryptophan degradation X (mammalian, via tryptamine)	0.0	0.0	0.0	0.0	0.0	0.0	0.0	0.0	0.0	0.0	0.0	0.0	0.0	0.0	0.0	0.0	0.0	0.0	0.0	0.0	0.0	0.0	0.0	0.0	0.0	0.0	0.0	0.0	0.0	0.0	0.0	1.4692e-06	0.0	0.0	0.0	0.0	0.0	0.0	0.0	0.0	0.0	0.0	0.0	0.0	0.0	7.41847e-07	0.0	0.0	0.0	0.0	0.0	0.0	0.0	0.0	0.0	0.0	0.0	0.0	0.0	0.0	0.0	0.0	0.0	0.0	0.0	0.0	0.0	0.0	0.0	0.0	0.0	0.0	0.0	0.0	0.0	0.0	0.0	0.0	0.0	0.0	0.0	0.0	0.0	0.0	0.0	0.0	0.0	0.0	0.0	0.0	0.0	0.0	0.0	0.0	0.0	0.0	0.0	0.0	0.0	0.0	0.0	0.0	0.0	0.0	0.0	0.0	0.0	0.0	0.0	0.0	0.0	0.0	0.0	0.0	0.0	0.0	0.0	0.0	0.0	0.0	0.0	0.0	0.0	0.0	0.0
PWY-6313: serotonin degradation	0.0	0.0	0.0	0.0	0.0	0.0	0.0	0.0	0.0	0.0	0.0	0.0	0.0	0.0	0.0	0.0	0.0	0.0	0.0	0.0	0.0	0.0	0.0	0.0	0.0	0.0	0.0	0.0	0.0	0.0	0.0	1.92894e-06	0.0	0.0	0.0	0.0	0.0	0.0	0.0	0.0	0.0	0.0	0.0	0.0	0.0	9.89009e-07	0.0	0.0	0.0	0.0	0.0	0.0	0.0	0.0	0.0	0.0	0.0	0.0	0.0	0.0	0.0	0.0	0.0	0.0	0.0	0.0	0.0	0.0	0.0	0.0	0.0	0.0	0.0	0.0	0.0	0.0	0.0	0.0	0.0	0.0	0.0	0.0	0.0	0.0	0.0	0.0	0.0	0.0	0.0	0.0	0.0	0.0	0.0	0.0	0.0	0.0	0.0	0.0	0.0	0.0	0.0	0.0	0.0	0.0	0.0	0.0	0.0	0.0	0.0	0.0	0.0	0.0	0.0	0.0	0.0	0.0	0.0	0.0	0.0	0.0	0.0	0.0	0.0	0.0	0.0
PWY-6317: D-galactose degradation I (Leloir pathway)	0.00513413	0.00631422	0.00751305	0.00577037	0.00531544	0.00685224	0.00498157	0.00650866	0.00553275	0.00619569	0.00663264	0.00707056	0.00758834	0.00803742	0.00569969	0.00712149	0.00504082	0.00754815	0.00834792	0.00685211	0.00522474	0.00823001	0.00556322	0.00567946	0.00567925	0.00446293	0.00631231	0.00523614	0.00434785	0.00777466	0.00764614	0.00734102	0.00656573	0.00494627	0.00661005	0.00636827	0.00798096	0.00453074	0.00563184	0.00554469	0.00619357	0.007387	0.0065115	0.00582477	0.00793382	0.00493817	0.00795468	0.00711894	0.00705603	0.00500715	0.00444187	0.00431954	0.00393013	0.00597628	0.00463866	0.00642071	0.00515493	0.00571953	0.00680317	0.00614694	0.00662235	0.0111383	0.00712441	0.0058683	0.00535208	0.0061124	0.00673269	0.00613028	0.00677863	0.00709807	0.0071321	0.00752369	0.00858207	0.00580537	0.00768207	0.00737531	0.00634829	0.00796636	0.00666148	0.00607391	0.00479682	0.00672183	0.00698284	0.00689951	0.00687779	0.00639206	0.00641384	0.00536831	0.00601	0.00550758	0.00820978	0.00686638	0.0067994	0.00505677	0.00754568	0.00552288	0.005944	0.00681636	0.0064391	0.00588949	0.0069552	0.00432404	0.00489895	0.00465578	0.00686253	0.00833353	0.00274347	0.007021	0.00672899	0.00740995	0.00462488	0.0076022	0.00846869	0.00520428	0.0069967	0.00641551	0.0024578	0.00623996	0.00513535	0.00450726	0.00786998	0.00443639	0.00587857	0.00728811	0.00736591
PWY-6318: L-phenylalanine degradation IV (mammalian, via side chain)	0.0	0.0	0.0	0.0	2.4945e-06	0.0	0.0	0.0	0.0	0.0	0.0	0.0	5.57806e-06	0.0	0.0	0.0	0.0	0.0	0.0	0.0	1.30774e-05	0.0	5.54669e-06	5.28922e-05	1.2144e-05	1.09137e-05	0.0	1.35252e-05	0.0	4.8894e-06	0.0	4.06708e-05	0.0	0.0	0.0	0.0	0.0	0.0	0.0	0.0	1.55872e-06	0.0	0.0	0.0	0.0	7.42995e-05	0.0	1.00522e-05	0.0	0.0	9.83384e-06	0.0	0.0	0.0	3.6364e-05	0.0	0.0	0.0	0.0	0.0	0.0	0.0	0.0	0.0	8.09199e-05	9.82237e-06	0.0	0.0	0.0	0.0	0.0	0.0	0.0	0.0	0.0	0.0	0.0	0.0	8.94316e-06	6.81464e-05	0.0	0.0	0.0	0.0	0.0	0.0	0.0	0.0	0.0	2.08858e-05	0.0	0.0	0.0	0.0	0.0	0.0	0.0	0.0	0.0	0.0	0.0	0.0	0.0	0.0	0.0	0.0	0.0	0.0	0.0	0.0	0.00029166	0.0	0.0	0.0	0.0	0.0	4.87674e-05	0.0	0.0	1.1469e-05	0.0	0.0	0.0	0.0	0.0
PWY-6328: L-lysine degradation X	0.0	0.0	1.21065e-05	6.88652e-05	1.59678e-05	0.0	0.0	3.10149e-06	0.0	0.0	0.0	0.0	0.0	0.0	0.0	0.0	0.0	0.0	0.0	0.0	1.76268e-05	0.0	1.46892e-05	2.6808e-05	0.0	8.14999e-05	0.0	0.00019715	0.0	0.0	0.0	2.68062e-05	0.0	0.0	0.0	0.0	0.0	0.0	0.0	0.0	0.0	0.0	0.0	0.0	0.0	0.000160396	0.0	5.06587e-06	0.0	0.0	2.00934e-05	0.0	0.0	0.0	0.000445958	0.0	0.0	0.0	0.0	0.0	0.0	0.0	0.0	2.26819e-05	0.0	3.41364e-05	0.0	0.0	3.22754e-05	0.0	0.0	0.0	0.0	0.0	0.0	0.0	0.0	0.0	2.1443e-05	0.000114294	0.0	0.0	0.0	0.0	0.0	0.0	0.0	0.0	0.0	3.08873e-05	0.0	0.0	0.0	0.0	0.0	0.0	0.000501613	0.0	0.0	0.0	0.0	0.0	0.0	0.0	0.0	0.0	0.0	0.0	0.0	0.0	0.000153692	4.1525e-06	0.0	0.0	0.0	0.0	0.0	0.0	0.0	4.42168e-05	0.0	0.0	0.0	0.0	0.0
PWY-6349: CDP-archaeol biosynthesis	0.0	0.0	0.0	0.0	3.99283e-05	1.24953e-05	0.0	3.5656e-05	0.0	9.84811e-05	0.0	0.0	0.0	0.0	0.0	9.8913e-05	0.000122085	0.0	0.0	0.0	0.0	0.0	0.0	0.0	0.0	2.37835e-05	0.0	0.0	0.0	0.0	0.000261514	0.0	9.03679e-05	0.0	0.0	0.0	0.0	0.0	0.0	0.0	0.0	0.0	0.0	0.0	0.0	0.0	0.0	9.04616e-05	0.0	0.0	0.0	0.00019473	0.0	3.71055e-05	0.0	0.0	0.000104043	0.0	0.0	0.000166921	0.0	0.000227441	0.0	0.000105202	0.0	0.0	0.0	0.0001237	0.0	0.0	0.0	2.69143e-05	3.17061e-05	0.0	0.0	0.0	0.0	0.0	0.000157519	0.0	0.0	0.0	0.0	0.0	0.0	0.0	2.03645e-05	0.0	0.0	0.0	0.0	0.0	2.27681e-05	0.0	0.0	0.0	0.0	2.5378e-05	4.68154e-05	0.0	0.0	0.0	0.0	2.69947e-05	0.0	0.0	0.0	0.0	3.15195e-05	4.576e-05	0.0	0.0	0.0	0.0	1.85738e-05	0.000214627	0.0	0.0	0.0	1.28169e-05	0.0	4.86424e-05	0.0	0.0	0.0
PWY-6350: archaetidylinositol biosynthesis	0.0	0.0	0.0	0.0	3.3839e-05	0.0	0.0	2.84498e-05	0.0	8.96689e-05	0.0	0.0	0.0	0.0	0.0	8.91385e-05	0.000108229	0.0	0.0	0.0	0.0	0.0	0.0	0.0	0.0	0.0	0.0	0.0	0.0	0.0	0.000236891	0.0	7.15836e-05	0.0	0.0	0.0	0.0	0.0	0.0	0.0	0.0	0.0	0.0	0.0	0.0	0.0	0.0	7.46606e-05	0.0	0.0	0.0	0.000162592	0.0	2.47443e-05	0.0	0.0	8.90119e-05	0.0	0.0	0.000153741	0.0	0.000202631	0.0	9.74334e-05	0.0	0.0	0.0	0.000117136	0.0	0.0	0.0	2.0976e-05	2.44205e-05	0.0	0.0	0.0	0.0	0.0	0.000148136	0.0	0.0	0.0	0.0	0.0	0.0	0.0	1.73541e-05	0.0	0.0	0.0	0.0	0.0	0.0	0.0	0.0	0.0	0.0	2.01508e-05	3.25056e-05	0.0	0.0	0.0	0.0	1.77419e-05	0.0	0.0	0.0	0.0	2.44908e-05	0.0	0.0	0.0	0.0	0.0	0.0	0.00019202	0.0	0.0	0.0	0.0	0.0	3.22722e-05	0.0	0.0	0.0
PWY-6353: purine nucleotides degradation II (aerobic)	0.00173786	0.00238162	0.00147907	0.00159794	0.00118704	0.00107444	0.00105372	0.00190461	0.000991333	0.00124002	0.00219834	0.00126097	0.00184776	0.0020879	0.00288443	0.00142572	0.00158817	0.000942831	0.00150602	0.00084753	0.00230793	0.00137332	0.002213	0.00176028	0.00128666	0.00156442	0.00131813	0.00294938	0.00102425	0.00123537	0.00128467	0.00185571	0.00141314	0.00199128	0.00179632	0.00101641	0.00230609	0.0018423	0.00135034	0.00112381	0.00163401	0.00222132	0.00202147	0.00185157	0.000958498	0.00351353	0.00222915	0.00174092	0.000980425	0.00226921	0.00181046	0.00143733	0.00133824	0.00160624	0.00383185	0.00214458	0.00130694	0.00192207	0.00194973	0.000855788	0.000819238	0.000631701	0.00172722	0.00129887	0.00369182	0.00342297	0.00141605	0.00124101	0.00207528	0.00189511	0.000640767	0.000917538	0.00146901	0.00177819	0.00162009	0.00128987	0.00139956	0.00229655	0.00186214	0.0021323	0.000926295	0.00134181	0.00122911	0.00145847	0.00136752	0.00139128	0.00192621	0.00109391	0.00150199	0.00162418	0.00181678	0.00143129	0.00192307	0.00212068	0.00166249	0.00150297	0.00206758	0.00162653	0.00104295	0.00148139	0.00139229	0.00177713	0.00124261	0.00138188	0.00166298	0.00290074	0.000754117	0.0012772	0.00129262	0.00187357	0.00422974	0.00211765	0.00205852	0.00114406	0.00123085	0.00179043	0.00243438	0.00101066	0.0016661	0.00100961	0.00114732	0.00108836	0.00117308	0.00267672	0.00119864
PWY-6385: peptidoglycan biosynthesis III (mycobacteria)	0.0103196	0.01108	0.0113859	0.0103893	0.0119076	0.010358	0.0130181	0.0113383	0.0111799	0.0132362	0.010074	0.0113255	0.0128517	0.0106508	0.00963715	0.0125991	0.0122835	0.012255	0.0120038	0.012831	0.00991439	0.0114713	0.0120783	0.0105518	0.0102379	0.0103959	0.0111407	0.00849394	0.010239	0.0111543	0.0121369	0.00954484	0.0123988	0.0101868	0.0104028	0.0115974	0.0112948	0.0102815	0.0126241	0.0125947	0.0100433	0.00982	0.0104455	0.0113736	0.0122788	0.00718854	0.0102325	0.010516	0.0102843	0.0102936	0.00923331	0.0126735	0.0158141	0.0113236	0.00724089	0.0111491	0.0131891	0.0126747	0.00926647	0.0141084	0.013272	0.0103367	0.0110235	0.0110831	0.00860167	0.0109126	0.0114783	0.0126051	0.0093266	0.00982464	0.0108474	0.0115606	0.0127131	0.0105555	0.0110746	0.01089	0.0132383	0.0106268	0.0104832	0.0101712	0.0140607	0.0106051	0.0120308	0.0124721	0.0154779	0.0110131	0.00950425	0.00902856	0.0125438	0.0100607	0.0115489	0.0105041	0.0106553	0.0114252	0.00987979	0.0132997	0.00856435	0.0107484	0.0120071	0.0104283	0.0102124	0.0110657	0.00981831	0.0153159	0.0106931	0.00957505	0.010638	0.013935	0.0116689	0.00985324	0.00642889	0.0105678	0.00885115	0.0151124	0.0132482	0.010226	0.0094079	0.0115407	0.0145697	0.0110872	0.0105877	0.0113805	0.0100544	0.0104114	0.0118323
PWY-6386: UDP-N-acetylmuramoyl-pentapeptide biosynthesis II (lysine-containing)	0.0103934	0.0115706	0.0119548	0.0109162	0.0122769	0.010871	0.0130515	0.0119408	0.0117026	0.0133822	0.0101166	0.0117184	0.0131748	0.0112723	0.00928802	0.0133384	0.0125795	0.0127514	0.0121229	0.0135583	0.0101876	0.0122276	0.0122934	0.0106593	0.010301	0.0106463	0.0113791	0.00854506	0.0097534	0.0114376	0.0127616	0.00981296	0.0126313	0.0102145	0.010694	0.0120151	0.0113275	0.0101435	0.0127385	0.0134279	0.0107695	0.0103647	0.0110851	0.0129137	0.0147445	0.00715733	0.0107209	0.0111375	0.0108179	0.0103689	0.00961297	0.0128348	0.0164274	0.0115083	0.00710595	0.0115637	0.0134378	0.0130675	0.00977505	0.0144256	0.0145091	0.0113501	0.0124636	0.0117402	0.00910367	0.0117064	0.0133828	0.0128854	0.00962222	0.0110635	0.0114499	0.0119835	0.0136745	0.0113861	0.0120538	0.0116775	0.0142084	0.0119123	0.0109817	0.0113529	0.0144744	0.0110117	0.0135385	0.0141484	0.0180127	0.012407	0.0107266	0.00926023	0.0129591	0.0110721	0.0119309	0.0112139	0.0113858	0.0118633	0.0110148	0.0141078	0.00921294	0.0116623	0.0128025	0.0113943	0.0113725	0.0113044	0.0107039	0.0161916	0.0109168	0.0109372	0.00991402	0.0145126	0.0120453	0.0101351	0.00632353	0.0115193	0.0105787	0.0163696	0.0143498	0.0116403	0.00877713	0.0125133	0.0158954	0.0119792	0.0109736	0.0125926	0.0108778	0.011315	0.0133598
PWY-6387: UDP-N-acetylmuramoyl-pentapeptide biosynthesis I (meso-diaminopimelate containing)	0.0103702	0.0114507	0.011857	0.01071	0.0121735	0.0107536	0.0130805	0.0117718	0.0115791	0.013407	0.0103394	0.0114105	0.0131555	0.0111408	0.0095574	0.0130697	0.0125749	0.0124381	0.012201	0.0135193	0.0101122	0.0120525	0.0122229	0.0105978	0.0101925	0.0105612	0.0112611	0.00849404	0.0100681	0.0113058	0.012637	0.00977154	0.0125815	0.0103071	0.0106499	0.0118892	0.0115509	0.010041	0.0132246	0.0132223	0.010627	0.0102829	0.0108321	0.0123573	0.0141855	0.00703709	0.0105415	0.0109121	0.0106901	0.0102627	0.00941392	0.0135751	0.0158757	0.0114119	0.00705837	0.0114037	0.0135842	0.0132556	0.00971022	0.0144414	0.0143226	0.0111607	0.0122726	0.0116042	0.008945	0.011512	0.0128549	0.0130608	0.00952938	0.0108344	0.0111617	0.0119165	0.0134064	0.0113058	0.011888	0.0111498	0.0139147	0.0118133	0.0108249	0.0109379	0.0143587	0.0108868	0.0135188	0.0134555	0.0169535	0.0118083	0.0105621	0.00917534	0.0128526	0.0108654	0.0118044	0.0109985	0.0111377	0.011558	0.0109297	0.0138157	0.00908946	0.0113794	0.0127006	0.0111815	0.0112518	0.0111756	0.0105271	0.0159825	0.0108689	0.0108272	0.0101126	0.0145669	0.0118881	0.00996894	0.0062741	0.0113842	0.0103328	0.0153234	0.0142309	0.0115086	0.00926177	0.0123052	0.0151602	0.0117672	0.0108531	0.0123416	0.0106383	0.0111183	0.0130364
PWY-6396: superpathway of 2,3-butanediol biosynthesis	0.0	0.0	0.0	0.0	0.0	0.0	0.0	0.0	0.0	0.0	7.41092e-06	0.0	0.0	0.0	0.0	0.0	0.0	0.0	0.0	0.0	0.0	0.0	0.0	0.0	0.0	1.26188e-05	0.0	0.0	1.5438e-05	0.0	0.0	0.0	0.0	0.0	0.0	0.0	0.0	0.0	0.0	0.0	0.0	2.18364e-05	0.0	0.0	0.0	0.0	0.0	0.0	0.0	0.0	0.0	1.77188e-05	0.0	0.0	0.0	0.0	3.08135e-05	0.0	0.0	0.0	0.0	5.56406e-05	3.65009e-05	0.000117865	0.0	3.78309e-06	0.0	0.0	0.0	0.0	0.0	0.0	0.0	0.0	0.0	0.0	0.0	0.0	0.0	0.0	0.0	0.0	0.0	0.0	0.0	0.0	0.0	0.0	3.77135e-05	0.0	0.0	0.0	0.0	0.0	0.0	0.0	0.0	0.0	0.0	0.0	0.0	0.0	0.0	0.0	0.0	0.0	0.0	0.0	0.0	0.0	0.0	0.0	0.0	0.0	0.0	0.0	0.0	0.0	0.0	1.01188e-05	0.0	0.0	0.0	0.0	0.0
PWY-6415: L-ascorbate biosynthesis V (euglena, D-galacturonate pathway)	0.000137315	9.22713e-05	1.98364e-05	0.000134622	0.0	0.0	0.0	0.0	7.98406e-05	0.0	0.0	0.0	0.0	4.98301e-05	0.0	0.0	0.000127537	0.0	0.00010434	0.0	0.000163598	0.0	0.000138449	0.0	0.000254032	0.0	0.0	0.0	0.0	8.15032e-05	0.0	1.06871e-05	8.44544e-05	0.0	0.0	0.0	8.25612e-05	0.0	0.0	6.04105e-05	0.0	0.0	0.0	0.000162641	0.0	0.0	0.0	0.0	0.0	0.0	8.46542e-05	0.000116673	0.0	0.0	0.0	0.0	0.0	0.0	0.0	0.00026328	0.0	0.0	0.0	8.74593e-05	9.68462e-05	0.0	0.0	6.45533e-05	0.0	0.0	0.0	6.86657e-05	0.0	0.0	1.82099e-05	0.0	0.0	0.0	4.9335e-05	0.0	0.0	0.0	4.53534e-05	0.0	0.0	0.000210311	2.95953e-05	7.07367e-05	8.04456e-05	0.0	0.0	0.0	9.11759e-05	0.000143908	9.2404e-06	0.0	0.0	0.0	0.0	7.5334e-05	0.0	0.0	0.0	4.5237e-05	0.0	0.0	0.0	0.0	5.60285e-05	9.85527e-05	4.23365e-05	4.17333e-05	0.0	0.0	0.0	0.000178024	0.0	0.0	0.0	0.0	0.0	0.000104742	2.87883e-05	4.87693e-05	0.00011625
PWY-6435: 4-hydroxybenzoate biosynthesis III (plants)	0.0	0.0	0.0	0.0	8.20079e-05	0.0	0.0	0.0	0.0	0.0	5.57839e-05	7.99106e-05	0.0	0.0	0.0	0.0	0.0	2.99478e-05	0.0	0.000199727	5.8859e-05	0.0	0.0	0.0	0.0	0.0	0.0	0.0	0.0	0.0	0.0	0.0	0.0	0.0	0.0	0.0	0.0	0.0	3.61027e-05	0.0	7.13705e-06	2.49298e-05	0.0	0.0	0.0	0.0	0.000100529	5.47116e-05	0.0	0.0	0.0	4.15698e-05	4.01771e-05	0.0	0.0	0.0	0.0	0.0	5.11093e-05	0.0	0.0	0.0	0.000108264	7.69366e-05	0.0	0.0	4.72429e-05	5.48213e-05	0.0	0.000164211	0.0	0.0	0.0	0.0	0.0	4.98947e-05	0.0	0.0	0.0	0.0	0.0	0.0	0.0	0.0	4.89009e-05	0.000116435	5.90615e-05	0.0	2.99914e-05	0.0	0.0	0.0	5.37803e-05	0.0	2.30931e-05	1.50783e-05	4.20489e-05	0.0	0.0	2.37484e-05	0.0	5.1683e-05	0.0	0.0	0.0	0.0	0.0	0.0	2.92779e-05	2.68192e-05	0.0	0.0	0.0	4.92786e-05	0.0	0.0	0.000141414	3.6364e-05	2.84776e-05	0.0	0.0	1.05507e-05	0.0	4.78092e-05	0.0
PWY-6467: Kdo transfer to lipid IVA III (Chlamydia)	0.0	0.0	0.0	0.0	0.0	0.0	0.0	0.0	0.0	0.0	0.0	0.0	0.0	0.0	0.0	0.0	0.0	0.0	0.0	0.0	0.0	0.0	0.0	0.0	0.0	0.0	0.0	0.0	0.0	0.0	0.0	0.0	0.0	0.0	0.0	0.0	0.0	0.0	0.0	0.0	0.0	0.0	0.0	0.0	0.0	0.0	0.0	0.0	0.0	0.0	0.0	0.0	0.0	0.0	0.0	0.0	0.0	0.0	0.0	0.0	0.0	0.0	0.0	0.0	0.0	0.0	0.0	0.0	0.0	0.0	0.0	0.0	0.0	8.43411e-05	0.0	0.0	0.0	0.0	2.3607e-05	0.0	0.0	0.0	0.0	0.0	0.0	0.0	0.0	0.0	0.0	0.0	0.0	0.0	0.0	0.0	0.0	0.0	0.0	0.0	0.0	0.0	0.0	0.0	0.0	0.0	0.0	0.0	0.0	0.0	0.0	0.0	0.0	0.0	0.0	0.0	0.0	0.0	0.0	0.0	0.0	0.0	0.0	0.0	0.0	0.0	0.0
PWY-6470: peptidoglycan biosynthesis V (&beta;-lactam resistance)	0.00132395	0.00210873	0.00260401	0.000850156	0.00203588	0.00375276	0.00207701	0.00208371	0.00188377	0.00170045	0.00143431	0.00113029	0.00217596	0.00381552	0.000896292	0.0011884	0.000952313	0.00224157	0.00209976	0.00178848	0.00114616	0.00267914	0.000998696	0.00268924	0.00210596	0.00086012	0.00157882	0.00256551	0.00221863	0.00190884	0.00165938	0.00203206	0.001415	0.00250925	0.00226027	0.00137377	0.00123626	0.00124918	0.00161732	0.00171525	0.00195537	0.00246143	0.001531	0.00203362	0.000641447	0.00036114	0.00232906	0.00242092	0.00168686	0.00163057	0.00148719	0.000179133	0.000810575	0.000652243	0.00102682	0.000420305	0.00254084	0.000680522	0.00268555	0.000878638	0.000855142	0.00184726	0.00276557	0.0018357	0.00175315	0.00101508	0.00180719	0.00165302	0.00298599	0.00202239	0.00130899	0.00217652	0.00154046	0.00113941	0.00156321	0.00265161	0.00228023	0.00201598	0.00185393	0.00298761	0.00165422	0.00178561	0.000601711	0.00183954	0.000294306	0.00385027	0.00175765	0.00125547	0.00178588	0.00223353	0.000808258	0.00375155	0.00175572	0.00241216	0.00286141	0.0010609	0.00181357	0.00228464	0.00168279	0.00180688	0.00201759	0.00121646	0.00243381	0.000403632	0.00094841	0.00148381	0.00162785	0.00109141	0.00156484	0.00250585	0.00063732	0.00204896	0.00261857	0.00223044	0.00202616	0.00142727	0.00181739	0.00117249	0.00190691	0.0013155	0.00251003	0.000754906	0.00329436	0.00164495	0.00173678
PWY-6471: peptidoglycan biosynthesis IV (Enterococcus faecium)	0.0	0.0	0.0	0.0	0.0	0.0	0.0013689	7.53563e-05	0.0	0.00019	0.0	0.0	0.0	0.0	0.0	0.0	0.0	0.0	0.0	0.0	0.0	0.0	0.0	0.0	0.00223255	0.0	0.000136607	0.0	0.0	0.0	0.0	6.99346e-05	0.0	0.0	0.0	0.0	0.0	0.0	0.0	0.0	0.0	0.0	0.0	0.0	0.0	0.0	0.0	0.0	0.0	3.42205e-05	0.0	0.0	0.0	0.0	0.0	0.0	7.28023e-05	0.000256885	0.0	0.0	0.0	0.0	7.20881e-05	0.00195729	0.0	0.000182648	0.0	0.000440644	0.0	0.0	0.000133231	0.0	0.0	4.00349e-05	6.99328e-05	0.000330193	0.0	0.0	6.14902e-05	0.0	0.0	0.0	0.0	0.0	0.0	0.0	0.0	0.0	0.0	0.0	0.0	0.0	0.0	0.0	0.0	0.0	0.0	8.25832e-05	0.0	0.0	0.0	0.0	0.0	0.0	0.0	0.0	0.0	0.0	0.0	0.0	0.0	0.0	0.0	0.0	0.0	0.0	4.26262e-05	0.0	0.0	0.0	0.0	0.0	0.0	0.0	0.0
PWY-6478: GDP-D-glycero-&alpha;-D-manno-heptose biosynthesis	9.76778e-05	0.0	5.06039e-05	0.000344662	1.70624e-05	0.0	1.41252e-05	0.0	3.90737e-05	0.0	2.60167e-05	0.0	5.19078e-05	2.2947e-05	0.0	5.25633e-05	0.000103643	0.0	0.0	0.0	0.000112489	0.000293234	0.0	0.0	0.000361523	0.0	0.0	1.57802e-05	0.0	0.0	0.0	1.70053e-05	0.0	0.000274005	9.50863e-05	3.99598e-05	9.06023e-06	0.0	6.54856e-05	1.44388e-05	0.000157522	0.0	0.0	0.0	0.0	1.07468e-05	2.39787e-05	0.0	0.0	0.0	0.000397847	0.000219834	0.0	0.0	0.0	0.000213918	4.10585e-05	0.0	0.0	0.0	6.91208e-05	0.0	0.0	2.45752e-05	0.0	0.0	0.0	1.91298e-05	0.0	2.99571e-05	7.82503e-05	0.0	0.0	0.0	0.0	8.53387e-05	0.0	2.26531e-05	7.03618e-05	1.81484e-05	1.44448e-05	0.0	4.14925e-05	0.0	0.0	0.0	0.0	0.000190138	6.50546e-05	5.44078e-05	0.0	0.0	3.76765e-05	1.427e-05	6.30779e-06	0.0	0.0	0.0	0.0	0.000201812	3.41459e-05	0.0	3.9701e-05	0.0	0.0	6.03467e-05	0.0	0.000150236	2.30708e-05	3.43292e-05	0.0	1.95135e-05	0.0	0.0	0.0	0.0	0.000113006	0.0	2.38686e-05	6.84936e-05	3.59342e-05	0.0	8.62254e-06	0.0	0.0
PWY-6507: 4-deoxy-L-threo-hex-4-enopyranuronate degradation	0.000834697	0.00065347	0.000789814	0.00127586	0.000927971	0.00171752	0.000995691	0.00107584	0.000622373	0.000735029	0.00075634	0.00170728	0.00211173	0.00141077	0.000832574	0.000801895	0.00142079	0.00139201	0.00155697	0.000903812	0.00172468	0.00109915	0.00130786	0.00112437	0.000914127	0.00105132	0.000766948	0.0021954	0.000346906	0.00120231	0.000793941	0.00186052	0.000733461	0.0011804	0.00166682	0.00217434	0.00139882	0.00154416	0.00151437	0.00207256	0.001434	0.00198782	0.00156224	0.00342083	0.00419708	0.00158142	0.000737925	0.00175736	0.00126709	0.00173431	0.000879604	0.00115207	0.00218942	0.00155225	0.00136336	0.00109383	0.000827425	0.00185287	0.00167029	0.00164868	0.000644955	0.00138326	0.00189952	0.000680385	0.00200428	0.00231049	0.00457411	0.00117279	0.00102088	0.00238413	0.00218958	0.00232834	0.00109496	0.00138194	0.00220261	0.00247312	0.00157414	0.00200101	0.00134075	0.00138273	0.0016173	0.00227456	0.00372528	0.00272206	0.00378055	0.00238704	0.00142564	0.00137106	0.00160746	0.0011158	0.00158146	0.0025557	0.00112436	0.00161041	0.00194262	0.00182169	0.00167891	0.00169761	0.00189916	0.00169735	0.00277565	0.000759936	0.00134465	0.00097861	0.00112583	0.00288527	0.000225665	0.00116809	0.00121699	0.0021991	0.00189485	0.00175437	0.00253538	0.00224274	0.00202313	0.00190306	0.00101069	0.00196413	0.00215784	0.001488	0.00118953	0.000570273	0.00233077	0.00337032	0.00147378
PWY-6518: bile acids epimerization	4.2908e-05	1.37701e-05	0.0	0.0	0.0	0.0	0.0	0.0	4.98875e-05	5.47679e-05	0.0	0.0	0.0	0.0	0.0	0.0	0.0	0.0	0.0	0.0	0.0	2.05655e-05	0.0	0.0	0.0	0.0	0.0	0.0	0.0	0.0	0.0	0.0	0.0	0.0	2.80064e-05	0.0	0.0	1.73291e-05	0.0	0.0	0.0	6.67312e-05	0.0	0.0	0.0	0.0	8.90309e-05	0.0	0.0	3.02242e-05	2.69711e-05	0.0	7.96114e-05	0.0	1.73672e-05	2.55857e-05	0.0	0.0	0.0	0.0	0.0	0.0	0.0	0.0	1.76201e-05	0.0	0.0	0.0	0.0	0.0	0.0	0.0	0.0	0.0	0.0	0.0	0.0	0.0	0.0	0.0	0.0	0.0	0.0	0.0	0.0	0.0	0.0	0.0	0.0	0.0	0.0	0.0	0.0	0.0	0.0	0.0	0.000115781	0.0	0.0	0.0	2.71197e-05	0.0	0.0	0.0	0.0	2.83973e-05	0.0	0.0	0.0	0.0	0.0	0.0	0.0	0.0	0.0	0.0	9.60676e-06	0.0	3.13937e-05	1.19179e-05	0.0	0.0	0.0	0.0	0.0
PWY-6519: 8-amino-7-oxononanoate biosynthesis I	0.00322722	0.00122238	0.00177989	0.0025593	0.00107939	0.00148083	0.00112196	0.000686824	0.003283	0.000452747	0.00145813	0.000906602	0.000346966	0.0010473	0.00164794	0.000501373	0.00194937	0.00134142	0.00124112	0.0003579	0.00185702	0.000926378	0.000605426	0.00194392	0.00263356	0.00313583	0.00246665	0.00402304	0.00241903	0.00210171	0.00121034	0.00264146	0.000503215	0.00378214	0.00257817	0.00031619	0.00175187	0.00295893	0.000824439	0.00175017	0.00183269	0.00239299	0.00340862	0.00144845	0.00115263	0.00353835	0.00106814	0.000831241	0.00139679	0.00235329	0.0027318	0.000787475	0.00222747	0.00186401	0.00289852	0.000845269	0.0015039	0.00198192	0.00260608	0.000506716	0.00103466	0.000673373	0.000714964	0.00197518	0.00333793	0.000700382	0.00158544	0.00128882	0.00176995	0.00157266	7.63878e-05	0.000915447	0.00045938	0.00205452	0.000669356	0.00191691	0.000538788	0.00053772	0.00116146	0.00207679	0.000568205	0.00221116	0.000270462	0.00102317	0.000738618	0.000629209	0.00264308	0.0022871	0.000811675	0.00164065	0.000744248	0.000981642	0.000988932	0.00183298	0.00168104	0.000821322	0.00295085	0.00180837	0.000606761	0.000982917	0.0016867	0.00305601	0.00288073	0.000287604	0.00180148	0.00124666	0.00102201	0.000449708	0.00142136	0.000630024	0.00333748	0.00132598	0.00145286	0.000561213	0.00044352	0.00115857	0.00446559	0.00105422	0.00125142	0.00238414	0.00173955	0.0014456	0.0010119	0.00187788	0.000824706
PWY-6524: lychnose and isolychnose biosynthesis	0.0	0.0	0.0	0.0	0.0	0.0	0.0	0.0	0.0	0.0	0.0	0.0	0.0	0.0	0.0	0.0	0.0	0.0	0.0	0.0	0.0	0.0	0.0	0.0	0.0	0.0	0.0	0.0	0.0	0.0	0.0	0.0	0.0	0.0	0.0	0.0	0.0	0.0	0.0	0.0	0.0	0.0	0.0	0.0	0.0	0.0	0.0	0.0	0.0	0.0	0.0	0.0	0.0	0.0	0.0	0.0	3.64343e-06	0.0	0.0	0.0	0.0	0.0	0.0	0.0	0.0	0.0	0.0	0.0	0.0	0.0	0.0	0.0	0.0	0.0	0.0	0.0	0.0	0.0	0.0	0.0	0.0	0.0	0.0	0.0	0.0	0.0	0.0	0.0	0.0	0.0	0.0	0.0	0.0	0.0	0.0	0.0	0.0	0.0	0.0	0.0	0.0	0.0	0.0	0.0	0.0	0.0	0.0	0.0	0.0	0.0	0.0	0.0	0.0	0.0	0.0	0.0	0.0	0.0	0.0	0.0	0.0	0.0	0.0	0.0	0.0
PWY-6527: stachyose degradation	0.00390484	0.00505914	0.00683758	0.00563782	0.00458675	0.00707198	0.00398925	0.00593366	0.00499123	0.0062568	0.0063764	0.00693195	0.0071674	0.00694751	0.00341059	0.00619393	0.00453931	0.00747534	0.0090435	0.00621463	0.00422912	0.00854349	0.00496873	0.00550015	0.00451322	0.00420313	0.00557466	0.00471857	0.00272357	0.00893578	0.00874408	0.00736263	0.00818158	0.00345815	0.0055142	0.00618546	0.00786292	0.00255278	0.00425827	0.00347214	0.0053939	0.00578447	0.00495254	0.00487641	0.00626043	0.0037611	0.00709981	0.00745439	0.00703498	0.00320732	0.00313216	0.00296183	0.00286667	0.0060182	0.00425448	0.00601723	0.00478808	0.00430785	0.00517533	0.00581793	0.00622987	0.0116454	0.0055899	0.00478053	0.00413765	0.0062358	0.00626189	0.00389926	0.00534001	0.00677685	0.00641152	0.00769215	0.00862107	0.0055306	0.00747059	0.00943149	0.00585782	0.00778826	0.0050682	0.00385476	0.00405096	0.0064537	0.00660685	0.00530202	0.00489695	0.00441565	0.00432776	0.00467847	0.0061058	0.00429558	0.00745457	0.00612709	0.00555115	0.003769	0.00734472	0.00444358	0.00590919	0.0053857	0.00661687	0.00556946	0.00696883	0.00285485	0.00290727	0.00288954	0.00651196	0.00781185	0.00161919	0.00574272	0.0070734	0.00711673	0.00426454	0.00730396	0.00712861	0.00379762	0.00564679	0.00548597	0.00221992	0.00551656	0.00340286	0.00284293	0.00787373	0.00431179	0.00565618	0.00723186	0.00750661
PWY-6531: mannitol cycle	0.000409965	0.000151884	3.73755e-05	0.000517801	0.000160745	8.56083e-05	3.12048e-05	8.06554e-05	0.000173468	0.0	0.000705393	0.000230257	8.16431e-05	0.00024685	0.000827526	3.22564e-05	4.35248e-05	8.98662e-05	0.000382218	3.16569e-05	0.000384448	0.000241191	0.000308712	0.000393397	0.0002657	0.000780939	1.68181e-05	0.000956111	0.00015324	0.000177952	9.73531e-05	0.000307093	8.8722e-05	0.000532837	0.000265798	6.34471e-05	0.000134297	4.41869e-05	0.000440959	6.30698e-05	0.000440965	0.000356774	0.000257955	0.000100623	9.26878e-05	0.00251447	0.000256777	0.000198966	0.000255032	4.54736e-05	0.000406564	0.000607132	7.42737e-05	2.49073e-05	0.0016418	0.000235824	6.11922e-05	0.0	0.000468682	0.000304342	2.91878e-05	6.05906e-05	7.90202e-05	0.000109447	0.00104677	0.000283419	1.81642e-05	2.39941e-05	0.000143723	0.000208575	7.10454e-05	9.72066e-05	6.79222e-05	0.000719312	8.56251e-05	0.000520772	9.46866e-05	8.80147e-05	0.000341754	0.000368121	2.20471e-05	6.5994e-05	8.95002e-05	0.000334376	0.0	9.0864e-05	0.000230046	0.000448398	7.68049e-05	0.000253545	0.000136875	0.000143388	0.000359969	7.63848e-05	0.000180682	0.000124515	0.000567377	0.000216147	0.00013506	8.56713e-05	0.0	8.72425e-05	9.82803e-05	1.68078e-05	5.56157e-05	0.00024294	0.000521736	0.0	6.84225e-05	6.189e-05	0.00256543	0.000210141	8.3367e-05	0.0	5.59256e-05	0.000162573	0.000920583	0.000238795	8.33581e-05	0.000302582	6.0485e-05	0.000118726	0.000382409	0.000208843	0.000109071
PWY-6545: pyrimidine deoxyribonucleotides de novo biosynthesis III	0.000526008	0.000163198	0.0	0.000500838	4.04596e-05	0.000417572	0.000348472	0.000251279	0.000163728	0.0	0.000576414	0.000598253	0.0	0.0	0.00172581	0.00033281	6.43157e-05	4.2177e-05	0.00017571	0.000132428	0.000947361	0.000135581	0.000479548	0.0011032	0.000332484	0.00118532	0.000216845	0.00115432	0.00144659	0.000423072	0.000200157	0.000745348	0.000236433	0.000863576	0.000215274	0.000214774	0.00012948	0.00138143	0.00017156	0.000628099	0.00045379	0.000765332	5.96203e-05	0.000872742	0.000293866	0.00270183	0.000185076	0.000215753	0.0	0.00152942	0.000642402	0.000865845	0.000152404	0.000388208	0.00244998	0.000295094	0.000255847	4.35576e-05	0.0	0.000177547	3.03339e-05	0.0	0.00118231	0.000856032	0.00184581	0.000451075	0.000104114	2.53283e-05	0.000142772	0.000702215	0.00121155	0.000208759	0.000131535	0.00114381	0.0	0.00116537	0.000196048	7.70949e-05	0.000663422	0.00109725	0.000475425	0.000118225	0.000135885	0.000315013	0.000126639	7.84311e-06	0.0	0.00098534	0.000184821	0.000691951	0.000139628	0.0	8.96059e-05	7.20628e-05	0.000377498	0.000132032	0.000694833	0.000597224	0.000889106	8.78184e-05	5.59954e-05	3.64298e-05	0.000316828	0.0	6.88892e-05	0.000226539	0.0	0.0	0.000140098	0.00168597	0.00201382	4.18857e-05	0.0	0.000371737	0.000846208	0.00171536	0.000817214	0.00203253	0.00158541	0.000408	0.0	0.000366633	8.32141e-05	0.0	0.000203675
PWY-6549: L-glutamine biosynthesis III	0.00051052	0.00109637	0.000847374	0.000861306	0.000681097	0.00101484	0.00142771	0.000961434	0.000758958	0.000126601	0.000364389	0.00124962	0.00104777	0.00112314	0.000391347	0.000832973	0.00104363	0.00176552	0.00123348	0.000961161	0.00121625	0.00110739	0.000675074	0.00120515	0.000149062	0.00123679	0.000361358	0.0014092899999999	7.87733e-05	0.00111586	0.00159849	0.00108076	0.000865248	0.000665781	0.000192355	0.000504711	0.000762201	0.000527692	0.000957587	0.00124997	0.000810725	0.00155199	0.000624004	0.000780651	0.00203519	0.00129416	0.00172446	0.00124928	0.00050398	0.00057472	0.00128858	0.000744494	0.000970139	0.00036598	0.00133856	0.000423559	0.000939458	0.00100839	0.000937193	0.000800372	0.00153599	0.000579463	0.0016803	0.00135532	0.00149556	0.000619164	0.000905389	0.00103191	0.000801452	0.00146831	0.000306554	0.0010443	0.00133019	0.00206953	0.00137452	0.000739854	0.00107459	0.000869693	0.000812954	0.00132883	0.00090358	0.000867382	0.000435848	0.00152194	0.00137807	0.00101475	0.00180655	0.000589028	0.000488452	0.00123013	0.000744494	0.000549084	0.00122905	0.000677079	0.00184646	0.000926231	0.00132162	0.000995552	0.000631686	0.000607844	0.00113562	0.000689	0.000795212	0.000622945	0.000683401	0.00161487	8.68686e-05	0.000883198	0.00119574	0.000888728	0.00136933	0.00144696	0.00185274	0.00145297	0.000518931	0.00146668	0.000921692	0.000906316	0.000349414	0.00120946	0.000761597	0.00168288	0.00118721	0.000433155	0.00142569
PWY-6562: norspermidine biosynthesis	0.0	0.0	0.0	0.0	0.0	0.0	0.0	0.0	0.0	0.0	0.0	0.0	0.0	0.0	0.0	0.0	0.0	0.0	0.0	0.0	0.0	0.0	0.0	3.11688e-05	0.0	0.0	8.95078e-06	0.0	0.0	3.50542e-05	0.0	8.11613e-05	0.0	0.0	0.0	0.0	0.0	0.0	0.0	4.38496e-06	0.0	0.0	0.0	0.0	0.000120715	4.04701e-05	0.0	0.0	0.0	0.0	0.0	0.0	0.0	0.0	0.0	0.0	4.3302e-06	0.0	0.0	0.0	0.0	0.0	0.0	0.000151589	0.0	0.0	0.0	0.0	0.0	0.0	0.0	0.0	0.000111336	0.0	0.0	1.2271e-05	0.0	0.0	0.0	0.0	0.0	0.0	0.0	0.0	0.0	0.0	0.0	0.0	0.0	0.0	0.0	0.0	2.47688e-05	0.0	0.0	0.0	0.0	0.0	0.0	0.0	0.0	0.0	0.0	0.0	0.0	0.0	0.0	0.0	0.0	0.0	3.56315e-05	0.0	0.0	0.0	5.77147e-05	0.0	7.13882e-06	0.0	0.0	0.0	0.0	7.54355e-06	0.0	0.0	0.0
PWY-6565: superpathway of polyamine biosynthesis III	0.0	0.0	0.0	0.0	0.0	0.0	0.0	0.0	0.0	0.0	0.0	0.0	0.0	0.0	0.0	0.0	0.0	0.0	0.0	0.0	0.0	0.0	0.0	0.0	0.0	0.0	9.00921e-06	0.0	0.0	3.74704e-05	0.0	0.0	0.0	0.0	0.0	0.0	0.0	0.0	0.0	4.41386e-06	0.0	0.0	0.0	0.0	0.0	0.0	0.0	0.0	0.0	0.0	0.0	0.0	0.0	0.0	0.0	0.0	4.41577e-06	0.0	0.0	0.0	0.0	0.0	0.0	0.0	0.0	0.0	0.0	0.0	0.0	0.0	0.0	0.0	0.000112277	0.0	0.0	0.0	0.0	0.0	0.0	0.0	0.0	0.0	0.0	0.0	0.0	0.0	0.0	0.0	0.0	0.0	0.0	0.0	0.0	0.0	0.0	0.0	0.0	0.0	0.0	0.0	0.0	0.0	0.0	0.0	0.0	0.0	0.0	0.0	0.0	0.0	0.0	0.0	0.0	0.0	5.85381e-05	0.0	0.0	0.0	0.0	0.0	0.0	7.79343e-06	0.0	0.0	0.0
PWY-6572: chondroitin sulfate degradation I (bacterial)	0.000255042	0.000286016	0.000197463	0.0008756	0.000159561	8.84642e-05	0.0	9.54454e-05	0.000346043	8.8966e-05	0.000391061	0.000102678	0.000106397	4.43566e-05	0.000752273	0.000208045	0.000145827	9.30065e-05	7.4859e-05	4.73158e-05	0.00056631	0.00027854	0.0	3.47238e-05	0.00138072	0.000202127	0.000710987	9.05388e-05	0.0	0.0	8.15585e-05	0.000271321	4.732e-05	0.000520306	0.000263817	0.000181797	0.000192074	0.0	0.000314076	0.000116715	0.00035686	0.000148171	0.00100467	0.000237693	0.0	2.76817e-05	7.28591e-05	0.000121301	0.0	0.0	0.000606292	0.000488677	7.0108e-05	6.05452e-05	9.24261e-05	0.000444117	0.000309539	5.51321e-05	0.0	8.64854e-05	5.88954e-05	2.84855e-05	4.75632e-05	7.1664e-05	0.000130562	0.00033659	0.000183524	5.87103e-05	0.000324519	7.91695e-05	0.000355213	6.0594e-05	0.0	0.0	6.48404e-05	0.000168476	8.07002e-05	6.66965e-05	0.000188601	6.60309e-05	1.37826e-05	0.000223814	3.84789e-05	0.0	0.0	0.000136158	0.000243644	0.000112707	0.000172831	3.60362e-05	9.76973e-05	0.00012526	9.76675e-05	0.000322031	5.79661e-05	0.000229631	0.0	0.000285633	3.01982e-05	0.000317163	0.0	0.0	0.000172406	2.05581e-05	0.000180728	0.000120141	0.0	3.83537e-05	0.000295654	0.000314342	6.60504e-05	7.67055e-05	3.2771e-05	0.0	0.0	5.26387e-05	0.000521353	0.0	0.000139326	0.000354791	8.36107e-05	0.0	2.35404e-05	0.0	4.91338e-05
PWY-6588: pyruvate fermentation to acetone	0.00100719	8.30329e-05	0.000223548	0.000618002	0.000165833	0.000207753	0.000759807	0.000242455	7.30929e-05	0.000202955	0.000205783	0.000135849	0.000272614	0.000211271	0.000220253	0.000451736	0.000578977	0.00013457	0.000123834	0.0	0.00042429	0.000524808	0.000279678	0.000215508	0.00050644	0.00122313	0.000231252	0.000183975	0.000129489	0.000219936	0.000392688	9.90357e-05	0.000159481	0.000456181	0.00012127	8.81159e-05	0.000214776	0.000366823	4.74014e-05	0.000315127	9.09885e-05	0.000189586	0.00011493	0.000105007	8.55375e-05	8.11272e-05	0.00025318	0.000319615	1.88723e-05	0.000459853	0.000637761	0.00043653	0.00142117	0.000171926	0.000264074	0.0003367	0.000328089	0.000523967	0.000200857	0.000307316	0.000214307	0.000263269	0.00037679	0.000227306	5.93808e-05	0.000161104	7.09345e-05	0.000761955	0.000110751	0.000267376	3.65557e-05	1.94743e-05	0.000117152	0.000159845	0.000332108	0.000384252	0.000186119	8.3294e-05	0.000208886	0.000399863	9.31695e-05	0.000221235	2.88198e-05	0.000218393	0.000262623	0.000381263	0.000678745	0.000163114	0.000166202	0.000335519	0.000292105	0.0	0.000175215	0.000185349	0.000113875	0.00034951	0.000409074	0.000166884	0.000333426	0.000244349	0.000452475	0.00175887	0.000408446	0.000623894	0.00023899	0.00011827	0.000875642	0.000646757	0.000134988	0.000314531	0.000230011	0.000298569	0.000283129	6.693e-05	4.48111e-05	0.000242585	0.000290754	1.91373e-05	0.000640714	0.00122319	4.68298e-05	0.000165955	9.30315e-05	0.000150247	7.48801e-05
PWY-6590: superpathway of Clostridium acetobutylicum acidogenic fermentation	0.000643683	0.000989807	0.00149887	0.000638283	0.000735614	0.000397835	0.0010664	0.00185917	0.000713857	0.000527326	0.000585692	0.000662329	0.000525712	0.00102616	0.000457612	0.000625204	0.000908181	0.000568334	0.000937377	0.000827342	0.00109569	0.000878912	0.000676483	0.000720777	0.000580155	0.0013477	0.000526211	0.00045627	0.000335906	0.000441135	0.000839425	0.00055174	0.00171043	0.000798658	0.000751196	0.000858264	0.000638615	0.000676984	0.00110711	0.00138698	0.00112082	0.00132727	0.000975574	0.000828701	0.000647314	0.000159609	0.0013882	0.000943279	0.00057209	0.00136252	0.000963109	0.00032757	0.00140798	0.00169149	0.000834506	0.000231083	0.000905517	0.000605806	0.00121548	0.000857133	0.000392808	0.000669369	0.0012374	0.00124539	0.00107619	0.001488	0.00089287	0.00138817	0.000846232	0.00154016	0.000280414	0.000833057	0.00182253	0.000817135	0.00176757	0.000332202	0.000969368	0.00190742	0.00090427	0.00161154	0.00133917	0.000565167	0.00111132	0.00102871	0.00147279	0.00130172	0.000771908	0.00094214	0.000992749	0.00152997	0.000243969	0.000878808	0.00123029	0.00104261	0.00122118	0.00142933	0.000834836	0.000839648	0.000836809	0.000398789	0.000317161	0.000853349	0.000353483	0.00143457	0.000744715	0.00113461	0.00028388	0.00116428	0.000732035	0.000882815	0.000224291	0.00102231	0.00079138	0.000832602	0.000703917	0.000970086	0.000522464	0.000602902	0.000609615	0.000898717	0.000477844	0.000748872	0.00135252	0.00045254	0.000561735
PWY-6595: superpathway of guanosine nucleotides degradation (plants)	0.000214915	0.0	8.8291e-05	0.000113809	0.000121897	0.000122532	0.000129086	8.44101e-05	0.000154477	0.000119619	0.000262354	0.000440123	0.0	0.000275884	0.000263481	0.000159633	0.000358494	0.000235701	6.57438e-05	6.71597e-05	0.000190583	5.88301e-05	0.000685624	0.000117972	0.000254725	0.000127628	8.30792e-05	1.96231e-05	0.000172138	0.000147426	0.00013214	0.000210019	0.0	0.000181352	3.71642e-05	0.00015187	8.05653e-05	9.76985e-05	0.000318598	0.000357265	0.000423392	0.000151618	0.000130447	0.000251787	0.000222736	0.000122704	0.000122262	0.00013671	0.0	0.000115468	0.000309893	0.000342079	0.000241198	7.61566e-05	8.79754e-05	0.000330195	0.000159767	0.000959073	5.88471e-05	0.000260199	0.000117025	0.000114115	6.14952e-05	0.000104103	8.1863e-05	2.61878e-05	0.000291231	0.000184257	8.76625e-05	3.63215e-05	0.000257977	0.000121028	6.43369e-05	0.0	1.55322e-05	3.33071e-05	0.000354694	0.000124628	0.000194754	0.000780475	4.18488e-05	0.000131385	0.000127988	7.71964e-05	0.000242044	0.000285878	0.000308059	7.65646e-05	0.000298901	8.73129e-05	0.000142818	0.000297564	0.000113576	0.000249977	3.01987e-05	0.00024923	0.000472684	0.000181544	0.000198523	4.64648e-05	0.000120504	0.000272258	0.00050609	5.58606e-05	2.88024e-05	0.0	0.0	2.39426e-05	0.000158801	0.00019594	0.000149345	0.000193651	0.000488553	0.000110274	2.36161e-05	0.000267885	0.000266658	0.000158079	0.000246024	4.73859e-05	0.000132781	0.00015535	0.0	0.000135012	8.34845e-05
PWY-6606: guanosine nucleotides degradation II	0.000972152	0.00135835	0.000801502	0.000783014	0.000631059	0.000562015	0.000543865	0.000858542	0.000540194	0.000683775	0.00126471	0.000659323	0.000826768	0.00114909	0.00171706	0.000750561	0.000781112	0.00046304	0.000791211	0.000427432	0.00117544	0.00070539	0.00122999	0.000892984	0.000671633	0.000716773	0.000679249	0.00144671	0.000566694	0.000572448	0.000648454	0.000998174	0.000444037	0.00110011	0.000953845	0.000462861	0.00123475	0.00103955	0.000633253	0.000506077	0.000879134	0.00109493	0.00102542	0.000890873	0.000406387	0.00194367	0.00127538	0.000798872	0.000520251	0.00130639	0.0010096	0.000763148	0.000624264	0.000451148	0.00214729	0.00112862	0.000686857	0.00110864	0.00100371	0.000383437	0.000353867	0.000290621	0.000857357	0.00065558	0.00214377	0.000951024	0.000593455	0.000639657	0.00118159	0.000914845	0.000319145	0.000411229	0.00064926	0.000851957	0.00074123	0.000657415	0.000735267	0.00119413	0.000955031	0.0011357	0.000423154	0.000699461	0.0005182159999999	0.00073782	0.000365608	0.000671189	0.000977593	0.000521324	0.000748535	0.000862453	0.000991682	0.000671057	0.00104356	0.00108658	0.000844092	0.000814262	0.00105505	0.000855316	0.000533605	0.000761686	0.000672076	0.000954223	0.000689205	0.000301354	0.000917439	0.00158644	0.00041643	0.00060028	0.000639279	0.000952553	0.00256432	0.00112875	0.00102217	0.000495507	0.000545827	0.000721312	0.00125605	0.000487236	0.000723978	0.000451276	0.000595539	0.000609333	0.000552697	0.00135979	0.000583761
PWY-6607: guanosine nucleotides degradation I	0.000213796	0.0	8.86339e-05	0.000116652	0.000122925	0.000124175	0.000131455	8.48744e-05	0.00015255	0.000118756	0.000262482	0.000462967	0.0	0.000280151	0.00026348	0.000162299	0.000385416	0.000253358	6.63208e-05	6.83149e-05	0.000195587	5.93849e-05	0.000695987	0.000120306	0.000263731	0.000132902	8.41654e-05	1.96862e-05	0.000168417	0.000155038	0.000135276	0.000214307	0.0	0.000181982	3.73144e-05	0.000162396	8.11824e-05	9.74368e-05	0.000351131	0.000420089	0.000437638	0.000155669	0.000133045	0.000265645	0.000259212	0.000124304	0.000122432	0.000141992	0.0	0.000115473	0.000311831	0.000344242	0.000259587	7.85721e-05	8.87418e-05	0.000342231	0.000161692	0.00100988	5.933e-05	0.000301771	0.000126918	0.00012292	6.22211e-05	0.000104197	8.23443e-05	2.63413e-05	0.000335946	0.00018988	8.76318e-05	3.66008e-05	0.000319145	0.000128947	6.46239e-05	0.0	1.5603e-05	3.34572e-05	0.000366343	0.000126532	0.000200114	0.000847056	4.26527e-05	0.000133859	0.000136989	7.82155e-05	0.000365608	0.000307401	0.000324652	7.85253e-05	0.000315859	8.81076e-05	0.00014417	0.000325184	0.000114536	0.000258496	3.03553e-05	0.000250349	0.00050638	0.000185477	0.00020633	4.67999e-05	0.000124189	0.000277401	0.000491552	5.82602e-05	2.8802e-05	0.0	0.0	2.41173e-05	0.000164522	0.000201784	0.0001511	0.000197661	0.000534182	0.000116389	2.38499e-05	0.000287454	0.00027755	0.000166289	0.000269266	4.84847e-05	0.000135268	0.000151265	0.0	0.000137292	8.53112e-05
PWY-6608: guanosine nucleotides degradation III	0.00244834	0.00243443	0.00147122	0.00161013	0.00116267	0.000958615	0.000876731	0.001394	0.00164047	0.00196088	0.00255682	0.00106922	0.0016757	0.00182842	0.00340446	0.00117156	0.00145436	0.000794152	0.00118954	0.000634658	0.00225596	0.00107492	0.00230443	0.00161159	0.00101713	0.00221158	0.0010016	0.00491415	0.00218954	0.00136733	0.000994106	0.00145014	0.000861465	0.00215708	0.00139204	0.00114669	0.00194826	0.00267643	0.00142045	0.00142008	0.00141811	0.00257778	0.00192127	0.00206854	0.00190621	0.00508214	0.00241001	0.00238366	0.00112299	0.00270588	0.00198524	0.00162419	0.00143172	0.00101357	0.00618099	0.00178341	0.00122043	0.00167919	0.00171884	0.000993441	0.00121554	0.000658993	0.00173198	0.00140839	0.00410459	0.00269463	0.00337985	0.000941921	0.00256379	0.00221152	0.000670656	0.00111264	0.00114368	0.00215223	0.00217789	0.000941877	0.00121264	0.00217968	0.00159662	0.0017554	0.000993339	0.00102637	0.0026427	0.00122647	0.0026428	0.00134422	0.0019369	0.00106465	0.00127331	0.00129036	0.00155605	0.00162006	0.00159782	0.00190592	0.001527	0.00167424	0.00190796	0.0012422	0.000782243	0.00118798	0.00136251	0.00156712	0.00196451	0.000925655	0.00200426	0.0028064	0.00295989	0.00131846	0.00111469	0.00166053	0.00652898	0.00181041	0.00230239	0.0017191	0.00177601	0.00165666	0.00280757	0.000909567	0.0033161	0.00129793	0.00093501	0.00334037	0.00123636	0.00275593	0.00107444
PWY-6609: adenine and adenosine salvage III	0.0109101	0.0117581	0.012802	0.0114491	0.0100666	0.0122554	0.0134457	0.0120668	0.011297	0.0132076	0.0099005	0.0112913	0.0130896	0.0115706	0.0105201	0.0147079	0.0143271	0.0120754	0.0125133	0.0116306	0.0110259	0.0118181	0.0124122	0.0101568	0.0115473	0.0104766	0.0120954	0.00920721	0.00954319	0.0142164	0.0177889	0.0103489	0.015672	0.0117581	0.0109511	0.0124151	0.0119455	0.0110124	0.0120916	0.0118977	0.0100963	0.0101155	0.00962089	0.0113287	0.0115704	0.00684072	0.0115625	0.0131858	0.0118359	0.0113192	0.00865447	0.0192183	0.0147185	0.0133307	0.00773793	0.0121541	0.0161502	0.016059	0.0104754	0.0166365	0.0113697	0.0143089	0.012054	0.0122863	0.00868306	0.0136303	0.0123761	0.0143834	0.0104454	0.0111311	0.0138966	0.0131544	0.0140119	0.0105246	0.0131179	0.0114656	0.0181902	0.0124225	0.0127523	0.0102289	0.0135203	0.0119615	0.0117293	0.0155742	0.0124083	0.0111084	0.00962152	0.010364	0.0145566	0.0115913	0.0130313	0.0130134	0.0119352	0.00979294	0.0108371	0.013566	0.0104284	0.0124499	0.0146612	0.0115842	0.0123291	0.0124674	0.00897346	0.0192839	0.012392	0.0115568	0.0117644	0.0118603	0.0126327	0.0116679	0.00704107	0.0119579	0.0115078	0.0112386	0.0129053	0.0126993	0.0064582	0.0126748	0.0105084	0.0117737	0.0124466	0.0119094	0.012104	0.0112611	0.0125224
PWY-6612: superpathway of tetrahydrofolate biosynthesis	0.000862489	0.00102732	0.000427353	0.000413011	0.000129558	0.000507929	0.000273433	0.000366878	0.000384129	0.000190485	0.000126258	0.000151152	0.00053451	0.000361835	0.0013805	0.000261965	0.000268275	0.000127278	0.000189162	0.000173833	0.000209422	0.000127968	0.00013329	0.000232374	0.00016098	0.000388503	0.000200226	0.000546475	0.000448928	0.000593974	0.000155642	0.000483545	0.000298734	0.000242509	0.000223089	0.00017904	0.000197119	0.000582008	0.000481422	9.36766e-05	0.000700813	0.000102507	0.000229365	5.18218e-05	3.31401e-05	0.00112615	0.000354455	0.000624098	9.55189e-05	0.000638225	0.000975041	0.000363384	0.0	8.39635e-05	0.00123733	3.79075e-05	0.000628459	0.000178724	0.000300376	7.92695e-05	0.000407425	0.000187948	0.000526641	0.000483712	0.00046205	0.000582058	0.0	0.000154282	0.00029495	0.000482288	0.000252317	0.00014231	0.000201095	0.000420728	0.000323897	0.00107751	0.000199051	0.000341386	0.000175006	0.000570516	0.000149962	0.0002398	2.69694e-05	0.000112543	4.82047e-05	0.000107854	0.000512557	0.00042647	0.000391062	0.000106437	0.00030726	0.000296161	0.000384001	0.000252529	0.000271251	0.000151586	0.000458361	0.000161383	0.000196636	0.000239955	5.53297e-05	0.0	0.000258921	0.000130515	0.000245404	0.000198385	0.0	0.000264409	0.000296574	0.000345645	0.000944901	0.000147274	0.000436682	0.000129052	0.0	0.000510568	0.000378644	0.000212752	6.20323e-05	0.000149741	0.0	8.20113e-05	0.000101517	2.1127e-05	0.000497028
PWY-6628: superpathway of L-phenylalanine biosynthesis	0.00271382	0.0020348	0.00150598	0.00226209	0.00562703	0.00507083	0.00355032	0.00576984	0.00198808	0.00248314	0.00210928	0.0040844	0.00335927	0.00353503	0.00110965	0.00237084	0.00265383	0.00508399	0.00378703	0.00366049	0.00376996	0.00381621	0.00229784	0.00232589	0.00237518	0.00223938	0.00152379	0.00386035	0.00101591	0.00443258	0.00398371	0.00258269	0.00529431	0.00266451	0.00243982	0.00329607	0.00425999	0.00257028	0.00207456	0.0036146	0.00198983	0.00448352	0.00310759	0.00451557	0.00617663	0.00254431	0.00373452	0.00420062	0.00323934	0.00333618	0.00213698	0.00277265	0.00432207	0.00459985	0.00126372	0.00406857	0.00338759	0.00432781	0.00386722	0.00350207	0.00434116	0.00505744	0.00505594	0.00331642	0.00238117	0.00518363	0.00621718	0.0033976	0.00315748	0.00588601	0.00286042	0.00433434	0.00490386	0.00239418	0.00513141	0.00454091	0.00300954	0.00483077	0.00282561	0.00350211	0.00344503	0.00366024	0.00464254	0.00427449	0.00723549	0.00596401	0.0061692	0.00408688	0.00368675	0.00352742	0.00200104	0.00477426	0.00410477	0.00363824	0.00469286	0.00418511	0.00236027	0.00395953	0.00366275	0.00263582	0.00389404	0.00295653	0.00627475	0.00393283	0.00127615	0.00509619	0.000982924	0.0040622	0.0046646	0.00490321	0.00280054	0.0043163	0.00689897	0.00490742	0.00338823	0.00538526	0.00245378	0.00287053	0.00241737	0.0035031	0.00303322	0.00437413	0.00417747	0.00488278	0.00316996
PWY-6630: superpathway of L-tyrosine biosynthesis	0.00235744	0.000995139	0.00128696	0.00134814	0.00314126	0.00433144	0.00313113	0.00701467	0.001668	0.00139452	0.00195995	0.00347411	0.00300936	0.00258427	0.00107188	0.00149377	0.0019229	0.00243565	0.00340186	0.00209832	0.00295841	0.00230027	0.00171424	0.00162645	0.00200885	0.00109005	0.00137149	0.00110739	0.000904749	0.00390165	0.00220907	0.00125854	0.00605846	0.00218234	0.00180755	0.00182565	0.00250098	0.00228577	0.000434443	0.002393	0.00169905	0.00284643	0.00210768	0.00338864	0.00383344	0.00181328	0.0029042	0.00281753	0.00257389	0.00319518	0.00139961	0.00195719	0.00203708	0.00569417	0.000996977	0.00183753	0.00202185	0.00320528	0.00264232	0.00406569	0.00092239	0.00632748	0.00261292	0.00218358	0.00183957	0.00457405	0.00260117	0.00180118	0.00273616	0.00221731	0.00256405	0.00406733	0.00535028	0.00205297	0.00243853	0.00260758	0.00273674	0.00407767	0.00302021	0.00304856	0.000887997	0.00147845	0.00392926	0.00259592	0.00361757	0.00198732	0.00238165	0.00357894	0.00287075	0.00191621	0.001862	0.00359527	0.00358325	0.0022867	0.00304126	0.00266596	0.00179335	0.00253587	0.00546562	0.00126202	0.00463859	0.00168788	0.00287113	0.00475532	0.00101794	0.00341079	0.000934868	0.00162514	0.00415322	0.0045119	0.00215968	0.00274631	0.00268955	0.0025067	0.00310792	0.00526891	0.00209205	0.00231573	0.00163626	0.0030528	0.00224403	0.00169879	0.0028573	0.00365947	0.00272264
PWY-6690: cinnamate and 3-hydroxycinnamate degradation to 2-hydroxypentadienoate	0.0	0.0	0.0	0.0	7.72816e-06	0.0	0.0	2.91579e-05	0.0	0.0	0.0	0.0	0.0	0.0	0.0	0.0	0.0	0.0	0.0	0.0	0.000301196	0.0	5.55531e-05	0.000293049	9.09358e-06	0.000262859	0.0	0.000454148	0.0	0.0	2.28472e-05	0.000114176	0.0	0.0	0.0	0.0	4.37759e-06	0.0	0.0	0.0	7.35687e-06	0.0	3.98346e-06	0.0	8.91262e-05	0.00225987	0.0	3.55586e-05	0.0	0.0	0.0	8.21239e-06	0.0	0.0	0.0013198	0.0	0.0	0.0	0.0	0.0	0.0	0.0	0.0	8.5978e-05	0.000515384	7.63171e-05	0.0	0.0	0.0	0.0	0.0	0.0	3.62169e-05	0.000239021	0.0	5.70947e-05	0.0	0.0	7.50737e-05	0.000238433	0.0	0.0	0.0	0.0	0.0	0.0	0.0	4.63264e-06	7.04222e-06	4.82539e-05	0.0	0.0	0.0	1.26282e-05	0.0	0.0	0.0	0.0	0.0	0.0	0.0	0.0	0.0	0.0	0.0	0.0	0.0	0.0	0.0	0.0	0.00154031	2.95493e-05	0.0	0.0	0.0	0.0	0.0	1.45838e-06	0.0	3.18804e-05	0.0	0.0	0.0	0.0	0.0
PWY-6700: queuosine biosynthesis I (de novo)	0.00852618	0.0110392	0.0105003	0.00982645	0.0101778	0.0104022	0.0128116	0.0111846	0.0103705	0.011663	0.00865766	0.0103687	0.0100408	0.0100842	0.00848795	0.0124344	0.0108693	0.0119057	0.0102838	0.0123686	0.00845142	0.00964866	0.0113006	0.00913015	0.00959902	0.00864435	0.0112689	0.00777104	0.00943113	0.0113442	0.0113616	0.00930532	0.0108935	0.00874962	0.00959408	0.011037	0.0104601	0.010857	0.0104698	0.0125309	0.00886262	0.00790307	0.00929813	0.0128468	0.0117795	0.00557494	0.00993534	0.0109444	0.010724	0.0110377	0.00805834	0.0138982	0.0132463	0.0120217	0.00584698	0.0114955	0.0131586	0.0119744	0.00937802	0.0133674	0.0139953	0.0114093	0.0102646	0.00995381	0.00787693	0.0111909	0.0117317	0.0128494	0.00961689	0.0102392	0.0118996	0.0118353	0.0112419	0.00922212	0.0116284	0.00881297	0.0161018	0.011347	0.0108192	0.0086691	0.0124707	0.0110864999999999	0.0129557	0.0133806	0.0134249	0.0111149	0.00931339	0.0091337	0.0121716	0.0111467	0.0117799	0.0110859	0.0106601	0.0100667	0.0100805	0.0124481	0.00815291	0.0109006	0.0119335	0.0115157	0.0106854	0.00919447	0.00898427	0.0160077	0.0110259	0.010031	0.0116062	0.0127785	0.0111532	0.0105358	0.00513383	0.0106766	0.00959253	0.0138681	0.0121546	0.010216	0.00748806	0.011715	0.0127341	0.00976175	0.0108618	0.0117593	0.0102903	0.0104206	0.0124792
PWY-6703: preQ0 biosynthesis	0.00528194	0.00437553	0.00333996	0.00439992	0.00702006	0.0039235	0.00518329	0.00544343	0.00578713	0.00466796	0.00469246	0.0050587	0.00515031	0.00392202	0.00651578	0.00413776	0.00445443	0.00519876	0.00480406	0.00452567	0.00529139	0.00358306	0.0057139	0.00584184	0.00523534	0.00486504	0.00497931	0.0051594	0.00741989	0.00402391	0.00323725	0.00576691	0.00697441	0.0062131	0.00671365	0.00487218	0.00515555	0.00670627	0.00800333	0.00542106	0.00483581	0.00534177	0.00469425	0.00497091	0.00186884	0.00278471	0.00351286	0.00474511	0.00564099	0.00636679	0.00503666	0.0037243	0.0045577	0.0071179	0.00322383	0.00655941	0.00498971	0.00485125	0.00595958	0.00587228	0.0074998	0.00360725	0.00452921	0.0046717	0.00371199	0.00623502	0.0035747	0.00529691	0.00632756	0.00434587	0.00472285	0.00706178	0.00364139	0.0040453	0.0069577	0.00236589	0.00360563	0.00275664	0.00532999	0.00329568	0.00476446	0.00554001	0.00437121	0.00279862	0.00189856	0.00415319	0.00364499	0.00564566	0.00533595	0.00470859	0.00720265	0.00469299	0.00479108	0.0055296	0.00343603	0.00438301	0.00411827	0.00429012	0.00326477	0.00550037	0.00396096	0.00798619	0.00593804	0.00296406	0.00622153	0.00369896	0.010097	0.00637105	0.0051087	0.00652044	0.0033435	0.00379361	0.00244685	0.00567175	0.00465614	0.00363063	0.00797426	0.00492564	0.00299726	0.00552084	0.00418458	0.00669731	0.00481711	0.00428163	0.00412553
PWY-6708: ubiquinol-8 biosynthesis (early decarboxylation)	0.0	0.0	0.0	4.39365e-05	0.0	0.0	0.0	4.12542e-06	0.0	0.0	0.0	0.0	0.0	0.0	0.0	0.0	0.0	0.0	0.0	0.0	0.0	0.0	1.03256e-05	4.0063e-05	0.0	4.97871e-05	0.0	0.000120119	0.0	1.24194e-05	0.0	4.80953e-06	0.0	8.76473e-06	0.0	0.0	0.0	0.0	0.0	0.0	0.0	0.0	0.0	0.0	0.0	0.00030705	0.0	0.0	0.0	0.0	3.62872e-05	0.0	0.0	0.0	0.0	0.0	0.0	0.0	0.0	0.0	0.0	0.0	0.0	0.0	0.0	0.0	0.0	0.0	0.0	0.0	0.0	0.0	0.0	0.0	0.0	3.65616e-05	0.0	0.0	0.0	0.0	0.0	0.0	0.0	0.0	0.0	0.0	0.0	1.56196e-05	0.0	0.0	0.0	0.0	0.0	0.0	0.0	0.0	2.01879e-05	0.0	0.0	0.0	0.0	0.0	0.0	0.0	0.0	0.0	0.0	0.0	0.0	0.0	3.57234e-05	0.0	0.0	0.0	0.0	0.0	0.000130102	0.0	0.0	2.81773e-05	0.0	0.0	0.0	0.0	0.0
PWY-6731: starch degradation III	0.00359824	0.00458623	0.00354526	0.00284307	0.00205792	0.002584	0.00240998	0.00140083	0.00259306	0.00271701	0.00215243	0.00268383	0.00104605	0.00570995	0.00257606	0.00457714	0.00164006	0.00234853	0.00348621	0.000828365	0.00370651	0.0027635	0.0024568	0.00239806	0.00327911	0.00231579	0.00390329	0.00215458	0.00350958	0.00186849	0.00165592	0.00512799	0.00130534	0.00130174	0.0040618	0.00272014	0.00254641	0.00400227	0.00382679	0.00281861	0.00295312	0.00195797	0.00313068	0.00179483	0.000415657	0.00242448	0.00203617	0.002839	0.00391422	0.00402194	0.00341263	0.000541358	0.00130254	0.00196679	0.00408582	0.00268039	0.00223458	0.00266763	0.00195166	0.00173266	0.000979055	0.00202866	0.00143192	0.00148107	0.00323392	0.00142156	0.00158254	0.00124317	0.00413046	0.00369781	0.00363346	0.00168445	0.0010642	0.00121217	0.00147461	0.00129879	0.00271713	0.00202301	0.00485786	0.00120631	0.00180504	0.00284216	0.00120148	0.00111461	0.000691319	0.00178174	0.00246053	0.00436689	0.00265703	0.00315998	0.000761925	0.00353128	0.00456677	0.00272249	0.00169123	0.00106574	0.00417484	0.00262624	0.00128245	0.00396844	0.00194632	0.00127522	0.00405536	0.000627227	0.0030899	0.00213195	0.00433135	0.00094877	0.00202571	0.00276967	0.00195224	0.00228934	0.00319221	0.00049382	0.00100599	0.00122551	0.00138201	0.00292718	0.00206393	0.00145928	0.00274292	0.00306987	0.00298982	0.00337279	0.000715319
PWY-6749: CMP-legionaminate biosynthesis I	0.0	2.14297e-05	7.90039e-05	0.00127642	9.03121e-05	0.0	0.0	4.36706e-05	2.05762e-05	0.000102015	9.44365e-05	1.50732e-05	7.46267e-05	0.0	0.000513727	0.000119897	0.000592281	0.0	0.000155733	0.0	9.34717e-05	0.000526815	0.0	5.33335e-05	0.00109675	6.78777e-05	0.000367661	0.000148784	0.0	0.0	4.09981e-05	4.45599e-05	0.0	0.000962092	0.0	0.000112328	6.8676e-05	2.41496e-05	0.000150361	6.39418e-05	0.00042361	0.0	6.24965e-06	0.0	0.0	4.13976e-05	0.0	0.0	0.0	0.0	0.000665334	0.0	0.0	0.0	5.44565e-05	0.0	0.000123145	0.00101003	0.0	1.41652e-05	0.000217518	4.58238e-05	4.95114e-05	0.00225918	0.000310625	9.83712e-06	6.95718e-05	0.000401033	0.0	4.13697e-05	0.000547754	1.76122e-05	0.0	0.0	0.0	0.000254458	0.0	2.26593e-05	7.0972e-05	4.062e-05	0.0	0.0	0.0	0.000272183	0.0	0.0	0.000242747	3.22493e-05	2.62496e-05	0.000141422	0.0	0.0	0.0	0.0	9.37858e-06	0.0	0.00210404	7.8092e-05	0.0	0.00037644	0.0	5.56327e-05	0.000190406	0.0	0.0	0.000137073	0.0	0.000312425	0.0	0.000113946	0.0	1.69795e-05	3.50351e-06	0.0	0.0	3.88424e-05	7.7847e-05	0.0	0.000189963	3.50583e-05	4.1857e-05	0.0	0.000115572	0.0	1.85055e-05
PWY-6763: salicortin biosynthesis	0.0	0.0	0.0	0.0	0.0	0.0	0.0	0.0	0.0	0.0	0.0	0.0	0.0	0.0	0.0	0.0	0.0	0.0	0.0	0.0	0.0	0.0	0.0	9.26326e-06	0.0	0.0	0.0	0.0	0.0	0.0	0.0	0.0	0.0	0.0	0.0	0.0	0.0	0.0	0.0	0.0	0.0	0.0	0.0	0.0	8.08754e-05	3.3919e-05	0.0	0.0	0.0	0.0	0.0	0.0	0.0	0.0	0.0	0.0	0.0	0.0	0.0	0.0	0.0	0.0	0.0	8.23921e-05	0.0	0.0	0.0	0.0	0.0	0.0	0.0	0.0	1.29704e-05	2.1303e-05	0.0	0.0	0.0	0.0	0.0	0.0	0.0	0.0	0.0	0.0	0.0	0.0	0.0	0.0	0.0	0.0	0.0	0.0	0.0	0.0	0.0	0.0	0.0	0.0	0.0	0.0	0.0	0.0	0.0	0.0	0.0	0.0	0.0	0.0	0.0	0.0	0.000232881	0.0	0.0	0.0	0.0	0.0	0.0	0.0	0.0	0.0	0.0	0.0	0.0	0.0	0.0
PWY-6797: 6-hydroxymethyl-dihydropterin diphosphate biosynthesis II (Methanocaldococcus)	0.0	0.0	0.0	0.0	0.0	0.0	0.0	0.0	0.0	0.0	0.0	0.0	0.0	0.0	0.0	0.0	0.0	0.0	0.0	0.0	0.0	0.0	0.0	0.0	0.0	0.0	0.0	0.0	0.0	0.0	0.0	0.0	0.0	0.0	0.0	0.0	0.0	0.0	0.0	0.0	0.0	0.0	0.0	0.0	0.0	0.0	0.0	0.0	0.0	0.0	0.0	0.0	0.0	0.0	0.0	0.0	0.0	0.0	0.0	0.0	0.0	0.0	0.0	0.0	0.0	0.0	0.0	0.0	0.0	0.0	0.0	0.0	0.0	0.0	0.0	0.0	0.0	0.0	0.0	0.0	0.0	0.0	0.0	0.0	0.0	0.0	0.0	0.0	0.0	0.0	0.0	0.0	0.0	0.0	0.0	0.0	0.0	0.0	0.0	0.0	0.0	0.0	0.0	0.0	0.0	0.0	0.0	0.0	0.0	0.0	0.0	0.0	0.0	0.0	0.0	0.0	8.07032e-06	0.0	0.0	0.0	0.0	0.0	0.0	0.0	0.0
PWY-6803: phosphatidylcholine acyl editing	0.0	0.0	1.36043e-05	0.000278526	3.85193e-05	0.0	4.36142e-05	9.25731e-05	1.94721e-05	2.24651e-05	0.0	0.0	2.34312e-05	0.0	0.0	2.07265e-05	0.0	0.0	2.58517e-05	0.0	0.00054292	0.0	8.27018e-05	0.000640892	1.60494e-05	0.000878465	0.0	0.00118033	0.0	0.000101508	4.71501e-05	0.0005222	0.0	8.87299e-05	0.0	0.0	1.67323e-05	0.0	0.0	6.88994e-06	2.03385e-05	0.0	1.37499e-05	0.0	0.000217006	0.00302284	1.23618e-05	0.00012422	1.82826e-05	0.0	0.00017851	1.97342e-05	3.05952e-05	2.83859e-05	0.00314546	0.0	2.18612e-05	0.0	0.0	0.000109338	0.0	2.66237e-05	0.0	0.000347415	0.00209102	0.000290292	1.81817e-05	2.19777e-05	4.44581e-05	2.97173e-05	0.0	1.14763e-05	8.55594e-05	0.00103813	0.0	0.00015186	0.0	0.0	0.000373832	0.000937622	0.0	0.0	0.0	2.47442e-05	0.0	0.0	0.0	0.00014074	2.56378e-05	0.000176732	2.26754e-05	0.0	0.0	3.39183e-05	0.0	0.0	0.000301265	2.20435e-05	1.31851e-05	0.0	1.43155e-05	0.0	0.0	0.0	0.0	2.29697e-05	2.79732e-05	0.000187874	6.92291e-05	7.29949e-05	0.00365785	3.54762e-05	0.0	1.57616e-05	0.0	0.000128987	0.000665541	7.56037e-05	0.0	0.000213075	0.0	0.0	2.51363e-05	2.49472e-05	0.0
PWY-6807: xyloglucan degradation II (exoglucanase)	0.0	0.0	0.0	0.000146414	0.000434067	0.0	0.0	0.0	0.000206162	0.0	0.00215937	0.000161545	2.29122e-05	0.0	0.0	0.0	0.000160892	0.0	0.000597886	9.37555e-05	0.000142391	0.0	5.6093e-05	0.0	0.00105054	0.000209054	0.0	0.000100394	0.0	0.0	0.0	0.0	0.0	0.0	8.1824e-05	0.000207071	3.30205e-05	0.0	1.04681e-05	0.0	0.0010316	7.691e-05	0.000587029	0.0	0.0	0.0	0.0	0.0	0.00110538	0.0	0.0	6.11395e-05	0.000106186	0.0	0.0	0.0	0.0	0.000541106	0.00082268	0.000134786	0.000114811	0.0	0.0	0.0	0.0	0.0	0.000219119	3.84551e-05	0.0	0.000406038	0.0	0.000293956	0.0	0.0	9.81288e-05	0.0	0.0	0.0	0.000300381	0.000164305	1.2064e-05	0.000131151	9.29523e-06	4.93921e-05	0.0	0.000168873	2.86819e-05	0.0	3.95803e-05	0.000588605	0.000339004	0.000184412	0.00108355	0.000329881	0.000415886	0.0	0.0	0.000428874	0.00013685	0.0	0.0	0.000215612	0.0	0.0	2.3092e-05	0.000573915	0.0057237	0.0	0.0	0.0	2.61458e-05	0.000248943	4.30753e-05	0.0	0.000148087	0.000366283	0.000725783	0.000119708	0.0	1.34203e-05	0.000153388	0.000150907	0.0	0.00052561	0.000204954
PWY-6823: molybdopterin biosynthesis	0.00212861	0.00301708	0.00465589	0.00284373	0.00362113	0.00355476	0.00233901	0.00309491	0.00145435	0.0032504	0.00462343	0.00315525	0.00362115	0.00474704	0.00315502	0.00466733	0.00376386	0.00382982	0.00333067	0.00343609	0.00259443	0.0046297	0.00338835	0.00270495	0.00219531	0.00218741	0.00306446	0.00311092	0.0015565	0.00245433	0.00282372	0.0035165	0.00235926	0.00217017	0.00351438	0.00388997	0.00347158	0.00201849	0.00251389	0.00426773	0.00347383	0.00424528	0.00426191	0.00733903	0.00830569	0.00230581	0.00622679	0.00475679	0.00454941	0.00259881	0.00282467	0.00596075	0.00448703	0.00302994	0.00294626	0.00332383	0.00366964	0.00254923	0.00449888	0.00401238	0.00287436	0.00287289	0.00476002	0.00247263	0.00304798	0.00431231	0.00714804	0.00524237	0.0039709	0.00483665	0.00430528	0.00450428	0.00525825	0.0026381	0.00411879	0.00853055	0.00425662	0.00676416	0.00326355	0.00379141	0.00347711	0.00541755	0.0042242	0.00567909	0.0102316	0.00664356	0.00360923	0.00247136	0.00418189	0.0034624	0.00382554	0.0041107	0.00424093	0.00432557	0.00637276	0.00289891	0.00268105	0.0039155	0.00368138	0.00350029	0.00401913	0.00250175	0.00225829	0.00402553	0.00443427	0.00645229	0.0018356	0.00379451	0.00368653	0.0035089	0.00231848	0.00552391	0.00598372	0.00655565	0.00559941	0.00340108	0.00267663	0.00422315	0.00999711	0.00258481	0.00656968	0.00219178	0.00611685	0.00484475	0.00494126
PWY-6859: all-trans-farnesol biosynthesis	0.00101351	0.00106492	0.000932993	0.00161387	0.000868352	0.000969103	0.000772609	0.000452921	0.00074425	0.000592969	0.00212695	0.000924538	0.000144467	0.000763262	0.00230208	0.000302607	0.00143596	0.000477369	0.00078495	0.000494965	0.00111444	0.00053312	0.000839207	0.0011575	0.00137775	0.000868409	0.00150722	0.00159377	0.00178506	0.000650279	0.000650816	0.00170493	0.000333922	0.00176796	0.00133792	0.000811738	0.000934797	0.0016862	0.000721804	0.000451428	0.00210992	0.00112643	0.00151921	0.000492786	0.000103268	0.000481667	0.00126317	0.000988969	0.00128422	0.00150084	0.00117261	0.000464225	0.00018756	0.00132132	0.00061859	0.00106885	0.000739551	0.000519412	0.00236237	0.000222204	3.543e-05	0.000182818	0.000648278	0.000395488	0.000696715	0.00031384	0.000533025	0.000430234	0.00144121	0.000941191	0.000928031	0.000614891	0.0	0.000416714	0.000523678	0.00103766	0.000204468	0.000892241	0.000390009	0.000772911	0.000632895	0.000918535	0.000451862	0.0003312	0.000120596	0.000723753	0.000520833	0.00165248	0.000869119	0.00108966	0.000533756	0.00133496	0.000696555	0.00109496	0.000960909	0.000164175	0.00120824	0.000915172	0.000171564	0.00127497	0.000354389	0.00177089	0.000657764	0.000317381	0.00142279	0.000890477	0.0	0.000114088	0.000965166	0.00106438	0.000659164	0.000992872	0.000304531	5.70267e-05	0.000154304	0.000346019	0.000914571	0.000567442	0.000368134	0.000317757	0.00132601	0.000350379	0.00194709	0.00110093	0.000610656
PWY-6876: isopropanol biosynthesis (engineered)	1.29461e-05	8.53859e-05	3.30703e-05	0.0	1.43096e-05	0.0	2.18237e-05	4.78506e-05	4.87528e-05	1.84945e-05	0.0	0.0	0.0	0.0	0.000225385	3.04649e-05	0.0	2.3557e-05	0.0	7.86064e-05	0.0	3.68331e-05	1.87589e-05	1.32609e-05	9.5487e-05	1.24311e-05	2.62385e-05	0.0	0.0	0.0	5.287e-05	0.0	0.0	5.9844e-05	1.81282e-05	0.0	1.13943e-05	0.0	0.0	1.83795e-05	3.90158e-05	2.46407e-05	5.91792e-06	0.0	3.81374e-05	9.45289e-06	0.000107209	0.0	0.0	0.0	5.81772e-05	6.86996e-05	0.000163653	3.93545e-05	1.70365e-05	3.15473e-05	0.000392031	7.75252e-05	2.46642e-05	6.64638e-05	0.0	0.0	0.0	0.000171278	0.0	4.79207e-05	2.64531e-05	3.37449e-05	2.39689e-05	0.0	0.0	2.41797e-05	0.0	0.0	0.0	9.27238e-05	6.78782e-05	0.0	2.2209e-05	0.000121654	8.53972e-06	0.0	2.08397e-05	6.21738e-05	9.24622e-05	2.28992e-05	6.12924e-05	4.6745e-05	6.43551e-05	4.18245e-05	0.0	0.0	3.64518e-05	0.0	8.00553e-06	4.20367e-05	0.0	0.0	3.93399e-05	0.0	0.0	0.0	3.00983e-05	0.000116224	0.0	0.0	0.0	0.0	0.0	0.0	2.79714e-05	0.0	0.0	1.5521e-05	3.21013e-05	3.21946e-05	9.67247e-05	0.0	9.21228e-05	3.86113e-05	0.0	5.11904e-05	0.000245669	2.11619e-05	0.0
PWY-6895: superpathway of thiamine diphosphate biosynthesis II	0.000967548	0.00125268	0.00222611	0.00265682	0.000793822	0.00101033	0.00032786	0.00193595	0.00141014	0.00203011	0.00140699	0.00110423	0.000454445	0.00421064	0.0	0.00255768	0.000835593	0.00403538	0.00179599	0.0026206	0.00198285	0.0026582	0.001215	0.00273167	0.000572437	0.00296317	0.00184715	0.00387896	0.000898683	0.00151181	0.00314311	0.00289115	0.00125477	0.00159891	0.0025965	0.00131881	0.000527508	0.000669575	0.00226051	0.00157646	0.00173769	0.00125561	0.000997559	0.00139236	0.00111236	0.00413719	0.00153922	0.00212337	0.00250351	0.000467541	0.00197069	0.00119787	0.000940224	0.00174367	0.00342323	0.000189834	0.00124909	0.00221002	0.0	0.00115516	0.000111019	0.00108933	0.0010706	0.00195145	0.00387881	0.00256023	0.00173677	0.00339344	0.00182475	0.0015457	0.000263113	0.00177853	0.00242129	0.00414037	0.00274246	0.00101142	0.00216103	0.00105101	0.0030566	0.00430717	0.000532355	0.00139743	0.000279354	0.00107715	0.000559676	0.00398819	0.000993153	0.00328086	0.00312203	0.00235266	0.00359657	0.000689036	0.00153456	0.00170782	0.000970232	0.0018287	0.00178215	0.00251448	0.00199487	0.00441557	0.00121207	0.000919492	0.00022486	0.000392108	0.00268102	0.00210663	0.0017312	0.00242323	0.00136839	0.00329526	0.00354016	0.00335116	0.000855875	0.00080092	0.00249481	0.00363074	0.00254762	0.000548446	0.00136286	0.00307606	0.00167401	0.000643665	0.00181365	0.000790306	0.00327816
PWY-6897: thiamine diphosphate salvage II	0.00525352	0.0048028	0.00530547	0.00484581	0.00591265	0.00506673	0.00464502	0.00452223	0.00548299	0.00463203	0.00615842	0.00571315	0.0068617	0.00543208	0.00544592	0.0041637	0.00460762	0.00507308	0.00480146	0.00779491	0.00496024	0.0054695	0.00421487	0.00452911	0.00531845	0.00497391	0.00547157	0.00471303	0.00659479	0.00437052	0.00401612	0.00478666	0.00574514	0.00535508	0.00550296	0.00601732	0.00521447	0.00566923	0.00745255	0.00592934	0.00549493	0.00568549	0.00556973	0.00782684	0.00600965	0.00365929	0.00659484	0.00476484	0.00694041	0.00613996	0.00480963	0.00298754	0.0057459	0.00511681	0.00338928	0.00576806	0.00447658	0.00446687	0.00562718	0.00589584	0.00730499	0.00512638	0.00552898	0.00595635	0.00465648	0.00539335	0.00787091	0.00478665	0.00572328	0.00599586	0.00564273	0.00568988	0.0045463	0.00647215	0.00570941	0.00369743	0.00393046	0.0075041	0.00526612	0.00599251	0.00584516	0.00570581	0.00863848	0.00493868	0.00567652	0.00681889	0.00473503	0.00597239	0.00546042	0.00581513	0.00603053	0.00582111	0.00554802	0.00668587	0.00723938	0.00506596	0.00417253	0.00570716	0.00544946	0.007148	0.00599287	0.00530982	0.00482712	0.00276081	0.00621868	0.00682684	0.00824932	0.00583137	0.00450038	0.00575305	0.00350375	0.00498234	0.00590945	0.00591301	0.00570979	0.0045381	0.00503316	0.00541743	0.00587317	0.00577025	0.00773722	0.0057798	0.00615859	0.00689163	0.00594989
PWY-6901: superpathway of glucose and xylose degradation	0.00460434	0.00448859	0.00329521	0.00428938	0.00358002	0.00374077	0.00303482	0.00236566	0.0043687	0.00332586	0.00541393	0.00455207	0.00183459	0.00407983	0.00539074	0.00367207	0.0045624	0.00378457	0.00353961	0.00154774	0.00423894	0.00355849	0.00394931	0.00367824	0.0050403	0.00358812	0.00497659	0.00437962	0.00512771	0.0036209	0.00364597	0.00450169	0.00220216	0.00503164	0.00471623	0.00342275	0.00374276	0.00475178	0.00341097	0.00301119	0.00497724	0.00439771	0.0047198	0.00351594	0.00283061	0.00418912	0.0037706	0.00301791	0.0040638	0.00446062	0.00453461	0.00370128	0.00268231	0.00359317	0.00426935	0.0042665	0.00390129	0.00314214	0.00521505	0.00267507	0.0028316	0.00202705	0.00309635	0.00298611	0.00391978	0.00283255	0.00336632	0.00273427	0.00499249	0.00386433	0.0041992	0.00272935	0.000834186	0.00225785	0.00287328	0.00303452	0.0030689	0.00269126	0.00401972	0.00311088	0.00205417	0.00446998	0.00216078	0.00273721	0.0020364	0.00328317	0.00538652	0.00441737	0.00355362	0.00392262	0.0026132	0.00384794	0.00366061	0.00424747	0.00339718	0.00319496	0.005536	0.00405583	0.0021838	0.00365674	0.0033259	0.00345701	0.00495981	0.00250524	0.00402875	0.00314403	0.0043112	0.0013745	0.00340199	0.00367956	0.00413123	0.00363543	0.00429255	0.00192859	0.00165012	0.0035263	0.00411041	0.003302	0.00216744	0.00416916	0.0035312	0.00356085	0.00365048	0.00362489	0.00287607
PWY-6902: chitin degradation II (Vibrio)	0.00177113	0.0026412	0.00151713	0.00246978	0.00217044	0.00135188	0.0009343	0.000736882	0.00311601	0.00111632	0.00137921	0.00162104	0.000576124	0.00273822	0.00302045	0.00245616	0.00163682	0.00103825	0.00174896	0.000853611	0.00197158	0.001615	0.00046168	0.00128212	0.00343078	0.000701202	0.00406913	0.00161657	0.00569085	0.000759666	0.00069951	0.0021951	0.000446932	0.00203798	0.00363954	0.000937468	0.00122417	0.00361519	0.00189661	0.00116258	0.00146479	0.00137242	0.00318299	0.000812438	0.000892123	0.00166544	0.00146028	0.00135951	0.00306345	0.00253821	0.00156677	0.00196688	0.000284072	0.00139975	0.000431473	0.00125537	0.00117672	0.00139785	0.00260853	0.000427365	0.000221132	0.0005846	0.000460198	0.00115867	0.0020764	0.00193626	0.00120692	0.00159309	0.00236154	0.00200655	0.00183141	0.000990964	0.000252773	0.00056905	0.00099178	0.000581623	0.000774459	0.000670056	0.00185937	0.0011804	0.000596896	0.00198439	0.000384416	0.00104775	0.00128677	0.00140291	0.00118834	0.00363057	0.00170815	0.00207389	0.000468601	0.00131118	0.00206939	0.0017739	0.000782022	0.00087382	0.00305514	0.0018311	0.000849587	0.00102416	0.00131575	0.000230196	0.000685677	0.0004986	0.00107792	0.000834434	0.00552461	0.000266919	0.00146455	0.00226072	0.00184862	0.000971785	0.00199855	0.000572919	0.00102615	0.00155955	0.00160148	0.00107339	0.00275994	0.00098098	0.0013851	0.00140575	0.00130447	0.00130397	0.000537612
PWY-6906: chitin derivatives degradation	0.00282279	0.00150448	0.00116335	0.0016166	0.000821269	0.00120861	0.00010667	0.000198002	0.0022308	0.00134491	0.000850685	0.000200182	0.000202007	0.00140811	0.000896193	0.00153752	0.00102489	0.000730221	0.00102127	8.1813e-05	0.00172737	0.0	0.000736697	0.000590351	0.00169409	0.00101709	0.00176061	0.000194772	0.00431652	0.000716445	0.000766726	0.00228065	0.000274774	0.00025438	0.00166034	0.00013866	0.00100957	0.000202824	0.00253329	0.00117795	0.000760992	0.000897077	0.00105597	0.0009843	0.000472776	0.00026154	0.000550675	0.000912413	0.00195988	6.35367e-05	0.00149748	0.000150245	0.000630382	0.000583351	0.00141624	0.00122378	0.000907292	0.00118997	0.0	0.000510833	9.87692e-05	0.000121586	0.00022129	0.000265151	0.00194358	0.000619634	0.000935489	0.000291724	0.00165179	0.00122693	0.000672306	0.000603358	4.96637e-05	0.000102147	0.000705047	0.0	0.000427487	0.000414683	0.000620915	4.58981e-05	0.000289609	0.00130571	0.00046331	0.00015724	0.000402919	0.000620243	0.000599454	0.000870128	0.00101218	0.00135354	0.000529582	0.00145692	0.00116947	0.000476284	0.000380566	0.000202829	0.00267941	0.00114841	0.000373967	0.000405563	0.0	0.000107852	0.000663404	8.63779e-05	0.00149708	0.000899201	0.0	0.000172853	0.000597368	0.00156531	0.000128658	0.000408391	0.000349897	0.000256917	0.000236556	0.000293474	0.000740316	0.000803921	0.000674857	0.000656886	0.000804412	0.000144772	0.00066455	0.0020635	0.000201882
PWY-6920: 6-gingerol analog biosynthesis (engineered)	0.0	1.2052e-05	0.0	0.0	1.95364e-05	0.0	0.0	0.0	0.0	0.0	4.09483e-05	5.2334e-05	0.0	0.0	0.0	0.0	0.0	0.0	0.0	0.0	0.0	0.0	0.0	0.0	0.0	0.0	0.0	0.0	0.0	0.0	0.0	0.0	0.0	0.0	0.0	0.0	0.0	0.0	2.7391e-05	0.0	5.39046e-06	1.76863e-05	0.0	0.0	0.0	0.0	8.51413e-05	3.38316e-05	0.0	0.0	0.0	0.0	4.17446e-05	0.0	0.0	0.0	0.0	0.0	3.22722e-05	0.0	0.0	0.0	4.5244e-05	2.44859e-05	0.0	0.0	2.69418e-05	2.71042e-05	0.0	3.70261e-05	0.0	0.0	0.0	0.0	0.0	3.34581e-05	0.0	0.0	0.0	0.0	0.0	0.0	0.0	0.0	3.02537e-05	9.09348e-05	4.25978e-05	0.0	8.7381e-06	0.0	0.0	0.0	0.0	0.0	1.53071e-05	0.0	3.0357e-05	0.0	0.0	1.84621e-05	0.0	3.99421e-05	0.0	0.0	0.0	0.0	0.0	0.0	1.48783e-05	0.0	0.0	0.0	0.0	0.0	0.0	0.0	0.000102395	0.0	2.0184e-05	0.0	0.0	7.94442e-06	0.0	3.11468e-05	0.0
PWY-6922: L-N&delta;-acetylornithine biosynthesis	0.000128767	0.0	0.0	0.000148183	6.57555e-06	0.0	0.0	3.05739e-05	0.00013839	8.15697e-05	6.21862e-05	0.0	9.63136e-05	0.000113686	7.51715e-05	8.15851e-05	4.59493e-05	4.52139e-05	0.0	0.0	9.97864e-05	0.0	5.89376e-05	2.24163e-05	3.81031e-05	0.000225669	7.68387e-05	0.000497964	0.0	1.48637e-05	0.0	0.000156584	5.42541e-05	1.38848e-05	6.34301e-05	5.17988e-05	3.2768e-05	0.0	0.0	0.000148115	3.18397e-06	3.13887e-05	0.0	3.96683e-05	0.000111464	0.000145494	0.0	5.83729e-05	0.0	0.0	0.000338575	4.15887e-05	0.000261275	0.0	0.000104336	7.96033e-05	4.65093e-06	0.0001379	0.0	0.0	0.0	0.0	5.74558e-05	6.37929e-05	0.000122761	3.8826e-05	0.000148134	2.98388e-05	2.45167e-05	0.0	4.02964e-05	2.29292e-05	2.41481e-05	4.96586e-05	0.0	6.83134e-05	0.0	0.0	1.59663e-05	0.000247445	0.0	0.0	0.0	2.3361e-05	0.0	0.000239134	4.09656e-05	1.00432e-05	4.40927e-05	2.81476e-05	0.0	0.0	8.44176e-05	0.000197375	0.0	0.0	5.73046e-05	1.52782e-05	2.6898e-05	4.24504e-05	4.6838e-05	3.46825e-05	7.53492e-05	0.0	6.51452e-05	6.9388e-05	0.0	0.00030723	0.0	0.0	0.000331239	1.24078e-05	2.30804e-05	0.0	0.0	0.0	0.000211599	5.86197e-05	0.0	0.000185891	0.0	1.91229e-05	1.52054e-05	0.0	6.17682e-05
PWY-6936: seleno-amino acid biosynthesis (plants)	0.00265249	0.0036352	0.00439274	0.00302048	0.00457824	0.00351515	0.00270394	0.00787472	0.00159307	0.0043612	0.00182346	0.0049709	0.00486221	0.0052991	0.0033154	0.00517027	0.00310982	0.00536297	0.00487098	0.00466474	0.00267779	0.00476689	0.00284248	0.00360245	0.00242433	0.00342481	0.00296816	0.00293184	0.00158347	0.00527262	0.00345903	0.00512588	0.00663901	0.00201386	0.00337735	0.00177805	0.00545776	0.00147139	0.00702078	0.00290899	0.0028845	0.00494704	0.00300339	0.00178364	0.00413648	0.00360795	0.00402682	0.00444136	0.00417055	0.00169333	0.00421309	0.00256345	0.00117395	0.00660065	0.00372767	0.00277184	0.00295425	0.00196698	0.00388363	0.00348056	0.00394743	0.00693589	0.00521233	0.00469488	0.00364993	0.00553852	0.00247551	0.00608162	0.00354368	0.00498946	0.00263102	0.00436686	0.0076806	0.00399169	0.00651334	0.00994713	0.00449579	0.00400982	0.00315443	0.00292095	0.0039913	0.00134016	0.00277187	0.00207477	0.00310473	0.00227245	0.00445799	0.00313138	0.00378681	0.00308572	0.0036349	0.00390499	0.00478003	0.00250213	0.00478411	0.00382585	0.0054891	0.00285001	0.00377324	0.00169867	0.00368642	0.00246923	0.00343111	0.00238374	0.00363056	0.00387285	0.00152703	0.00271524	0.00469573	0.00551291	0.00406355	0.00446484	0.00674802	0.00255172	0.00197146	0.0050682	0.00254629	0.00591729	0.00156408	0.00254613	0.00310387	0.00299326	0.00372063	0.00310342	0.00536249
PWY-6953: dTDP-3-acetamido-&alpha;-D-fucose biosynthesis	0.000375784	0.000204727	6.67859e-05	0.0	9.39965e-05	4.44325e-05	4.77955e-05	0.0	0.0	0.0	3.19628e-05	7.34601e-05	0.0	1.37566e-05	0.0	0.0	0.0	0.0	0.0	0.0	0.0	0.000126049	0.0	0.0	0.000881049	0.0	0.0	2.76445e-05	0.000242964	0.0	0.0	2.3425e-05	0.0	0.0	0.0	3.10692e-05	0.0	0.0	0.0	0.0	0.0	0.0	0.0	0.0	0.0	0.0	0.0	0.0	0.0	0.0	0.000867201	0.0	0.0	0.0	3.028e-05	0.0	0.0	0.0	0.0	0.0	0.0	0.0	0.0	0.0	0.0	0.0	0.00016288	6.8371e-05	0.0	0.0	0.0	0.0	0.0	0.0	0.0	0.000435628	0.0	0.0	0.0	0.0	0.0	0.0	0.0	0.0	0.0	0.0	0.0	0.0	0.0	6.24186e-05	4.31502e-05	0.0	0.0	0.0	0.0	0.0	0.00119885	0.0	0.0	0.0	0.0	0.0	0.0	0.0	0.0	0.0	0.0	0.0	0.000141038	0.0	0.0	3.60036e-05	0.0	0.0	0.0	0.0	0.0	0.0	0.0	0.0	0.0	2.17795e-05	0.0	1.92057e-05	5.64569e-05
PWY-6961: L-ascorbate degradation II (bacterial, aerobic)	1.23721e-05	0.0	0.000201577	0.000730854	6.79115e-05	3.46095e-05	0.000134116	6.37012e-05	0.0	0.000357748	1.2365e-05	9.03309e-06	3.67711e-05	0.000143271	0.0	3.97759e-05	4.08393e-05	0.0	4.83579e-05	0.0	0.000231739	0.0	0.000382382	0.00032537	2.19913e-05	0.000726059	0.0	0.000851679	0.0	0.000114597	0.000149177	0.000232343	3.26634e-05	0.000140344	0.0	2.37319e-05	2.14005e-05	2.5351e-05	0.0	2.46567e-05	4.47978e-05	9.89237e-06	2.42376e-05	0.0	5.63795e-05	0.002228	0.0	0.000245635	0.0	0.0	0.00021385	3.51865e-05	3.49308e-05	0.0	0.00222693	0.000175993	3.88674e-05	0.000110807	0.0	4.67709e-05	0.0	2.8116e-05	0.0	0.000108837	0.000784823	0.000130764	3.83205e-05	0.000122303	8.63184e-05	0.0	0.0	2.39622e-05	7.2853e-05	0.000485837	7.67829e-05	0.000309172	0.0	5.39634e-05	0.000191582	0.000559844	1.45389e-05	0.0	0.0	3.86305e-05	0.0	0.0	0.000156528	9.80654e-05	7.21571e-06	8.97424e-05	7.0627e-05	9.98248e-05	0.0	0.0	3.58756e-05	3.67766e-05	0.00125635	8.20884e-05	7.03213e-06	5.26021e-05	5.87012e-05	0.0	0.0	0.0	0.0	0.0	0.0	0.0	9.43941e-05	0.0	0.00226982	3.02443e-05	1.50705e-05	0.0	0.0	3.11352e-05	0.000817227	8.5852e-05	0.0	0.000210567	0.0	0.0	2.82455e-05	0.0	0.0
PWY-6969: TCA cycle V (2-oxoglutarate synthase)	0.00255756	0.001426	0.00118658	0.00117809	0.00304606	0.00242973	0.000989766	0.00254119	0.00124001	0.00194745	0.00019446	0.00227085	0.00138046	0.00104397	0.000884643	0.00123545	0.00220471	0.00195974	0.00188959	0.000955658	0.0018997	0.00107952	0.00198463	0.00168007	0.00274479	0.0030693	0.00185667	0.0014903	0.0010628	0.00292626	0.00166323	0.00121455	0.00110567	0.00107755	0.00131399	0.00145619	0.00102956	0.000763966	0.000968325	0.00171353	0.00100716	0.00129857	0.00155875	0.000973018	0.00180671	0.00214342	0.00156318	0.00204231	0.0015965	0.000839326	0.00188281	0.00224751	0.00264823	0.00245688	0.00181476	0.000937734	0.00158135	0.00279315	0.000972354	0.00141086	0.00105704	0.00120382	0.00152168	0.00162523	0.00206177	0.0010096	0.00152932	0.00217503	0.00163136	0.00127115	0.00129837	0.00150834	0.00142018	0.0018532	0.00124137	0.000547626	0.00178524	0.000776475	0.0023612	0.0020071	0.000714011	0.00121754	0.00129529	0.00151182	0.00142944	0.00177386	0.00152327	0.00308746	0.00148246	0.00177583	0.00113727	0.00178795	0.00128496	0.00230878	0.00147025	0.00209709	0.00103635	0.00116847	0.00281924	0.00153096	0.00266197	0.00321525	0.00162438	0.00158096	0.000974461	0.00159511	0.000330916	0.00185477	0.00217793	0.00215421	0.00251398	0.00156343	0.00112823	0.00136016	0.00203016	0.00190991	0.000808704	0.00136487	0.00159074	0.00422672	0.000749305	0.00306639	0.00115743	0.00162966	0.00134808
PWY-6981: chitin biosynthesis	0.0	0.0	0.0	0.0	0.0	0.0	0.0	0.0	0.0	0.0	0.0	0.0	0.0	0.0	0.0	0.0	0.0	0.0	0.0	0.0	0.0	0.0	0.0	0.0	0.0	0.0	0.0	0.0	0.0	0.0	0.0	0.0	0.0	0.0	0.0	0.0	0.0	0.0	0.0	0.0	0.0	0.0	0.0	0.0	0.0	0.0	0.0	0.0	0.0	0.0	0.0	0.0	0.0	0.0	0.0	0.0	2.34519e-05	0.0	0.0	0.0	0.0	0.0	0.0	0.0	0.0	0.0	0.0	0.0	0.0	0.0	0.0	0.0	0.0	0.0	0.0	0.0	0.0	0.0	0.0	0.0	0.0	0.0	0.0	0.0	0.0	0.0	0.0	0.0	0.0	0.0	0.0	0.0	0.0	0.0	0.0	0.0	0.0	0.0	0.0	0.0	0.0	0.0	0.0	0.0	0.0	0.0	0.0	0.0	0.0	0.0	0.0	0.0	0.0	0.0	0.0	0.0	0.0	0.0	0.0	0.0	0.0	0.0	0.0	0.0	0.0
PWY-6992: 1,5-anhydrofructose degradation	0.000223827	0.000176537	8.98751e-05	0.0	5.23412e-06	2.6025e-05	4.93082e-05	0.0	0.0	0.0	0.0	0.0	0.000636187	5.87112e-05	0.0	0.0	0.000520519	0.0	0.0	0.0	0.000104651	5.96634e-05	0.000325256	3.92503e-05	0.000230792	6.20857e-05	0.000108944	0.000113298	0.0	0.000257616	1.02052e-05	2.68529e-05	0.0	0.0	0.0	6.10387e-05	0.0	0.0	0.0	0.000123527	0.0	5.19244e-05	0.0	0.0	7.86924e-05	0.0004979	0.0	0.0	0.0	0.0	0.00151031	0.0	0.0	8.01598e-05	0.000153564	0.0	7.88764e-05	0.0	0.000516739	0.0	0.0	0.0	0.0	0.0	0.000301522	0.0	0.000180144	3.93371e-05	0.0	2.82606e-05	5.26865e-05	0.0	0.0	0.000136663	1.95255e-05	0.000729128	0.0	7.29995e-05	4.13453e-05	6.73715e-05	6.29071e-05	0.0	0.000173852	0.0	0.0	0.0	0.0	0.000243446	0.000100991	0.000304174	0.0	0.0	0.00018828	0.0	3.10404e-05	0.0	0.0	9.9489e-06	0.000272157	0.0	0.0	0.0	8.22498e-05	0.0	0.0	0.000143643	0.0	5.27495e-05	0.0	0.0	0.000311161	3.25049e-05	0.0	0.0	0.0	0.0	0.000271923	0.0	9.60748e-05	0.000104059	5.01719e-05	3.94238e-05	5.47833e-05	0.000146304	0.0
PWY-7000: kanamycin biosynthesis	0.0	0.0	0.0	4.26306e-05	0.0	0.0	0.0	0.0	0.0	0.0	0.0	0.0	0.0	0.0	0.0	0.0	0.0	0.0	0.0	0.0	0.0	0.0	0.0	0.0	0.0	0.0	0.0	0.0	0.0	0.0	0.0	0.0	0.0	0.0	0.0	0.0	0.0	0.0	0.0	0.0	0.0	0.0	0.0	0.0	0.0	0.0	0.0	0.0	0.0	0.0	0.0	0.0	0.0	0.0	0.0	0.0	0.0	0.0	0.0	0.0	0.0	0.0	0.0	0.0	3.78103e-05	0.0	0.0	1.16372e-05	0.0	0.0	0.0	0.0	0.0	0.0	0.0	0.0	0.0	0.0	0.0	0.0	0.0	0.0	0.0	0.0	0.0	0.0	0.0	0.0	0.0	0.0	0.0	0.0	0.0	0.0	0.0	0.0	0.0	0.0	0.0	0.0	0.0	0.0	0.0	0.0	0.0	0.0	0.0	0.0	0.0	0.0	0.0	0.0	0.0	0.0	0.0	0.0	0.0	0.0	0.0	0.0	0.0	0.0	0.0	0.0	0.0
PWY-7013: (S)-propane-1,2-diol degradation	0.00120383	0.000182104	0.000289723	0.000158807	0.000121724	2.72343e-05	0.00014817	8.02869e-05	0.000357902	0.000270266	0.000198798	9.15943e-05	0.000319837	0.000241086	0.000250614	0.000406864	0.000304976	0.000148568	0.00027668	0.000305931	0.000129263	0.000262716	0.00036892	0.000304108	0.000328392	0.000428683	6.79382e-05	0.00102219	0.00010767	0.000156163	3.75071e-05	0.000675918	7.89902e-05	0.000810614	0.000315129	5.5348e-05	0.000186383	4.23023e-05	0.000163884	0.000218616	0.000280857	0.000153211	5.48633e-05	6.64994e-05	0.000810134	0.00039099	0.000639013	0.000343534	0.000233274	0.00019761	0.000985471	0.000200028	6.72826e-05	0.00021309	0.00186106	6.10209e-05	0.000212785	0.000203912	0.000502374	0.000233666	0.000304209	0.000365083	0.000236138	0.000913943	0.000152052	0.000225665	1.51266e-05	0.000145366	0.000136011	0.000243376	0.000141547	8.51574e-05	0.000900256	0.00012615	0.000302833	0.00103681	0.000325995	0.000402866	0.00014953	0.000807026	0.000213536	5.08881e-05	6.63253e-05	0.0	0.0	0.000310561	0.000286131	0.000450735	0.000132345	0.000217646	2.36055e-05	0.000243438	0.000116629	0.000151863	0.000217989	0.000156959	0.000171133	0.000226264	0.000350099	0.000178317	1.19453e-05	0.00023246	0.00069641	0.0	0.000123187	0.000128177	0.000132848	6.01524e-05	0.000295452	1.38832e-05	0.00212088	0.000402106	0.00068169	0.0	0.0	0.000370637	0.000398179	0.000172778	0.000226624	6.46219e-05	6.84989e-05	0.000113657	0.0002273	0.000212657	0.000346407
PWY-702: L-methionine biosynthesis II	0.0012213	0.001617	0.00103232	0.00100797	0.00121559	0.00123265	0.00158047	0.00235958	0.000879934	0.00167812	0.0012865	0.00138017	0.00102558	0.00158177	0.00180831	0.00102145	0.000490176	0.000799237	0.00113118	0.000514364	0.00146312	0.00162424	0.000779055	0.00144159	0.00109051	0.00129106	0.000818822	0.00136815	0.000860053	0.00105006	0.000795623	0.00152896	0.000903917	0.000840159	0.00136972	0.000710316	0.00163251	0.00087079	0.000999257	0.00147944	0.0012889	0.00200328	0.000978016	0.000869074	0.0012914	0.00255858	0.00234792	0.00111384	0.000868299	0.00098272	0.00106712	0.00115496	0.00075508	0.00075685	0.00238145	0.000843586	0.00114507	0.0012064	0.00170994	0.000773596	0.00107498	0.00114958	0.00159486	0.00141611	0.00193018	0.00117694	0.00080226	0.00100809	0.00159003	0.00137088	0.000523666	0.000933354	0.00114029	0.00140546	0.00107461	0.00244724	0.00167925	0.0016095	0.00103376	0.00163828	0.00114621	0.000922507	0.000490449	0.000898208	0.001061	0.000992825	0.00133413	0.00119347	0.00063408	0.000853067	0.00111117	0.000823162	0.00146355	0.00112594	0.0015936	0.00115678	0.00215321	0.00124125	0.0011752	0.000836413	0.000667491	0.000814705	0.002083	0.000758844	0.00120481	0.00247597	0.000695426	0.000881716	0.000990807	0.0012054	0.0026098	0.00159095	0.00342022	0.000736541	0.000841316	0.00234717	0.0014083	0.00119603	0.000559995	0.000948668	0.00108933	0.000874245	0.00121606	0.00135209	0.000746615
PWY-7031: protein N-glycosylation (bacterial)	0.0	0.0	4.88622e-05	8.51517e-05	2.12101e-05	2.59724e-05	0.000130475	0.0	9.91265e-05	0.0	8.01799e-06	0.0	0.0	0.0	0.0	3.30051e-05	0.000197277	0.0	0.0	0.0	0.0	0.0	0.0	0.0	0.000488324	0.0	0.0	0.0	0.0	0.0	0.0	1.26225e-05	0.0	0.0	0.0	3.90375e-05	9.86401e-05	0.0	0.0	0.0	0.0	0.0	0.0	0.0	0.0	0.0	0.0	0.0	0.0	0.0	4.56823e-05	0.0	0.0	0.0	0.0	0.0	0.0	7.85888e-05	0.0	0.0	0.0	0.0	0.0	0.0	0.0	0.0	0.0	0.0	0.0	0.0	5.14068e-05	0.0	0.0	0.0	0.0	8.83262e-05	0.0	0.0	0.0	1.40737e-05	0.0	0.0	0.0	0.0	0.0	0.0	0.000117078	0.0	0.0	6.22183e-05	0.0	0.0	0.0	0.0	0.0	0.0	0.00105426	0.0	0.0	0.0	0.0	5.12956e-05	0.0	0.0	0.0	0.0	0.0	0.000101058	0.0	0.0	3.57051e-05	0.0	0.0	0.0	0.0	0.0	0.0	0.0	4.95328e-05	1.87131e-05	0.0	2.87502e-05	0.0	0.0	0.0
PWY-7039: phosphatidate metabolism, as a signaling molecule	0.0	0.0	0.0	0.0	0.0	0.0	0.0	0.0	0.0	0.0	0.0	0.0	0.0	0.0	0.0	0.0	0.0	0.0	0.0	0.0	5.77719e-05	0.0	0.0	3.17714e-05	0.0	0.000198407	0.0	0.0	0.0	0.0	0.0	0.0	0.0	0.0	0.0	0.0	0.0	0.0	0.0	0.0	0.0	0.0	0.0	0.0	0.0	0.0	0.0	0.0	0.0	0.0	0.0	1.25789e-05	0.0	0.0	0.0	0.0	0.0	0.0	0.0	0.0	0.0	0.0	0.0	0.0	0.0	0.0	0.0	0.0	0.0	0.0	0.0	0.0	0.0	0.0	0.0	0.0	0.0	0.0	1.9581e-05	0.0	0.0	0.0	0.0	0.0	0.0	0.0	0.0	7.51163e-06	0.0	0.0	0.0	0.0	0.0	0.0	0.0	0.0	0.0	0.0	0.0	0.0	0.0	0.0	0.0	0.0	0.0	0.0	0.0	0.0	0.0	0.0	0.0	5.57378e-05	0.0	0.0	0.0	0.0	0.0	0.0	0.0	0.0	0.0	0.0	0.0	0.0	0.0
PWY-7090: UDP-2,3-diacetamido-2,3-dideoxy-&alpha;-D-mannuronate biosynthesis	0.0	0.0	0.0	0.0	0.0	0.0	0.0	0.0	0.0	0.0	0.0	0.0	0.0	0.0	0.0	0.0	0.0	0.0	0.0	0.0	0.0	0.0	0.0	0.0	0.0	0.0	0.0	0.0	0.0	0.0	0.0	0.0	0.0	0.0	0.0	0.0	0.0	0.0	0.0	0.0	0.0	0.0	0.0	0.0	0.0	0.0	0.0	0.0	0.0	0.0	0.0	0.0	0.0	0.0	0.0	0.0	0.0	0.0	0.0	0.0	0.0	0.0	0.0	0.0	0.0	4.12941e-05	0.0	0.0	0.0	0.0	0.0	0.0	0.0	0.0	0.0	0.0	0.0	0.0	0.0	0.0	0.0	0.0	0.0	0.0	0.0	0.0	0.0	0.0	0.0	0.0	0.0	0.0	0.0	0.0	0.0	0.0	0.0	0.0	0.0	0.0	0.0	0.0	0.0	0.0	0.0	0.0	0.0	0.0	0.0	0.0	0.0	0.0	0.0	0.0	0.0	0.0	0.0	0.0	0.0	0.0	0.0	0.0	0.0	0.0	0.0
PWY-7094: fatty acid salvage	0.0	0.0	0.0	8.94846e-05	1.16332e-05	0.0	0.0	2.81704e-05	0.0	0.0	0.0	0.0	0.0	0.0	0.0	0.0	0.0	0.0	4.65536e-06	0.0	3.89847e-05	0.0	1.84892e-05	0.000119132	0.0	7.82736e-05	0.0	0.000329398	0.0	5.64101e-05	2.48157e-05	0.000121473	0.0	5.38725e-05	0.0	0.0	0.0	0.0	0.0	0.0	3.80564e-06	0.0	2.86177e-05	0.0	0.0	0.000220897	0.0	1.00531e-05	0.0	0.0	8.47885e-05	0.0	0.0	0.0	0.000200221	0.0	0.0	0.0	0.0	2.09897e-05	0.0	8.47235e-06	0.0	0.0	6.45316e-05	3.08874e-05	0.0	0.0	3.73002e-05	0.0	0.0	0.0	0.0	0.000114522	0.0	0.000153714	0.0	0.0	3.70469e-05	2.08855e-05	0.0	0.0	0.0	0.0	0.0	0.0	6.76084e-06	4.30024e-05	0.0	1.41781e-05	0.0	0.0	0.0	0.0	0.0	0.0	0.000207704	0.0	0.0	0.0	0.0	0.0	0.0	0.0	0.0	0.0	0.0	1.4963e-05	0.0	0.0	0.00029152	1.37575e-05	0.0	0.0	0.0	8.05535e-06	0.000232951	1.76935e-05	0.0	8.17297e-05	0.0	0.0	0.0	0.0	0.0
PWY-7111: pyruvate fermentation to isobutanol (engineered)	0.00677577	0.00639018	0.00834071	0.00646219	0.00779913	0.00921058	0.00452529	0.0125195	0.00554229	0.00761424	0.00769764	0.006823	0.00564768	0.00819425	0.00714245	0.00603593	0.00541225	0.0077642	0.00652045	0.00691424	0.00676044	0.00683723	0.00611874	0.00630922	0.00511217	0.00568187	0.00577221	0.00723901	0.00445103	0.00630128	0.00508124	0.00617539	0.00999722	0.00606315	0.00581065	0.00514503	0.00661213	0.00303343	0.00638253	0.00744489	0.00628276	0.00893362	0.00672486	0.00688443	0.00686136	0.0076251	0.00810247	0.00712888	0.00593858	0.00373238	0.00674818	0.00425017	0.00612521	0.00934775	0.00854903	0.00430358	0.00644498	0.00541492	0.00664798	0.00820454	0.00647788	0.0108745	0.00824346	0.00536713	0.00711447	0.00833827	0.00637189	0.00545975	0.007461	0.00750236	0.00514852	0.00737272	0.0110228	0.00687091	0.00782486	0.0118458	0.00670306	0.00860774	0.00686942	0.00726398	0.00770665	0.0063255	0.00578355	0.00706497	0.00773037	0.00713787	0.00833325	0.00690486	0.00574746	0.00588695	0.0061052499999999	0.00827201	0.00678577	0.00640318	0.00941426	0.00685694	0.00869035	0.00718211	0.0096703	0.00569189	0.00743912	0.00542439	0.00792082	0.00736045	0.00609353	0.00851001	0.00316699	0.00587111	0.00756894	0.00784187	0.00780733	0.00702293	0.0105453	0.00465678	0.00674742	0.00839467	0.00680119	0.00644122	0.00612717	0.00658838	0.00830542	0.00921933	0.00801981	0.00725323	0.00746638
PWY-7115: C4 photosynthetic carbon assimilation cycle, NAD-ME type	0.000387675	0.000590808	0.000668963	0.0011615	0.000489249	0.00207771	0.000870849	0.000670811	0.000354093	0.000741566	0.000585649	0.000732247	0.000626535	0.000699283	0.0	0.000495676	0.000859446	0.00131269	0.000971119	0.000755643	0.000848867	0.00148464	0.000165503	0.000989824	0.0	0.00107966	0.000650228	0.000849713	0.000282706	0.00118543	0.00176117	0.0011764	0.000388567	0.000431884	0.000548076	0.000533128	0.000722457	0.000121333	0.000220577	0.000579345	0.00105254	0.00187543	0.000388359	0.000795602	0.00133732	0.00176136	0.00165599	0.00100981	0.000330906	0.0	0.000328834	0.000367546	0.000581082	0.000270715	0.00185434	0.000743766	0.00092162	0.000469201	0.000663465	0.000468708	0.00159111	0.00017567	0.00109148	0.00050094	0.00107581	0.000366144	0.000826351	0.000610227	0.000928226	0.00180192	0.000758544	0.0011883	0.000559657	0.0012451	0.00101414	0.000678669	0.000842841	0.000698032	0.000336835	0.000461436	0.000733447	0.00105295	0.000325724	0.00113528	0.000623786	0.000892571	0.00298211	0.000910149	0.000408373	0.00114754	0.000456735	0.000166102	0.000866906	0.000734435	0.0016974	0.000589978	0.0010527	0.000789964	0.000484516	0.000522139	0.00158987	0.000685093	0.0027828	0.000733423	0.000612482	0.00129049	0.0	0.00052898	0.00120971	0.000342698	0.00170549	0.00117766	0.00176047	0.000889328	0.000235162	0.00102388	0.000668104	0.000744298	0.000566179	0.0018913	0.000446401	0.00146013	0.00118989	0.000182422	0.00122587
PWY-7117: C4 photosynthetic carbon assimilation cycle, PEPCK type	0.00102971	0.00109759	0.000101591	0.00102748	0.000613186	0.000996172	0.00206004	0.000570578	0.000708267	6.63161e-05	0.000408374	0.00164408	0.000223382	0.00125694	7.42181e-05	0.00060967	0.000763069	0.0015073	0.00084256	0.000664131	0.00180061	0.00124625	0.000582727	0.00138094	8.91326e-05	0.00149944	0.000151952	0.00232512	4.3795e-05	0.0010374	0.00196634	0.00129858	0.000490199	0.00055095	0.000112035	0.000333207	0.000582016	0.000353667	0.000786012	0.00106995	0.000891992	0.00225504	3.86541e-05	0.000603537	0.00168974	0.00320223	0.00145226	0.00108826	0.000236515	0.000496931	0.00201068	0.000501908	0.000688031	0.00025319	0.00280823	0.000580067	0.000998409	0.000731059	0.00117851	0.000420189	0.0018755	0.000377327	0.0014064	0.000953814	0.00241904	0.000560237	0.00073701	0.00127042	0.000597432	0.00227817	8.93514e-05	0.0006952	0.000602404	0.00153387	0.0015872	0.00195337	0.000738245	0.00051703	0.000741524	0.000948845	0.00071749	0.000782528	0.000296134	0.00114625	0.00102581	0.000700585	0.00445679	0.000572443	0.000359708	0.00122394	0.000450183	0.000338146	0.00140384	0.000692982	0.00156355	0.000749466	0.00158638	0.0010997	0.00034109	0.000397512	0.00143678	0.00144611	0.00385869	0.000396855	0.0	0.00128039	5.3012e-05	0.000458181	0.00113889	0.000706645	0.0035489	0.00107627	0.00270616	0.00103149	0.000152621	0.00191288	0.00152099	0.000660841	0.000232328	0.00196671	0.000285186	0.0019838	0.000954218	0.000528029	0.00102079
PWY-7118: chitin deacetylation	0.0	0.0	9.50926e-06	0.000311278	7.74694e-05	0.0	0.0	0.000130755	1.06305e-05	1.89494e-05	0.0	0.0	0.000100285	0.0	0.0	0.000100182	0.0	0.0	2.22611e-05	0.0	0.000387094	0.0	0.00011027	0.000458153	4.61205e-05	0.000259804	1.37046e-05	0.000723907	0.0	0.000243422	8.02129e-05	0.000411485	0.0	0.000136994	0.0	0.0	1.83234e-05	0.0	0.0	1.85153e-05	1.21075e-05	0.0	3.66816e-05	0.0	0.000120028	0.00251287	0.0	0.000212866	1.04879e-05	4.15369e-05	0.000305555	3.78615e-05	6.40104e-05	0.0	0.00175782	2.17348e-05	0.000107473	0.0	0.0	5.62337e-05	0.0	0.000136739	0.0	0.000291804	0.00119493	0.000163473	4.90213e-05	2.45468e-05	0.000119396	0.0	0.0	1.99181e-05	7.81731e-05	0.000552042	0.0	0.000194918	0.0	0.0	0.000476731	0.000365082	0.0	0.0	0.0	8.35499e-05	0.0	1.425e-05	3.27285e-05	0.000250141	4.3375e-05	0.000162034	0.0	0.0	0.0	1.40386e-05	0.0	0.0	0.000634929	5.65727e-05	4.28362e-05	0.0	0.0	0.0	0.0	0.0	0.0	5.55094e-05	0.0	0.0	2.0154e-05	0.0	0.00201643	8.86045e-05	0.0	0.0	4.30243e-05	3.01055e-05	0.000402868	9.03265e-05	5.62804e-05	0.000315161	0.0	4.93914e-05	1.0869e-05	0.0	0.0
PWY-7159: 3,8-divinyl-chlorophyllide a biosynthesis III (aerobic, light independent)	0.0	0.0	0.0	6.69622e-05	1.7903e-05	0.0	0.0	0.0	0.0	0.0	0.0	0.0	0.0	0.0	0.0	0.0	0.0	0.0	0.0	0.0	0.0	0.0	0.0	0.0	0.0	1.92063e-05	0.0	0.0	0.0	0.0	0.0	0.0	0.0	0.0	0.0	0.0	5.35023e-06	0.0	0.0	0.0	0.0	0.0	0.0	0.0	0.0	0.0	0.0	0.0	0.0	0.0	3.59409e-05	0.0	0.0	0.0	0.0	0.0	0.0	0.0	0.0	0.0	0.0	0.0	0.0	0.0	0.0	0.0	0.0	0.0	0.0	0.0	0.0	0.0	0.0	0.0	0.0	0.0	0.0	0.0	0.0	0.0	0.0	0.0	0.0	0.0	0.0	0.0	0.0	0.0	0.0	6.70734e-05	0.0	0.0	0.0	0.0	0.0	0.0	0.000145499	0.0	0.0	0.0	0.0	1.65419e-05	0.0	0.0	0.0	0.0	0.0	0.0	0.0	0.0	0.0	0.0	0.0	0.0	0.0	2.52621e-05	2.11076e-05	0.0	0.0	0.0	0.0	0.0	0.0	0.0	0.0
PWY-7165: L-ascorbate biosynthesis VIII (engineered pathway)	0.0	0.0	0.0	0.0	0.0	0.0	0.0	0.0	0.0	0.0	0.0	0.0	0.0	0.0	0.0	0.0	0.0	0.0	0.0	0.0	0.0	0.0	0.0	5.72197e-05	0.0	0.0	0.0	0.0	0.0	0.0	0.0	8.29273e-05	0.0	0.0	0.0	0.0	0.0	0.0	0.0	0.0	0.0	0.0	0.0	0.0	0.0	0.000174303	0.0	0.0	0.0	0.0	0.0	0.0	0.0	0.0	0.0	0.0	0.0	0.0	0.0	0.0	0.0	0.0	0.0	1.41484e-05	0.0	0.0	0.0	0.0	0.0	0.0	0.0	0.0	0.0	0.0	0.0	0.0	0.0	0.0	0.0	8.57499e-06	0.0	0.0	0.0	0.0	0.0	0.0	0.0	0.0	0.0	0.0	0.0	0.0	0.0	0.0	0.0	0.0	0.0	0.0	0.0	0.0	0.0	0.0	0.0	0.0	0.0	0.0	0.0	0.0	0.0	0.0	0.000645382	0.0	0.0	0.0	0.0	0.0	0.0	0.0	0.0	0.0	0.0	0.0	0.0	0.0	0.0
PWY-7184: pyrimidine deoxyribonucleotides de novo biosynthesis I	0.000544805	0.000163622	0.0	0.000501372	4.04845e-05	0.000418862	0.000349587	0.000251338	0.000163829	0.0	0.000590422	0.000602005	0.0	0.0	0.00195679	0.000333008	6.43051e-05	4.21825e-05	0.000175727	0.000132389	0.000968945	0.000135836	0.00048232	0.00112507	0.000333728	0.00120139	0.000217882	0.00118217	0.00160904	0.000423782	0.000200006	0.000757154	0.000236696	0.000875604	0.000216032	0.000215173	0.000129611	0.00140215	0.000171251	0.000627349	0.000456147	0.00077175	5.96747e-05	0.000877424	0.000292594	0.00289098	0.000185531	0.000215895	0.0	0.00153885	0.00068151	0.000870605	0.000152491	0.000390931	0.00264247	0.000295997	0.000256297	4.3565e-05	0.0	0.000177648	3.03289e-05	0.0	0.00118198	0.000858008	0.00187068	0.00045259	0.000104068	2.53304e-05	0.000143177	0.000702059	0.00121711	0.000209451	0.000131413	0.0011362	0.0	0.00134246	0.000196284	7.71183e-05	0.000668263	0.00109818	0.000473255	0.000118318	0.00013577	0.000314838	0.000126436	7.84318e-06	0.0	0.00101785	0.000184955	0.000694458	0.000139668	0.0	8.96619e-05	7.21434e-05	0.000379513	0.000131971	0.000700892	0.000597988	0.00089261	8.78239e-05	5.60113e-05	3.64537e-05	0.000317609	0.0	6.89441e-05	0.00022624	0.0	0.0	0.000140213	0.00171984	0.00208631	4.18875e-05	0.0	0.00037259	0.000844758	0.00171638	0.00112753	0.00209175	0.00158332	0.000408606	0.0	0.00036848	8.33217e-05	0.0	0.000204141
PWY-7187: pyrimidine deoxyribonucleotides de novo biosynthesis II	0.0	0.0	0.0	0.000163568	0.0	4.53071e-05	0.0	5.87416e-05	0.0	0.0	0.0	0.0	0.0	0.0	0.0	0.0	0.0	0.0	0.0	0.0	0.000189734	0.0	8.56502e-05	0.000393213	0.0	0.000330939	0.0	0.000404609	0.0	0.0	0.0	0.0002228	0.0	8.01981e-05	0.0	0.0	0.0	4.35432e-05	0.0	0.0	0.0	0.0	0.0	0.0	9.31978e-05	0.00131748	0.0	7.51826e-05	0.0	4.13506e-05	0.00016513	0.0	0.0	0.0	0.00118176	0.0	4.29987e-05	0.0	0.0	0.0	0.0	0.0	0.0	0.000142865	0.000677225	0.000116389	0.0	0.0	3.61e-05	0.0	0.0	0.0	0.0	0.000449211	0.0	0.000220878	0.0	0.0	0.000151155	0.000368068	0.0	0.0	0.0	0.0	0.0	0.0	0.0	7.57779e-05	0.0	5.93648e-05	0.0	0.0	0.0	0.0	0.0	0.0	0.000298735	0.0	0.0	0.0	0.0	0.0	0.0	0.0	0.0	0.0	0.0	0.0	0.0	0.0	0.00103433	0.0	0.0	0.0	0.0	0.0	0.000452511	3.4978e-05	0.0	0.000123599	0.0	0.0	1.71298e-05	0.0	2.58815e-05
PWY-7196: superpathway of pyrimidine ribonucleosides salvage	0.0	0.0	0.0	0.0	0.000480934	0.0	0.00046767	0.0	0.0	0.0	0.000548948	0.000479071	0.0	0.0	0.0	0.0	0.0	0.000104413	0.0	0.0	0.000363415	0.0	0.0	3.79924e-05	0.0	0.0	0.0	0.0	0.0	0.0	0.0	0.0	0.0	0.0	0.0	0.0	0.0	0.0	0.000242995	0.000153683	4.71074e-05	0.000267275	0.0	0.0	0.0	0.0	0.000882175	0.000171059	0.0	5.00646e-05	0.0	0.000354352	0.0	0.0	0.0	0.0	0.000295876	0.0	0.000537078	0.0	0.0	0.0	0.000480575	0.0	0.0	0.0	0.000139091	0.000444611	0.0	0.000518275	0.0	0.0	0.0	0.0	5.75964e-05	0.000151893	0.0	0.0	0.0	0.0	0.0	9.43395e-05	0.0	0.0	0.0	0.000418884	0.000220021	0.0	0.0	0.0	0.0	0.0	0.000179066	0.0	0.000122883	0.000111764	0.000218754	0.0	0.0	0.0	0.0	0.000203237	0.0	0.0	0.0	0.0	0.0	0.0	0.0003138	0.000276649	0.0	0.0	0.0	0.000137014	0.0	0.000273261	0.000331399	0.000168457	0.0	8.19303e-05	0.0	0.0	0.0	0.000304927	0.0
PWY-7197: pyrimidine deoxyribonucleotide phosphorylation	0.00264282	0.00201413	0.00179473	0.00260428	0.00571421	0.00248463	0.00290698	0.0013505	0.00354908	0.00152572	0.00196313	0.00183543	0.00247024	0.00177156	0.00196455	0.0016502	0.0027348	0.00436235	0.00163354	0.0022716	0.002334	0.00365982	0.0034295	0.00329195	0.0034226	0.0019863	0.00283965	0.00180867	0.0025539	0.00206641	0.00249424	0.00195713	0.00260252	0.0029955	0.00281783	0.0028443	0.00260613	0.00114872	0.00160227	0.00120277	0.00227582	0.00169761	0.00258277	0.00163306	0.00104802	0.00222325	0.00240461	0.00251253	0.00264769	0.00125118	0.00351363	0.00362923	0.00180917	0.00313263	0.00200433	0.00331219	0.00249037	0.00213858	0.00310057	0.00272197	0.00191788	0.00197528	0.00281946	0.00267009	0.0019468	0.00342608	0.00195399	0.00239726	0.00231321	0.00212768	0.00284341	0.00234918	0.0015754	0.00166313	0.00416812	0.00242879	0.00197609	0.00179695	0.00172411	0.00323313	0.00208987	0.00269852	0.00187542	0.00158374	0.00094705	0.00261809	0.00252071	0.00327599	0.00215138	0.00357495	0.00157822	0.00218069	0.0021902	0.00337615	0.00216469	0.00204693	0.00219895	0.00245249	0.00229928	0.00255287	0.00232258	0.00341763	0.00238343	0.00268953	0.00315307	0.00171426	0.00192194	0.00211173	0.00186748	0.00225147	0.00233187	0.00237083	0.00125685	0.00609116	0.00270874	0.00226801	0.00299298	0.00186468	0.00260236	0.00145645	0.00239351	0.00360065	0.00329816	0.00243168	0.00256918
PWY-7198: pyrimidine deoxyribonucleotides de novo biosynthesis IV	0.00224564	0.00084545	0.00119228	0.000920185	0.00179735	0.00089624	0.0029651	0.000867222	0.000746609	0.000420965	0.00156385	0.00168379	0.00216183	0.00119258	0.00164335	0.000739769	0.00184076	0.00278668	0.00114623	0.000902779	0.00172357	0.00235822	0.000383017	0.000626663	0.000844613	0.000925434	0.000755312	0.000410354	0.00134081	0.00117338	0.00309871	0.000541613	0.0022231	0.00138655	0.00121923	0.00115989	0.000709694	0.00117292	0.000516622	0.000808256	0.00152332	0.00172376	0.00020564	0.00121514	0.00127995	0.00024184	0.00174489	0.00100494	0.00131704	0.00133415	0.00124562	0.00107384	0.00108436	0.000310524	0.000121752	0.000435392	0.000981298	0.000825447	0.00225036	0.00104953	0.00226532	0.000976158	0.00123092	0.000745658	0.000793059	0.00155401	0.00131266	0.0016997	0.000688667	0.00241264	0.0010588	0.000802499	0.000880514	0.000612135	0.00232427	0.00112103	0.000903435	0.000424322	0.00103164	0.00122031	0.000381187	0.000464427	0.00142175	0.000913931	0.000875134	0.00113791	0.00302412	0.00134768	0.000541635	0.00157388	0.000182393	0.000201925	0.00152972	0.00131593	0.00155164	0.00108556	0.00261687	0.00094942	0.000828842	0.000734974	0.00117853	0.00222629	0.00332718	0.000551313	0.000322214	0.000926617	0.000601445	0.00170122	0.00143021	0.00153901	0.000174713	0.00115828	0.0017322	0.00122509	0.000700432	0.00224957	0.00267762	0.00200646	0.00139673	0.00178376	0.000388519	0.00296236	0.00207042	0.00138703	0.00129463
PWY-7199: pyrimidine deoxyribonucleosides salvage	0.00787048	0.00819643	0.00686235	0.00772333	0.0079026	0.00728879	0.0119906	0.00664319	0.00691223	0.00918864	0.00662541	0.00662974	0.0077674	0.00750166	0.00674261	0.00897713	0.0103081	0.00880343	0.00680545	0.0077485	0.00766193	0.00601819	0.00807139	0.00697656	0.00748741	0.0069322	0.0082694	0.0057796	0.00816218	0.00884968	0.0125897	0.00652714	0.0104894	0.00891736	0.00727468	0.00765864	0.00624505	0.00848737	0.00768012	0.00891773	0.00718499	0.00579235	0.00724618	0.00918901	0.00814212	0.00482869	0.00713563	0.00831719	0.00845139	0.00879325	0.0088446	0.0151759	0.0112134	0.00856276	0.00473772	0.00843686	0.0107493	0.0115273	0.00734917	0.0125037	0.0103335	0.00824282	0.00777047	0.0101361	0.00619052	0.00904598	0.00946664	0.00958835	0.00779796	0.00685496	0.00956953	0.00899783	0.00846816	0.00812298	0.00805268	0.00933344	0.0130626	0.00736399	0.00893927	0.00673119	0.0091879	0.00796998	0.00994634	0.0110513	0.00978783	0.00856461	0.00688359	0.00788312	0.00998099	0.00788207	0.00828098	0.0081455	0.00811116	0.00813012	0.00650846	0.00893721	0.00710163	0.00851781	0.0102566	0.00906944	0.00776631	0.00853839	0.00717833	0.0165271	0.00853809	0.00670951	0.0111228	0.00999064	0.00848484	0.00746894	0.00427339	0.00720103	0.00631368	0.0108654	0.0118166	0.00778615	0.00483374	0.00883087	0.0100333	0.00841534	0.00759908	0.00855124	0.0081141	0.00728076	0.00936024
PWY-7200: superpathway of pyrimidine deoxyribonucleoside salvage	0.0	0.0	0.0	0.0	0.0	7.90205e-05	0.0	0.0	0.0	9.21307e-05	0.0	0.0	0.0	0.0	0.0	0.0	0.0	0.0	0.0	0.0	0.0	0.0	0.000169948	0.000783621	0.0	0.0	0.0	0.0	0.0	0.0	0.0	0.0	0.0	0.0	0.0	0.0	0.0	0.0	0.0	0.0	0.0	0.0	0.0	0.0	0.0	0.0	0.0	0.0	0.0	0.0	0.0	0.0	0.0	0.000136577	0.0	0.0	0.0	0.0	0.0	0.0	0.0	0.0	0.0	5.23818e-05	0.0	0.0	0.0	3.64e-05	0.0	0.0	0.0	0.0	0.0	0.0	0.0	0.0	0.0	0.0	0.0	0.000127335	0.0	0.0	0.0	0.0	0.0	0.0	0.0	0.0	9.61122e-05	5.19157e-05	0.0	0.0	0.0	0.0	0.0	0.0	0.0	0.0	0.0	0.0	0.0	0.0	0.0	0.0	0.0	0.0	0.0	0.0	0.0	0.0	0.0	0.0	0.0	0.0	0.0	0.0	8.15193e-05	0.0	0.0	0.00012291	0.0	0.0	0.0	4.73239e-05	0.0
PWY-7204: pyridoxal 5'-phosphate salvage II (plants)	0.0	0.0	0.0	0.000284786	3.90635e-05	0.0	0.0	3.20051e-05	0.0	0.0	1.89399e-05	0.0	5.73975e-06	0.0	5.50292e-05	6.71147e-05	0.000151709	0.0	0.0	0.0	0.000279777	2.05011e-05	0.000127444	0.000363943	4.10928e-05	0.00043871	0.0	0.000668517	5.53864e-05	5.59633e-05	3.40529e-05	0.000147963	0.0	4.7333e-05	3.1056e-05	0.0	9.77798e-06	4.45884e-05	0.0	0.0	6.18831e-06	0.0	1.31994e-05	0.0	0.0	0.00121019	0.0	0.000110006	0.0	3.72793e-05	0.000204244	0.0	0.0	0.0	0.00117714	0.0	1.22484e-05	2.3736e-05	0.0	2.79331e-05	0.0	0.0	0.0	0.0	0.000600905	5.84949e-05	2.78425e-05	0.0	6.71922e-05	0.0	0.0	0.0	0.0	0.000340803	0.0	0.000146795	0.0	0.0	0.00014556	0.000240599	0.0	0.0	0.0	0.0	0.0	0.0	0.0	6.89721e-05	0.0	0.000124066	4.64116e-05	0.0	0.0	0.0	0.0	0.0	0.00169488	0.0	0.0	0.0	0.0	6.51776e-05	0.0	0.0	0.0	0.0	0.0	0.0	0.0	0.0	0.00110007	0.0	0.0	0.0	0.0	4.45278e-05	0.000644545	1.76586e-05	0.0	0.000219481	0.0	0.0	0.0	1.90941e-05	0.0
PWY-7208: superpathway of pyrimidine nucleobases salvage	0.00377228	0.00304362	0.00268011	0.00389753	0.00757582	0.00378176	0.00396313	0.00207676	0.00500106	0.002225	0.00506217	0.0026367	0.00370426	0.00266041	0.00493181	0.00241429	0.00399347	0.00604371	0.00243223	0.0035574	0.00340043	0.00492342	0.00502206	0.00548405	0.0053529	0.00285576	0.00417592	0.00347545	0.00447329	0.00294583	0.0035627	0.00322913	0.00375895	0.0056898	0.00405251	0.00466189	0.00385151	0.00351905	0.00284895	0.00176559	0.00421057	0.0025057	0.00417406	0.00240657	0.00152077	0.00317133	0.00405126	0.00358967	0.00438352	0.00308578	0.0049626	0.00519663	0.00259462	0.00471866	0.00292413	0.00508429	0.00365197	0.00306212	0.00621718	0.00386045	0.00282428	0.00567808	0.00400677	0.00387982	0.00283585	0.00502199	0.00277143	0.00344464	0.00428616	0.00299823	0.00468181	0.0033805	0.00233889	0.0025477	0.00564337	0.00402843	0.00286465	0.0026812	0.00250722	0.00433724	0.00352907	0.00516153	0.00276937	0.00230221	0.0014125	0.00365325	0.00353456	0.0046299	0.00318281	0.00500888	0.00237649	0.00330802	0.00318553	0.0053265	0.00324318	0.00295397	0.0031477	0.00359013	0.00341716	0.00417369	0.00324512	0.00498586	0.00336975	0.00387709	0.00506302	0.00253367	0.00408583	0.00333787	0.0026939	0.00315075	0.00354456	0.0034156	0.00182046	0.00804434	0.00390365	0.00320481	0.00388875	0.00251819	0.00360945	0.00209203	0.00503568	0.004783	0.00506306	0.00338419	0.00361911
PWY-7209: superpathway of pyrimidine ribonucleosides degradation	1.77133e-05	0.0	0.0	7.98712e-05	0.000354707	0.000135471	0.000338892	5.46713e-05	0.0	0.00013059	0.000136643	0.000426385	7.83715e-06	0.00031594	0.0	0.000129118	0.000362334	0.000170144	0.00032893	0.000128974	0.000256109	0.000298977	0.0	0.000178227	4.42193e-05	6.32887e-05	0.0	7.16779e-05	0.0	0.000296039	0.000380197	0.000187985	7.18235e-05	0.0	0.0	0.0	0.000153861	0.0	9.13101e-05	0.0	5.20582e-05	0.000308192	0.0	9.66247e-05	8.42093e-05	0.000315329	0.000303978	0.000150407	0.0	0.0	1.70234e-05	0.000146459	0.00014847	0.0	0.00010491	0.000142723	4.61313e-05	3.52268e-05	0.000334638	0.000103619	0.000292733	0.0	0.000283479	4.3316e-06	0.00020307	2.11025e-05	0.000147577	0.000303494	7.95253e-06	0.000483804	0.0	0.000204292	8.03085e-05	7.96527e-05	0.000444036	6.9957e-05	0.000259521	4.26553e-05	3.20239e-05	2.20869e-05	0.0	3.25407e-05	0.0	0.000298784	0.000220987	0.000154861	0.000680098	0.0	0.0	0.000219596	0.0	0.0	0.000129739	0.000112289	0.000274213	0.000264713	9.34531e-05	9.04642e-05	4.62025e-05	0.000170802	0.000324002	0.000239765	0.00058702	0.0	0.0	0.0	0.0	6.11275e-05	0.000507902	0.000156668	0.000340615	0.000444533	0.000927139	0.000107044	0.0	0.000480469	0.000292897	0.000100017	5.62217e-05	0.00109232	0.000161994	0.000554433	4.04516e-05	0.000133328	0.000280571
PWY-7210: pyrimidine deoxyribonucleotides biosynthesis from CTP	0.000584932	0.000179341	0.0	0.000333147	4.4934e-05	0.000452213	0.000381934	0.000271097	0.000180799	0.0	0.000619848	0.000637365	0.0	0.0	0.0018209	0.00035941	7.12007e-05	4.68013e-05	0.000192059	0.000145706	6.33584e-05	0.000150145	0.000522814	0.000284619	0.000364357	0.000231988	0.000239002	0.000167391	0.001594	0.000457554	9.75104e-05	0.000648049	0.000259592	0.000921207	0.000236936	0.000235759	0.000142884	0.00124518	0.000186666	0.000648032	0.000488409	0.000799631	6.60285e-05	0.000896409	0.000313605	0.000332026	0.000203265	0.000106617	0.0	0.00136898	0.000730613	0.000934978	0.000167467	0.000425222	0.000143136	0.000323739	0.000280342	4.82652e-05	0.0	0.000114865	3.36226e-05	0.0	0.001242	0.000227137	0.000627938	0.000491896	0.000114791	2.81037e-05	0.000157193	0.000744466	0.00125193	0.000229542	0.000144318	0.000432861	0.0	0.00134669	0.000215	8.51199e-05	0.000278334	0.000121886	0.000506173	0.00013038	0.000149358	0.000340346	0.000137914	8.71087e-06	0.0	0.00107025	0.000202791	0.000748698	3.16676e-05	0.0	9.90024e-05	7.98496e-05	0.000409819	0.000145312	0.00045435	0.000640677	0.000939244	9.69879e-05	6.20125e-05	0.0	0.000345936	0.0	7.63067e-05	0.000246665	0.0	0.0	0.00015411	0.00171916	0.0	4.64188e-05	0.0	0.000409882	0.000898843	0.00172192	3.79456e-05	0.00200379	0.00163175	0.000436083	0.0	0.000403265	9.21468e-05	0.0	0.000224188
PWY-7211: superpathway of pyrimidine deoxyribonucleotides de novo biosynthesis	0.000894286	0.00028952	0.0	0.000835508	7.97454e-05	0.000736029	0.000536998	0.000447628	0.00030125	0.0	0.0010042	0.000852715	0.0	0.0	0.00258245	0.000564443	0.000123994	8.28484e-05	0.000299058	0.000207707	0.00131207	0.000251215	0.000759862	0.00162021	0.000595209	0.00123442	0.000393232	0.000960081	0.00133193	0.000748123	0.000374087	0.000821694	0.000370857	0.00136061	0.000393472	0.000344945	0.000247593	0.000673799	0.000304772	0.000631534	0.000658514	0.00119601	0.000114172	0.00122439	0.000418209	0.0012555	0.000343515	0.000396694	0.0	0.00079238	0.00101028	0.00120307	0.000276785	0.000673809	0.00119035	0.000518753	0.000451054	8.58778e-05	0.0	0.00029758	5.98903e-05	0.0	0.0014341	0.00111773	0.00117391	0.00064845	0.000180885	5.00744e-05	0.000271827	0.00110029	0.00128392	0.000392838	0.000233556	0.000797945	0.0	0.00134894	0.000350263	0.000149701	0.00107694	0.00141216	0.000674742	0.000226378	0.000242166	0.000435426	0.0	1.55724e-05	0.0	0.00153962	0.000303419	0.000843737	0.000265041	0.0	0.000171087	0.000132352	0.000660321	0.000251477	0.000934459	0.000937683	0.00124098	0.000169797	0.000110469	7.07365e-05	0.00052449	0.0	0.000133682	0.000416969	0.0	0.0	0.000267522	0.00205515	0.00168277	8.22491e-05	0.0	0.000528156	0.00120987	0.00212763	0.000718625	0.0011561	0.000999376	0.000667352	0.0	0.000631751	0.00015493	0.0	0.000368031
PWY-7220: adenosine deoxyribonucleotides de novo biosynthesis II	0.00317434	0.00234023	0.00209795	0.00326158	0.0067154	0.00300135	0.0031229	0.00145231	0.00404474	0.00165662	0.00447316	0.00208556	0.00288755	0.0020479	0.00507883	0.00179825	0.00320863	0.00466786	0.00182763	0.00269147	0.00284427	0.00407886	0.00442864	0.00495319	0.00458043	0.00231483	0.00347191	0.0035028	0.00448692	0.00224376	0.00266158	0.00269571	0.00265616	0.00545851	0.00351476	0.00413512	0.00303676	0.00368062	0.00205429	0.00134366	0.00372258	0.0019839	0.00366524	0.00191791	0.00112257	0.00281111	0.00313325	0.00271509	0.00348723	0.0027425	0.00459049	0.00385029	0.0019695	0.00365921	0.00246715	0.00426977	0.00269397	0.00233846	0.00619974	0.00294805	0.00193316	0.00203035	0.00288611	0.00301478	0.00238574	0.0038494	0.00214089	0.00258274	0.00363124	0.00227703	0.00380483	0.00260651	0.00156354	0.00187251	0.0043229	0.00346171	0.0020128	0.00195817	0.00192457	0.00352329	0.00261086	0.0043328	0.0020334	0.00173311	0.000991747	0.00294118	0.00266415	0.00426069	0.00237604	0.0042986	0.00173271	0.00249663	0.00235395	0.00460714	0.00245757	0.00220252	0.00264967	0.00281536	0.00244591	0.00341222	0.00244672	0.00433573	0.00261082	0.00269042	0.00406754	0.00199012	0.00379573	0.00247923	0.00199443	0.00247476	0.00324846	0.00252808	0.00140656	0.00675621	0.00272431	0.00246331	0.00343591	0.00204098	0.00261993	0.00162738	0.00396436	0.00384298	0.00431048	0.00273258	0.00251616
PWY-7221: guanosine ribonucleotides de novo biosynthesis	0.0106603	0.0118829	0.0117035	0.0102383	0.0111606	0.0115553	0.0163464	0.0121275	0.0124838	0.0123151	0.0105643	0.0113465	0.0137249	0.0112883	0.0100112	0.0144291	0.0120463	0.0128225	0.0116166	0.0150497	0.0102729	0.0114444	0.0115214	0.0108283	0.0114023	0.0104107	0.0112702	0.0083412	0.0110999	0.0122808	0.0142454	0.010204	0.0135026	0.0116279	0.0106998	0.0112663	0.0113571	0.00996678	0.0130056	0.0116172	0.0100917	0.00994	0.00950771	0.0110987	0.0115294	0.00726694	0.0102796	0.0112481	0.0104156	0.00915436	0.0104675	0.0155105	0.0129154	0.0121844	0.00687327	0.0113634	0.0133884	0.0113587	0.0102704	0.0134923	0.0162521	0.0123828	0.0123829	0.0145389	0.00797962	0.0118192	0.0116618	0.0128757	0.0102025	0.011444	0.0115846	0.0119384	0.012456	0.0134393	0.012275	0.0107641	0.0131995	0.0114983	0.01141	0.0107014	0.0134755	0.0105716	0.0162601	0.0130299	0.012605	0.011416	0.0118563	0.0102583	0.0132864	0.0107812	0.0133931	0.0112613	0.0109149	0.0114278	0.0113453	0.0128651	0.0101545	0.0118849	0.0140893	0.0127132	0.0114236	0.011436	0.012255	0.0155242	0.011587	0.0103787	0.0107772	0.0140156	0.0116411	0.0104357	0.00627909	0.0113177	0.0114072	0.0150335	0.0149357	0.0118151	0.00970721	0.012243	0.0112743	0.010865	0.0113407	0.0131799	0.00998632	0.0111176	0.012569
PWY-7222: guanosine deoxyribonucleotides de novo biosynthesis II	0.00317434	0.00234023	0.00209795	0.00326158	0.0067154	0.00300135	0.0031229	0.00145231	0.00404474	0.00165662	0.00447316	0.00208556	0.00288755	0.0020479	0.00507883	0.00179825	0.00320863	0.00466786	0.00182763	0.00269147	0.00284427	0.00407886	0.00442864	0.00495319	0.00458043	0.00231483	0.00347191	0.0035028	0.00448692	0.00224376	0.00266158	0.00269571	0.00265616	0.00545851	0.00351476	0.00413512	0.00303676	0.00368062	0.00205429	0.00134366	0.00372258	0.0019839	0.00366524	0.00191791	0.00112257	0.00281111	0.00313325	0.00271509	0.00348723	0.0027425	0.00459049	0.00385029	0.0019695	0.00365921	0.00246715	0.00426977	0.00269397	0.00233846	0.00619974	0.00294805	0.00193316	0.00203035	0.00288611	0.00301478	0.00238574	0.0038494	0.00214089	0.00258274	0.00363124	0.00227703	0.00380483	0.00260651	0.00156354	0.00187251	0.0043229	0.00346171	0.0020128	0.00195817	0.00192457	0.00352329	0.00261086	0.0043328	0.0020334	0.00173311	0.000991747	0.00294118	0.00266415	0.00426069	0.00237604	0.0042986	0.00173271	0.00249663	0.00235395	0.00460714	0.00245757	0.00220252	0.00264967	0.00281536	0.00244591	0.00341222	0.00244672	0.00433573	0.00261082	0.00269042	0.00406754	0.00199012	0.00379573	0.00247923	0.00199443	0.00247476	0.00324846	0.00252808	0.00140656	0.00675621	0.00272431	0.00246331	0.00343591	0.00204098	0.00261993	0.00162738	0.00396436	0.00384298	0.00431048	0.00273258	0.00251616
PWY-7224: purine deoxyribonucleosides salvage	0.0	0.0	0.0	0.0	0.0	0.0	0.0	0.0	0.0	0.0	0.0	0.0	0.0	0.0	0.0	0.0	0.0	0.0	0.0	0.0	0.0	0.0	0.0	1.18512e-05	0.0	0.0	0.0	0.0	0.0	0.0	0.0	0.0	0.0	0.0	0.0	0.0	0.0	0.0	0.0	0.0	0.0	0.0	0.0	0.0	0.0	0.0	0.0	0.0	0.0	0.0	0.0	0.0	0.0	0.0	0.0	0.0	0.0	0.0	0.0	0.0	0.0	0.0	0.0	0.0	0.0	0.0	0.0	0.0	0.0	0.0	0.0	0.0	0.0	0.0	0.0	0.0	0.0	0.0	0.0	0.0	0.0	0.0	0.0	0.0	0.0	0.0	0.0	0.0	0.0	0.0	0.0	0.0	0.0	0.0	0.0	0.0	0.0	0.0	0.0	0.0	0.0	0.0	0.0	0.0	0.0	0.0	0.0	0.0	0.0	0.0	0.0	0.0	0.0	0.0	0.0	0.0	0.0	0.0	0.0	0.0	0.0	0.0	0.0	0.0	0.0
PWY-7228: superpathway of guanosine nucleotides de novo biosynthesis I	0.00492767	0.00394101	0.00358184	0.00500287	0.00853809	0.00477544	0.00525963	0.00259875	0.0061579	0.00294393	0.00634586	0.00353648	0.00478793	0.00348785	0.00686258	0.00320994	0.00513736	0.00690937	0.00316941	0.00457393	0.00447723	0.00605718	0.0064619	0.00683531	0.00659448	0.00381572	0.00536946	0.00497511	0.00647202	0.00381506	0.00454893	0.00430278	0.00448172	0.00750582	0.00534396	0.00609303	0.00481487	0.00545214	0.00355633	0.00241803	0.00550669	0.00334149	0.00537523	0.0032932	0.00205153	0.00410083	0.00484208	0.00441649	0.00528932	0.00429103	0.00645111	0.00625324	0.00343854	0.00566879	0.00369843	0.0062707	0.00450861	0.00393274	0.00786389	0.00490546	0.00346942	0.00351033	0.00472018	0.00503329	0.00372121	0.00583896	0.00363255	0.00434001	0.00542658	0.0038154	0.00576235	0.00429315	0.00278804	0.00330534	0.00643075	0.0052734	0.00352152	0.00335904	0.00331624	0.00532269	0.0043815	0.00619508	0.0036417	0.00308251	0.00184243	0.0046965	0.00436832	0.00606478	0.00405526	0.00619896	0.00308048	0.00409947	0.00390005	0.00662027	0.00405582	0.0037767	0.0042199	0.0045794	0.00419593	0.00542612	0.00403808	0.00636252	0.00434311	0.00462458	0.00609122	0.00335872	0.00575754	0.0042228	0.00341802	0.0040367	0.00437419	0.00415113	0.00250911	0.00941003	0.00466126	0.0040965	0.00510518	0.00350075	0.00428013	0.00284418	0.00591494	0.00598488	0.00609109	0.00440733	0.00420629
PWY-7229: superpathway of adenosine nucleotides de novo biosynthesis I	0.00716138	0.00613281	0.00580175	0.00763056	0.0114871	0.00723248	0.00799508	0.00421001	0.00857582	0.00505036	0.00865279	0.00570222	0.00732654	0.00550673	0.00890796	0.00529081	0.00813372	0.00960158	0.00519282	0.00670976	0.00682777	0.00845935	0.00925539	0.00921548	0.00877471	0.00605193	0.007922	0.00699879	0.008764	0.00617912	0.00753883	0.00634989	0.00685948	0.00972247	0.00780542	0.00900717	0.00727631	0.00793317	0.00543861	0.00425855	0.00806905	0.00547198	0.00801688	0.00538593	0.00358557	0.00553769	0.00700428	0.00677718	0.0076188	0.00668888	0.0084915	0.00939654	0.00580628	0.0081459	0.00529425	0.00881004	0.00713854	0.00640592	0.00978571	0.00757292	0.00506032	0.00542356	0.00669157	0.00723201	0.00562219	0.00815475	0.0058181	0.00688752	0.00746862	0.00580495	0.00837518	0.00667251	0.00433881	0.0048804	0.00874125	0.00776113	0.00558529	0.00535667	0.00537256	0.00724795	0.00683913	0.00879149	0.00539551	0.00524723	0.00317237	0.00701465	0.00641149	0.0083445	0.00638275	0.00889515	0.00482943	0.00624575	0.00598931	0.00861067	0.00619376	0.00606153	0.00629209	0.00688945	0.00637484	0.00739198	0.00613257	0.00887405	0.00648915	0.00733343	0.00850155	0.00540866	0.00848839	0.00648233	0.00539067	0.00615236	0.00572297	0.00627765	0.00418525	0.0118887	0.00678599	0.00646179	0.00689174	0.00565248	0.0067193	0.00476175	0.0083266	0.00833521	0.008884	0.00661898	0.00615955
PWY-7234: inosine-5'-phosphate biosynthesis III	0.00252658	0.000553456	0.00326084	0.00159131	0.00115691	0.0020882	0.00207264	0.00169001	0.00202368	0.00175863	0.00154506	0.00301517	0.000299737	0.00223329	6.22787e-05	0.00169091	0.00195518	0.00195267	0.00184391	0.00159553	0.00333918	0.00181227	0.0022324	0.00136474	0.00135105	0.00326976	0.00131784	0.00166439	0.000118465	0.00385622	0.00280973	0.00170027	0.00107047	0.0027445	0.00169471	0.0015058	0.00173483	0.000526192	0.00066875	0.00327297	0.00104376	0.00357525	0.00172755	0.00259314	0.00402168	0.00341688	0.000987459	0.00125275	0.00107263	0.000888183	0.00133378	0.00109987	0.00450585	0.00092259	0.00288952	0.00135881	0.00303919	0.00352325	0.001554	0.00115254	0.00209688	0.000835773	0.00263148	0.0016491	0.00255938	0.00271824	0.00259535	0.00205336	0.00176977	0.00250393	0.00154648	0.00164568	0.000535821	0.0014877	0.00157603	0.00190014	0.00186554	0.00144972	0.00255786	0.00462854	0.0007516	0.000929428	0.00102237	0.00342854	0.0021259	0.00391374	0.00425831	0.00226335	0.00219625	0.00229732	0.00132847	0.00117152	0.00243442	0.00256512	0.00179477	0.00313922	0.00219958	0.00325493	0.000737739	0.00110376	0.0031472	0.0033812	0.00438106	0.000200962	0.00155368	0.000523886	0.00159559	0.00201579	0.00140276	0.00191203	0.00292787	0.002061	0.00299144	0.00201872	0.00146843	0.0028253	0.00373785	0.00152918	0.00281638	0.00431851	0.00119807	0.00386207	0.00157037	0.00232682	0.0031682
PWY-7237: myo-, chiro- and scyllo-inositol degradation	0.00388146	0.00365299	0.0046748	0.00591785	0.00260249	0.00447679	0.00335233	0.00469034	0.00299273	0.00486091	0.00707144	0.00342328	0.00736283	0.00721075	0.00647595	0.00328676	0.00414084	0.00562848	0.004377	0.00624384	0.00370239	0.00688524	0.00485827	0.00432252	0.0055316	0.00253043	0.00401737	0.00427225	0.00632255	0.00357157	0.00274944	0.00781189	0.00334191	0.00440342	0.00492072	0.00444148	0.00621308	0.00748873	0.0110389	0.00386289	0.00475751	0.00685117	0.00653562	0.00600203	0.00687284	0.00244497	0.00749941	0.00470151	0.00640278	0.00444343	0.00366618	0.0047762	0.00260759	0.00284246	0.00298377	0.00350261	0.00276065	0.00382949	0.00483962	0.00440876	0.00706474	0.00243832	0.00493346	0.00419898	0.00302503	0.00327514	0.00556331	0.00404083	0.00627595	0.00583035	0.00427695	0.00525618	0.00602467	0.00672856	0.00637882	0.00139535	0.00465051	0.00939338	0.00275302	0.00186244	0.00947422	0.00680096	0.00681327	0.00561165	0.00651269	0.00593487	0.00385624	0.00417344	0.00317531	0.00343292	0.00757889	0.004495	0.0039376	0.0034723	0.00849251	0.00387111	0.00827217	0.00365423	0.00426527	0.00615206	0.003953	0.00216104	0.00287239	0.00158886	0.00586446	0.00784162	0.0105083	0.00914637	0.0048863	0.00395726	0.00311697	0.0065721	0.00520451	0.00381587	0.00515788	0.0030297	0.00283362	0.00390171	0.00436918	0.00231587	0.00684541	0.00241619	0.00567879	0.00531517	0.00498606
PWY-7238: sucrose biosynthesis II	0.0123818	0.0135903	0.0149904	0.0131329	0.012102	0.0159223	0.00971724	0.017042	0.0133127	0.0170819	0.0122939	0.0152088	0.0153446	0.0161477	0.00857449	0.016576	0.015571	0.0155115	0.016434	0.00967272	0.0124483	0.0160212	0.0120151	0.0119587	0.0118641	0.0116574	0.013959	0.00996558	0.0100695	0.0166324	0.0195149	0.0133869	0.0172572	0.00866672	0.013368	0.014894	0.0178671	0.0147193	0.00845382	0.0139961	0.0139079	0.0130807	0.0125059	0.0138005	0.0203713	0.0098463	0.0160477	0.0151275	0.0147307	0.0157084	0.00978349	0.013844	0.017566	0.0146329	0.0102134	0.012668	0.0126402	0.0134954	0.0122905	0.013429	0.0101114	0.0157319	0.015005	0.0106791	0.0118252	0.0133523	0.016017	0.01505	0.0117023	0.0161888	0.0166053	0.0152138	0.0162294	0.0108511	0.0148932	0.0136055	0.0216708	0.0177867	0.0136653	0.0105221	0.00905792	0.0151336	0.0111036	0.0188354	0.02511	0.0140162	0.0159481	0.0105047	0.0151834	0.0143459	0.0149727	0.016472	0.0151563	0.0101587	0.0160874	0.0153027	0.00987054	0.016523	0.0142213	0.0122874	0.0168984	0.0107316	0.0132031	0.0185019	0.0129293	0.0174702	0.0078712	0.00828996	0.0148749	0.0143223	0.00871001	0.0168432	0.0169953	0.0148736	0.014882	0.0142449	0.00612391	0.0146006	0.0158312	0.0140345	0.0162921	0.0109565	0.0134747	0.0143856	0.0156288
PWY-7242: D-fructuronate degradation	0.000720312	0.000596663	0.000787882	0.00104466	0.00102695	0.00172833	0.00102786	0.00114583	0.000624843	0.000742648	0.00153057	0.00191569	0.00259854	0.00161322	0.0013777	0.000815282	0.00142083	0.00154567	0.00206973	0.00115885	0.00190829	0.001241	0.00155892	0.00114732	0.000918493	0.00110292	0.000786035	0.00251335	0.000991233	0.001211	0.000863602	0.00185599	0.000848648	0.000923396	0.00166716	0.00226139	0.00192504	0.00153907	0.00177947	0.00248561	0.00162339	0.00251207	0.0024614	0.00369509	0.00442167	0.00170553	0.00225831	0.00174543	0.00154796	0.00172178	0.00118341	0.00117233	0.00237178	0.00155603	0.00129171	0.00108684	0.000831114	0.0018514	0.00166363	0.00165242	0.000804412	0.001384	0.00185895	0.000683049	0.00169602	0.0022575	0.00446637	0.00113645	0.0014454	0.00230986	0.0022376	0.00236784	0.00177888	0.0018623	0.00219421	0.000658476	0.0015926	0.0022993	0.00132829	0.00120425	0.0015965	0.00223544	0.00366842	0.00378295	0.0051855	0.00294519	0.00141727	0.00135588	0.00160801	0.00128633	0.00260301	0.00251185	0.00172859	0.00161188	0.00217381	0.00181903	0.00171079	0.00233697	0.00193975	0.0019919	0.00253985	0.000760901	0.00134092	0.0010393	0.00111754	0.00356873	0.000316704	0.00196171	0.00135226	0.00219063	0.00174616	0.00230586	0.00249722	0.00269626	0.00246612	0.00191744	0.00094717	0.00241151	0.00253994	0.00152775	0.00151102	0.00056848	0.0022748	0.00333662	0.0019054
PWY-7245: superpathway of NAD/NADP - NADH/NADPH interconversion (yeast)	0.0	0.0	0.0	0.0	0.0	0.0	0.0	0.0	0.0	0.0	0.0	0.0	0.0	0.0	0.0	0.0	0.0	0.0	0.0	0.0	0.0	0.0	0.0	3.18876e-05	0.0	0.0	0.0	0.0	0.0	0.0	0.0	0.000106794	0.0	0.0	0.0	0.0	0.0	0.0	0.0	0.0	0.0	0.0	0.0	0.0	0.0	0.0	0.0	0.0	0.0	0.0	0.0	0.0	0.0	0.0	0.0	0.0	0.0	0.0	0.0	0.0	0.0	0.0	0.0	0.0	0.0	0.0	0.0	0.0	0.0	0.0	0.0	0.0	0.0	0.0	0.0	0.0	0.0	0.0	0.0	0.0	0.0	0.0	0.0	0.0	0.0	0.0	0.0	0.0	0.0	0.0	0.0	0.0	0.0	0.0	0.0	0.0	0.0	0.0	0.0	0.0	0.0	0.0	0.0	0.0	0.0	0.0	0.0	0.0	0.0	0.0	0.0	0.0	0.0	0.0	0.0	0.0	0.0	0.0	0.0	0.0	0.0	0.0	0.0	0.0	0.0
PWY-724: superpathway of L-lysine, L-threonine and L-methionine biosynthesis II	0.00753957	0.00831266	0.00822915	0.0075657	0.00770148	0.00836641	0.00876183	0.00808539	0.00788055	0.00844472	0.00793172	0.008139	0.00832332	0.00864744	0.0076765	0.00895641	0.0084738	0.00830895	0.0093352	0.00744149	0.00737578	0.0081345	0.00778328	0.00750772	0.00761136	0.0071548	0.00860088	0.00702477	0.00841553	0.00767628	0.00782842	0.00815474	0.00868075	0.00768524	0.00802603	0.00813107	0.00810375	0.00864897	0.00747078	0.00765308	0.00843907	0.00833647	0.00803177	0.00848715	0.00749282	0.00518228	0.00781342	0.00778063	0.00831497	0.00835562	0.0059836	0.00818014	0.00838529	0.00833822	0.00547715	0.00882568	0.00800413	0.00805335	0.00814586	0.00859556	0.00718756	0.00916325	0.00774659	0.00693797	0.00627209	0.00783812	0.0071604	0.00803266	0.00840594	0.00804823	0.00824075	0.0089922	0.00896848	0.00623558	0.00786772	0.00684406	0.00835589	0.00799751	0.0085123	0.00697991	0.00719878	0.00846523	0.00625003	0.00698117	0.00808568	0.00791067	0.00814505	0.00806159	0.00801049	0.00779954	0.00801053	0.00831761	0.0078974	0.00795051	0.00765355	0.00778366	0.00762104	0.00785133	0.00835948	0.00771717	0.00807728	0.00662361	0.00894592	0.00914668	0.00829586	0.00769526	0.00637626	0.00673301	0.00883618	0.00779697	0.00471983	0.00817748	0.00792669	0.00753511	0.00762194	0.00775031	0.00707985	0.00822106	0.0089406	0.00667944	0.00786549	0.0078404	0.00747098	0.00698676	0.00743302
PWY-7254: TCA cycle VII (acetate-producers)	0.0	3.2502e-05	3.19499e-05	0.000212517	8.64052e-05	3.3857e-05	0.0	9.93356e-05	0.0	0.0	0.0	0.0	3.40745e-05	2.49025e-05	2.49783e-05	7.67635e-05	0.0	0.0	5.64662e-05	2.00426e-05	0.000641002	0.0	0.000160993	0.000618043	0.0	0.00112212	0.0	0.00051723	0.0	0.000254071	0.000128406	0.000188863	0.0	7.74973e-05	0.0	1.76366e-05	2.90055e-05	3.23204e-05	0.0	2.63388e-05	0.0	0.0	2.35696e-05	0.0	0.000207769	0.000385268	0.0	0.000371845	1.22146e-05	0.0	0.00030608	3.53109e-05	0.0	0.0	0.000254681	5.89565e-05	0.000286738	0.0	0.0	0.000135978	0.0	0.0	0.0	0.000610708	0.00065066	0.000233317	0.000132615	3.74623e-05	0.000180646	0.0	0.0	9.16341e-05	0.000211362	0.000338887	0.0	0.0	0.0	4.80441e-05	0.000193564	0.000784152	0.0	0.0	4.27029e-05	0.000103226	0.0	3.88914e-05	6.85909e-05	0.000283076	0.0	0.000374786	0.0	0.0	3.98838e-05	0.000212718	1.98528e-05	0.0	0.000450931	0.0	0.0	0.0	0.0	0.0	0.0	0.0	0.0	0.0	0.0	0.000388003	3.2436e-05	8.24146e-05	0.000285199	6.18712e-05	0.0	0.0	1.28172e-05	0.0	0.000116041	7.84002e-05	4.25994e-05	0.000460803	0.0	0.0	2.97133e-05	0.0	0.0
PWY-7268: cytosolic NADPH production (yeast)	0.0	0.0	0.0	0.0	0.0	0.0	0.0	0.0	0.0	0.0	0.0	0.0	0.0	0.0	0.0	0.0	0.0	0.0	0.0	0.0	0.0	0.0	0.0	2.75273e-05	0.0	0.0	0.0	0.0	0.0	0.0	0.0	0.000230563	0.0	0.0	0.0	0.0	0.0	0.0	0.0	0.0	0.0	0.0	0.0	0.0	0.0	0.0	0.0	0.0	0.0	0.0	0.0	0.0	0.0	0.0	0.0	0.0	0.0	0.0	0.0	0.0	0.0	0.0	0.0	0.0	0.0	0.0	0.0	0.0	0.0	0.0	0.0	0.0	0.0	0.0	0.0	0.0	0.0	0.0	0.0	0.0	0.0	0.0	0.0	0.0	0.0	0.0	0.0	0.0	0.0	0.0	0.0	0.0	0.0	0.0	0.0	0.0	0.0	0.0	0.0	0.0	0.0	0.0	0.0	0.0	0.0	0.0	0.0	0.0	0.0	0.0	0.0	0.0	0.0	0.0	0.0	0.0	0.0	0.0	0.0	0.0	0.0	0.0	0.0	0.0	0.0
PWY-7269: mitochondrial NADPH production (yeast)	0.0	0.0	0.0	0.0	0.0	0.0	0.0	1.15466e-05	0.0	0.0	0.0	0.0	0.0	0.0	0.0	1.13325e-05	0.0	0.0	0.0	0.0	5.28901e-05	0.0	0.0	0.00012069	0.0	8.84079e-05	0.0	0.000100873	0.0	0.0	0.0	0.000155544	0.0	0.0	0.0	0.0	0.0	0.0	0.0	0.0	0.0	0.0	2.35989e-06	0.0	8.05521e-05	0.000497894	0.0	1.15464e-05	0.0	0.0	0.0	0.0	0.0	0.0	0.00034558	0.0	0.0	0.0	0.0	0.0	0.0	3.37996e-06	0.0	0.000132237	0.000150378	1.05752e-05	0.0	0.0	0.0	0.0	0.0	0.0	0.0	0.000130558	0.0	0.0	0.0	0.0	3.6837e-05	0.000132169	0.0	0.0	0.0	0.0	0.0	0.0	0.0	0.0	0.0	1.75488e-05	0.0	0.0	0.0	0.0	0.0	0.0	0.0	0.0	0.0	0.0	0.0	0.0	0.0	0.0	0.0	0.0	0.0	0.0	0.0	0.0	0.000617803	4.6406e-06	0.0	0.0	0.0	0.0	0.0	0.0	0.0	6.66183e-06	0.0	0.0	0.0	0.0	0.0
PWY-7279: aerobic respiration II (cytochrome c) (yeast)	0.0	0.0	0.0	0.0	0.0	0.0	0.0	0.0	0.0	0.0	0.0	0.0	0.0	0.0	0.0	0.0	0.0	0.0	0.0	2.82739e-05	0.0	0.0	0.0	0.0	0.0	0.0	0.0	0.0	0.0	0.0	0.0	0.0	0.0	0.0	0.0	0.0	0.0	0.0	0.0	0.0	0.0	0.0	0.0	0.0	0.0	0.0	0.0	0.0	5.29588e-06	0.0	0.0	0.0	0.0	0.0	0.0	0.0	0.0	0.0	0.0	0.0	0.0	0.0	0.0	0.0	0.0	0.0	0.0	4.74317e-06	4.50772e-05	0.0	0.0	0.0	0.0	0.0	0.0	0.0	0.0	0.0	0.0	0.0	0.0	0.0	0.0	0.0	0.0	0.0	0.0	0.0	0.0	0.0	0.0	0.0	0.0	0.0	0.0	0.0	0.0	0.0	0.0	0.0	0.0	0.0	0.0	0.0	0.0	0.0	0.0	0.0	0.0	0.0	0.0	0.0	0.0	0.0	0.0	0.0	0.0	1.41123e-05	0.0	0.0	0.0	0.0	0.0	0.0	0.0
PWY-7282: 4-amino-2-methyl-5-diphosphomethylpyrimidine biosynthesis II	0.00474933	0.00411438	0.00351091	0.00475717	0.00407675	0.00414072	0.0034667	0.00242266	0.00272145	0.00436939	0.00604428	0.00511851	0.000932218	0.00430334	0.00433896	0.0030111	0.00235391	0.00320877	0.00336087	0.00156802	0.00424923	0.00249639	0.00350922	0.00305022	0.00409292	0.00377315	0.00437262	0.00288837	0.0059274	0.0033541	0.00289624	0.00357547	0.00237741	0.00304482	0.00372529	0.0054327	0.0031313	0.00498686	0.00305139	0.00358387	0.00499565	0.00238956	0.00402055	0.00381445	0.0014944	0.00300352	0.00334245	0.00355097	0.00565668	0.00492231	0.00519254	0.00291128	0.00448002	0.00331537	0.00355786	0.00474223	0.00334931	0.00336936	0.00259306	0.00197542	0.000355317	0.00205484	0.0031858	0.00241175	0.00395508	0.00316882	0.00392305	0.00315147	0.0052512	0.00403093	0.00583763	0.00225979	0.000879046	0.00228676	0.00219394	0.00457606	0.00313214	0.00281247	0.00473418	0.00273098	0.00201441	0.00464466	0.0031659	0.00202719	0.00209565	0.00280183	0.0029958	0.00548736	0.00369814	0.00429178	0.00262386	0.004678	0.00509673	0.00391782	0.00165453	0.00415523	0.00322985	0.0032098	0.00190302	0.00485592	0.00458686	0.00296302	0.00384389	0.00198186	0.00406105	0.00287145	0.00862437	0.0012172	0.00309759	0.00518865	0.00312053	0.00285699	0.0033937	0.00113055	0.0012682	0.00363722	0.00230111	0.00440004	0.00430421	0.00490772	0.00304331	0.00455903	0.00470581	0.00448491	0.00210346
PWY-7286: 7-(3-amino-3-carboxypropyl)-wyosine biosynthesis	1.48562e-05	0.0	0.0	0.0	4.09301e-05	0.0	0.0	3.17828e-05	0.0	0.000127626	0.0	0.0	0.0	0.0	0.0	6.35141e-05	8.60869e-05	0.0	0.0	0.0	9.40647e-06	0.0	0.0	0.0	0.0	0.0	0.0	0.0	0.0	0.0	0.000171632	0.0	5.97752e-05	0.0	0.0	0.0	0.0	0.0	0.0	0.0	0.0	0.0	0.0	0.0	0.0	0.0	0.0	7.4765e-05	0.0	0.0	0.0	0.000133067	0.0	0.0	0.0	0.0	7.65678e-05	0.0	0.0	0.000136404	0.0	0.000239997	0.0	0.000106801	0.0	0.0	0.0	0.00011043	0.0	0.0	0.0	0.0	3.37176e-05	0.0	0.0	0.0	0.0	0.0	0.000155471	0.0	0.0	0.0	0.0	0.0	0.0	0.0	2.5893e-05	0.0	0.0	0.0	0.0	0.0	0.0	0.0	0.0	0.0	0.0	0.0	1.71003e-05	0.0	0.0	0.0	0.0	0.0	0.0	0.0	0.0	0.0	2.601e-05	0.0	0.0	0.0	0.0	0.0	0.0	0.000216547	0.0	0.0	0.0	0.0	0.0	3.77009e-05	0.0	0.0	0.0
PWY-7290: Escherichia coli serotype O86 O-antigen biosynthesis	0.0	0.0	0.0	0.0	0.0	0.0	0.0	0.0	0.0	0.0	0.0	0.0	0.0	0.0	0.0	0.0	0.0	0.0	0.0	0.0	0.0	0.0	0.0	0.0	0.0	0.0	0.0	0.0	0.0	0.0	1.41808e-05	0.0	0.0	0.0	0.0	0.0	0.0	0.0	0.0	0.0	0.0	0.0	0.0	0.0	0.0	0.0	0.0	0.0	0.0	0.0	0.0	0.0	0.0	0.0	0.0	0.0	0.0	0.0	0.0	0.0	0.0	0.0	0.0	0.0	0.0	0.0	0.0	0.0	0.0	0.0	0.0	0.0	0.0	0.0	0.0	0.0	0.0	0.0	0.0	0.0	0.0	0.0	0.0	0.0	0.0	0.0	0.0	0.0	0.0	0.0	0.0	0.0	0.0	0.0	0.0	0.0	0.0	0.0	0.0	0.0	0.0	0.0	0.0	0.0	0.0	0.0	0.0	0.0	0.0	0.0	0.0	0.0	0.0	0.0	0.0	0.0	0.0	0.0	0.0	0.0	0.0	0.0	0.0	0.0	0.0
PWY-7294: D-xylose degradation IV	0.0	0.0	0.0	7.50164e-05	0.0	0.0	0.0	0.0	0.0	0.0	0.0	0.0	0.0	0.0	0.0	0.0	0.0	0.0	0.0	0.0	0.0	0.0	3.43961e-05	3.41028e-05	0.0	0.0	0.0	0.00017494	0.0	0.0	0.0	0.0	0.0	0.0	0.0	0.0	0.0	0.0	0.0	0.0	0.0	0.0	0.0	0.0	0.0	0.0	0.0	1.36425e-05	0.0	0.0	0.0	0.0	0.0	0.0	0.0	0.0	0.0	0.0	0.0	0.0	0.0	0.0	0.0	0.0	0.0	0.0	0.0	0.0	0.0	0.0	0.0	0.0	0.0	0.0	0.0	0.0	0.0	0.0	0.0	0.0	0.0	0.0	0.0	0.0	0.0	0.0	0.0	0.0	0.0	0.0	0.0	0.0	0.0	0.0	0.0	0.0	0.000110691	0.0	0.0	0.0	0.0	0.0	0.0	0.0	0.0	0.0	0.0	0.0	0.0	0.0	0.0	0.0	0.0	0.0	0.0	0.0	0.0	0.0	0.0	6.11453e-05	0.0	0.0	0.0	0.0	0.0
PWY-7312: dTDP-&beta;-D-fucofuranose biosynthesis	0.000464881	0.0	0.0	0.0	5.7719e-05	0.00052539	0.000471815	0.000177041	0.000263786	0.000680379	0.0	0.000820003	0.0	0.000344115	0.000602059	3.31416e-05	4.92262e-05	0.0	0.0	9.15885e-05	0.00065787	0.0	0.000283463	0.000178944	0.0	0.0	3.1518e-05	0.000268431	0.00120191	0.000196541	0.00014417	0.00109515	0.0	0.0	0.00165083	0.0	0.0	0.0	0.000429499	8.56252e-05	0.0	0.0	0.0	0.000167204	0.0	4.16578e-05	0.0	4.61016e-05	0.0	0.0	0.000148366	0.0	0.000747204	0.000125169	0.000145116	0.0	0.000183818	0.000726549	0.0	0.0	0.0	1.14226e-05	0.0	1.54675e-05	0.0	0.0	0.0	0.0	3.68383e-05	0.0	0.0	0.0	0.0	0.0	0.0	0.0	0.000413194	0.000398926	0.0	0.0	6.88296e-05	0.00143157	0.000156121	0.0	0.000115367	0.0	2.30864e-05	0.0	8.17337e-05	0.0	0.0	0.00101717	0.0	0.0	0.0	0.0	0.0	0.0	0.0	2.82883e-05	0.0	0.0	0.00382515	0.0	0.0	0.0	0.0	9.17032e-05	0.0	0.000177858	0.000183414	3.36325e-05	0.000179769	0.0	0.00011885	0.0	0.0	9.33876e-05	0.0	0.0	3.86839e-05	0.0	0.00115457	0.0	0.0
PWY-7315: dTDP-N-acetylthomosamine biosynthesis	0.00100846	8.41727e-05	0.00285609	0.00215371	0.000375376	0.00101556	5.51746e-05	0.00033918	9.4931e-05	0.00024694	8.85821e-06	0.000516647	0.00148713	7.42501e-05	0.000119917	0.000414336	0.000316669	4.00795e-05	0.000222924	0.00119352	0.000289473	0.00311753	0.000259914	0.000561212	2.12088e-05	0.000261542	0.000574323	0.000767152	0.000685221	9.00686e-05	0.000108247	0.000635538	8.52387e-05	0.000105358	0.00090557	0.00219685	0.000205742	8.33998e-05	2.99992e-05	4.43514e-05	6.26662e-05	0.000344813	6.34802e-05	0.000163183	0.000220733	0.00120063	0.000178097	0.000472094	0.000633504	6.45292e-05	0.000161177	0.000159089	3.98326e-05	0.000244666	0.00113865	0.00169655	4.7171e-05	3.95295e-05	0.000449796	0.000197377	0.0	6.82642e-05	0.00153494	0.000191712	0.000491437	0.000337138	0.000191271	0.000506978	7.58761e-05	0.000634423	0.0	0.000121862	5.96951e-05	0.00100427	0.000135857	5.75508e-05	2.04559e-05	0.00395284	0.00019503	0.000410615	0.000269952	0.00115661	0.000224006	3.20524e-05	5.11699e-05	0.000279488	0.000528177	0.000990995	0.000120363	0.000273406	0.000205761	9.14673e-05	8.63087e-05	0.000175417	3.86679e-05	8.99527e-06	0.0019423	0.000323097	0.000144779	0.000145083	0.0	0.000206502	0.000285554	5.07994e-05	0.00155481	0.000656093	0.00819478	0.0	0.00014547	0.000147629	0.00124054	0.00024807	0.000656059	0.000134983	2.3593e-05	8.57332e-05	0.000436484	0.000866926	9.9167e-05	0.000106786	2.77422e-05	0.0019323	0.000239414	0.000113152	0.000100011
PWY-7316: dTDP-N-acetylviosamine biosynthesis	0.000332922	0.000343346	7.52188e-05	0.0	5.64296e-05	4.53791e-05	1.93878e-05	3.59968e-05	0.0	0.000147039	2.55048e-05	8.26181e-05	0.0	1.57691e-05	0.000134954	0.0	0.00052259	5.57126e-05	1.73272e-05	0.0	9.2713e-05	0.0	0.000230898	1.64813e-05	0.000714549	0.0	0.000108298	3.31454e-05	0.000363539	0.000156912	0.0	0.0	0.0	0.0	8.6028e-05	0.000150632	1.30026e-05	0.0	0.0	0.0	0.0	1.36145e-05	0.0	0.0	0.000194476	0.0	0.0	4.01446e-05	0.0	0.0	0.00122916	1.75794e-05	0.0	0.0	2.33061e-05	0.0	1.12127e-05	0.000132509	0.000286128	0.0	0.0	0.0	0.0	3.4483e-05	0.0	8.79198e-05	1.54268e-05	1.45056e-05	0.0	3.49255e-05	0.0	0.0	0.0	0.0	0.0	0.000614655	0.0	0.000102235	0.0	7.00878e-06	7.56542e-05	0.0	0.0001502	0.0	0.0	4.23362e-05	0.000128034	0.00025199	0.0	0.000248023	0.0	0.0	0.0	2.19172e-05	1.01582e-05	1.74947e-05	0.0	0.000215884	0.0	0.0	0.0	1.06569e-05	4.15686e-05	0.0	9.92804e-05	9.58838e-05	0.0	8.27748e-05	0.0001324	7.64033e-05	8.11814e-05	0.0	0.0	0.0	0.0	0.0	3.28051e-05	0.0	8.87974e-05	0.000138786	0.000101822	2.69401e-05	2.95687e-05	0.000117296	7.20291e-05
PWY-7317: superpathway of dTDP-glucose-derived O-antigen building blocks biosynthesis	0.000220479	0.0	0.0	0.0	0.0	0.0	0.0	0.0	0.0	0.0	0.0	0.0	0.0	0.0	0.0	0.0	0.0	0.0	0.0	0.0	0.0	0.0	0.0	0.0	0.0	0.0	0.0	0.0	7.16189e-05	0.0	0.0	0.0	0.0	0.0	0.0	0.0	0.0	0.0	0.0	0.0	0.0	0.0	0.0	0.0	0.0	0.0	0.0	0.0	0.0	0.0	4.29884e-05	0.0	0.0	0.0	0.0	0.0	0.0	0.0	0.0	0.0	0.0	0.0	0.0	0.0	0.0	0.0	0.0	0.0	0.0	0.0	0.0	0.0	0.0	0.0	0.0	0.0	0.0	0.0	0.0	0.0	0.0	0.0	0.0	0.0	0.0	0.0	0.0	0.0	0.0	0.0	0.0	0.0	0.0	0.0	0.0	0.0	0.0	0.0	0.0	0.0	0.0	0.0	0.0	0.0	0.0	0.0	0.0	0.0	0.0	0.0	0.0	0.0	0.0	0.0	0.0	0.0	0.0	0.0	0.0	0.0	0.0	0.0	0.0	0.0	0.0
PWY-7323: superpathway of GDP-mannose-derived O-antigen building blocks biosynthesis	0.00325401	0.00183448	0.00212565	0.0019525	0.00156127	0.00294196	0.00160369	0.00141773	0.0018848	0.00111992	0.00293773	0.00427361	0.0010271	0.00191418	0.00441364	0.00143544	0.00193534	0.00178403	0.00370804	0.00182019	0.00286997	0.00233696	0.00229577	0.00260001	0.00304272	0.00286474	0.00323469	0.00358666	0.00263022	0.00227681	0.00160706	0.00253731	0.00179662	0.00214382	0.00325684	0.00357712	0.00278109	0.00300469	0.00149357	0.00123651	0.00251614	0.00222419	0.0034677	0.00139676	0.000930491	0.00211644	0.00319101	0.00208136	0.00274235	0.00307412	0.00288013	0.00139316	0.000611139	0.00270189	0.00321516	0.00291262	0.00179064	0.00234032	0.00354353	0.00142581	0.00155452	0.00135081	0.00171779	0.00212549	0.00244615	0.00150179	0.00230752	0.00149765	0.00365352	0.00237524	0.00303677	0.00183768	0.000452176	0.00278576	0.00143306	0.00133769	0.00140008	0.00266176	0.00270698	0.00208784	0.00182866	0.00281042	0.00282872	0.00103699	0.000669671	0.00300138	0.00191828	0.00342516	0.00321393	0.00265639	0.00201543	0.00311726	0.00232863	0.00228533	0.0038374	0.00202278	0.0015852	0.00264126	0.00173313	0.00247191	0.00152856	0.00360022	0.0015561	0.000806296	0.00250053	0.00241337	0.00251445	0.00071761	0.00201477	0.00283462	0.00265172	0.00224476	0.00241497	0.000351813	0.0016609	0.000879115	0.00201534	0.00191026	0.0011887	0.00344543	0.00284621	0.00187315	0.00246501	0.00277031	0.00158813
PWY-7328: superpathway of UDP-glucose-derived O-antigen building blocks biosynthesis	0.00280834	0.00338568	0.00295945	0.00278512	0.0037591	0.00342925	0.00314964	0.00276987	0.00250631	0.0038676	0.00132999	0.00184646	0.00320191	0.00223962	0.00218297	0.00325543	0.00221166	0.00398508	0.00240265	0.00361591	0.00198789	0.00373704	0.0013605	0.00256077	0.00240837	0.00241387	0.00207969	0.00271782	0.00156563	0.00408049	0.00406952	0.00248057	0.00459127	0.00202952	0.00206489	0.00176031	0.00123678	0.000613566	0.00110525	0.00200255	0.00188137	0.00208712	0.0012177	0.00160582	0.000950154	0.00261712	0.00225741	0.00328808	0.00240594	0.000865836	0.00304194	0.00161401	0.00196621	0.00271262	0.00297979	0.00221336	0.00270299	0.00280045	0.00224855	0.00296119	0.00320314	0.00617607	0.00358081	0.00300229	0.00278226	0.00234059	0.00108222	0.00204121	0.00256192	0.00277539	0.00208373	0.0017996	0.00313927	0.00310737	0.00262536	0.00312728	0.00329833	0.00262311	0.00376416	0.00272901	0.00182047	0.00174816	0.00192862	0.00213868	0.000770411	0.00232419	0.00210009	0.00291169	0.00210159	0.00310069	0.0025137	0.00344745	0.002356	0.00188623	0.00183935	0.00265678	0.00271962	0.00219505	0.00436177	0.00160167	0.00311508	0.00205205	0.00273437	0.00234726	0.0024725	0.00306569	0.00183721	0.00241335	0.00224561	0.00263839	0.00316327	0.00273837	0.00273082	0.00200066	0.00237926	0.00401577	0.00271141	0.00374355	0.00149498	0.00201803	0.00144459	0.00284244	0.00339612	0.00255479	0.00241069
PWY-7332: superpathway of UDP-N-acetylglucosamine-derived O-antigen building blocks biosynthesis	0.000228412	0.0	0.0	0.0	0.0	0.0	0.0	0.0	0.0	0.0	0.0	0.0	0.0	0.0	0.0	0.0	0.0	0.0	0.0	0.0	0.0	0.0	0.000506381	0.0	0.0	0.0	0.0	0.0	0.0	0.0	0.0	0.0	0.0	0.0	0.000366651	0.0	0.0	0.0	0.0	0.0	0.0	0.0	0.0	0.0	0.0	0.0	0.0	0.0	0.0	0.0	8.53488e-05	2.20468e-05	0.0	0.0	0.0	0.0	0.0	0.0	0.0	0.0	0.0	0.0	0.0	0.000198131	0.0	0.0	0.0	0.00020371	0.0	0.0	0.0	0.0	0.0	0.0	0.0	0.0	0.0	0.0	0.0	0.0	0.0	0.0	0.0	0.0	0.0	0.0	0.0	8.78514e-05	0.0	0.0	0.0	0.0	0.0	0.0	0.0	0.0	0.0	0.0	0.0	0.0	0.0	0.0	0.0	0.0	0.0	0.0	0.0	0.0	0.0	0.0	0.000162861	0.0	0.0	0.0	0.0	0.0	0.0	0.0	0.0	2.63272e-05	0.0	5.84711e-05	0.0	5.61696e-05	0.0
PWY-7337: 10-cis-heptadecenoyl-CoA degradation (yeast)	0.0	1.53991e-05	0.0	0.0	0.0	0.0	0.0	0.0	0.0	0.0	0.0	0.0	0.0	0.0	0.0	0.0	0.0	0.0	0.0	0.0	0.0	0.0	0.0	0.0	0.0	0.0	0.0	0.0	0.0	0.0	0.0	0.0	0.0	0.0	0.0	0.0	0.0	0.0	0.0	0.0	0.0	0.0	0.0	0.0	0.0	0.0	0.0	0.0	0.0	0.0	0.0	0.0	4.14153e-05	0.0	0.0	0.0	0.0	0.0	0.0	0.0	0.0	0.0	0.0	0.0	0.0	0.0	0.0	0.0	0.0	0.0	0.0	0.0	0.0	0.0	0.0	0.0	0.0	0.0	0.0	0.0	0.0	0.0	0.0	0.0	0.0	0.0	0.0	0.0	0.0	0.0	0.0	0.0	0.0	0.0	0.0	0.0	0.0	0.0	0.0	0.0	0.0	0.0	0.0	0.0	0.0	0.0	0.0	0.0	0.0	0.0	0.0	0.0	0.0	0.0	0.0	0.0	0.0	0.0	0.0	0.0	0.0	0.0	0.0	0.0	0.0
PWY-7338: 10-trans-heptadecenoyl-CoA degradation (reductase-dependent, yeast)	0.0	1.53991e-05	0.0	0.0	0.0	0.0	0.0	0.0	0.0	0.0	0.0	0.0	0.0	0.0	0.0	0.0	0.0	0.0	0.0	0.0	0.0	0.0	0.0	0.0	0.0	0.0	0.0	0.0	0.0	0.0	0.0	0.0	0.0	0.0	0.0	0.0	0.0	0.0	0.0	0.0	0.0	0.0	0.0	0.0	0.0	0.0	0.0	0.0	0.0	0.0	0.0	0.0	4.14153e-05	0.0	0.0	0.0	0.0	0.0	0.0	0.0	0.0	0.0	0.0	0.0	0.0	0.0	0.0	0.0	0.0	0.0	0.0	0.0	0.0	0.0	0.0	0.0	0.0	0.0	0.0	0.0	0.0	0.0	0.0	0.0	0.0	0.0	0.0	0.0	0.0	0.0	0.0	0.0	0.0	0.0	0.0	0.0	0.0	0.0	0.0	0.0	0.0	0.0	0.0	0.0	0.0	0.0	0.0	0.0	0.0	0.0	0.0	0.0	0.0	0.0	0.0	0.0	0.0	0.0	0.0	0.0	0.0	0.0	0.0	0.0	0.0
PWY-7340: 9-cis, 11-trans-octadecadienoyl-CoA degradation (isomerase-dependent, yeast)	0.0	0.0	0.0	9.57106e-05	7.2757e-06	0.0	0.0	0.0	0.0	0.0	0.0	0.0	1.93798e-05	0.0	0.0	1.14993e-05	0.0	0.0	0.0	0.0	0.0	0.0	3.75195e-05	3.61926e-05	4.25343e-05	3.77725e-05	0.0	0.0	0.0	2.49307e-05	1.34355e-05	1.9249e-05	0.0	3.36982e-05	0.0	0.0	0.0	0.0	0.0	0.0	4.72716e-06	0.0	7.36354e-06	0.0	0.0	0.0	0.0	3.54209e-05	0.0	0.0	8.555e-05	0.0	0.0	0.0	0.000133541	0.0	2.09823e-05	0.0	0.0	1.01657e-05	0.0	0.0	0.0	2.36178e-05	3.51059e-05	0.0	0.0	0.0	2.79982e-05	0.0	0.0	0.0	0.0	2.12345e-05	0.0	4.99453e-05	0.0	0.0	2.57448e-05	0.000181418	0.0	0.0	0.0	0.0	0.0	0.0	0.0	3.88728e-05	6.86021e-06	5.10274e-05	1.35251e-05	0.0	0.0	0.0	0.0	0.0	0.000132132	1.05243e-05	0.0	0.0	0.0	0.0	0.0	0.0	0.0	0.0	0.0	0.0	1.47375e-05	0.0	0.0	9.42482e-06	0.0	0.0	0.0	0.0	0.000328409	0.0	0.0	6.61999e-05	0.0	0.0	1.20818e-05	0.0	0.0
PWY-7345: superpathway of anaerobic sucrose degradation	0.00351984	0.00257497	0.00204144	0.00299995	0.00264561	0.00262254	0.00308317	0.00231713	0.00347571	0.00162217	0.00263474	0.00311559	0.00134081	0.00296366	0.00131105	0.00263167	0.00275863	0.00276656	0.00300067	0.0020439	0.0037	0.00316188	0.0038676	0.00325533	0.00357152	0.00331282	0.00351999	0.00333347	0.00255448	0.00281454	0.00281396	0.00304299	0.00334721	0.00276186	0.00290933	0.00247471	0.00203105	0.00272015	0.00213391	0.00248855	0.00302123	0.00316446	0.00241376	0.00206213	0.00200819	0.0048135	0.00225612	0.00242582	0.00285887	0.00277462	0.00320392	0.00357231	0.00141422	0.00191089	0.00426829	0.00269421	0.0029319	0.00228806	0.00275124	0.00292157	0.00276091	0.00194797	0.00253936	0.00217315	0.00417467	0.0027875	0.00233873	0.00251519	0.0024537	0.0034167	0.00380534	0.0018495	0.00164256	0.00305699	0.0027161	0.00247374	0.00149754	0.00141798	0.00292486	0.00257556	0.00199357	0.00225603	0.00199057	0.00263087	0.00149358	0.00211326	0.00270456	0.00349566	0.00286198	0.00335411	0.00239077	0.00241456	0.00370879	0.00273429	0.00162861	0.00253217	0.00238558	0.00289683	0.00220699	0.0031379	0.00305823	0.00137173	0.0030125	0.00131557	0.00221529	0.00188863	0.00175735	0.002047	0.00241747	0.00300184	0.00464974	0.00266575	0.00267092	0.00183736	0.00205656	0.00381107	0.00268869	0.00359491	0.00144569	0.00295526	0.00191807	0.00282092	0.00242628	0.00364599	0.0024067
PWY-7356: thiamine diphosphate salvage IV (yeast)	0.00131381	0.000836632	0.00115213	0.00109283	0.00074428	0.000769101	0.00139483	0.000588501	0.000335585	0.0011721	0.000567791	0.00180918	0.00108761	0.00188092	0.000254572	0.00115585	0.00140372	0.00150096	0.00104554	0.000515487	0.00127087	0.00130989	0.00111653	0.000703976	0.00156727	0.00028439	0.00153794	0.00065378	0.000130111	0.000726379	0.00103494	0.000915008	0.000914672	0.000653856	0.000840271	0.000744636	0.00047769	0.000682482	0.000749508	0.0014092	0.000490401	0.00127984	0.00134518	0.000959713	0.00177367	0.000553189	0.00123483	0.0014662	0.000628434	0.000743459	0.00152399	0.000760324	0.00129969	0.00111593	0.000748534	0.00116077	0.000342138	0.000726775	0.00105732	0.00226068	0.00172068	0.000915833	0.00189359	0.000857199	0.000910077	0.00101633	0.00162867	0.000786088	0.000394818	0.00183177	0.000745147	0.000818683	0.00037682	0.000545326	0.0010547	0.00110697	0.00165732	0.00085038	0.000953074	0.00042338	0.000707424	0.000688067	0.000571696	0.0027274	0.00219299	0.000783144	0.00249464	0.000709729	0.00144004	0.00128121	0.000774706	0.0013304	0.00179662	0.000896437	0.00100632	0.00060043	0.000662152	0.00109628	0.000868554	0.000696643	0.00131907	0.00119475	0.002106	0.000835988	0.00132289	0.00147923	0.0	0.000488609	0.00125285	0.000802336	0.000704687	0.00171719	0.00229694	0.00188227	0.00163494	0.00131066	0.000692051	0.000801297	0.00270825	0.00169755	0.000237424	0.00141435	0.00083553	0.000965158	0.000888313
PWY-7357: thiamine phosphate formation from pyrithiamine and oxythiamine (yeast)	0.00493295	0.00694936	0.00572578	0.00660464	0.00640552	0.00698968	0.0046877	0.00803059	0.00582008	0.0069206	0.00719445	0.0072446	0.00754392	0.00805051	0.00521507	0.0055031	0.00511928	0.00646996	0.00664278	0.00749002	0.00498842	0.00678097	0.0040087	0.00488213	0.00578122	0.00503295	0.00607623	0.00499689	0.00610318	0.00512436	0.00484948	0.00646482	0.00747991	0.00466572	0.00590798	0.00710687	0.00768136	0.00520618	0.00830923	0.00663194	0.00685876	0.00751583	0.00797182	0.00921602	0.0105816	0.00359299	0.00804545	0.00762329	0.0082314	0.00666587	0.00505064	0.00308115	0.00635486	0.0067284	0.00418283	0.00621353	0.00442492	0.00442889	0.00743975	0.00672061	0.00695057	0.00706417	0.0071568	0.00589802	0.00497512	0.00859289	0.0100813	0.00633938	0.00652971	0.00780446	0.00702142	0.0073553	0.0074729	0.00657099	0.00843051	0.0093271	0.00601808	0.00959951	0.00557228	0.00609572	0.00537007	0.00668587	0.0100509	0.00778684	0.00868384	0.00901729	0.00686942	0.00617101	0.00687704	0.00686952	0.00690795	0.00823973	0.00730043	0.00686258	0.00851924	0.00598892	0.00548326	0.00714655	0.00689593	0.00725738	0.00754191	0.00461528	0.00551737	0.00645002	0.00739064	0.00907484	0.00769311	0.00545104	0.00793944	0.00753341	0.00365214	0.00741513	0.00878109	0.008057	0.00759531	0.00784603	0.00483991	0.00722857	0.0102886	0.00628583	0.0090873	0.00572392	0.00805366	0.00817036	0.00812676
PWY-7371: 1,4-dihydroxy-6-naphthoate biosynthesis II	0.0	7.23582e-05	8.11347e-05	4.35175e-05	0.000716867	0.0	0.0	3.18022e-05	0.000340177	0.0	0.0	9.27404e-05	0.0	0.0	0.0	4.78888e-05	0.0	0.000579538	0.0	0.0	0.000199498	4.74885e-05	0.0	9.05493e-06	0.0	2.36292e-05	0.0	0.0	0.0	0.000100605	3.218e-05	4.1019e-05	9.38439e-05	0.000437354	9.39733e-05	0.0	5.11858e-05	0.0	0.0	4.25531e-05	1.82152e-05	0.0	0.000276877	0.000125453	0.000163631	2.35475e-05	0.0	0.000127454	0.000358626	0.0	1.97883e-05	0.0	0.000351942	0.0	2.1506e-05	0.000100375	5.68851e-05	0.000127821	0.0	7.11503e-05	0.000552888	0.0	9.88152e-05	6.2592e-05	0.0	0.000108817	3.49815e-05	2.58403e-05	4.88142e-05	0.0	0.0	1.64734e-05	5.17901e-05	0.0	0.0	0.0	0.000156148	0.0	0.000212537	0.0	0.0	0.0	0.000116053	0.0	0.000116634	0.0	7.10218e-05	1.66364e-05	4.81071e-05	8.61094e-05	3.09358e-05	0.0	0.000186777	0.000200221	0.0	0.000138939	2.42631e-05	0.0	9.6005e-05	3.29349e-05	0.0	2.61514e-05	0.0	0.000203064	0.000100261	0.0	0.000132849	0.000231343	0.0	0.0	5.77788e-05	9.54156e-05	0.0	0.00017003	9.71681e-05	0.0	0.00016177	0.0	4.56556e-05	8.565e-05	0.0	0.0	0.0	0.000368354	0.0
PWY-7373: superpathway of demethylmenaquinol-6 biosynthesis II	0.0	0.0	0.0	0.0	0.0	0.0	0.0	0.0	0.0	0.0	0.0	0.0	0.0	0.0	0.0	0.0	0.0	0.0	0.0	0.0	0.0	0.0	0.0	0.0	0.0	0.0	0.0	0.0	0.0	0.0	0.0	0.0	0.0	0.0	0.0	0.0	0.0	0.0	0.0	0.0	0.0	0.0	0.0	0.0	0.0	0.0	0.0	0.0	0.0	0.0	0.0	0.0	0.0	0.0	0.0	0.0	0.0	0.0	0.0	0.0	0.0	0.0	0.0	0.0	0.0	0.0	0.0	0.0	0.0	0.0	0.0	0.0	0.0	0.0	0.0	0.0	0.0	0.0	0.0	0.0	0.0	0.0	0.0	0.0	0.0	0.0	0.0	0.0	0.0	0.0	0.0	0.0	0.0	0.0	0.0	0.0	0.0	0.0	0.0	0.0	0.0	0.0	0.0	0.0	0.0	0.0	0.0	0.000218469	0.0	0.0	0.0	0.0	0.0	0.0	0.0	0.0	0.0	0.0	0.0	0.0	0.0	0.0	0.0	0.0	0.0
PWY-7374: 1,4-dihydroxy-6-naphthoate biosynthesis I	0.0	0.0	0.0	0.0	0.0	0.0	0.0	0.0	0.000130495	0.0	0.0	0.0	0.0	0.0	0.0	0.0	0.0	0.0	0.0	0.0	0.0	0.0	0.0	0.0	0.0	0.0	0.0	0.0	0.0	0.0	0.0	0.0	0.0	0.0	0.0	0.0	0.0	0.0	0.0	0.0	0.0	0.0	0.0	0.0	0.0	0.0	0.0	0.0	0.0	0.0	0.0	0.0	5.95701e-05	0.0	0.0	0.0	0.0	0.0	0.0	0.0	0.0	0.0	0.0	4.86143e-05	0.0	0.0	0.0	0.0	0.0	0.0	0.0	0.0	0.0	0.0	0.0	0.0	0.0	0.0	0.0	0.0	0.0	0.0	0.0	0.0	0.0	0.0	0.0	0.0	3.23928e-05	0.0	0.0	0.0	0.0	0.0	0.0	0.0	1.65349e-05	0.0	2.68352e-05	0.0	0.0	0.0	0.0	0.0	0.0	0.0	0.0	0.0	0.0	0.0	0.0	0.0	0.0	0.0	0.0	0.0	0.0	0.0	0.0	1.50063e-05	0.0	0.0	0.0	0.0	0.0
PWY-7383: anaerobic energy metabolism (invertebrates, cytosol)	0.00161541	0.00305711	0.00189912	0.00246619	0.00343668	0.00375389	0.00252194	0.00228428	0.00360366	0.00429771	0.00100591	0.00256161	0.00122791	0.00115208	0.000459816	0.00412513	0.00352976	0.00256845	0.00185321	0.00103598	0.00164447	0.00274608	0.00274082	0.00265695	0.00349053	0.00298292	0.00309183	0.000554033	0.00419028	0.00289014	0.00317934	0.000908425	0.00226626	0.00350548	0.00139513	0.00164613	0.00174403	0.0002188	0.000156606	0.00320139	0.00100382	0.00104923	0.00129534	0.0010855	0.0019164	0.00241402	0.000826575	0.00251776	0.00188361	0.000269281	0.000316903	0.00498891	0.00422057	0.00321358	0.00131665	0.00184683	0.00331449	0.00330987	0.000277483	0.00260489	0.00211056	0.00284971	0.00191065	0.00319379	0.00147001	0.00124939	0.0017318	0.00376428	0.00128673	0.00135593	0.00218476	0.00189839	0.00105788	0.00165383	0.0012788	6.01394e-05	0.0031693	0.00170763	0.00305557	0.0019945	0.000818378	0.00150163	0.00239956	0.00341346	0.00190227	0.00206654	0.00257099	0.00310994	0.00297293	0.00174617	0.00226478	0.0038249	0.00234985	0.000960456	0.00126244	0.00383629	0.00137357	0.00127481	0.00341191	0.00218584	0.00329954	0.00135163	0.00461538	0.0022638	0.00192514	0.00113801	0.000103222	0.0011531	0.00258436	0.00154433	0.0011787	0.00184532	0.00115113	0.00138735	0.00333607	0.00208739	0.00434483	0.00357142	0.00359635	0.00275498	0.000458778	0.00216754	0.00127338	0.00342547	0.00175367
PWY-7384: anaerobic energy metabolism (invertebrates, mitochondrial)	0.0	0.0	0.0	0.0	0.0	0.0	0.0	7.99853e-06	0.0	0.0	0.0	0.0	0.0	0.0	0.0	0.0	0.0	0.0	0.0	0.0	1.52791e-05	0.0	1.20664e-05	4.74067e-05	0.0	5.34917e-05	0.0	0.000118368	0.0	0.0	0.0	4.43136e-05	0.0	0.0	0.0	0.0	0.0	0.0	0.0	0.0	0.0	0.0	0.0	0.0	0.0	0.000155761	0.0	8.33675e-06	0.0	0.0	0.0	0.0	0.0	0.0	2.32533e-05	0.0	0.0	0.0	0.0	0.0	0.0	0.0	0.0	0.0	2.05438e-05	1.27264e-05	0.0	0.0	0.0	0.0	0.0	0.0	0.0	0.00010266	0.0	0.0	0.0	0.0	1.09492e-05	5.2852e-05	0.0	0.0	0.0	0.0	0.0	0.0	0.0	0.0	0.0	4.81585e-06	0.0	0.0	0.0	0.0	0.0	0.0	0.0	0.0	0.0	0.0	0.0	0.0	0.0	0.0	0.0	0.0	0.0	0.0	0.0	0.0	0.000255249	8.34174e-06	0.0	0.0	0.0	0.0	0.0	0.0	0.0	2.17738e-05	0.0	0.0	0.0	0.0	0.0
PWY-7385: 1,3-propanediol biosynthesis (engineered)	0.0	0.0	3.42403e-05	8.54784e-05	0.0	0.0	0.0	0.000143535	0.0	0.0	0.0	0.0	1.29318e-05	0.0	0.0	3.61064e-05	0.0	0.0	0.0	0.0	0.000123155	0.0	0.000136826	0.00015112	0.0	0.000408281	0.0	0.00060906	0.0	0.0	5.58646e-05	0.00014722	0.0	5.31585e-05	0.0	0.0	0.0	2.97404e-05	0.0	3.44504e-06	4.89328e-06	0.0	2.20937e-05	0.0	0.0	0.000303886	0.0	0.000169656	5.26379e-05	0.0	0.000106619	1.37748e-05	0.0	8.0193e-05	0.000320928	0.0	2.17801e-05	0.0	0.0	6.81842e-05	0.0	7.07845e-05	0.0	0.0	0.000236743	7.09388e-05	0.0	1.50565e-05	7.31134e-05	0.0	0.0	0.0	3.88775e-05	0.000267738	0.0	0.000263005	0.000104243	0.0	0.00023729	0.000332816	0.0	0.0	0.0	6.6242e-05	5.12242e-05	0.0	0.0	6.17251e-05	0.0	0.000111979	0.0	0.0	2.84146e-05	2.00419e-05	0.0	0.0	0.000540875	3.12144e-05	0.0	0.0	0.0	0.0	0.0	0.0	0.0	0.0	0.0	0.0	0.0	0.0	0.00113197	6.4525e-05	0.0	0.0	3.39928e-05	0.0	0.000356248	0.0	2.50599e-05	0.000165974	0.0	2.39817e-05	0.0	0.0	0.0
PWY-7388: octanoyl-[acyl-carrier protein] biosynthesis (mitochondria, yeast)	0.0	0.0	0.0	0.0	0.0	0.0	0.0	0.0	0.0	0.0	0.0	0.0	0.0	0.0	0.0	2.27695e-05	0.0	0.0	0.0	0.0	0.0	0.0	0.0	5.53913e-05	0.0	0.000105764	0.0	0.0	0.0	0.0	0.0	0.000155852	0.0	0.0	0.0	0.0	0.0	0.0	0.0	8.45712e-05	0.0	0.0	0.0	0.0	8.02616e-05	0.000319528	0.0	0.0	0.0	0.0	0.0	5.63694e-05	0.0	0.0	0.0	0.0	0.0	0.0	0.0	3.49965e-05	0.0	3.18412e-05	0.0	2.49169e-05	0.000417328	0.0	0.0	0.0	0.0	0.0	0.0	0.0	1.18133e-05	0.000352586	0.0	0.0	0.0	0.0	7.87837e-05	2.92737e-05	0.0	0.0	0.0	0.0	0.0	0.0	0.0	0.0	0.0	1.05542e-05	0.0	0.0	0.0	2.18154e-05	0.0	0.0	0.0	0.0	0.0	0.0	0.0	0.0	0.0	0.0	0.0	0.0	0.0	0.000288693	0.0	0.0	0.000577601	0.0	0.0	0.0	0.0	2.84937e-05	0.0	0.0	0.0	0.0	0.0	0.0	0.0	0.0	0.0
PWY-7389: superpathway of anaerobic energy metabolism (invertebrates)	0.0	0.0	0.0	0.0	0.0	0.0	0.0	1.29589e-05	0.0	0.0	0.0	0.0	0.0	0.0	0.0	0.0	0.0	0.0	0.0	0.0	2.46152e-05	0.0	1.89544e-05	7.55301e-05	0.0	8.52307e-05	0.0	0.000169689	0.0	0.0	0.0	6.98791e-05	0.0	0.0	0.0	0.0	0.0	0.0	0.0	0.0	0.0	0.0	0.0	0.0	0.0	0.000240371	0.0	1.35065e-05	0.0	0.0	0.0	0.0	0.0	0.0	3.73741e-05	0.0	0.0	0.0	0.0	0.0	0.0	0.0	0.0	0.0	3.30002e-05	2.04067e-05	0.0	0.0	0.0	0.0	0.0	0.0	0.0	0.00015993	0.0	0.0	0.0	0.0	1.75186e-05	8.18532e-05	0.0	0.0	0.0	0.0	0.0	0.0	0.0	0.0	0.0	7.81137e-06	0.0	0.0	0.0	0.0	0.0	0.0	0.0	0.0	0.0	0.0	0.0	0.0	0.0	0.0	0.0	0.0	0.0	0.0	0.0	0.0	0.000365334	1.35171e-05	0.0	0.0	0.0	0.0	0.0	0.0	0.0	3.51911e-05	0.0	0.0	0.0	0.0	0.0
PWY-7391: isoprene biosynthesis II (engineered)	0.0	0.0	0.0	0.0	0.0	4.56259e-05	0.0	0.0	0.0	0.0	0.0	0.0	0.0	0.0	0.0	0.0	0.0	0.0	0.0	0.0	0.0	0.0	2.59265e-05	0.0	0.0	0.0	0.0	0.0	0.0	2.78757e-05	0.0	0.0	0.0	0.0	0.0	0.0	0.0	0.0	0.0	0.0	0.0	0.0	0.0	0.0	0.0	0.0	0.0	0.0	0.0	0.0	0.0	0.0	2.54105e-05	0.0	0.0	0.0	0.000162746	0.0	0.0	0.0	0.0	0.0	0.0	0.0	0.0	0.0	0.0	1.07975e-05	0.0	0.0	0.0	0.0	0.0	0.0	0.0	0.0	0.0	0.0	0.0	0.0	0.0	0.0	0.0	0.0	0.0	0.0	0.0	0.0	1.78903e-05	0.0	0.0	0.0	0.0	0.0	0.0	0.0	2.40897e-05	0.0	0.0	0.0	0.0	0.0	0.0	0.0	0.0	0.0	0.0	0.0	0.0	0.0	0.0	0.0	0.0	0.0	0.0	0.000293318	0.0	0.0	0.0	0.0	0.0	0.0	0.0	0.0	0.0
PWY-7392: taxadiene biosynthesis (engineered)	0.00207844	0.00221049	0.00193485	0.00312802	0.00182905	0.00202477	0.00141958	0.00102612	0.00179543	0.00121587	0.00389585	0.00220396	0.000387329	0.00155227	0.00408975	0.000754349	0.00303181	0.00103505	0.00183463	0.00112702	0.00240469	0.00125077	0.00192948	0.00245256	0.00278418	0.0018966	0.00318417	0.00319323	0.00356901	0.00148081	0.00146322	0.00327208	0.000831501	0.00359718	0.00276142	0.00206808	0.00216799	0.00348713	0.00146441	0.00111827	0.00404632	0.00247489	0.00319983	0.0012308	0.000295537	0.000857379	0.00251543	0.00214267	0.00277255	0.00308562	0.00217948	0.000974207	0.000513498	0.00271683	0.000755867	0.0025029	0.00162982	0.00110498	0.0044817	0.00048845	0.000100375	0.000412102	0.00146645	0.000755602	0.0014258	0.000843814	0.00141391	0.000980316	0.00278629	0.00221651	0.00210015	0.00145904	0.0	0.000992174	0.00132989	0.00202571	0.000433933	0.00208179	0.000878562	0.00174541	0.00140706	0.00218872	0.00120785	0.000814654	0.000343636	0.0016946	0.00118791	0.00333709	0.0020848	0.00236135	0.00113629	0.0028127	0.00161579	0.00231791	0.00210105	0.000458215	0.00230744	0.00205017	0.000423206	0.00257398	0.000909301	0.00343978	0.00140998	0.000684882	0.00276951	0.00207264	0.0	0.000266196	0.00213828	0.00229825	0.00121414	0.00212007	0.000810007	0.000166173	0.000407369	0.000895909	0.00168212	0.00136959	0.000946474	0.000781113	0.00293611	0.00087589	0.00377573	0.00257337	0.00136869
PWY-7396: butanol and isobutanol biosynthesis (engineered)	0.0	0.0	0.0	0.0	0.0	0.0	0.0	0.0	0.0	0.0	0.0	0.0	0.0	0.0	0.0	0.0	0.0	0.0	0.0	0.0	0.0	0.0	0.0	0.0	0.0	0.0	0.0	0.0	0.0	0.0	0.0	7.2598e-05	0.0	0.0	0.0	0.0	0.0	0.0	0.0	0.0	0.0	0.0	0.0	0.0	3.01833e-05	0.0	0.0	0.0	0.0	0.0	0.0	0.0	0.0	0.0	0.0	0.0	0.0	0.0	0.0	0.0	0.0	0.0	0.0	6.06568e-05	0.0	0.0	0.0	0.0	0.0	0.0	0.0	0.0	0.0	0.0	0.0	0.0	0.0	0.0	0.0	0.0	0.0	0.0	0.0	0.0	0.0	0.0	0.0	0.0	0.0	0.0	0.0	0.0	0.0	0.0	0.0	0.0	0.0	0.0	0.0	0.0	0.0	0.0	0.0	0.0	0.0	0.0	0.0	0.0	0.0	0.0	0.000154023	0.0	0.0	0.0	0.0	0.0	0.0	1.26003e-05	0.0	0.0	0.0	0.0	0.0	0.0	0.0
PWY-7399: methylphosphonate degradation II	0.0	0.0	0.0	0.0	0.0	0.0	0.0	0.0	0.0	0.0	0.0	0.0	0.0	0.0	0.0	0.0	0.0	0.0	0.0	0.0	0.0	0.0	0.0	0.0	0.0	0.0	0.0	0.0	0.0	0.0	0.0	0.0	0.0	6.76552e-06	0.0	0.0	0.0	0.0	0.0	0.0	1.53677e-06	5.74966e-06	0.0	0.0	0.0	0.0	0.0	0.0	0.0	0.0	3.36817e-05	0.0	0.0	0.0	1.21627e-05	0.0	0.0	0.0	0.0	0.0	0.0	0.0	0.0	0.0	0.0	0.0	0.0	0.0	0.0	0.0	0.0	0.0	0.0	0.0	0.0	0.0	0.0	0.0	0.0	5.22733e-05	0.0	0.0	0.0	0.0	0.0	0.0	0.0	7.96134e-06	0.0	0.0	0.0	0.0	0.0	0.0	0.0	0.0	2.0515e-05	0.0	0.0	0.0	0.0	0.0	0.0	0.0	0.0	0.0	0.0	0.0	0.0	0.0	0.0	0.0	0.0	0.0	0.0	0.0	1.38322e-05	0.0	5.78261e-06	8.38798e-06	0.0	0.0	0.0	0.0	0.0
PWY-7400: L-arginine biosynthesis IV (archaebacteria)	0.00615597	0.00851611	0.00796582	0.00627364	0.00500659	0.00516172	0.00630792	0.00460166	0.00741417	0.00720086	0.00608999	0.00641559	0.00579606	0.00792986	0.00405574	0.00734054	0.00555863	0.00554926	0.00713436	0.00252792	0.00592243	0.00426157	0.00534107	0.00593155	0.0068224	0.00768113	0.00643909	0.00565587	0.00541064	0.0067587	0.00573816	0.0066246	0.00483219	0.00489198	0.0069187	0.00553926	0.00670249	0.00636653	0.00592735	0.00872305	0.0075203	0.00568868	0.00744967	0.00732267	0.00828591	0.00594382	0.00482484	0.00641471	0.0077677	0.00744242	0.00449986	0.00438136	0.00749339	0.00335537	0.00635029	0.00590047	0.00638688	0.0068015	0.00345685	0.00472456	0.00296112	0.00409068	0.00578095	0.00484021	0.00681125	0.00659461	0.00743374	0.00645306	0.00596745	0.00697518	0.00802083	0.00526817	0.00475118	0.00563527	0.00413566	0.00327585	0.0049858	0.0060001	0.00682118	0.00573367	0.00434903	0.00564563	0.00347519	0.00637829	0.00384631	0.00583679	0.0069758	0.00625224	0.00728534	0.00721747	0.00442674	0.00633847	0.0080131	0.00666116	0.00386004	0.00766634	0.00647578	0.00670492	0.00437999	0.00649201	0.0081911	0.0056618	0.00599511	0.00686703	0.00706845	0.0051398	0.00485247	0.00281667	0.004841	0.00626944	0.0054053	0.00665381	0.00616629	0.00229922	0.00275831	0.00655362	0.00623735	0.00807134	0.00754356	0.00654456	0.00527966	0.00738144	0.00598232	0.00772862	0.00367563
PWY-7409: phospholipid remodeling (phosphatidylethanolamine, yeast)	0.0	0.0	0.0	6.82976e-05	0.0	0.0	0.0	3.51132e-05	0.0	0.0	0.0	0.0	0.0	0.0	0.0	0.0	0.0	0.0	1.93556e-05	0.0	3.62158e-05	0.0	0.0	3.46688e-05	0.0	4.63809e-05	0.0	1.68894e-05	0.0	8.68529e-06	0.0	4.39833e-05	0.0	4.76338e-05	0.0	0.0	0.0	0.0	0.0	0.0	0.0	0.0	0.0	0.0	0.0	0.000206408	0.0	1.79464e-05	0.0	0.0	5.17269e-05	0.0	0.0	0.0	0.0	0.0	1.16856e-05	0.0	0.0	0.0	0.0	0.0	0.0	0.0	6.28765e-05	0.0	0.0	0.0	2.22886e-05	0.0	0.0	0.0	0.0	0.0	0.0	7.19147e-05	0.0	0.0	1.88003e-05	7.64955e-06	0.0	0.0	0.0	0.0	0.0	0.0	0.0	4.09987e-05	0.0	0.0	0.0	0.0	0.0	0.0	0.0	0.0	0.000171639	0.0	0.0	0.0	0.0	0.0	0.0	0.0	0.0	0.0	0.0	0.0	0.0	0.0	0.000233474	0.0	0.0	0.0	0.0	0.0	0.000273036	0.0	0.0	6.57891e-05	0.0	0.0	0.0	0.0	0.0
PWY-7420: monoacylglycerol metabolism (yeast)	0.0	0.0	0.0	0.0	0.0	0.0	0.0	0.0	0.0	0.0	0.0	0.0	0.0	0.0	0.0	0.0	0.0	0.0	0.0	0.0	0.0	0.0	0.0	0.0	0.0	0.0	0.0	0.0	0.0	0.0	0.0	0.0	0.0	0.0	0.0	0.0	0.0	0.0	0.0	0.0	0.0	0.0	0.0	0.0	0.0	0.0	0.0	0.0	0.0	0.0	0.0	0.0	0.0	0.0	0.0	0.0	0.0	0.0	0.0	0.0	0.0	0.0	0.0	0.0	0.0	0.0	0.0	0.0	1.85389e-05	0.0	0.0	0.0	0.0	0.0	0.0	0.0	0.0	0.0	0.0	0.0	0.0	0.0	0.0	0.0	0.0	0.0	0.0	0.0	0.0	0.0	0.0	0.0	0.0	0.0	0.0	0.0	0.0	0.0	0.0	0.0	0.0	0.0	0.0	0.0	0.0	0.0	0.0	0.0	0.0	0.0	0.0	0.0	0.0	0.0	0.0	0.0	0.0	0.0	0.0	0.0	0.0	0.0	0.0	0.0	0.0
PWY-7431: aromatic biogenic amine degradation (bacteria)	0.0	0.0	0.0	0.0	0.0	0.0	0.0	0.0	0.0	0.0	0.0	0.0	0.0	0.0	0.0	0.0	0.0	0.0	0.0	0.0	0.0	0.0	0.0	0.0	0.0	0.0	0.0	0.0	0.0	0.0	0.0	1.93826e-06	0.0	0.0	0.0	0.0	0.0	0.0	0.0	0.0	0.0	0.0	0.0	0.0	0.0	9.88916e-07	0.0	0.0	0.0	0.0	0.0	0.0	0.0	0.0	0.0	0.0	0.0	0.0	0.0	0.0	0.0	0.0	0.0	0.0	0.0	0.0	0.0	0.0	0.0	0.0	0.0	0.0	0.0	0.0	0.0	0.0	0.0	0.0	0.0	0.0	0.0	0.0	0.0	0.0	0.0	0.0	0.0	0.0	0.0	0.0	0.0	0.0	0.0	0.0	0.0	0.0	0.0	0.0	0.0	0.0	0.0	0.0	0.0	0.0	0.0	0.0	0.0	0.0	0.0	0.0	0.0	0.0	0.0	0.0	0.0	0.0	0.0	0.0	0.0	0.0	0.0	0.0	0.0	0.0	0.0
PWY-7434: terminal O-glycans residues modification (via type 2 precursor disaccharide)	5.97775e-06	3.17258e-05	0.0	2.72778e-05	0.0	5.54355e-05	7.1378e-05	5.4238e-06	0.000401251	4.42057e-06	0.0	0.0	0.0	9.54022e-06	0.0	0.0	0.0	8.55334e-05	0.0	0.0	1.09593e-05	0.0	1.22605e-05	6.35473e-05	0.0	4.95523e-05	0.0	3.12302e-05	0.0	1.33589e-05	0.0002087	8.7401e-06	0.0	3.24314e-05	3.3216e-05	9.02015e-06	0.0	1.90323e-05	6.90356e-06	0.0	0.0	9.51381e-06	0.00023075	0.0	0.0	1.3337e-05	0.000291296	1.25541e-05	0.0	2.51725e-05	3.79108e-06	1.11003e-05	0.0	0.0	0.0	0.0	3.5204e-05	0.0	0.0	0.0	0.0	0.0	6.42181e-05	0.000121655	0.0	0.0	0.0	0.0	1.1571e-05	0.0	0.0	8.16744e-05	1.03901e-05	0.0	0.0	5.34951e-05	0.0	0.0	0.0	6.41228e-06	0.0	6.67889e-06	0.0	2.90703e-05	6.67916e-05	0.0	8.74578e-05	6.30742e-05	6.91865e-05	4.35091e-05	0.0	0.000380528	0.00120954	1.35655e-05	0.0	0.0	0.0	8.22963e-05	6.16976e-06	0.0	4.7096e-05	0.0	1.78374e-05	0.0	0.0	0.0	0.0	1.4303e-05	2.18329e-05	1.61126e-05	0.0	0.0	3.21932e-05	0.0	2.14128e-05	7.63409e-05	0.0	1.97034e-05	0.000184466	0.0	0.0	0.0	1.90383e-05	0.0	0.0
PWY-7446: sulfoquinovose degradation I	0.0	0.0	0.0	0.0	0.0	0.0	0.0	1.59943e-05	0.0	0.0	0.0	0.0	0.0	0.0	0.0	6.21681e-06	0.0	0.0	0.0	0.0	7.19998e-05	0.0	1.92947e-05	5.65957e-05	0.0	0.000106119	0.0	0.000158022	0.0	0.0	0.0	7.13275e-06	0.0	0.0	0.0	0.0	0.0	0.0	0.0	0.0	0.0	0.0	0.0	0.0	0.0	0.000336818	0.0	8.58062e-06	0.0	0.0	0.0	0.0	0.0	0.0	0.000449214	0.0	5.35265e-06	0.0	0.0	0.0	0.0	0.0	0.0	0.0	0.000189832	3.36061e-05	0.0	0.0	0.0	0.0	0.0	0.0	0.0	5.44495e-05	0.0	6.95468e-06	0.0	0.0	3.58557e-05	8.47656e-05	0.0	0.0	0.0	0.0	0.0	0.0	0.0	1.32751e-05	0.0	2.49423e-05	0.0	0.0	0.0	0.0	0.0	0.0	0.0	0.0	0.0	0.0	0.0	0.0	0.0	0.0	0.0	0.0	0.0	0.0	0.0	0.0	0.00043323	0.0	0.0	0.0	0.0	0.0	0.0	9.49918e-06	0.0	0.0	0.0	0.0	0.0	0.0	0.0
PWY-7456: &beta;-(1,4)-mannan degradation	0.00281176	0.00161349	0.00187558	0.00156447	0.00204944	0.00396289	0.00109918	0.00164391	0.00150238	0.00111981	0.00223034	0.00418367	0.0019986	0.00167494	0.00348148	0.00131449	0.00155528	0.00166359	0.00419609	0.00132783	0.00261322	0.00142363	0.00192232	0.00204936	0.00266561	0.00226165	0.00279785	0.00259116	0.00217999	0.00299848	0.00134138	0.00201232	0.00141905	0.00138024	0.00261806	0.00299065	0.00252488	0.00253561	0.00139703	0.001328	0.00209176	0.00263191	0.00244591	0.00183377	0.00134253	0.00148066	0.00276354	0.00275589	0.00255891	0.00257768	0.00324235	0.00106323	0.000629693	0.00234279	0.00186195	0.00222154	0.00159292	0.0024769	0.00200217	0.00171517	0.00111837	0.004495	0.00157493	0.00175881	0.00246927	0.0020364	0.00347388	0.00125289	0.00310888	0.00260832	0.00316682	0.00315351	0.00184926	0.0011464	0.00228368	0.00132004	0.00122733	0.00223067	0.00269069	0.00149649	0.00236677	0.00211873	0.00299393	0.00136486	0.00223147	0.00264211	0.00196077	0.00382218	0.00272334	0.00254392	0.00167272	0.00366131	0.00299696	0.00195404	0.00305386	0.00203561	0.00114196	0.00242958	0.00300519	0.00223939	0.00384725	0.00129849	0.000986742	0.000978314	0.00202638	0.00289489	0.00262319	0.00196741	0.00314032	0.00462406	0.00163097	0.00189442	0.00341723	0.00184764	0.00153824	0.00275529	0.00121815	0.00300332	0.00133589	0.00281594	0.00278541	0.00236007	0.00187196	0.00446824	0.00227351
PWY-7560: methylerythritol phosphate pathway II	0.00520207	0.00632211	0.00589524	0.00587838	0.00474858	0.00384213	0.0049921	0.00459772	0.0061642	0.00692328	0.00623542	0.0045656	0.00490871	0.00726962	0.00610611	0.00618735	0.00533187	0.00397444	0.0047193	0.00967644	0.00414785	0.00672103	0.00478846	0.0046665	0.00624573	0.00407505	0.00506187	0.00423433	0.0051473	0.00403282	0.00462486	0.00538887	0.00553643	0.00514434	0.00489478	0.00271794	0.00488248	0.00525391	0.00758552	0.00390543	0.0060663	0.00524979	0.00466359	0.0036124	0.00162071	0.00458529	0.00599399	0.00623717	0.00437749	0.00557919	0.00725439	0.00587792	0.00325492	0.00509862	0.00473339	0.00416574	0.00614416	0.00695767	0.00590251	0.00540613	0.0103459	0.00606529	0.00590484	0.00824899	0.00506727	0.00454943	0.0031992	0.00767952	0.00546724	0.00481387	0.00357477	0.00308043	0.00598623	0.0085791	0.00679939	0.00656782	0.00664279	0.00413422	0.00540796	0.0058753	0.00505626	0.00314134	0.0114753	0.00350703	0.00209672	0.00568929	0.00468941	0.00486206	0.0056129	0.00435096	0.00674185	0.00526097	0.00563968	0.00473506	0.0040789	0.00458856	0.0063271	0.0054568	0.00606063	0.0063261	0.00237001	0.00575928	0.00495141	0.003657	0.00626437	0.00619738	0.00664739	0.00932475	0.00510949	0.00632486	0.00436777	0.00500276	0.00615973	0.00387208	0.0096851	0.00617121	0.00578507	0.00246132	0.00218306	0.00374253	0.00498374	0.00320828	0.00614043	0.0046248	0.00476781
PWY-7616: methanol oxidation to carbon dioxide	0.0	0.0	0.0	0.0	0.0	0.0	0.0	0.0	0.0	0.0	0.0	0.0	0.0	0.0	0.0	0.0	0.0	0.0	0.0	0.0	1.08503e-05	0.0	1.94745e-05	3.43937e-05	0.0	5.06307e-05	0.0	1.94168e-05	0.0	0.0	0.0	5.91556e-05	0.0	0.0	0.0	0.0	0.0	0.0	0.0	0.0	0.0	0.0	0.0	0.0	2.20048e-06	0.000100834	0.0	5.01477e-06	0.0	0.0	5.42336e-06	0.0	0.0	0.0	5.27693e-05	0.0	2.7447e-06	0.0	0.0	0.0	0.0	0.0	0.0	3.14072e-05	7.1685e-05	1.29415e-05	0.0	0.0	0.0	0.0	0.0	0.0	0.0	4.19485e-05	0.0	6.62194e-06	0.0	0.0	2.08724e-05	5.65632e-05	0.0	0.0	0.0	0.0	0.0	0.0	0.0	0.0	0.0	4.86049e-06	0.0	0.0	0.0	0.0	0.0	0.0	0.0	3.63768e-06	0.0	0.0	0.0	0.0	0.0	0.0	0.0	0.0	0.0	0.0	0.0	0.0	8.38347e-05	0.0	0.0	0.0	0.0	0.0	0.0	0.0	0.0	5.99287e-06	0.0	0.0	0.0	0.0	0.0
PWY-7663: gondoate biosynthesis (anaerobic)	0.00673127	0.00594967	0.00476667	0.00528376	0.00739813	0.00496022	0.00573661	0.002261	0.00695217	0.00429298	0.00629535	0.00475596	0.00670073	0.00466477	0.00848098	0.00400356	0.00502431	0.00637565	0.00557533	0.00747202	0.00586536	0.00473179	0.0063321	0.00678507	0.00638383	0.00543105	0.00585476	0.00678977	0.00869859	0.00583693	0.00266688	0.00606384	0.00476553	0.00723804	0.00741785	0.00600879	0.00560285	0.00898249	0.00766418	0.00592182	0.00631657	0.00554952	0.00640226	0.00464981	0.00200773	0.00450161	0.00457212	0.00466011	0.00585627	0.00834873	0.00700274	0.00463222	0.00400088	0.00502244	0.0041819	0.00764286	0.00606264	0.00571491	0.00698591	0.00594525	0.0068907	0.00440409	0.00433502	0.00660266	0.00514678	0.00507811	0.00360982	0.00517779	0.0071886	0.00341873	0.00550778	0.00541792	0.00635109	0.00645581	0.00532456	0.00269101	0.00417179	0.002848	0.00599067	0.00313106	0.00838187	0.00707469	0.00660306	0.00405352	0.001188	0.00496431	0.00413502	0.00678377	0.00505853	0.00570654	0.00621294	0.00463433	0.00476571	0.00729714	0.00448003	0.00475814	0.00410746	0.00559161	0.00477648	0.00727981	0.00509772	0.0065894	0.00643154	0.00277836	0.00637143	0.00290824	0.00972811	0.00769631	0.00435765	0.00486534	0.00459828	0.00455254	0.00237701	0.00659755	0.00430026	0.00427331	0.00755278	0.00472137	0.00428539	0.0029457	0.0052732	0.00599081	0.00507846	0.00507163	0.00243397
PWY-7664: oleate biosynthesis IV (anaerobic)	0.00335223	0.00120546	0.00192646	0.00270047	0.0011156	0.0014919	0.00118705	0.000717999	0.00347468	0.00044667	0.0014575	0.000890561	0.000341087	0.00102829	0.00160819	0.000496278	0.00204394	0.00143567	0.00127373	0.000349903	0.00186183	0.000956212	0.000523595	0.00209506	0.00269709	0.00363842	0.00251034	0.00421159	0.00237007	0.00231508	0.00127354	0.00273968	0.00049767	0.0039554	0.00264627	0.000304603	0.00187163	0.0028997	0.000777927	0.00179986	0.00183924	0.00247902	0.00358951	0.00145943	0.00178714	0.00376652	0.00108039	0.000841502	0.00138446	0.00231754	0.00282505	0.000783097	0.00230175	0.00199982	0.00330455	0.000676725	0.00157251	0.0020494	0.00265905	0.000503924	0.00153967	0.000723824	0.000748849	0.00231382	0.00350658	0.000700486	0.00167534	0.00150779	0.00177324	0.00164833	7.30775e-05	0.000946679	0.000579305	0.00223089	0.000706971	0.00239113	0.000546046	0.000533654	0.00100458	0.00233037	0.000583809	0.00224996	0.000252027	0.00112735	0.000756814	0.000611701	0.00299466	0.00230556	0.000724812	0.00165389	0.000772915	0.000850752	0.000978694	0.00186698	0.00174315	0.000856836	0.00325518	0.00189258	0.00065691	0.000980539	0.0018196	0.00326959	0.00285422	0.000283646	0.00185061	0.00129619	0.000985908	0.000454352	0.001538	0.000616728	0.00393879	0.00137135	0.00152527	0.000598805	0.000445168	0.00125836	0.00590435	0.000893742	0.00128099	0.00251336	0.00183867	0.00121587	0.00100362	0.00194882	0.000859609
PWY-7688: dTDP-&alpha;-D-ravidosamine and dTDP-4-acetyl-&alpha;-D-ravidosamine biosynthesis	0.000956755	0.000276953	0.000148598	0.0	0.000106403	6.28459e-05	7.40443e-05	5.57106e-05	0.00210552	9.99793e-05	5.65317e-05	8.33948e-05	0.0	3.78052e-05	8.92564e-05	0.0	0.0	0.000148028	0.0	0.0	0.0	0.000170585	0.0	0.0	0.00125748	0.0	0.000714131	4.02766e-05	0.000276762	0.00011857	0.0	7.88912e-05	0.0	0.0	0.000293176	6.35877e-05	0.000587247	0.0	0.0	0.0	0.0	0.0	0.0	0.0	2.66962e-05	0.0	0.0	2.59787e-05	0.0	2.98228e-05	0.00113636	5.06964e-05	2.70809e-05	0.000819378	3.31664e-05	4.34527e-05	1.30687e-05	0.00012058	0.0	0.0	0.0	0.0	0.0	0.000939763	0.0	8.72386e-05	0.000220106	0.000276345	4.22285e-05	0.000109298	2.87113e-05	0.000148318	0.0	3.46938e-05	0.0	0.000530869	1.35917e-05	8.27775e-05	0.0	0.0	0.0	0.0	0.0	5.54066e-05	0.0	8.69331e-05	0.000390253	0.00012053	5.64344e-05	0.000151575	4.57293e-05	0.000205373	0.0	5.07389e-05	0.0	5.13165e-05	0.00148745	0.000493908	1.91916e-05	5.6069e-05	0.000108905	0.0	0.0	0.0	0.00012341	0.0	0.0	0.0	0.000265412	9.86075e-05	5.95623e-05	4.40479e-05	0.0	0.0	4.71603e-05	0.0	4.56934e-05	0.0	0.000129656	0.000120118	0.000110386	3.99988e-05	0.0	9.16494e-05	7.34222e-05
PWY-7723: bacterial bioluminescence	0.0	0.0	0.0	0.0	0.0	0.0	0.0	1.05377e-05	0.0	0.0	0.0	0.0	0.0	0.0	0.0	0.0	0.0	0.0	0.0	0.0	0.0	0.0	0.0	4.90086e-05	0.0	0.0	0.0	0.0	0.0	2.58381e-05	0.0	0.000132956	0.0	0.0	0.0	0.0	0.0	0.0	0.0	0.0	0.0	0.0	0.0	0.0	0.0	5.57842e-05	0.0	3.88692e-05	0.0	0.0	0.0	0.0	0.0	0.0	0.0	0.0	3.36462e-05	0.0	0.0	0.0	0.0	0.0	0.0	0.0	0.0	0.0	0.0	0.0	0.0	0.0	0.0	0.0	0.0	0.0	0.0	2.4293e-05	0.0	0.0	0.0	0.0	0.0	0.0	0.0	0.0	0.0	0.0	0.0	0.0	0.0	0.0	0.0	0.0	0.0	0.0	0.0	0.0	0.0	0.0	0.0	0.0	0.0	0.0	0.0	0.0	0.0	0.0	0.0	0.0	0.0	0.0	0.000119532	0.0	0.0	0.0	0.0	0.0	2.568e-05	0.0	0.0	0.0	0.0	0.0	0.0	0.0	0.0
PWY-7731: superpathway of photosynthetic hydrogen production	0.0	0.0	0.0	0.0	0.0	0.0	0.0	0.0	3.37679e-05	0.0	0.0	0.0	0.0	0.0	0.0	0.0	0.0	0.0	0.0	0.0	0.0	0.0	0.0	0.0	0.0	0.0	0.0	0.0	0.0	0.0	0.0	0.0	2.45044e-05	0.0	0.0	0.0	0.0	0.0	1.40563e-05	0.0	0.0	0.0	0.0	0.0	0.0	0.0	0.0	0.0	5.14152e-06	0.0	0.0	0.0	0.0	0.0	0.0	2.49749e-05	0.0	0.0	0.0	0.0	0.0	1.31752e-05	0.0	0.0	0.0	0.0	0.0	0.0	0.0	0.0	0.0	0.0	0.0	0.0	1.16328e-05	0.0	0.0	0.0	0.0	0.0	0.0	0.0	0.0	0.0	0.0	0.0	0.0	0.0	8.06247e-06	0.0	4.03567e-06	0.0	0.0	0.0	0.0	6.05034e-06	0.0	0.0	3.91005e-05	0.0	0.0	0.0	0.0	0.0	0.0	0.0	0.0	0.0	2.10782e-06	0.0	0.0	0.0	0.0	0.0	0.0	0.0	0.0	0.0	0.0	0.0	0.0	0.0	0.0	0.0	0.0
PWY-7754: bile acid 7&alpha;-dehydroxylation	2.51454e-05	0.0	0.0	0.0	0.0	0.0	0.0	0.0	0.0	0.0	0.0	0.0	0.0	0.0	0.0	0.0	0.0	0.0	0.0	0.0	0.0	0.0	0.0	0.0	0.0	0.0	0.0	0.0	0.0	0.0	0.0	0.0	0.0	1.34519e-05	0.0	0.0	0.0	0.0	0.0	0.0	0.0	0.0	0.0	0.0	0.0	0.0	0.0	0.0	0.0	0.0	0.0	0.0	0.0	0.0	0.0	0.0	0.0	0.0	0.0	0.0	0.0	0.0	0.0	0.0	0.0	0.0	0.0	0.0	0.0	0.0	0.0	0.0	0.0	0.0	0.0	0.0	0.0	0.0	0.0	0.0	0.0	0.0	0.0	0.0	0.0	0.0	0.0	0.0	0.0	0.0	0.0	0.0	0.0	0.0	0.0	0.0	0.0	0.0	0.0	0.0	0.0	0.0	0.0	0.0	0.0	0.0	0.0	0.0	0.0	0.0	0.0	0.0	0.0	0.0	0.0	0.0	6.96288e-05	0.0	0.0	0.0	0.0	0.0	0.0	0.0	0.0
PWY-7761: NAD salvage pathway II (PNC IV cycle)	0.0017363	0.00306807	0.00215151	0.00354579	0.00164984	0.00209368	0.00253126	0.00160915	0.00252693	0.00332711	0.000177481	0.0016381	0.00337077	0.00185386	0.00126375	0.00380325	0.00274641	0.00242609	0.00151772	0.00281615	0.00187765	0.00339905	0.00248481	0.00199658	0.0017819	0.00247726	0.00290738	0.00144223	0.000900639	0.00240615	0.00342039	0.00120268	0.00219421	0.00100165	0.00255888	0.000785363	0.00096105	0.000681471	0.00449344	0.00219264	0.000456112	0.000860452	0.0016332	0.00152529	0.00239182	0.00268299	0.000787109	0.00311885	0.000321818	0.00108905	0.00271311	0.00272995	0.00263548	0.0023664	0.00282739	0.00169789	0.0029631	0.0037631	0.000256093	0.00323684	0.00294686	0.00283105	0.00279317	0.00268511	0.00288516	0.00137824	0.00248443	0.00380161	0.000894625	0.00126715	0.00178173	0.00164682	0.00168278	0.00312098	0.00136556	0.00181228	0.00438116	0.000956243	0.00360425	0.00172619	0.00181744	0.000441614	0.00309554	0.00388119	0.0025194	0.000649996	0.00125764	0.00118839	0.00357522	0.00170644	0.00261713	0.00165254	0.00273111	0.000738899	0.00123093	0.0025394	0.0020096	0.00172523	0.0043358	0.00282705	0.001502	0.00249974	0.00130843	0.00234931	0.00196578	0.00025443	0.00199726	0.00307128	0.00280984	0.00249796	0.00206312	0.00201754	0.00115426	0.00279006	0.00325253	0.00379736	0.000746278	0.00102605	0.00355507	0.00314639	0.00145413	0.00175925	0.000738936	0.000738683	0.0019807
PWY-7783: plasmalogen degradation	0.0	0.0	0.0	0.0	0.0	0.0	0.0	0.0	0.0	0.0	0.0	0.0	0.0	0.0	0.0	0.0	0.0	0.0	0.0	0.0	0.0	0.0	0.0	0.0	0.0	0.0	0.0	0.0	0.0	0.0	0.0	1.60003e-05	0.0	0.0	0.0	0.0	0.0	0.0	0.0	0.0	0.0	0.0	0.0	0.0	0.0	0.0	0.0	0.0	0.0	0.0	9.01294e-06	0.0	0.0	0.0	0.0	0.0	0.0	0.0	0.0	0.0	0.0	0.0	0.0	0.0	0.0	0.0	0.0	0.0	0.0	0.0	0.0	0.0	0.0	0.0	0.0	0.0	0.0	0.0	0.0	0.0	0.0	0.0	0.0	0.0	0.0	0.0	0.0	0.0	0.0	0.0	0.0	0.0	0.0	0.0	0.0	0.0	0.0	0.0	0.0	0.0	0.0	0.0	0.0	0.0	0.0	0.0	0.0	0.0	0.0	0.0	0.0	0.0	0.0	0.0	0.0	0.0	0.0	0.0	0.0	0.0	0.0	0.0	0.0	0.0	0.0
PWY-7790: UMP biosynthesis II	0.0113916	0.0118216	0.01231	0.011204	0.0129999	0.0129014	0.0159618	0.0134457	0.0121471	0.013848	0.0111105	0.0125879	0.014783	0.0124049	0.0101764	0.0133772	0.0135843	0.0128721	0.0126465	0.0142728	0.0110839	0.012435	0.0120699	0.0112796	0.0115439	0.0110327	0.0117154	0.00887609	0.0109986	0.0123964	0.0147322	0.0111967	0.0134807	0.0117742	0.0114597	0.0131373	0.0125387	0.010883	0.0141867	0.0146	0.0117307	0.0128082	0.0119379	0.0132344	0.0149815	0.00694907	0.0115464	0.0120762	0.0123221	0.0108013	0.0107419	0.0134546	0.0142978	0.0133576	0.00699028	0.0117009	0.0136491	0.0127494	0.0110296	0.0134413	0.0144526	0.0143177	0.0122801	0.012641	0.00859104	0.0130734	0.0139469	0.0130208	0.010977	0.0123516	0.0129245	0.0139236	0.0140849	0.0121476	0.0137583	0.0105736	0.0114794	0.0126873	0.0120337	0.0109729	0.015325	0.0111011	0.0149971	0.0154859	0.0173177	0.012756	0.0116363	0.0107166	0.01296	0.0118234	0.0139916	0.0130642	0.0123092	0.0122421	0.0130957	0.0132254	0.0102812	0.0124978	0.0132726	0.0121363	0.0128031	0.012466	0.011245	0.0149604	0.01311	0.012356	0.0109868	0.0164753	0.0124491	0.0114929	0.00622946	0.0122678	0.0120143	0.0153262	0.0160408	0.0127783	0.00986467	0.0138618	0.0130741	0.0124733	0.012548	0.0129771	0.0112555	0.012746	0.013562
PWY-7791: UMP biosynthesis III	0.0113916	0.0118216	0.01231	0.011204	0.0129999	0.0129014	0.0159618	0.0134457	0.0121471	0.013848	0.0111105	0.0125879	0.014783	0.0124049	0.0101764	0.0133772	0.0135843	0.0128721	0.0126465	0.0142728	0.0110839	0.012435	0.0120699	0.0112796	0.0115439	0.0110327	0.0117154	0.00887609	0.0109986	0.0123964	0.0147322	0.0111967	0.0134807	0.0117742	0.0114597	0.0131373	0.0125387	0.010883	0.0141867	0.0146	0.0117307	0.0128082	0.0119379	0.0132344	0.0149815	0.00694907	0.0115464	0.0120762	0.0123221	0.0108013	0.0107419	0.0134546	0.0142978	0.0133576	0.00699028	0.0117009	0.0136491	0.0127494	0.0110296	0.0134413	0.0144526	0.0143177	0.0122801	0.012641	0.00859104	0.0130734	0.0139469	0.0130208	0.010977	0.0123516	0.0129245	0.0139236	0.0140849	0.0121476	0.0137583	0.0105736	0.0114794	0.0126873	0.0120337	0.0109729	0.015325	0.0111011	0.0149971	0.0154859	0.0173177	0.012756	0.0116363	0.0107166	0.01296	0.0118234	0.0139916	0.0130642	0.0123092	0.0122421	0.0130957	0.0132254	0.0102812	0.0124978	0.0132726	0.0121363	0.0128031	0.012466	0.011245	0.0149604	0.01311	0.012356	0.0109868	0.0164753	0.0124491	0.0114929	0.00622946	0.0122678	0.0120143	0.0153262	0.0160408	0.0127783	0.00986467	0.0138618	0.0130741	0.0124733	0.012548	0.0129771	0.0112555	0.012746	0.013562
PWY-7805: (aminomethyl)phosphonate degradation	0.0	0.0	0.0	8.12412e-05	0.0	0.0	0.0	3.00991e-05	0.0	0.0	0.0	0.0	0.0	0.0	0.0	0.0	0.0	0.0	0.0	0.0	5.39423e-05	0.0	0.0	7.32374e-05	0.0	8.09964e-05	0.0	0.000137418	0.0	4.67943e-05	0.0	4.38902e-05	0.0	9.51363e-06	0.0	0.0	0.0	0.0	0.0	0.0	0.0	0.0	0.0	0.0	0.0	0.000309533	0.0	1.26623e-05	0.0	0.0	1.22837e-05	0.0	0.0	0.0	4.33269e-05	0.0	0.0	0.0	0.0	0.0	0.0	0.0	0.0	0.0	3.48827e-05	0.0	0.0	0.0	2.34592e-05	0.0	0.0	0.0	0.0	0.0	0.0	1.41406e-05	0.0	0.0	2.3809e-05	4.2071e-05	0.0	0.0	0.0	0.0	0.0	0.0	0.0	2.4773e-05	0.0	2.87978e-05	0.0	0.0	0.0	0.0	0.0	0.0	0.000114494	0.0	0.0	0.0	0.0	0.0	0.0	0.0	0.0	0.0	0.0	0.0	0.0	0.0	0.0	0.0	0.0	0.0	0.0	0.0	0.000201706	0.0	0.0	0.000114377	0.0	0.0	0.0	0.0	0.0
PWY-7807: glyphosate degradation III	0.0	0.0	0.0	8.7007e-05	0.0	0.0	0.0	3.32909e-05	0.0	0.0	0.0	0.0	0.0	0.0	0.0	0.0	0.0	0.0	0.0	0.0	5.18222e-05	0.0	0.0	7.41049e-05	0.0	7.75667e-05	0.0	0.000143993	0.0	4.97555e-05	0.0	5.19079e-05	0.0	1.01776e-05	0.0	0.0	0.0	0.0	0.0	1.01717e-05	0.0	0.0	0.0	0.0	0.0	0.000287422	0.0	6.58104e-05	0.0	0.0	6.16601e-05	0.0	0.0	0.0	3.87594e-05	0.0	2.36416e-05	0.0	0.0	0.0	0.0	0.0	0.0	0.0	3.16207e-05	0.0	1.90394e-05	0.0	2.37424e-05	0.0	0.0	0.0	0.0	0.0	0.0	1.27546e-05	0.0	0.0	2.2763e-05	4.60502e-05	0.0	0.0	0.0	0.0	0.0	2.11985e-05	0.0	2.65326e-05	0.0	2.90123e-05	0.0	0.0	0.0	0.0	0.0	0.0	0.000117977	2.20279e-05	0.0	0.0	0.0	0.0	0.0	0.0	0.0	0.0	0.0	0.0	0.0	0.0	0.0	2.92393e-05	0.0	0.0	0.0	0.0	0.000206531	1.26036e-05	0.0	0.000123602	0.0	0.0	0.0	0.0	0.0
PWY-7820: teichuronic acid biosynthesis (B. subtilis 168)	2.25783e-05	0.0	0.0	0.0	0.0	0.0	1.92726e-05	0.0	0.0	0.0	0.0	0.0	2.55837e-05	0.0	0.0	0.0	0.0	0.0	0.0	0.0	0.0	0.0	0.0	0.0	0.0	5.03012e-05	0.0	0.0	0.0	0.0	0.0	0.0	0.0	0.0	0.0	0.0	0.0	0.0	0.0	6.36443e-06	6.29218e-05	0.0	4.26089e-05	9.81598e-06	0.0	8.15493e-06	0.0	0.0	0.0	0.0	1.65631e-05	5.22582e-06	0.0	0.0	1.4033e-05	0.0	0.0	0.0	0.0	0.0	0.0	0.0	0.0	2.53563e-05	3.07054e-05	0.0	0.0	1.99972e-05	0.0	0.0	0.0	0.0	0.0	0.0	0.0	0.0	0.0	0.0	1.3663e-05	0.0	0.0	0.0	0.0	0.0	0.0	0.0	0.0	0.0	0.0	0.0	2.85544e-05	0.0	0.0	0.0	0.0	0.0	0.0	0.0	0.0	0.0	0.0	0.0	0.0	0.0	0.0	0.0	0.0	0.0	7.8181e-06	0.0	0.0	0.0	0.0	0.0	0.0	0.0	1.4495e-05	0.0	0.0	0.0	0.0	0.0	0.0	0.0	0.0
PWY-7851: coenzyme A biosynthesis II (eukaryotic)	0.00920706	0.00826439	0.0106835	0.00829873	0.0101055	0.00849319	0.0095069	0.00951027	0.00933108	0.00904416	0.00906411	0.0101687	0.0108173	0.00978026	0.00836034	0.0110146	0.00923315	0.00962303	0.00931004	0.00867358	0.00862497	0.00956442	0.00978747	0.00871377	0.00853969	0.00824784	0.00941409	0.00697627	0.00800846	0.00860894	0.00928452	0.0084733	0.0102659	0.00895321	0.00944751	0.0103708	0.010184	0.00978401	0.0104708	0.0110938	0.00904892	0.00857714	0.00859709	0.0118547	0.0109154	0.00568732	0.00944885	0.00920283	0.00982537	0.00962903	0.00867585	0.00870257	0.00941714	0.00947051	0.00538274	0.0104961	0.00872104	0.00880273	0.00882931	0.00927202	0.00978836	0.00695225	0.00989684	0.00768123	0.00734218	0.00981225	0.0112178	0.00927702	0.00885608	0.00974151	0.00988738	0.0102045	0.0108119	0.00701594	0.0101518	0.00942974	0.010154	0.010217	0.00908275	0.00953169	0.0125964	0.00981934	0.00889019	0.0109629	0.0121277	0.0104724	0.00942927	0.00786763	0.0110132	0.00952069	0.00939128	0.00949813	0.00961264	0.00971658	0.00989168	0.0105368	0.00680014	0.0101587	0.00732299	0.00806568	0.00934795	0.00975983	0.00896262	0.012648	0.00920679	0.00992717	0.00952054	0.0131188	0.00899223	0.00928181	0.0043644	0.0097032	0.00933515	0.0124066	0.0102954	0.00846168	0.00761463	0.0116405	0.0100677	0.0099644	0.0108926	0.0102868	0.00980445	0.00915915	0.0105874
PWY-7858: (5Z)-dodecenoate biosynthesis II	0.0	2.41956e-05	0.0	0.000165284	3.29193e-05	0.000109918	0.0	4.58242e-05	0.0	0.0	0.0	0.0	2.35806e-05	0.0	0.0	0.0	0.0	0.0	0.0	3.70272e-05	0.000512699	0.0	3.54486e-05	0.000257488	0.0	0.000527196	0.0	0.000586925	0.0	7.27046e-05	0.0	0.000236738	3.36116e-05	0.000191514	0.0	0.0	0.0	8.84143e-05	0.0	0.0	2.46135e-05	1.02979e-05	1.0983e-05	0.0	5.99409e-05	0.00180531	2.09286e-05	6.6478e-05	0.0	9.12333e-05	0.000438429	3.54567e-05	0.000107517	0.0	0.00120661	2.67516e-05	8.71575e-05	5.38678e-05	0.0	6.67157e-05	0.0	0.000128941	0.0	0.000221022	0.000788261	0.000118537	0.0	0.0	3.78088e-05	0.0	0.0	4.42183e-05	0.000204781	0.000665237	3.32466e-05	0.000323116	0.0	0.0	9.88146e-05	0.000362552	0.0	0.0	0.0	0.0	0.0	0.0	0.0	7.14889e-05	1.4063e-05	7.64369e-05	8.42696e-05	0.0	0.0	0.0	1.4762e-05	0.0	0.000209539	0.0	2.34251e-05	0.0	0.0	0.0	0.0	0.0	0.0	9.94773e-05	0.0	0.0	8.30041e-05	0.0	0.0017467	0.000110888	5.12026e-05	0.0	3.60442e-05	3.16284e-05	0.000622793	0.000111076	0.0	0.000573661	0.0	1.64188e-05	5.63382e-05	0.0	0.00027787
PWY-7873: D-erythronate degradation II	0.0	0.0	0.0	1.85935e-05	0.0	0.0	0.0	0.0	0.0	0.0	0.0	0.0	0.0	0.0	0.0	0.0	0.0	0.0	0.0	0.0	4.89923e-06	0.0	0.0	2.74973e-05	0.0	5.96767e-06	0.0	0.0	0.0	3.08899e-06	0.0	1.9643e-05	0.0	6.89314e-06	0.0	0.0	0.0	0.0	0.0	0.0	0.0	0.0	0.0	0.0	0.0	0.000151785	0.0	0.0	0.0	0.0	0.0	0.0	0.0	0.0	7.48262e-05	0.0	0.0	0.0	0.0	0.0	0.0	0.0	0.0	0.0	1.58442e-05	5.03919e-06	0.0	0.0	0.0	0.0	0.0	0.0	0.0	0.0	0.0	1.32227e-05	0.0	0.0	1.01249e-05	5.42518e-06	0.0	0.0	0.0	0.0	0.0	0.0	0.0	5.58558e-06	0.0	5.82014e-06	0.0	0.0	0.0	0.0	0.0	0.0	0.0	0.0	0.0	0.0	0.0	0.0	0.0	0.0	0.0	0.0	0.0	0.0	0.0	0.0	0.000189573	0.0	0.0	0.0	0.0	0.0	4.40221e-05	0.0	0.0	0.0	0.0	0.0	0.0	0.0	0.0
PWY-7874: L-threonate degradation	0.0	0.0	0.0	1.85935e-05	0.0	0.0	0.0	0.0	0.0	0.0	0.0	0.0	0.0	0.0	0.0	0.0	0.0	0.0	0.0	0.0	1.82038e-05	0.0	0.0	3.71679e-05	0.0	1.84191e-05	0.0	0.0	0.0	4.28723e-06	0.0	2.47533e-05	0.0	9.88206e-06	0.0	0.0	0.0	0.0	0.0	0.0	0.0	0.0	0.0	0.0	0.0	0.000301854	0.0	0.0	0.0	0.0	1.23714e-05	0.0	0.0	0.0	0.000246687	0.0	0.0	0.0	0.0	0.0	0.0	0.0	0.0	0.0	8.55505e-05	1.97054e-05	0.0	0.0	0.0	0.0	0.0	0.0	0.0	5.23221e-05	0.0	1.32227e-05	0.0	0.0	2.03215e-05	3.61417e-05	0.0	0.0	0.0	0.0	0.0	0.0	0.0	5.58558e-06	0.0	5.82014e-06	0.0	0.0	0.0	0.0	0.0	0.0	4.16809e-05	0.0	0.0	0.0	0.0	0.0	0.0	0.0	0.0	0.0	0.0	0.0	0.0	0.0	0.000307889	0.0	0.0	0.0	0.0	0.0	4.78178e-05	0.0	0.0	1.01381e-05	0.0	0.0	0.0	0.0	0.0
PWY-7883: anhydromuropeptides recycling II	0.0	0.0	0.000271683	0.000145534	0.0	0.000214333	3.22859e-05	3.44615e-05	0.000223433	0.000115616	0.000140489	0.000242391	8.31809e-05	0.000102465	0.0	9.69608e-06	9.20341e-05	0.000242698	0.000233127	0.00024771	0.000176592	0.000189127	0.000215266	0.000319159	0.000402166	0.000132179	0.0	0.000335322	0.0	9.89595e-05	1.16294e-05	0.000177014	6.57356e-05	0.000421882	0.000389677	0.000354083	0.000133839	7.00057e-05	0.000314898	0.000398958	1.35516e-05	0.000532743	0.000428572	0.000586902	0.000324905	0.000635794	6.3809e-05	3.94078e-05	0.0	7.1949e-05	0.00032785	3.28547e-05	0.000335458	0.000208243	0.000429114	0.000295972	0.000140038	0.000293488	0.00043373	0.000183483	9.48056e-05	0.0	0.000163666	0.000133874	0.00034899	0.000134641	0.000120631	1.80902e-05	0.000389939	0.000241769	8.99554e-05	0.000144261	0.000168382	0.000199589	0.000278829	0.000267905	0.0	7.40419e-05	9.22545e-05	3.94872e-05	0.0	0.000467357	0.0	0.00013791	0.00013788	0.000376459	0.000107155	0.000466568	0.000122747	0.000171559	0.000277564	0.000277301	0.000255827	0.000684401	9.77299e-05	0.000151448	0.000271577	0.000206981	0.000271341	0.000115581	0.000105333	0.000162033	0.000275208	0.0	0.00036827	0.000172526	0.00086198	0.000155994	5.53104e-05	0.000225975	0.000700788	0.000255594	9.18491e-05	0.00020237	0.000247773	0.0	0.00107286	0.000312781	0.000200146	0.000218566	0.000409368	6.97048e-05	0.000685679	0.000177412	0.00010813
PWY-7905: Escherichia coli serotype O9a O-antigen biosynthesis	0.0	0.0	0.0	0.0	0.0	0.0	0.0	0.0	0.0	0.0	0.0	0.0	0.0	0.0	0.0	0.0	0.0	0.0	0.0	0.0	0.0	0.0	0.0	0.0	0.0	0.0	0.0	0.0	0.0	0.0	0.0	1.75987e-05	0.0	0.0	0.0	0.0	0.0	0.0	0.0	0.0	0.0	0.0	0.0	0.0	0.0	0.0	0.0	0.0	0.0	0.0	0.0	0.0	0.0	0.0	0.0	0.0	0.0	0.0	0.0	0.0	0.0	0.0	0.0	0.0	0.0	0.0	0.0	0.0	0.0	0.0	0.0	0.0	0.0	0.0	0.0	0.0	0.0	0.0	0.0	0.0	0.0	0.0	0.0	0.0	0.0	0.0	0.0	0.0	0.0	0.0	0.0	0.0	0.0	0.0	0.0	0.0	0.0	0.0	0.0	0.0	0.0	0.0	0.0	0.0	0.0	0.0	0.0	0.0	0.0	0.0	0.0	0.0	0.0	0.0	0.0	0.0	0.0	0.0	0.0	0.0	0.0	0.0	0.0	0.0	0.0
PWY-7942: 5-oxo-L-proline metabolism	0.0	0.0	0.0	8.29674e-05	0.000105244	0.0	0.0	9.89253e-05	0.0	0.0	0.0	0.0	0.0	0.0	0.0	4.90942e-05	0.0	0.0	0.0	0.000154255	0.000433374	0.0	4.96538e-05	0.000269397	0.0	0.000560523	9.78021e-06	0.000505089	0.0	6.41705e-05	0.0	0.000337651	0.0	8.71438e-05	0.0	0.0	1.42102e-05	0.0	0.0	1.68953e-05	6.33923e-06	0.0	1.03653e-05	0.0	0.000294164	0.00143186	0.0	6.68183e-05	0.0	0.0	5.74328e-05	2.57585e-05	0.0	0.0	0.00116403	0.0	5.57671e-05	0.0	0.0	0.0	0.0	0.0	0.0	0.000258926	0.00113165	8.34722e-05	2.04577e-05	0.0	3.28708e-05	0.0	0.0	0.0	3.17882e-05	0.000677775	0.0	0.000122949	0.0	0.0	0.000116152	0.000392588	0.000428712	0.0	0.0	0.000264568	0.0	0.000794369	0.0	6.2989e-05	0.000118468	0.00022668	4.86031e-05	0.0	0.0	0.0	0.0	0.0	9.90191e-05	0.000305489	5.29562e-05	0.0	0.0	0.0	0.0	0.0	0.0	0.0	0.0	0.000525324	0.0	0.000265885	0.00168892	3.44545e-05	0.0	1.70394e-05	0.0	0.0	0.000263863	0.000126694	0.0	0.000182905	0.0	0.00081613	2.49232e-05	0.0	0.0
PWY-7948: 4-oxopentanoate degradation	0.0	0.0	0.0	0.0	0.0	0.0	0.0	0.0	0.0	0.0	0.0	0.0	0.0	0.0	0.0	0.0	0.0	0.0	0.0	0.0	0.0	0.0	0.0	0.0	0.0	0.0	0.0	0.0	0.0	0.0	0.0	0.0	0.0	0.0	0.0	0.0	0.0	0.0	0.0	0.0	0.0	0.0	0.0	0.0	0.0	0.0	0.0	0.0	0.0	0.0	0.0	0.0	0.0	0.0	0.0	0.0	0.0	0.0	0.0	0.0	0.0	0.0	0.0	0.0	0.0	0.0	0.0	0.0	0.0	0.0	0.0	0.0	0.0	0.0	0.0	0.0	0.0	0.0	0.0	0.0	0.0	0.0	0.0	0.0	0.0	0.0	0.0	0.0	0.0	0.0	0.0	0.0	0.0	0.0	0.0	0.0	0.0	0.0	0.0	0.0	0.0	0.0	0.0	0.0	0.0	0.0	0.0	0.000141067	0.0	0.0	0.0	0.0	0.0	0.0	0.0	0.0	0.0	0.0	0.0	0.0	0.0	0.0	0.0	0.0	0.0
PWY-7953: UDP-N-acetylmuramoyl-pentapeptide biosynthesis III (meso-diaminopimelate containing)	0.0102104	0.0110122	0.0112061	0.01037	0.0118599	0.0104009	0.0108432	0.0113753	0.0111649	0.0132225	0.010259	0.0114477	0.012536	0.0105063	0.00938854	0.0124425	0.0120412	0.0124926	0.0122457	0.0123058	0.00994258	0.0111771	0.0119087	0.0105691	0.0102949	0.0104573	0.0112429	0.00808548	0.0099948	0.0111994	0.0117509	0.00928322	0.0122256	0.0102599	0.0103778	0.0115311	0.0115656	0.00950039	0.0124127	0.0127036	0.00986227	0.00979692	0.0104391	0.0109787	0.011437	0.00689877	0.0100363	0.0103946	0.0101436	0.00903896	0.00872653	0.0121202	0.0162634	0.011223	0.00680418	0.0111788	0.0131688	0.0124898	0.00904569	0.0139555	0.0130634	0.0104611	0.0107258	0.0107643	0.00845875	0.0106015	0.0110041	0.0126017	0.00919705	0.00947418	0.0106447	0.011317	0.0125179	0.0104137	0.0108096	0.0106168	0.0128649	0.0101987	0.0104107	0.0100149	0.0138831	0.0103738	0.0115355	0.0121331	0.0145955	0.0107821	0.00915828	0.00877362	0.012345	0.00976811	0.011321	0.0105473	0.0105926	0.0112865	0.00950628	0.0132744	0.0085632	0.0104384	0.0119003	0.0103599	0.00997485	0.010518	0.00960669	0.0147806	0.0104935	0.00907447	0.00980172	0.0136995	0.0117294	0.00979634	0.0062456	0.0103151	0.00842113	0.0146013	0.0126457	0.0098426	0.00925733	0.0103018	0.0143622	0.0104413	0.010315	0.0112119	0.00973854	0.0101421	0.0113968
PWY-7977: L-methionine biosynthesis IV	0.00756818	0.00803079	0.00779904	0.00661925	0.00726578	0.00791711	0.00681635	0.00674511	0.00813185	0.00723151	0.00716398	0.00903521	0.00795244	0.00871662	0.00849165	0.00857509	0.00800646	0.00834996	0.00870997	0.0116499	0.00807684	0.00650219	0.00884173	0.00751039	0.00827705	0.00703369	0.00847022	0.00753893	0.00960443	0.00780351	0.00577077	0.00799728	0.00724722	0.00939616	0.00838328	0.00849657	0.00688838	0.0098819	0.0115681	0.00798553	0.00820752	0.00827003	0.00886288	0.00805265	0.00801694	0.00582736	0.00620488	0.00810906	0.00722339	0.00947558	0.00717252	0.00649271	0.00880325	0.00830775	0.00568229	0.00824358	0.00768036	0.00788786	0.00864147	0.00774431	0.0112311	0.0118797	0.00752611	0.00810785	0.00698064	0.00789432	0.0085193	0.00776342	0.00816716	0.00715534	0.00676454	0.00886252	0.00826802	0.0105776	0.00800479	0.00387836	0.00663379	0.00615953	0.00911117	0.00855099	0.0111575	0.00632515	0.0112255	0.00805457	0.00549611	0.00881222	0.00638882	0.00856017	0.00805114	0.00769642	0.00921029	0.00847951	0.00813117	0.00865977	0.00652615	0.00800983	0.00661457	0.00768917	0.0100337	0.00909392	0.00855633	0.00787467	0.00943461	0.00682133	0.00782564	0.00665824	0.00954628	0.0114351	0.00867231	0.00907569	0.00538379	0.00696406	0.00720258	0.0104985	0.010032	0.00682883	0.008637	0.00645073	0.00744167	0.00669742	0.00662153	0.00840946	0.00641889	0.00806129	0.00854237
PWY-7992: superpathway of menaquinol-8 biosynthesis III	0.0	0.00018761	0.000208582	0.000114837	0.00144309	0.0	0.0	8.13462e-05	0.000807282	0.0	0.0	0.000237581	0.0	0.0	0.0	0.000124878	0.0	0.00112744	0.0	0.0	0.00049286	0.000122295	0.0	2.40408e-05	0.0	6.2458e-05	0.0	0.0	0.0	0.000251502	8.41034e-05	0.000107504	0.000223601	0.00101774	0.000243121	0.0	0.000132702	0.0	0.0	0.000111067	4.82606e-05	0.0	0.000668479	0.000313166	0.00033377	6.18512e-05	0.0	0.000315818	0.000856252	0.0	5.22561e-05	0.0	0.000649266	0.0	5.68095e-05	0.00025951	0.000147964	0.000317138	0.0	0.000179503	0.000221127	0.0	0.000240528	0.000156586	0.0	0.000269748	9.1275e-05	6.70045e-05	0.000127886	0.0	0.0	4.34851e-05	9.51933e-05	0.0	0.0	0.0	0.000352745	0.0	0.000526898	0.0	0.0	0.0	0.000285882	0.0	0.000254403	0.0	0.000180431	4.41276e-05	0.000125899	0.000222612	8.02964e-05	0.0	0.000459576	0.000496722	0.0	0.000320302	6.40121e-05	0.0	0.000235689	8.68936e-05	0.0	6.91157e-05	0.0	0.000444042	0.000256639	0.0	0.000345225	0.000428947	0.0	0.0	0.000148412	0.000239835	0.0	0.000290177	0.000209365	0.0	0.000403379	0.0	0.000119537	0.000217232	0.0	0.0	0.0	0.000866611	0.0
PWY-8004: Entner-Doudoroff pathway I	0.00157045	0.00224338	0.00175654	0.00194802	0.0014048	0.00205725	0.00177536	0.00124998	0.00188498	0.00132094	0.00168846	0.00225779	0.000797203	0.00234511	0.00064522	0.00174318	0.00266301	0.00225833	0.00188296	0.000880748	0.00252384	0.00220167	0.00283985	0.0020428	0.00177175	0.00190175	0.00210011	0.0027144	0.000511932	0.00218851	0.00224846	0.00210436	0.00131094	0.00190251	0.00192096	0.00166412	0.00160751	0.00191571	0.001448	0.00186316	0.00241212	0.00265801	0.00152569	0.00137477	0.00188473	0.00246055	0.00187867	0.00187341	0.00163184	0.00219702	0.0028619	0.00201441	0.00165765	0.00190951	0.00228225	0.00185989	0.00190414	0.00168976	0.00244341	0.00141267	0.001765	0.00106189	0.00209277	0.00180084	0.00269695	0.00169895	0.00166799	0.00149761	0.00211133	0.00284642	0.00280177	0.00156606	0.000488271	0.00136636	0.00170086	0.00218126	0.00153459	0.00128973	0.0021565	0.00164472	0.00132345	0.00178286	0.00115178	0.00154406	0.0012287	0.00170734	0.00362906	0.00192776	0.0019679	0.00229751	0.00153777	0.00184382	0.00219015	0.00203408	0.00210883	0.00210347	0.00257473	0.00230677	0.00101518	0.00215068	0.00209157	0.00210461	0.00253724	0.0012716	0.0019657	0.00194951	0.00057996	0.000890284	0.00182367	0.0020479	0.00249294	0.00254579	0.00297722	0.00102434	0.000951681	0.00214087	0.00160342	0.00216949	0.000957315	0.00271997	0.00109759	0.00165034	0.00137493	0.0025984	0.00165851
PWY-8011: L-serine biosynthesis II	0.0	0.0	0.0	0.0	0.0	0.0	0.0	0.0	0.0	0.0	0.0	0.0	0.0	0.0	0.0	0.0	0.0	0.0	0.0	0.0	0.0	0.0	0.0	0.0	0.0	0.0	0.0	0.0	0.0	0.0	0.0	0.0	0.0	0.0	0.0	0.0	0.0	0.0	0.0	0.0	0.0	0.0	0.0	0.0	0.0	0.0	0.0	0.0	0.0	0.0	0.0	0.0	3.40309e-05	0.0	0.0	0.0	0.0	0.0	0.0	0.0	0.0	0.0	0.0	0.0	0.0	0.0	0.0	0.0	0.0	0.0	0.0	0.0	0.0	0.0	0.0	0.0	0.0	0.0	0.0	0.0	0.0	0.0	0.0	0.0	0.0	0.0	0.0	0.0	0.0	0.0	0.0	0.0	0.0	0.0	0.0	0.0	0.0	0.0	0.0	0.0	0.0	0.0	0.0	0.0	0.0	0.0	0.0	0.0	0.0	0.0	0.0	0.0	0.0	0.0	0.0	0.0	0.0	0.0	0.0	0.0	0.0	0.0	0.0	0.0	0.0
PWY-801: homocysteine and cysteine interconversion	4.93947e-05	2.13709e-05	0.0	0.000155396	1.63348e-05	8.65117e-05	0.00018577	0.000100764	0.0	0.0	1.12297e-05	0.0	1.44763e-05	5.89159e-05	1.47498e-05	3.20216e-05	0.0	0.0	1.59057e-05	0.0	9.97226e-05	0.0	0.000100505	0.000147845	1.57787e-05	0.000153363	2.72593e-05	0.000346489	0.0	4.60293e-05	3.7302e-05	0.000132827	0.000108801	5.23806e-05	0.0	0.0	1.51048e-05	3.53706e-05	1.65988e-05	5.56049e-06	9.25101e-06	0.0	4.955e-06	5.07202e-05	0.00010271	0.00072907	2.3826e-05	3.87723e-05	4.77191e-05	4.34646e-05	9.32602e-05	0.0	0.0	0.0	0.00067565	2.27945e-05	5.85993e-06	0.0	0.0	0.0	0.0	9.66922e-05	0.0	0.000313973	0.000315269	0.00011016	0.0	1.91562e-05	9.50417e-05	0.0	8.03253e-05	4.13342e-05	3.45498e-05	0.000200169	0.000164492	0.000367806	0.0	0.0	8.70947e-05	0.000209553	0.0	0.0	0.0	6.92138e-05	0.0	0.0	0.0	3.75894e-05	1.13427e-05	3.55237e-05	0.0	0.0	0.0	0.0	6.24276e-05	0.0	0.000171095	3.39802e-05	1.83332e-05	0.0	0.0	0.0	0.0	0.0	0.0	0.0	0.0	0.0	0.0	0.000142999	0.000724454	0.0	8.97309e-05	0.0	0.0	4.47439e-05	5.51298e-05	0.0	0.0	8.04157e-05	0.0	6.81445e-06	0.0	0.0	8.08382e-06
PWY-8073: lipid IVA biosynthesis (P. putida)	0.00296349	0.00245731	0.00110517	0.00155201	0.000811192	0.00115029	0.000393661	0.000371618	0.00335103	0.00123987	0.000943749	0.00145611	0.000219809	0.00189686	0.0020347	0.00127724	0.00046082	0.00121405	0.00105019	0.00142686	0.00196575	0.00033058	0.00123999	0.00119638	0.00290766	0.00179123	0.00225658	0.00206161	0.00430276	0.000769505	0.000987381	0.00207322	0.000395358	0.000605353	0.00260432	0.00129645	0.00145389	0.00334967	0.00235529	0.00206093	0.00142095	0.000988988	0.00182248	0.00184624	0.000815573	0.00263463	0.000452123	0.00101585	0.00228653	0.00276465	0.00153586	0.000394088	0.00134847	0.00137433	0.00268471	0.00144053	0.0013761	0.00159796	0.000340216	0.000500218	0.000261219	0.000107367	0.000421584	0.00200783	0.0024666	0.000930981	0.0012118	0.000419808	0.00202012	0.00124269	0.00186963	0.000545641	0.000221776	0.00123405	0.000586456	0.000702206	0.000449	0.000713532	0.00214365	0.00112864	0.000640786	0.0019663	0.000534642	0.000892407	0.000625356	0.00156617	0.00118902	0.00272577	0.00142411	0.0020726	0.00060261	0.00161559	0.0021575	0.00220766	0.000974819	0.000495145	0.00100825	0.00186867	0.000575804	0.0018498	0.00170039	0.000117692	0.00207446	8.6257e-05	0.00123445	0.000619391	0.00715283	0.000343037	0.000726094	0.0014243	0.00220861	0.000576829	0.000685107	0.000642723	0.000564688	0.00061647	0.00234402	0.00132516	0.00229569	0.00182348	0.00139809	0.00228846	0.00151154	0.00198687	0.000564621
PWY-8086: (S)-lactate fermentation to propanoate, acetate and hydrogen	0.0	0.0	0.0	0.0	0.0	0.0	0.0	2.96435e-05	0.0	0.0	0.0	0.0	0.0	0.0	0.0	0.0	0.0	0.0	0.0	0.0	6.86807e-05	0.0	4.12312e-05	0.000103121	0.0	0.000145266	0.0	0.000149834	0.0	0.0	6.13754e-06	4.22281e-05	0.0	0.0	0.0	0.0	2.8676e-06	0.0	0.0	0.0	0.0	0.0	0.0	0.0	0.0	0.000379902	0.0	1.00784e-05	0.0	0.0	0.0	0.0	0.0	0.0	0.000241732	0.0	0.0	0.0	0.0	0.0	0.0	0.0	0.0	0.0	0.000162241	4.74256e-05	0.0	0.0	0.0	0.0	0.0	0.0	0.0	0.000102348	0.0	0.0	0.0	0.0	4.16619e-05	0.000134611	0.0	0.0	0.0	0.0	0.0	0.0	0.0	0.0	0.0	1.07855e-05	0.0	0.0	0.0	0.0	0.0	0.0	0.0	0.0	0.0	0.0	0.0	0.0	0.0	0.0	0.0	0.0	0.0	0.0	0.0	0.0	0.000459563	8.03639e-06	0.0	0.0	0.0	1.04006e-05	0.0	0.0	0.0	1.8425e-05	0.0	0.0	0.0	0.0	0.0
PWY-8112: factor 420 biosynthesis I (archaea)	1.05966e-05	0.0	0.0	0.0	3.73789e-05	1.76235e-05	0.0	3.62937e-05	0.0	0.000102673	0.0	0.0	0.0	0.0	0.0	9.48509e-05	0.000144617	0.0	0.0	0.0	0.0	0.0	0.0	0.0	0.0	2.39319e-05	0.0	0.0	0.0	0.0	0.000328856	0.0	8.53618e-05	0.0	0.0	0.0	0.0	0.0	0.0	0.0	0.0	0.0	0.0	0.0	0.0	0.0	0.0	7.7647e-05	0.0	0.0	0.0	0.000120301	0.0	4.47676e-05	0.0	0.0	7.07126e-05	0.0	0.0	0.000145339	0.0	0.00019398	0.0	0.000117224	0.0	0.0	0.0	0.000118835	0.0	0.0	0.0	2.30564e-05	4.36467e-05	0.0	0.0	0.0	0.0	0.0	0.000154404	0.0	0.0	0.0	0.0	0.0	0.0	0.0	9.23296e-06	0.0	0.0	0.0	0.0	0.0	2.63375e-05	0.0	0.0	0.0	0.0	2.81045e-05	2.37842e-05	0.0	0.0	0.0	0.0	2.75582e-05	0.0	0.0	0.0	0.0	3.23577e-05	0.0	0.0	0.0	0.0	0.0	0.0	0.000190527	0.0	0.0	0.0	0.0	0.0	4.43492e-05	0.0	0.0	0.0
PWY-8113: 3PG-factor 420 biosynthesis	9.5195e-06	0.0	0.0	0.0	3.73789e-05	1.60925e-05	0.0	3.62937e-05	0.0	9.23864e-05	0.0	0.0	0.0	0.0	0.0	9.21102e-05	0.000126051	0.0	0.0	0.0	0.0	0.0	0.0	0.0	0.0	1.75218e-05	0.0	0.0	0.0	0.0	0.000314574	0.0	7.30745e-05	0.0	0.0	0.0	0.0	0.0	0.0	0.0	0.0	0.0	0.0	0.0	0.0	0.0	0.0	7.75156e-05	0.0	0.0	0.0	0.000116799	0.0	3.66921e-05	0.0	0.0	6.15918e-05	0.0	0.0	0.000138058	0.0	0.000176331	0.0	0.000110905	0.0	0.0	0.0	0.000103886	0.0	0.0	0.0	1.90436e-05	3.31733e-05	0.0	0.0	0.0	0.0	0.0	0.000154404	0.0	0.0	0.0	0.0	0.0	0.0	0.0	0.0	0.0	0.0	0.0	0.0	0.0	2.21319e-05	0.0	0.0	0.0	0.0	2.28554e-05	1.62231e-05	0.0	0.0	0.0	0.0	1.58039e-05	0.0	0.0	0.0	0.0	2.22259e-05	0.0	0.0	0.0	0.0	0.0	0.0	0.000182423	0.0	0.0	0.0	0.0	0.0	4.43492e-05	0.0	0.0	0.0
PWY-8125: mevalonate pathway IV (archaea)	2.11109e-05	0.0	0.0	0.0	0.0	0.0	0.0	0.0	0.0	0.0	0.0	0.0	0.0	0.0	0.0	0.0	0.0	0.0	0.0	0.0	0.0	0.0	0.0	0.0	0.0	0.0	0.0	0.0	0.0	3.38374e-05	6.41923e-05	0.0	0.0	0.0	0.0	0.0	0.0	0.0	0.0	0.0	0.0	0.0	0.0	0.0	0.0	0.0	0.0	0.0	0.0	0.0	0.0	3.31058e-05	0.0	0.0	0.0	0.0	0.00010107	0.0	0.0	0.0	0.0	0.0	0.0	0.0	0.0	0.0	0.0	1.66459e-05	0.0	0.0	0.0	0.0	0.0	0.0	0.0	0.0	0.0	0.0	0.0	0.0	0.0	0.0	0.0	0.0	0.0	0.0	0.0	0.0	1.87144e-05	0.0	0.0	0.0	2.86719e-05	0.0	0.0	0.0	0.0	0.0	0.0	0.0	0.0	0.0	0.0	0.0	0.0	0.0	0.0	0.0	0.0	0.0	0.0	0.0	0.0	0.0	0.0	0.000292957	0.0	0.0	0.0	0.0	0.0	0.0	0.0	0.0	0.0
PWY-8131: 5'-deoxyadenosine degradation II	0.00140754	0.000431265	0.000623956	0.000618123	0.000232996	7.21262e-05	0.000118918	0.000116382	0.000542155	0.000485936	0.000200875	0.000141571	0.000370469	0.000517499	0.00061482	0.000420719	0.0002322	0.000201635	0.000267654	0.000213977	7.9863e-05	0.000218832	0.000362121	0.000272617	0.00112739	0.000248131	0.000219923	0.000663809	0.000368178	0.000133141	5.66511e-05	0.000304517	0.000170264	0.00126494	0.00051119	0.00013408	0.00029987	9.83354e-05	0.000243546	0.000410159	0.000281268	0.00021597	0.000178989	0.000143275	0.000463767	0.000156016	0.000480063	0.000415726	0.000229072	8.03794e-05	0.000269314	0.000302535	0.000553306	0.000396275	0.000339849	0.000403758	0.000241096	0.000341743	0.000643676	0.000553866	0.000260512	0.000323711	0.000442083	0.000310498	0.000288571	0.000168033	0.000163807	0.000255754	0.000177924	0.000266379	0.000211706	0.000194361	0.000528736	0.000215195	0.000302945	0.000199528	0.000420973	0.000238288	0.000305381	0.000780274	0.000264621	9.7931e-05	0.000181578	0.000317857	0.000446166	0.000570662	0.000224762	0.000348534	0.000206124	0.00042927	0.000110693	0.000351316	0.000446325	0.000445703	0.000263633	0.000158239	0.000662191	0.000222667	0.00050851	0.000220617	0.000129677	0.000357524	0.00105331	0.000178453	0.000366668	0.000179331	0.000295019	0.0	0.00028577	0.000110603	0.000449639	0.000583896	0.000538072	0.000295135	0.000386286	0.00043457	0.000967395	0.000167077	0.000440792	0.00018985	0.000105089	0.000630381	0.000273704	0.000352749	0.000446463
PWY-8134: bile acid 7&beta;-dehydroxylation	2.51451e-05	0.0	0.0	0.0	0.0	0.0	0.0	0.0	0.0	0.0	0.0	0.0	0.0	0.0	0.0	0.0	0.0	0.0	0.0	0.0	0.0	0.0	0.0	0.0	0.0	0.0	0.0	0.0	0.0	0.0	0.0	0.0	0.0	1.37686e-05	0.0	0.0	0.0	0.0	0.0	0.0	0.0	0.0	0.0	0.0	0.0	0.0	0.0	0.0	0.0	0.0	0.0	0.0	0.0	0.0	0.0	0.0	0.0	0.0	0.0	0.0	0.0	0.0	0.0	0.0	0.0	0.0	0.0	0.0	0.0	0.0	0.0	0.0	0.0	0.0	0.0	0.0	0.0	0.0	0.0	0.0	0.0	0.0	0.0	0.0	0.0	0.0	0.0	0.0	0.0	0.0	0.0	0.0	0.0	0.0	0.0	0.0	0.0	0.0	0.0	0.0	0.0	0.0	0.0	0.0	0.0	0.0	0.0	0.0	0.0	0.0	0.0	0.0	0.0	0.0	0.0	0.0	8.03671e-05	0.0	0.0	0.0	0.0	0.0	0.0	0.0	0.0
PWY-8178: pentose phosphate pathway (non-oxidative branch) II	0.00728747	0.00621098	0.00871268	0.00712841	0.0077484	0.00894652	0.00503249	0.00975305	0.00490841	0.00871562	0.00908159	0.00756904	0.0076452	0.00801631	0.00744398	0.00771393	0.00742175	0.00610208	0.00838281	0.00843915	0.0057775	0.00971604	0.00630178	0.00701517	0.0071279	0.00674625	0.00758622	0.00679109	0.00786123	0.00834277	0.00565431	0.00776854	0.00833064	0.00662524	0.00737178	0.00573449	0.00871534	0.00421873	0.00640976	0.00569169	0.00699291	0.00802443	0.00672743	0.00731095	0.00573014	0.00593761	0.00926543	0.00836937	0.00741916	0.00401071	0.00762158	0.0068395	0.00582317	0.00879591	0.00734037	0.00662507	0.00610193	0.0072602	0.00735807	0.00674696	0.00702228	0.0129265	0.00752787	0.00715428	0.00628788	0.00747566	0.00707234	0.00918185	0.00788407	0.00635773	0.00671271	0.00965987	0.00994727	0.007688	0.00750178	0.00574582	0.00807962	0.00951621	0.00726258	0.00684731	0.00559238	0.00801291	0.00811467	0.00684343	0.00446538	0.00749846	0.00693327	0.00731334	0.00598836	0.00551644	0.0080948	0.00891479	0.00691441	0.00637675	0.00888709	0.00695521	0.00790532	0.00619139	0.00907169	0.00766357	0.0104768	0.00713802	0.00489682	0.00906412	0.00887736	0.0090139	0.00335512	0.00577953	0.00915856	0.00894121	0.0068037	0.00770228	0.00768868	0.00560316	0.00821039	0.00737621	0.00797258	0.00641126	0.00610074	0.00760655	0.0103093	0.00511704	0.00761715	0.00717598	0.00836386
PWY-8182: valproate &beta;-oxidation	0.0	0.0	0.0	0.0	0.0	0.0	0.0	0.0	0.0	0.0	0.0	0.0	0.0	0.0	0.0	0.0	0.0	0.0	0.0	0.0	0.0	0.0	0.0	0.0	0.0	0.0	0.0	0.0	0.0	0.0	0.0	0.0	0.0	0.0	0.0	0.0	0.0	0.0	0.0	0.0	0.0	0.0	0.0	0.0	0.0	0.0	0.0	0.0	0.0	0.0	0.0	0.0	0.0	0.0	0.0	0.0	0.0	0.0	0.0	0.0	0.0	0.0	0.0	0.0	0.0	0.0	0.0	0.0	0.0	0.0	0.0	0.0	0.0	0.0	0.0	0.0	0.0	0.0	0.0	0.0	0.0	0.0	0.0	0.0	0.0	0.0	0.0	0.0	0.0	0.0	0.0	0.0	0.0	0.0	0.0	0.0	0.0	0.0	0.0	0.0	0.0	0.0	0.0	0.0	0.0	0.0	0.0	0.00024072	0.0	0.0	0.0	0.0	0.0	0.0	0.0	0.0	0.0	0.0	0.0	0.0	0.0	0.0	0.0	0.0	0.0
PWY-8187: L-arginine degradation XIII (reductive Stickland reaction)	0.00184609	0.00353109	0.00265157	0.00369252	0.00132587	0.00149981	0.00231911	0.00147289	0.00239983	0.00611537	0.00306215	0.00130784	0.000929192	0.00173321	0.00255989	0.00302291	0.00508415	0.00206511	0.00102883	0.00177284	0.00158877	0.00109962	0.00143932	0.00188587	0.00200136	0.00183451	0.00265593	0.0034165	0.00332298	0.00103156	0.0064998	0.00228303	0.00148757	0.00362674	0.00240735	0.00314324	0.00130063	0.00293332	0.00141848	0.00262907	0.00341194	0.00153611	0.00453128	0.00139737	0.00167457	0.00248869	0.00159357	0.00303574	0.00236592	0.0023207	0.00333137	0.00704966	0.00465131	0.0018355	0.00175277	0.00181888	0.00601961	0.00676798	0.00470791	0.00390001	0.00127223	0.00085316	0.00369857	0.00172526	0.00164313	0.00078643	0.0014368	0.00359735	0.00215232	0.00102331	0.00173619	0.000901389	0.00084675	0.00112359	0.000931593	0.00172992	0.00311065	0.00114072	0.00175611	0.00491332	0.00135411	0.00265949	0.00121889	0.0031626	0.00263578	0.002916	0.00180498	0.00272126	0.00236605	0.00190084	0.000585188	0.00178599	0.00309928	0.0024803	0.00221568	0.0031745	0.00342245	0.00171713	0.00277814	0.00174708	0.00119502	0.00290274	0.00189331	0.00342408	0.00214501	0.00104286	0.000202497	0.000722217	0.00211819	0.00116643	0.00256243	0.00126825	0.00103807	0.00295156	0.003075	0.00511632	0.00272096	0.00106354	0.00695894	0.00338826	0.00240205	0.00293326	0.0026097	0.00172551	0.00176776
PWY-8188: L-alanine degradation VI (reductive Stickland reaction)	0.000247841	0.0	3.8865e-05	0.000204769	0.0	4.40607e-05	9.00382e-05	0.0	6.33918e-05	3.45555e-05	3.52018e-05	0.0	9.21056e-05	0.000236587	4.23242e-05	7.32818e-05	0.000239259	7.78179e-05	0.0	0.0	0.000206837	9.12921e-05	9.70551e-05	0.0	2.81614e-05	3.55054e-05	7.23298e-05	0.0	9.7173e-05	0.0	0.0	4.3869e-05	7.40934e-05	0.000116952	6.08835e-05	7.10747e-05	2.75189e-05	0.0	0.000101186	2.08101e-05	4.52172e-05	7.03912e-05	0.000145493	6.52113e-05	0.0	0.0	0.0	0.0	0.000103088	0.0	0.000226317	0.000153217	0.0	8.87927e-05	2.60417e-05	7.19202e-05	0.0	0.000114282	0.0	0.00012099	0.0	0.0	9.79287e-05	0.0	0.0	0.0	0.0	3.81847e-05	5.47491e-05	5.56737e-05	0.0	0.0	0.0	0.0	0.0	0.000131151	0.0	0.0	4.30193e-05	3.03396e-05	0.0	0.0	4.53473e-05	0.0	0.0	4.91092e-05	0.000206335	4.52445e-05	3.58132e-05	0.0	0.0	0.0	0.0	0.000180641	0.0	4.03579e-05	0.00014717	0.0	7.65425e-05	0.000211697	0.000118989	0.00016906	6.07711e-05	0.0	0.000170209	0.0	0.0	0.0	0.0	0.0	0.0	0.0	0.0	0.0	3.69137e-05	0.0	0.0	0.0	4.13015e-05	4.31294e-05	0.0	9.33631e-05	0.0	8.3998e-05	4.44692e-05
PWY-8189: L-alanine degradation V (oxidative Stickland reaction)	0.000247841	0.0	3.8865e-05	0.000204769	0.0	4.40607e-05	9.00382e-05	0.0	6.33918e-05	3.45555e-05	3.52018e-05	0.0	9.21056e-05	0.000236587	4.23242e-05	7.32818e-05	0.000239259	7.78179e-05	0.0	0.0	0.000206837	9.12921e-05	9.70551e-05	0.0	2.81614e-05	3.55054e-05	7.23298e-05	0.0	9.7173e-05	0.0	0.0	4.3869e-05	7.40934e-05	0.000116952	6.08835e-05	7.10747e-05	2.75189e-05	0.0	0.000101186	2.08101e-05	4.52172e-05	7.03912e-05	0.000145493	6.52113e-05	0.0	0.0	0.0	0.0	0.000103088	0.0	0.000226317	0.000153217	0.0	8.87927e-05	2.60417e-05	7.19202e-05	0.0	0.000114282	0.0	0.00012099	0.0	0.0	9.79287e-05	0.0	0.0	0.0	0.0	3.81847e-05	5.47491e-05	5.56737e-05	0.0	0.0	0.0	0.0	0.0	0.000131151	0.0	0.0	4.30193e-05	3.03396e-05	0.0	0.0	4.53473e-05	0.0	0.0	4.91092e-05	0.000206335	4.52445e-05	3.58132e-05	0.0	0.0	0.0	0.0	0.000180641	0.0	4.03579e-05	0.00014717	0.0	7.65425e-05	0.000211697	0.000118989	0.00016906	6.07711e-05	0.0	0.000170209	0.0	0.0	0.0	0.0	0.0	0.0	0.0	0.0	0.0	3.69137e-05	0.0	0.0	0.0	4.13015e-05	4.31294e-05	0.0	9.33631e-05	0.0	8.3998e-05	4.44692e-05
PWY-8190: L-glutamate degradation XI (reductive Stickland reaction)	0.0	0.0	0.0	6.22215e-05	0.000293575	5.83504e-05	0.0	7.71234e-06	0.0	0.0	0.0	0.0	8.52703e-06	0.0	0.0	0.0	0.0	0.000226631	7.16192e-06	0.00025014	3.02695e-05	0.0	6.92914e-06	3.4919e-05	4.37944e-06	0.0	0.0	3.13924e-05	0.0	2.24602e-05	0.000294113	4.30105e-05	0.0	1.55885e-05	0.0	0.0	0.0	2.9597e-05	0.0	0.0	1.29164e-05	0.0	0.0	0.0	0.0	9.72806e-06	0.0	6.14852e-06	0.0	3.3997e-05	3.94609e-05	0.0	0.0	0.0	3.28056e-05	0.0	2.3622e-05	1.74935e-05	0.0	0.0	0.0	0.0	0.0	0.0	0.0	1.71616e-05	0.0	1.77519e-05	6.27839e-06	0.0	0.0	0.0	1.86711e-05	0.0	0.0	0.00019228	0.0	0.0	3.58623e-05	4.79326e-05	0.000281125	0.0	0.0	0.0	0.0	0.0	0.0	1.0375e-05	1.8939e-05	1.73448e-05	2.88681e-05	0.0	0.0	0.0	2.36714e-06	0.0	2.12742e-05	0.0	7.06809e-05	0.0	0.0	0.0	0.0	0.0	0.0	0.0	0.0	0.0	1.92839e-05	0.0	0.0	0.0	2.73159e-05	0.0	0.0	0.000119954	6.60229e-05	1.56866e-05	0.0	1.04863e-05	0.0	0.0	0.00071797	5.05294e-05	1.63044e-05
PWY-821: superpathway of sulfur amino acid biosynthesis (Saccharomyces cerevisiae)	0.0	2.80473e-05	5.29789e-05	0.000523353	0.00016198	0.000108176	3.21118e-05	0.000313624	4.66555e-05	0.0	0.0	0.0	0.000104545	0.0	0.000433934	0.000273711	0.0	0.0	5.3386e-05	0.000347272	0.00062452	0.0	0.000341103	0.00111252	0.000104365	0.00130063	0.0	0.00133782	0.0	0.000168564	0.000327967	0.000958557	0.0	0.000177225	0.0	3.50588e-05	3.24345e-05	8.28754e-05	0.0	7.44347e-05	2.90289e-05	0.0	0.000158871	0.0001020219999999	0.000432227	0.00233553	9.0869e-05	0.00028703	0.000222225	0.000107264	0.000287384	0.000146853	8.45569e-05	0.0	0.0022716	0.0	0.000183696	7.42951e-05	0.0	0.000147365	0.0	0.0	0.0	0.00160972	0.00125784	0.000329296	5.32146e-05	5.98587e-05	0.000401832	0.000113776	0.0	4.29296e-05	0.000589645	0.0007288	0.0	0.000476019	0.0	0.0005104	0.000407522	0.000786955	0.0	0.0	0.0	0.000130513	0.0	4.93931e-05	9.20028e-05	0.000196401	8.5261e-05	0.000353101	0.000163968	9.90934e-05	0.0	0.0	0.000135803	0.0	0.000552909	0.000274434	0.000140198	0.0	0.0	0.000104057	0.000127548	0.0	0.0	0.000111996	0.0	0.0	0.000235126	0.0	0.00248557	0.000361755	0.0	0.0	0.0	0.000268439	0.000931162	0.00021303	0.000123129	0.000618036	0.0	5.72173e-05	0.000297709	0.0	0.000214728
PWY-822: fructan biosynthesis	3.40611e-05	1.02778e-05	0.0	3.66048e-05	0.0	0.000156819	5.40631e-05	1.83768e-05	0.0	0.0	0.0	0.0	0.0	3.44744e-05	0.0	1.3866e-05	0.0	0.0	0.0	0.0	0.0	0.0	3.96876e-05	3.76893e-05	0.0	7.57548e-06	0.0	0.0	0.0	9.68453e-06	0.0	4.63705e-05	3.24756e-05	0.0	0.0	0.0	0.0	2.46585e-05	7.54915e-06	0.0	0.0	5.34452e-06	0.0	3.02507e-05	0.0	1.60376e-05	4.65379e-05	2.92997e-05	5.06502e-05	0.0	0.0	0.0	0.0	0.0	5.07055e-06	0.0	0.0002088	0.0	0.0	0.0	8.77971e-06	9.56278e-05	6.79553e-05	0.000149951	0.0	5.56728e-06	0.0	0.0	2.58599e-05	2.05598e-05	0.0	0.0	3.95566e-05	3.96068e-05	0.000115236	0.000254158	2.61402e-05	1.13015e-05	2.62431e-05	6.75433e-05	0.0	2.65712e-05	0.0	0.0	0.0	0.0	0.0	0.0	3.66424e-05	0.0	2.87662e-05	0.0	2.98725e-05	0.0	7.00657e-05	9.80284e-06	1.17805e-05	0.0	0.0	1.50168e-05	0.0	0.0	1.01104e-05	0.0	0.0	1.3495e-05	0.0	0.0	0.0	2.70937e-05	0.0	0.0	0.000119116	1.30716e-05	0.0	0.000248656	0.0	1.97387e-05	0.0	0.0	0.0	0.0	0.0	0.0	1.52112e-05
PWY-841: superpathway of purine nucleotides de novo biosynthesis I	0.00612406	0.00515903	0.00491659	0.00613018	0.00864638	0.0061332	0.00694615	0.00378011	0.00719418	0.00417628	0.00721685	0.00485347	0.00599561	0.00471162	0.00720022	0.00436528	0.00643369	0.00766321	0.00438194	0.00557185	0.00575713	0.00684923	0.00742263	0.00717125	0.00730012	0.0050427	0.00651103	0.00581074	0.00721315	0.00511499	0.00607657	0.00534437	0.00571999	0.00795664	0.00647483	0.00742047	0.00603769	0.00647643	0.00464383	0.00363811	0.00669387	0.00467843	0.0066364	0.00462663	0.00315349	0.004572	0.00597885	0.00566438	0.00642896	0.00556729	0.00719179	0.00744489	0.00482679	0.00675149	0.00430463	0.00723643	0.00594371	0.00524303	0.00818131	0.0058373	0.00436907	0.00481816	0.00579286	0.00563611	0.00468649	0.00709912	0.00504209	0.00559012	0.00641318	0.00501657	0.00695086	0.00569278	0.00396979	0.0041539	0.00726091	0.00579587	0.00459292	0.00468972	0.00459453	0.00633393	0.00542619	0.00718451	0.00483372	0.00436943	0.00290375	0.00606911	0.00548378	0.0069819	0.00537544	0.00711235	0.00415956	0.005449	0.00520506	0.00747315	0.00541634	0.00517303	0.0050774	0.00588307	0.00532285	0.00630777	0.00539845	0.00743662	0.00556639	0.00606349	0.00711412	0.00456681	0.00678051	0.00545045	0.00467985	0.00527582	0.00455275	0.00543569	0.0035974	0.00913032	0.00603666	0.00541566	0.00603274	0.00477577	0.00587278	0.00407222	0.00704044	0.00711041	0.00727316	0.00566864	0.00565003
PWY-922: mevalonate pathway I (eukaryotes and bacteria)	2.81962e-05	0.0	0.0	0.0	0.0	0.000131288	0.000240926	1.99675e-05	0.0	0.0	0.0	0.0	0.0	1.93007e-05	0.0	3.81271e-05	0.0	0.0	0.0	0.0	0.0	0.0	3.20544e-05	0.0	0.0	0.0	0.0	0.0	0.0	4.24428e-05	3.12265e-05	2.62348e-05	0.0	1.94856e-05	0.0	0.0	0.0	5.02154e-05	0.0	0.0	0.0	1.27694e-05	0.0	0.0	0.0	1.14632e-05	3.99384e-05	2.28089e-05	1.26854e-05	8.1441e-05	0.000142857	2.33521e-05	3.61287e-05	2.78689e-05	0.0	0.0	0.000182832	1.02321e-05	0.0	0.0	0.0	0.0	0.000166564	0.0	0.0	0.0	0.0	1.3654e-05	2.52592e-05	0.0	3.0015e-05	0.0	0.0	1.82742e-05	0.0	0.000236324	0.0	0.0	0.0	0.0	0.0	0.0	0.0	0.0	0.0	0.0	0.0	4.02586e-05	2.50224e-05	0.0	0.0	0.0	3.36203e-05	7.5312e-05	1.6382e-05	0.0	4.08931e-05	0.0	0.0	0.0	0.0	0.0	0.0	0.0	0.0	0.0	0.0	0.0	3.88711e-05	0.0	0.0	0.0	4.5522e-05	0.0	0.0	0.000319297	0.0	1.41106e-05	0.0	0.0	0.0	1.01944e-05	0.0	0.0	0.0
PWY-I9: L-cysteine biosynthesis VI (from L-methionine)	0.00153179	0.00230669	0.00106305	0.00132061	0.00121766	0.00147267	0.00233803	0.00299362	0.00116034	0.00227037	0.00213305	0.00137982	0.00105425	0.00175786	0.00284514	0.00112725	0.000461315	0.000748699	0.00122755	0.00047681	0.00208186	0.0018898	0.000832983	0.0017965	0.000472874	0.00152233	0.000921846	0.00206711	0.00160267	0.00106295	0.000794362	0.00184428	0.000871987	0.000844929	0.00168319	0.000815001	0.00178081	0.00143603	0.00103163	0.00200102	0.0016028	0.00230012	0.00110205	0.00114779	0.00133682	0.00368766	0.00362739	0.00125322	0.000878793	0.00152239	0.00108675	0.00164891	0.00112765	0.000744163	0.00389669	0.000909426	0.00156217	0.00183954	0.00206975	0.00078211	0.00113193	0.00111439	0.00172699	0.00165374	0.00270893	0.00123123	0.00088206	0.000997474	0.00232781	0.00144509	0.000649105	0.00100436	0.00109421	0.00195315	0.00106586	0.00304071	0.00208476	0.00196633	0.00121437	0.00205165	0.00128414	0.00168817	0.000481486	0.00108929	0.00115271	0.0012433	0.00137032	0.00153834	0.000605439	0.000902568	0.00134187	0.000817197	0.0015544	0.00142989	0.00177469	0.00123826	0.00213787	0.0015068	0.00139869	0.00117234	0.000649844	0.000884551	0.00264191	0.000825566	0.00140925	0.00398382	0.000925803	0.00045314	0.00109152	0.00126105	0.00345233	0.00191024	0.00388925	0.000793518	0.00105158	0.00285086	0.00166549	0.00124944	0.000605882	0.00106803	0.00123381	0.000942812	0.00143896	0.00166814	0.000709294
PWY0-1061: superpathway of L-alanine biosynthesis	0.000325444	0.000646324	0.00287003	0.00240909	0.000533932	0.00295992	0.000923862	0.00166405	0.000377592	0.00193303	0.00362496	0.000779802	0.000882167	0.000776829	0.0	0.000590146	0.00175735	0.00178314	0.00229874	0.00147262	0.00089674	0.00351698	0.000121738	0.00112189	0.0	0.00127771	0.0010947	0.00074006	0.000569084	0.00165229	0.00250824	0.00160803	0.000482104	0.000513454	0.00104395	0.00225188	0.00229362	8.85206e-05	0.000216328	0.000654256	0.00242813	0.00248391	0.00109314	0.00322791	0.00194242	0.00162918	0.00368691	0.00152092	0.00265941	2.99955e-05	0.00022601	0.000432875	0.000741131	0.00026252	0.00222521	0.00245786	0.00129944	0.000474032	0.000705369	0.000559816	0.00201965	0.000126737	0.00133173	0.00042426	0.000962532	0.000426295	0.00186845	0.000669951	0.00173519	0.00241744	0.00199076	0.00305638	0.000849833	0.00152134	0.00136015	0.000605534	0.00212067	0.00453548	0.000252924	0.000436641	0.00128768	0.00463459	0.000367902	0.00159214	0.000760366	0.00274809	0.00401842	0.000973712	0.000942607	0.00169891	0.000649606	0.000122611	0.00100708	0.00131286	0.0042564	0.000738849	0.000966184	0.000917234	0.000482363	0.00138684	0.00213868	0.000637158	0.0032737	0.00118166	0.00161164	0.00264295	0.0	0.001004	0.00244711	0.00028884	0.0015824	0.00232801	0.00261242	0.00137857	0.000240808	0.00121576	0.000691549	0.00161784	0.00170152	0.00271439	0.00485497	0.00181953	0.00338612	0.000134756	0.00299802
PWY0-1221: putrescine degradation II	0.0	0.0	0.0	0.0	0.0	0.0	0.0	2.82087e-06	0.0	0.0	0.0	0.0	0.0	0.0	0.0	0.0	0.0	0.0	0.0	0.0	4.48084e-05	0.0	6.04387e-06	5.70667e-05	9.05086e-06	4.93732e-05	0.0	9.94084e-05	0.0	0.0	3.51197e-06	6.13447e-06	0.0	0.0	0.0	0.0	0.0	0.0	0.0	0.0	0.0	0.0	0.0	0.0	0.0	0.000311306	0.0	7.01785e-06	0.0	0.0	0.0	0.0	0.0	0.0	0.000195954	0.0	0.0	0.0	0.0	0.0	0.0	0.0	0.0	0.0	7.32485e-05	2.19993e-05	0.0	0.0	0.0	0.0	0.0	0.0	0.0	5.52491e-05	0.0	0.0	0.0	0.0	3.05317e-05	6.26014e-05	0.0	0.0	0.0	0.0	0.0	0.0	0.0	0.0	0.0	6.59845e-06	0.0	0.0	0.0	3.91007e-06	0.0	0.0	0.0	0.0	0.0	0.0	0.0	0.0	0.0	0.0	0.0	0.0	0.0	0.0	0.0	0.0	0.000373606	5.04951e-06	0.0	0.0	0.0	6.0462e-06	0.0	0.0	0.0	1.49869e-05	0.0	0.0	0.0	0.0	0.0
PWY0-1241: ADP-L-glycero-&beta;-D-manno-heptose biosynthesis	0.000525165	0.000871023	0.000398373	0.000564481	0.00198101	0.00034196	0.00100598	0.000267727	0.00148986	0.00124867	0.000871838	0.000574475	0.000224551	0.000694368	0.00078043	0.000782872	0.000320925	0.000658615	0.000254583	0.00104907	0.00060177	0.000165279	0.000437215	0.000642841	0.000784585	0.00149705	0.000356697	0.000509693	0.00299851	0.00150322	0.000682449	0.000917054	0.000331712	0.000529297	0.000410492	0.000307334	0.00077474	0.000149146	0.000443277	0.00132211	7.43248e-05	0.000388894	0.000440752	0.000400451	0.000398938	0.000886909	0.000131633	0.000765462	0.000193048	0.000117609	0.000601964	0.00041037	0.000692156	0.00104622	0.00116111	0.000558938	0.000430178	0.00101782	0.00033318	0.000797093	0.000604307	0.000432347	0.000465901	0.000473069	0.00120988	0.000540732	0.000442528	0.00146706	0.000552767	0.000559229	0.000129638	0.000239955	0.000673602	0.000552487	0.00025786	0.000392995	0.000449697	7.40837e-05	0.000515798	0.000266849	0.000528867	0.000509145	0.000424901	0.000320632	0.000120427	0.000493209	0.000501495	0.000706621	0.000484157	0.000273434	0.000495414	0.000545194	0.000431188	0.000732213	0.0002437	0.0013844	0.000345107	0.000377156	0.000283393	0.000429854	0.000575201	0.000193815	0.000274829	0.000449095	0.000872774	0.000216517	0.00150295	0.000563325	0.000395419	0.000179631	0.000818756	0.000302806	0.000279704	0.000390728	0.000520842	0.000358181	0.00429437	0.000306324	0.00101687	0.00043457	0.000667172	0.000206692	0.0013038	0.000449066	0.000525837
PWY0-1261: anhydromuropeptides recycling I	0.00216417	0.00272697	0.0011893	0.00170068	0.00125437	0.00126538	0.000579612	0.000922769	0.00229469	0.00110112	0.000830775	0.00223915	0.000870762	0.00194932	0.00140749	0.00193385	0.000761202	0.00128241	0.00166048	0.0010057	0.00172959	0.00101081	0.00176854	0.00151666	0.0028095	0.00216516	0.00208097	0.00138788	0.00140728	0.00198194	0.00117044	0.00228701	0.00127577	0.00108764	0.00249238	0.00170747	0.00168039	0.00067544	0.00184577	0.00238655	0.00102432	0.00122937	0.00172079	0.00158662	0.00113868	0.00283491	0.00053576	0.00152791	0.00273878	0.00105514	0.00259636	0.00106343	0.00213721	0.000907104	0.00258306	0.00188011	0.00165829	0.00247595	0.000487197	0.00109239	0.00024472	0.00063536	0.00085692	0.00139305	0.00245498	0.00139532	0.00119495	0.00126114	0.00203733	0.00154193	0.00214972	0.000772113	0.000374702	0.0012027	0.000670032	0.000393814	0.00109578	0.000367217	0.00248988	0.000950821	0.000547326	0.00145336	0.000379684	0.000925889	0.000650811	0.00121457	0.00178086	0.00289455	0.00180962	0.00252715	0.000954603	0.00149106	0.00243695	0.00218946	0.000410319	0.00174265	0.00116376	0.00185477	0.00095792	0.0020963	0.00279297	0.000930159	0.00083854	0.000714655	0.00176124	0.000548799	0.00348611	0.000506892	0.00104015	0.00195743	0.00297915	0.000864016	0.000775488	0.000383085	0.000534262	0.00130944	0.00201445	0.0014654	0.00220176	0.00194244	0.00114764	0.00214641	0.00129952	0.00244647	0.000504028
PWY0-1277: 3-phenylpropanoate and 3-(3-hydroxyphenyl)propanoate degradation	0.0	0.0	0.0	0.0	2.27677e-05	0.0	0.0	4.81631e-05	0.0	0.0	0.0	0.0	0.0	0.0	0.0	0.0	0.0	0.0	0.0	0.0	0.000380098	0.0	7.73802e-05	0.000457795	0.0	0.000462739	0.0	0.000587063	0.0	0.0	3.94517e-05	0.000209631	0.0	0.0	0.0	0.0	9.3618e-06	0.0	0.0	0.0	1.58823e-05	0.0	9.52112e-06	0.0	0.000124456	0.00279179	0.0	7.37041e-05	0.0	0.0	0.0	2.58131e-05	0.0	0.0	0.00176062	0.0	0.0	0.0	0.0	0.0	0.0	0.0	0.0	0.000137452	0.000727296	0.000139973	0.0	0.0	0.0	0.0	0.0	0.0	4.41208e-05	0.000443865	0.0	9.27395e-05	0.0	0.0	0.000164208	0.000374101	0.0	0.0	0.0	0.0	0.0	0.0	0.0	0.0	0.0	8.42576e-05	0.0	0.0	0.0	2.9266e-05	0.0	0.0	0.0	0.0	0.0	0.0	0.0	0.0	0.0	0.0	0.0	0.0	0.0	0.0	0.0	0.0	0.00201469	1.27404e-05	0.0	0.0	0.0	0.0	0.0	4.95045e-06	0.0	5.35365e-05	0.0	0.0	0.0	0.0	0.0
PWY0-1296: purine ribonucleosides degradation	0.00672705	0.00815599	0.0100741	0.00685787	0.00755258	0.00883923	0.00821224	0.0104119	0.00612248	0.0108041	0.00769828	0.00699718	0.0100423	0.00925799	0.00622816	0.0107869	0.0115859	0.00840479	0.00860247	0.00701754	0.0076671	0.0102715	0.00888829	0.00687754	0.00495502	0.00709972	0.00769921	0.00698744	0.00488871	0.0102673	0.012436	0.00795604	0.0105645	0.00603126	0.00729702	0.00936454	0.0101067	0.00662585	0.00684942	0.0104201	0.00810946	0.00822972	0.00797811	0.0114255	0.0142498	0.00624476	0.00952572	0.0155957	0.0086371	0.00896624	0.00587718	0.0120403	0.0117136	0.00996113	0.00655385	0.00780779	0.0106596	0.0110375	0.00816708	0.0104981	0.00674408	0.00829789	0.00973384	0.0083506	0.00750063	0.0119645	0.0156171	0.0108871	0.0066779	0.00925711	0.0106928	0.00969699	0.0109244	0.00766187	0.010402	0.0102272	0.0136004	0.0115167	0.00825079	0.00710917	0.00851932	0.0098038	0.0114538	0.0135481	0.0185134	0.0100987	0.00715193	0.0056427	0.0114571	0.00755547	0.0088878	0.00982728	0.00765971	0.00780155	0.00897392	0.00917512	0.00718888	0.00914114	0.0123076	0.00809306	0.0123185	0.00555866	0.00405395	0.0153714	0.00908178	0.0102184	0.0049143	0.006883	0.00929556	0.0106112	0.00623765	0.0091835	0.00910326	0.0111223	0.0110554	0.00814262	0.00472862	0.00894295	0.0132269	0.00838057	0.00991131	0.00542796	0.00959026	0.0102505	0.0101505
PWY0-1297: superpathway of purine deoxyribonucleosides degradation	0.00150776	0.00187425	0.000763558	0.000513935	0.000349148	0.000814733	0.00123582	0.00554227	0.000468175	0.00076158	0.000589354	0.000808033	0.00175516	0.00156246	0.000719249	0.000565154	0.00128364	0.000448195	0.000494993	0.000402049	0.00152879	0.000599429	0.00110283	0.00126026	0.000594595	0.00224331	0.000424241	0.00173689	0.000878738	0.000156021	0.000238526	0.00100892	0.00537826	0.000642921	0.000315377	0.000493572	0.000442703	0.000791484	0.000657144	0.000405095	0.00144834	0.000490923	0.000616962	0.000629736	0.000547869	0.00455989	0.00058713	0.000658526	0.000476881	0.000753869	0.00114729	0.00371126	0.00109618	0.00430608	0.00335516	0.000287302	0.000742301	0.000374975	0.00081183	0.000577994	0.000569048	0.000501702	0.00119577	0.00155765	0.00186409	0.00388073	0.000300609	0.000892032	0.00061306	0.00077216	0.00041133	0.000394097	0.0038982	0.00106796	0.000949249	0.00180531	0.000310668	0.000717101	0.000608724	0.00153294	0.000406699	0.000385775	0.000150189	0.000437102	0.000984172	0.000518913	0.00072029	0.000416357	0.000612452	0.000298783	0.000391214	0.000647597	0.00117836	0.0011075	0.000672309	0.000297438	0.000999952	0.000328273	0.000643979	0.000322884	0.000322427	0.00431397	0.000358502	0.00241146	0.000807868	0.000345523	0.000384345	0.000190814	0.000610364	0.000648041	0.00338474	0.000472692	0.00107163	0.000215909	0.000217767	0.00165763	0.00108716	0.000495326	0.00098266	0.00445907	0.00032846	0.000151957	0.000138916	0.000347948	0.000554584
PWY0-1298: superpathway of pyrimidine deoxyribonucleosides degradation	0.0010065	0.000178299	0.000281691	0.000579214	0.000907084	0.000262449	0.00053281	0.000693486	0.000261542	0.000440775	0.00147094	9.63198e-05	0.00024369	0.000379229	0.00190719	0.000780504	0.000394241	0.000231648	6.73312e-05	0.000342939	0.00104693	0.00123366	0.000346786	0.00135213	0.000267667	0.00156835	0.00044621	0.00179565	0.00042562	0.000661949	0.000696494	0.00129875	0.00025013	0.000546014	0.00118278	0.00020408	0.00111907	9.1783e-05	0.000117443	0.000321813	0.000128875	0.000726584	0.000344641	0.000507174	0.000753037	0.00381858	0.00112254	0.000619915	0.000586848	0.000164634	0.00074859	0.0023915	0.000754226	0.000523615	0.00267513	0.00060646	0.000247024	0.000579909	0.00022051	0.00056816	9.6594e-05	0.000188307	0.000385249	0.000865294	0.00152364	0.000694588	0.000340315	0.000565569	0.00104004	0.000298923	0.000179967	0.000328491	0.000235114	0.00111324	0.000296632	0.00188417	0.000532748	0.000950631	0.000643696	0.000993617	0.000197877	0.000594886	8.69991e-05	0.000913051	0.000458256	0.000164282	0.000374789	0.000189764	0.000224124	0.0004516	0.000774024	7.01423e-05	0.000308593	0.000554682	0.000634699	0.000342929	0.00129744	0.00050997	0.000654172	0.00024656	0.000111242	0.00108549	0.000201516	0.00172173	0.000586208	0.00122899	0.000334208	0.000137675	0.000820962	0.000369708	0.0028531	0.000627626	0.00044074	0.000597009	0.000637828	0.000459798	0.00132016	0.000259273	0.000730753	0.0012546	0.000318919	0.000152517	6.75463e-05	0.000633412	0.000239884
PWY0-1319: CDP-diacylglycerol biosynthesis II	0.00974297	0.00978598	0.0105933	0.00970451	0.00814163	0.0101742	0.00859368	0.0108093	0.00856145	0.00981499	0.0093466	0.00823356	0.0115411	0.0101037	0.0094046	0.00956072	0.00958207	0.0100217	0.00997742	0.00921755	0.00858366	0.010283	0.0106875	0.00863207	0.00973229	0.00812182	0.00931461	0.00740029	0.00857708	0.0112715	0.0094756	0.00898486	0.0118758	0.0103978	0.00986746	0.00941569	0.00986689	0.0101498	0.00841643	0.00893636	0.00849932	0.00813926	0.00802269	0.00866572	0.00931934	0.00529921	0.00927664	0.00950165	0.0101248	0.0100451	0.00935361	0.00745878	0.00799076	0.00990612	0.00625445	0.00880748	0.00825058	0.00955355	0.00911354	0.0105958	0.0127958	0.00941609	0.00932938	0.00751451	0.00767346	0.009714	0.00935296	0.0106985	0.00934958	0.00844689	0.0101387	0.0102152	0.00950344	0.00748891	0.0100503	0.0108847	0.0118008	0.0102138	0.00966771	0.00675515	0.00800399	0.0102535	0.00774179	0.00918691	0.0116233	0.00807961	0.0079854	0.0092508	0.00942629	0.00875019	0.0104339	0.0100897	0.00876097	0.00839917	0.00890677	0.00875959	0.009078	0.00973951	0.0086032	0.00997364	0.00958451	0.0104546	0.00794793	0.00647135	0.0093959	0.00944477	0.0110018	0.00798871	0.00936388	0.00903282	0.00484124	0.00951967	0.00852143	0.00723723	0.00854493	0.00788081	0.00541222	0.00904556	0.00890902	0.0074937	0.0101164	0.00892442	0.00902494	0.00926362	0.00863517
PWY0-1337: oleate &beta;-oxidation	0.0	0.0	0.0	9.32318e-05	1.08294e-05	0.0	0.0	2.96568e-05	0.0	0.0	0.0	0.0	0.0	0.0	0.0	0.0	0.0	0.0	0.0	0.0	4.28026e-05	0.0	2.09251e-05	0.000119982	0.0	8.77631e-05	0.0	0.000351435	0.0	5.51814e-05	2.13999e-05	0.00012396	0.0	4.65533e-05	0.0	0.0	0.0	0.0	0.0	0.0	3.85407e-06	0.0	2.35835e-05	0.0	0.0	0.000251703	0.0	1.17347e-05	0.0	0.0	8.63015e-05	0.0	0.0	0.0	0.000227542	0.0	0.0	0.0	0.0	1.70313e-05	0.0	0.0	0.0	0.0	7.46947e-05	3.09884e-05	0.0	0.0	3.51162e-05	0.0	0.0	0.0	0.0	0.000113386	0.0	0.000136732	0.0	0.0	3.66607e-05	2.48301e-05	0.0	0.0	0.0	0.0	0.0	0.0	0.0	4.22632e-05	0.0	1.64062e-05	0.0	0.0	0.0	0.0	0.0	0.0	0.000206573	0.0	0.0	0.0	0.0	0.0	0.0	0.0	0.0	0.0	0.0	0.0	0.0	0.0	0.000326476	1.23299e-05	0.0	0.0	0.0	0.0	0.000253346	2.02011e-05	0.0	8.69587e-05	0.0	0.0	0.0	0.0	0.0
PWY0-1338: polymyxin resistance	0.0	0.0	0.0	0.000126022	0.0	0.0	0.0	2.57226e-05	0.0	0.0	0.0	0.0	1.31975e-05	0.0	0.0	0.0	0.0	0.0	0.0	0.0	0.000145378	0.0	2.86408e-05	0.000165798	3.49816e-05	0.000192278	0.0	0.000343846	0.0	2.92522e-05	1.01471e-05	0.000163847	0.0	5.38441e-05	0.0	0.0	0.0	0.0	0.0	0.0	0.0	0.0	0.0	0.0	7.35848e-05	0.000737933	0.0	3.54217e-05	0.0	0.0	5.07321e-05	0.0	0.0	0.0	0.00062164	0.0	1.08826e-05	0.0	0.0	0.0	0.0	0.0	0.0	8.36122e-05	0.000373336	5.03336e-05	0.0	0.0	4.90592e-06	0.0	0.0	0.0	1.88893e-05	0.000254859	0.0	8.33602e-05	0.0	0.0	6.51898e-05	5.07273e-05	0.0	0.0	0.0	0.0	0.0	0.0	0.0	3.2753e-05	0.0	5.578e-05	3.70102e-05	0.0	0.0	0.0	0.0	0.0	0.000208495	1.30368e-05	0.0	0.0	0.0	0.0	0.0	0.0	0.0	0.0	0.0	0.0	0.0	0.0	0.000788142	0.0	0.0	0.0	0.0	0.0	0.000290922	6.39486e-05	0.0	7.88395e-05	0.0	0.0	0.0	0.0	0.0
PWY0-1415: superpathway of heme b biosynthesis from uroporphyrinogen-III	4.10928e-05	0.0	0.0	0.000200121	3.14295e-05	5.1619e-05	0.0	2.98143e-05	0.0	1.23961e-05	2.51226e-05	0.0	3.827e-05	0.0	6.301e-05	5.32933e-05	0.0	0.0	0.0	0.0	0.000298491	0.0	5.11263e-05	0.000380734	8.44964e-05	0.000448778	0.0	0.00090826	6.25915e-05	7.23446e-05	4.62212e-05	0.000293005	1.5727e-05	0.000119768	0.0	0.0	0.0	5.06397e-05	0.0	0.0	6.04338e-06	4.09442e-06	1.88385e-05	0.0	0.000151404	0.00158908	0.0	0.000114404	0.0	8.55098e-05	0.000195179	0.0	0.0	0.0	0.00143954	1.94066e-05	4.90025e-05	1.84673e-05	6.34617e-05	8.72134e-05	0.0	0.0	0.0	0.00015318	0.000812703	8.15292e-05	1.33656e-05	2.51891e-05	2.42982e-05	0.0	0.0	2.4303e-05	7.21927e-05	0.000353183	0.0	0.000248574	0.0	1.06996e-05	4.01242e-05	0.000302756	0.0	0.0	0.0	0.0	0.0	0.0	5.797e-05	8.65613e-05	3.2415e-05	9.73224e-05	7.28216e-05	0.0	0.0	5.99297e-05	1.83271e-05	0.0	0.000280019	2.17364e-05	0.0	0.0	0.0	3.16085e-05	0.0	0.0	2.75878e-05	4.73197e-05	0.0	0.0	5.69187e-05	0.0	0.00152807	6.16767e-05	1.52671e-05	0.0	0.0	0.0	0.000614162	1.50031e-05	0.0	0.000161701	2.24303e-05	0.0	3.68861e-05	0.0	0.000111395
PWY0-1477: ethanolamine utilization	0.00244392	0.000925478	0.000903011	0.0015757	0.000600117	0.000918028	0.000762833	0.00117338	0.000786866	0.000799745	0.000651118	0.000302606	0.000637315	0.00050456	0.00106162	0.000779776	0.000944495	0.00113461	0.000263264	0.000248212	0.00108862	0.000709714	0.000697527	0.00141735	0.00150718	0.001461	0.000738961	0.00161568	0.000995357	0.000979622	0.000975481	0.000638599	0.000616902	0.00268867	0.000401898	0.000704673	0.000189479	0.000375479	7.97857e-05	0.000752859	0.000429831	0.000314257	0.000290379	0.000295942	0.00162617	0.00450553	0.00088397	0.000927174	0.000872487	0.000402155	0.00239084	0.00188758	0.0019007	0.000285642	0.00433561	0.000615444	0.000666907	0.00129915	0.000342087	0.000963851	0.000488828	0.000571149	0.000801318	0.00161194	0.0024624	0.000501599	0.000799277	0.000873328	0.000518156	0.000254561	0.000291744	0.000519309	0.00031961	0.00140178	0.000217727	0.00131128	0.000793174	0.000714429	0.000814623	0.00303002	0.000227607	0.000402785	0.000123289	0.000638172	0.000506636	0.00159099	0.00105108	0.000523913	0.000682371	0.00102323	0.00100162	0.000974659	0.000423664	0.00144222	0.000110967	0.00107086	0.00146637	0.000716952	0.000573402	0.000824152	0.000217419	0.00330213	0.00102819	0.00230929	0.000626474	0.000109749	0.000640379	0.000556795	0.000541101	0.000211635	0.00509045	0.000613048	0.000150919	0.000141239	0.000609423	0.000748555	0.00213959	0.000224143	0.00214875	0.00297212	0.000154724	0.000563924	0.000297444	0.000872142	0.000498954
PWY0-1479: tRNA processing	0.000745148	0.00143419	0.000900597	0.00155033	0.000982012	0.00103173	0.00208412	0.000719451	0.000427664	0.00165418	0.000530182	0.00197937	0.000886886	0.000433151	9.6901e-05	0.00110266	0.000720309	0.000988109	0.00112315	0.00141574	0.00165182	0.00163693	0.000894679	0.00159153	0.000589213	0.0017596	0.0016547	0.00182581	0.000147835	0.00231585	0.000948201	0.00139947	0.00136174	0.000791804	0.00108803	0.00115738	0.00159476	0.000326747	0.00152619	0.00195598	0.00101953	0.00140193	0.00133717	0.00103199	0.00118359	0.00347827	0.00138562	0.00212356	0.000944212	0.000364521	0.000773423	0.000291942	0.000632671	0.00111446	0.00308762	0.000593342	0.000652154	0.00162813	0.0012381	0.00101093	0.000370714	0.000393368	0.001119	0.000813881	0.00238798	0.000561386	0.000638243	0.00170401	0.00142249	0.00042181	0.000999397	0.00163774	0.000755585	0.00183696	0.00189338	0.0013545	0.000966473	0.000817436	0.000644168	0.00121944	0.000905698	0.00126668	0.000318923	0.000816974	0.00114003	0.00118746	0.00109078	0.000809191	0.00144628	0.000869566	0.00240137	0.00191277	0.00145169	0.00210853	0.00089893	0.00120583	0.00166917	0.00112866	0.000479976	0.000527918	0.000318151	0.000896954	0.001418	0.000858173	0.00204795	0.00131662	0.000811548	0.00076916	0.00354018	0.00271482	0.00351868	0.0015971	0.00123096	0.000896737	0.000733546	0.000665715	0.00202054	0.00173681	0.000634948	0.000771304	0.000779021	0.000424576	0.0011603	0.0012464	0.0019559
PWY0-1533: methylphosphonate degradation I	0.0	0.0	0.0	5.74107e-05	0.0	0.0	0.0	2.49326e-05	0.0	0.0	0.0	0.0	0.0	0.0	0.0	0.0	0.0	0.0	0.0	0.0	3.22745e-05	0.0	0.0	4.46302e-05	0.0	4.69379e-05	0.0	9.3325e-05	0.0	3.09488e-05	0.0	3.08975e-05	0.0	5.91077e-06	0.0	0.0	0.0	0.0	0.0	6.04933e-06	0.0	0.0	0.0	0.0	0.0	0.00017185	0.0	4.02915e-05	0.0	0.0	3.87371e-05	0.0	0.0	0.0	2.22606e-05	0.0	1.83291e-05	0.0	0.0	0.0	0.0	0.0	0.0	0.0	1.82229e-05	0.0	1.1249e-05	0.0	1.60505e-05	0.0	0.0	0.0	0.0	0.0	0.0	7.52483e-06	0.0	0.0	1.32634e-05	2.66398e-05	0.0	0.0	0.0	0.0	0.0	1.24603e-05	0.0	1.8047e-05	0.0	1.76675e-05	0.0	0.0	0.0	0.0	0.0	0.0	7.41742e-05	1.34243e-05	0.0	0.0	0.0	0.0	0.0	0.0	0.0	0.0	0.0	0.0	0.0	0.0	0.0	2.32516e-05	0.0	0.0	0.0	0.0	0.00012823	7.57374e-06	0.0	8.06001e-05	0.0	0.0	0.0	0.0	0.0
PWY0-1586: peptidoglycan maturation (meso-diaminopimelate containing)	0.00817732	0.00763812	0.00765001	0.0078133	0.00696771	0.00645041	0.00671836	0.00582553	0.00815588	0.00657006	0.00882821	0.00957759	0.00659993	0.00880402	0.00890072	0.00662394	0.00541837	0.00750807	0.00652633	0.00978496	0.00745226	0.00938035	0.00772549	0.00848341	0.00897861	0.00682651	0.00774941	0.00909441	0.00889389	0.00576817	0.00581113	0.0104478	0.00527629	0.00729402	0.00851008	0.00918134	0.00784671	0.00926656	0.00936015	0.00572022	0.00700519	0.00682183	0.00760219	0.00767716	0.00716826	0.00947526	0.00747393	0.00592139	0.00870771	0.00895527	0.00667264	0.00393578	0.00333952	0.00609392	0.0105535	0.00895863	0.00548872	0.00543707	0.00850677	0.00668908	0.00635446	0.0062202	0.00603524	0.00720034	0.00826963	0.0057702	0.00521874	0.00371861	0.00953198	0.00773592	0.00666168	0.00871069	0.00490965	0.00943246	0.00709667	0.00466729	0.00429164	0.00507092	0.00809717	0.00677487	0.00675066	0.0082945	0.00785724	0.00653317	0.00691106	0.00649437	0.00663088	0.00873224	0.00613329	0.00728411	0.00724392	0.00625894	0.00776912	0.00704421	0.00635695	0.00453741	0.00762494	0.00628875	0.00679768	0.00785932	0.00699046	0.00820315	0.00856186	0.00381082	0.00738758	0.00590164	0.0100237	0.00576645	0.00722925	0.0070095	0.0101628	0.00634467	0.00695895	0.00528729	0.00639978	0.00526048	0.00719682	0.00832248	0.00515351	0.00632646	0.0071574	0.00641699	0.00778195	0.00750911	0.0077748
PWY0-162: superpathway of pyrimidine ribonucleotides de novo biosynthesis	0.00367424	0.0027472	0.00366046	0.00299315	0.0050187	0.00425662	0.00632507	0.00229406	0.00419828	0.00325775	0.0036208	0.0035345	0.00148473	0.00280996	0.00437056	0.00279384	0.00303235	0.00275301	0.00237983	0.00418865	0.00384651	0.00307916	0.00490513	0.00358853	0.00307572	0.00413583	0.0027411	0.00398689	0.00540411	0.00364886	0.0046555	0.00214901	0.00191887	0.00396378	0.00239841	0.00228418	0.00276927	0.000600082	0.00153605	0.00300519	0.00262693	0.00398021	0.00265026	0.00406288	0.00263019	0.00395133	0.00338179	0.00325909	0.00161109	0.000896731	0.003152	0.00541327	0.00412743	0.00275857	0.00325805	0.00254887	0.00325525	0.0042887	0.00289446	0.00363	0.00334258	0.0046023	0.00316439	0.00202781	0.0028135	0.00371749	0.00345575	0.00460163	0.00323294	0.00330113	0.00189096	0.00480111	0.00110771	0.00262481	0.00241666	0.00264584	0.00288	0.00286438	0.00293824	0.00520341	0.00292619	0.00307474	0.00132582	0.00335257	0.00205306	0.00478294	0.0045126	0.00319514	0.0024904	0.00371314	0.00286721	0.00424366	0.00319676	0.00362823	0.00420493	0.00441399	0.00290774	0.00419809	0.00445687	0.00297138	0.00404848	0.00406597	0.00466441	0.00508305	0.00353563	0.00307748	0.00205259	0.0031637	0.00358871	0.00261207	0.00399294	0.00270657	0.0028831	0.00263067	0.00390088	0.00393352	0.00554912	0.00374314	0.00259451	0.00335984	0.00207352	0.00532908	0.00204604	0.00302046	0.00500655
PWY0-166: superpathway of pyrimidine deoxyribonucleotides de novo biosynthesis (E. coli)	0.0	0.0	0.0	0.000547137	2.34917e-05	6.97857e-05	0.0	0.000263824	0.0	0.0	0.0	3.10929e-05	0.0	0.0	0.0	0.0	0.0	0.0	1.99256e-05	2.89564e-05	0.00104422	0.0	0.000341334	0.00119336	0.0	0.00129339	0.0	0.00119424	4.69572e-05	0.000253101	0.000221812	0.000803152	4.13941e-05	0.000351899	0.0	0.0	0.0	7.4714e-05	0.0	0.0	0.0	0.0	4.65875e-05	0.0	0.000218116	0.00285115	0.0	0.000239027	0.0	7.89643e-05	0.000499835	1.69811e-05	3.55197e-05	0.0	0.002699	0.0	6.55291e-05	0.0	0.0	0.00019702	0.0	0.0	0.0	0.000935467	0.00192262	0.000452194	0.0	0.0	6.52583e-05	0.0	0.0	0.0	0.000141493	0.00121272	0.0	0.000875537	0.0	0.0	0.000733767	0.00119276	0.0	0.0	0.0	0.0	0.0	0.0	0.0	0.000209637	1.62021e-05	0.000283122	0.000154707	0.0	0.0	2.67011e-05	0.0	7.02511e-05	0.000761676	8.2511e-05	9.22044e-05	0.0	0.0	4.04606e-05	0.0	0.0	0.0	1.84952e-05	0.0	0.0	0.0	0.0	0.00203502	0.0	0.0	0.0	0.0	0.000201687	0.00122375	7.1002e-05	0.0	0.00032133	0.0	0.0	3.09601e-05	0.0	3.98127e-05
PWY0-301: L-ascorbate degradation I (bacterial, anaerobic)	1.00082e-05	0.0	0.0001815	0.00107437	0.000111212	8.75495e-05	0.000598762	6.5337e-05	0.0	0.000914436	1.02293e-05	7.30859e-06	3.15978e-05	0.000149581	0.0	3.43874e-05	3.29611e-05	0.0	4.93615e-05	0.0	0.000246606	0.0	0.000410105	0.000380947	1.78982e-05	0.000884635	0.0	0.000857723	0.0	0.000121052	0.000357745	0.000266292	3.09519e-05	0.000117247	2.26553e-05	0.000120264	1.96563e-05	2.96111e-05	0.0	2.17074e-05	4.09139e-05	8.38916e-06	2.12976e-05	0.0	0.000218192	0.00344967	0.0	0.000289115	0.0	0.0	0.000199753	2.88656e-05	3.21425e-05	0.0	0.00229995	0.000255875	3.72583e-05	0.000134497	0.0	0.000116022	0.0	6.69069e-05	0.0	0.00026397	0.000838535	0.000158612	3.89185e-05	0.000108626	9.48056e-05	0.0	0.0	2.08075e-05	8.77971e-05	0.000505026	7.54759e-05	0.000253051	0.0	5.58986e-05	0.000213104	0.000608024	1.27653e-05	0.0	0.0	5.5737e-05	0.0	1.59553e-05	0.000170151	0.000101599	3.86782e-05	8.45172e-05	6.27767e-05	0.000104108	0.0	0.0	3.38256e-05	3.46631e-05	0.00140672	9.14306e-05	5.92221e-06	0.000241644	5.52969e-05	0.0	0.0	0.0	0.0	0.0	0.0	0.0	8.81268e-05	0.0	0.00265963	3.51083e-05	1.47868e-05	0.0	0.0	3.14145e-05	0.000740936	0.000110129	8.70857e-05	0.000196786	0.0	0.0	3.46826e-05	0.0	0.0
PWY0-321: phenylacetate degradation I (aerobic)	0.0	0.0	0.0	0.0	0.0	0.0	0.0	0.0	0.0	0.0	0.0	0.0	0.0	0.0	0.0	0.0	0.0	0.0	0.0	0.0	2.43726e-05	0.0	0.0	3.49432e-05	0.0	1.15043e-05	0.0	0.0	0.0	0.0	0.0	1.98786e-05	0.0	0.0	0.0	0.0	0.0	0.0	0.0	0.0	0.0	0.0	0.0	0.0	0.0	0.000324771	0.0	0.0	0.0	0.0	0.0	0.0	0.0	0.0	0.000270021	0.0	0.0	0.0	0.0	0.0	0.0	0.0	0.0	0.0	2.26161e-05	5.93324e-06	0.0	0.0	0.0	0.0	0.0	0.0	0.0	1.27602e-05	0.0	0.0	0.0	0.0	6.0298e-06	8.12431e-06	0.0	0.0	0.0	0.0	0.0	0.0	0.0	0.0	0.0	0.0	0.0	0.0	0.0	0.0	0.0	0.0	0.0	0.0	0.0	0.0	0.0	0.0	0.0	0.0	0.0	0.0	0.0	0.0	0.0	0.0	0.000418438	0.0	0.0	0.0	0.0	0.0	0.0	0.0	0.0	0.0	0.0	0.0	0.0	0.0	0.0
PWY0-41: allantoin degradation IV (anaerobic)	0.0	0.0	0.0	1.32344e-05	0.0	0.0	0.0	1.54786e-05	0.0	0.0	0.0	0.0	0.0	0.0	0.0	4.5827e-06	0.0	0.0	0.0	0.0	4.23192e-05	0.0	7.31894e-06	3.37791e-05	0.0	7.59252e-05	0.0	0.000115891	0.0	1.29459e-05	5.22334e-06	4.87024e-05	0.0	6.22299e-06	0.0	0.0	0.0	0.0	0.0	0.0	0.0	0.0	0.0	0.0	0.0	0.000225411	0.0	7.69683e-06	0.0	0.0	4.92412e-06	0.0	0.0	0.0	0.000332369	0.0	4.08961e-06	0.0	0.0	0.0	0.0	0.0	0.0	0.0	0.000143517	2.39524e-05	0.0	0.0	0.0	0.0	0.0	0.0	0.0	6.51917e-05	0.0	2.20799e-05	0.0	0.0	2.92789e-05	3.9029e-05	0.0	0.0	0.0	0.0	0.0	0.0	0.0	1.36333e-05	0.0	2.39297e-05	0.0	0.0	0.0	0.0	0.0	0.0	7.66431e-06	0.0	0.0	0.0	0.0	0.0	0.0	0.0	0.0	0.0	0.0	0.0	0.0	0.0	0.000280541	4.13668e-06	0.0	0.0	0.0	0.0	2.83608e-05	0.0	0.0	1.73834e-05	0.0	0.0	0.0	0.0	0.0
PWY0-42: 2-methylcitrate cycle I	0.0	0.0	0.0	9.37914e-05	1.51208e-05	0.0	1.60498e-05	2.06707e-05	0.0	0.0	0.0	0.0	9.6864e-06	0.0	7.88871e-06	0.0	0.0	0.0	0.0	0.0	9.3278e-05	0.0	4.93153e-05	0.000214729	1.00643e-05	0.000301737	0.0	0.000358597	0.0	3.14189e-05	3.55126e-05	0.000117563	0.0	2.76214e-05	0.0	0.0	0.0	0.0	0.0	6.45193e-06	2.08462e-06	0.0	6.42733e-06	0.0	0.0	0.00135971	0.0	4.37091e-05	0.0	0.0	0.0	2.5551e-05	0.0	0.0	0.00103642	1.27352e-05	1.82194e-05	0.0	0.0	4.90772e-05	0.0	2.21849e-05	0.0	2.42262e-05	0.000603439	5.87851e-05	4.771e-06	0.0	1.94013e-05	0.0	0.0	1.05325e-05	8.51505e-05	0.00041977	0.0	6.84886e-05	0.0	0.0	0.000108301	0.000112225	0.0	0.0	0.0	1.38121e-05	0.0	0.0	0.0	3.1299e-05	0.0	3.52596e-05	0.0	0.0	0.0	1.67059e-05	0.0	0.0	0.000229073	3.44939e-06	0.0	0.0	0.0	0.0	0.0	0.0	0.0	0.0	0.0	0.0	0.0	0.0	0.000605041	1.77005e-05	0.0	0.0	0.0	1.56659e-05	0.000304763	2.00932e-05	0.0	9.21206e-05	0.0	0.0	0.0	0.0	0.0
PWY0-461: L-lysine degradation I	0.0	0.0	1.21065e-05	6.88652e-05	0.0	0.0	0.0	2.22844e-05	0.0	0.0	0.0	0.0	0.0	0.0	0.0	0.0	0.0	0.0	0.0	0.0	6.38562e-05	0.0	2.54148e-05	8.61497e-05	1.04646e-05	8.14999e-05	0.0	0.00019715	0.0	2.65919e-05	6.81503e-06	3.00382e-05	0.0	0.0	0.0	0.0	0.0	0.0	0.0	0.0	0.0	0.0	0.0	0.0	0.0	0.000592821	0.0	5.06587e-06	0.0	0.0	4.6751e-05	0.0	0.0	0.0	0.000445958	0.0	2.29001e-05	0.0	0.0	0.0	0.0	0.0	0.0	2.26819e-05	6.43377e-05	3.41364e-05	0.0	0.0	3.22754e-05	0.0	0.0	0.0	0.0	0.0	0.0	3.38239e-05	0.0	0.0	2.87001e-05	0.000114294	0.0	0.0	0.0	0.0	0.0	0.0	0.0	1.35576e-05	0.0	3.08873e-05	0.0	0.0	0.0	0.0	0.0	0.0	0.000501613	0.0	0.0	0.0	0.0	0.0	0.0	0.0	0.0	0.0	0.0	0.0	0.0	0.0	0.000481167	4.1525e-06	0.0	0.0	0.0	0.0	0.000178051	0.0	0.0	5.23811e-05	0.0	0.0	0.0	0.0	0.0
PWY0-781: aspartate superpathway	0.0	0.000283806	8.28954e-05	0.000739028	0.000112853	0.00034327	0.000535673	0.000467544	0.000114702	0.000123457	0.000142658	0.0	0.000153444	0.000483633	0.0	0.000542213	0.00032951	0.000469538	0.000225926	0.000308492	0.00112364	0.0	0.000235969	0.000993874	8.08058e-05	0.000699859	0.000123793	0.0013778	0.0	0.000689904	0.00048265	0.00105971	0.000122445	0.000259321	0.000185388	8.93521e-05	0.000262966	0.000102645	0.000527607	3.2814e-05	0.000244317	0.000217497	0.00014576	0.000190094	0.000501221	0.00216228	0.000182405	0.00076725	4.78139e-05	0.000178597	0.000459149	0.000260546	0.000193519	0.0	0.00259057	0.000121494	0.000255189	0.000153445	0.000306633	0.000167159	7.38328e-05	6.90325e-05	0.000671996	0.000590197	0.00118975	0.000360404	0.0	0.000247235	0.000508584	0.000616198	0.000327925	0.000169794	0.000295746	0.000784145	8.86174e-05	0.00111741	0.000433148	0.000121115	0.000377773	0.000848419	0.00033437	0.000297558	9.10797e-05	9.05362e-05	0.0	0.0	5.83307e-05	0.000211778	4.76738e-05	0.000843759	0.000206707	0.000120135	9.56768e-05	0.000485784	0.000209066	6.73232e-05	0.00133035	0.000324585	6.12928e-05	0.000159197	0.000350265	0.000802633	8.32564e-05	0.0	0.000142118	8.4462e-05	0.0	0.000322417	0.000313293	0.000116363	0.00229994	0.00076435	0.000147295	8.47249e-05	0.0	0.000928948	0.00154746	0.000409032	0.0	0.000838415	0.0	0.000169944	0.000128238	0.0	0.000111011
PWY0-845: superpathway of pyridoxal 5'-phosphate biosynthesis and salvage	0.00385449	0.00397985	0.00230606	0.00363185	0.00309547	0.00240203	0.00262484	0.00109241	0.00322198	0.00317364	0.0045384	0.00356922	0.000390252	0.00288008	0.0039012	0.00255009	0.00138099	0.00184796	0.00178851	0.00074902	0.00359325	0.00122359	0.00344054	0.00231757	0.00352934	0.00371165	0.00312995	0.00209187	0.00660614	0.00242849	0.00185691	0.00262473	0.00108971	0.0023964	0.00319125	0.00475372	0.00198546	0.00521215	0.0024711	0.00254951	0.00400245	0.00126392	0.00267014	0.00210658	0.000688075	0.0024602	0.00171651	0.00223751	0.0038385	0.00498279	0.00417952	0.00294483	0.00347819	0.00195591	0.00277812	0.00531358	0.00276153	0.0026311	0.00140227	0.000948237	0.000147954	0.000973113	0.00160209	0.0012898	0.00308192	0.00166511	0.00217382	0.00264113	0.00432034	0.00231737	0.00451644	0.00113908	0.000341968	0.00109689	0.00104463	0.00196308	0.00189527	0.00135477	0.00403488	0.00171827	0.00122799	0.00309957	0.00160218	0.00103314	0.000843196	0.00146017	0.00169278	0.00421118	0.00275742	0.00310254	0.00144586	0.00295779	0.00356031	0.00257866	0.000748534	0.00343864	0.00310071	0.00210914	0.000855898	0.00338391	0.00294556	0.00529849	0.00463228	0.000911009	0.00301497	0.00141531	0.00855239	0.000607571	0.00182342	0.00349266	0.00235069	0.00158912	0.00155667	0.000497285	0.000577576	0.00187105	0.00500637	0.00267528	0.00259821	0.00421389	0.00153628	0.00308389	0.00310301	0.00274661	0.00102381
PWY0-862: (5Z)-dodecenoate biosynthesis I	0.00307851	0.00106213	0.00174817	0.00248457	0.000977193	0.00133303	0.00104665	0.000644271	0.00318126	0.000388385	0.00128965	0.000782817	0.000294574	0.000909099	0.00141488	0.000432708	0.0018546	0.0012681	0.0011256	0.000301787	0.00167001	0.000843347	0.000454264	0.0018774	0.00244202	0.00343033	0.00228106	0.00394685	0.00210993	0.00209955	0.00116768	0.00250058	0.000433076	0.00367838	0.00237938	0.000262964	0.00168353	0.00260053	0.000673687	0.00161009	0.00164202	0.00225889	0.0033341	0.00130973	0.0017524	0.0036266	0.000957553	0.000739317	0.00122692	0.00206705	0.00256049	0.000685883	0.00215065	0.00181163	0.00316709	0.000587053	0.00139616	0.00184434	0.00239978	0.000437224	0.00135827	0.000633906	0.0006576	0.00207397	0.00331183	0.000612763	0.00153816	0.00134625	0.00157068	0.00151417	6.27535e-05	0.000831526	0.000502877	0.00200164	0.000617088	0.00234172	0.000476865	0.000469647	0.000880774	0.00222579	0.000504469	0.00201764	0.000217244	0.00100634	0.000713687	0.000533565	0.00284073	0.00206767	0.000634192	0.00147591	0.000673777	0.000748315	0.000862703	0.00166257	0.00157786	0.000753193	0.00311466	0.00170245	0.000572707	0.000856502	0.00164059	0.00300637	0.00259546	0.000246806	0.0016531	0.00118509	0.000857074	0.000392273	0.0013824	0.000537725	0.00379159	0.00122701	0.00143425	0.000519871	0.000387211	0.00112426	0.00569457	0.00078678	0.00114636	0.00244537	0.00165594	0.00107255	0.000884861	0.00176443	0.000774901
PWY1G-0: mycothiol biosynthesis	0.0	0.0	0.0	0.0	0.0	3.35533e-05	4.85338e-05	0.0	0.0	0.0	0.0	0.0	0.0	0.0	2.19827e-05	6.62685e-05	5.45352e-05	0.0	0.0	0.0	0.0	0.0	0.0	0.0	0.0	0.0	0.0	0.0	0.0	2.51872e-05	0.0	0.0	0.0	0.0	0.0	0.0	0.0	0.0	0.0	0.0	0.0	0.0	0.0	0.0	0.0	0.0	0.0	0.0	0.0	0.0	0.0	3.29075e-05	4.72488e-05	0.0	8.64898e-06	0.0	0.0	0.0	0.0	0.0	3.01591e-05	0.0	4.62024e-05	0.0	0.0	0.0	0.0	0.0	0.0	0.0	0.0	0.0	3.00362e-05	0.0	0.0	0.0	0.0	0.0	0.0	6.33437e-05	0.0	0.0	0.0	0.0	0.0	0.0	0.0	0.0	3.35526e-05	0.0	2.39887e-05	0.0	0.0	0.0	0.0	0.0	0.0	0.0	0.0	0.0	0.0	0.0	0.0	0.0	0.0	0.0	0.0	0.0	0.0	0.0	0.0	0.0	0.0	0.0	0.0	0.0	0.0	0.0	0.0	0.0	0.0	0.0	0.0	0.0	0.0
PWY1ZNC-1: assimilatory sulfate reduction IV	9.50835e-05	0.00012867	0.000283574	0.000210017	0.000484114	0.000181267	7.21834e-05	0.000194037	0.000378995	0.000600694	0.00138913	0.000150282	0.000126558	0.00042945	0.00171173	0.000288397	0.00019879	0.000125073	0.000337888	0.00390026	0.00026974	0.000163422	0.000222151	0.000585265	7.28082e-05	0.000635073	0.0	0.000698336	5.74444e-05	0.000442351	0.000283592	0.000454679	8.43299e-05	6.51235e-05	0.000233517	0.000148459	0.000131752	6.8206e-05	0.000378899	0.000258231	0.000225297	0.000590577	0.000131866	0.000241873	0.000201755	0.00166423	0.00114822	0.000226521	0.000310054	0.000131099	0.00038708	0.000732974	5.10324e-05	0.000531994	0.00170784	0.000846338	0.00013769	0.000132373	0.000632148	0.000132761	0.000533093	3.49541e-05	0.000226538	0.00216851	0.000562922	0.000190715	4.0359e-05	0.000122337	0.000572556	0.000306193	0.000120205	0.000142275	0.000438975	0.000287741	0.000192547	0.000311521	0.00033796	0.0011046	0.000174466	0.00034073	0.00173659	0.000423496	4.38511e-05	7.54331e-05	0.0	3.74343e-05	0.000426298	0.000101726	5.88294e-05	0.00033449	0.000705774	0.000288043	0.000546265	0.0	0.000511204	0.000142487	0.000211729	0.000250034	0.000878996	0.00195898	0.000114728	9.98544e-05	0.00029802	3.98785e-05	0.000492153	0.00126435	0.000288768	0.000201408	0.000275209	0.000361849	0.001677	0.000416779	0.000659308	0.000154177	0.000151335	0.000634115	0.000391225	8.98411e-05	0.000106241	0.000324947	8.50568e-05	2.56538e-05	0.000824757	3.72507e-05	0.000322147
PWY3DJ-35471: L-ascorbate biosynthesis IV (animals, D-glucuronate pathway)	0.0	0.0	0.0	0.000157009	4.23388e-05	0.0	0.0	0.0	0.0	0.0	0.0	0.0	0.0	0.0	0.0	4.70968e-05	0.000344911	0.0	9.15801e-05	0.0	0.0	0.0	0.0	0.0	0.0	0.0	0.0	0.0	0.0	0.0	0.0	7.39538e-05	0.0	6.74445e-05	0.0	0.0	0.0	0.0	0.0	0.0	0.0	0.00016568	0.0	0.0	0.0	0.000172632	0.0	0.0	0.0	0.0	7.02805e-05	0.0	0.0	0.0	0.0	0.0	0.0	0.0	0.0	5.18714e-05	0.0	0.0	0.0	0.0	0.0	0.0	0.0	4.57711e-05	0.0	0.0	0.0	2.34042e-05	0.0	2.96996e-05	0.0	0.0	0.0	3.10353e-05	0.0	1.01289e-05	0.0	0.0	2.79403e-05	0.0	0.0	0.0	0.0	0.0	0.0	4.53993e-05	0.0	0.0	0.0	0.0	9.30959e-05	0.0	1.38861e-05	0.0	0.0	0.0	0.0	4.81415e-05	0.0	0.0	0.0	0.0	0.0	0.0	0.0	0.0	0.000826127	2.59741e-05	0.0	0.0	0.0	0.0	0.0	0.0	2.24413e-05	0.0	0.0	0.0	0.0	0.0	0.0
PWY3O-4107: NAD salvage pathway V (PNC V cycle)	0.00012868	6.32442e-05	0.0	0.000497556	4.75085e-05	0.000522057	0.000633526	0.000239028	1.58104e-05	2.24968e-05	0.0	0.000290816	0.0	0.000168619	0.0	0.000354134	0.000389574	0.00098916	0.000412467	0.000186199	0.000663159	0.00059547	0.000394533	0.00058535	0.0	0.000693913	7.40423e-05	0.000949776	8.86572e-05	0.00028377	0.000116711	0.000517601	0.000300187	0.000140469	0.0	0.0	0.000238287	0.000162363	8.52586e-05	1.0287e-05	3.06979e-05	0.000274654	5.40333e-05	0.000237008	0.00124604	0.00187225	0.000322618	0.000396913	0.000103451	0.000301541	0.000186208	0.000182628	0.0	3.70078e-05	0.0016324	0.000154855	0.000941903	8.03303e-05	7.87249e-05	0.000201662	0.00120617	0.00020579	0.000938967	0.000577166	0.00106162	0.000245095	0.000167176	0.000282788	0.000352813	0.00117057	0.000162516	0.0003828	0.00011452	0.000701515	0.000719284	0.00132607	0.000409998	4.41018e-05	0.000281539	0.00069088	1.54727e-05	0.00010807	0.0	0.000214049	4.47213e-05	8.65239e-05	0.00319075	0.000184961	0.000155239	0.000324627	9.18631e-05	6.06907e-05	0.000455332	0.000386172	0.000351973	0.000479524	0.000727732	0.000127041	4.98359e-05	0.0	0.000572489	0.000335948	0.0003694	4.44032e-05	0.0	6.70512e-05	0.0	0.000559984	0.000636871	0.000545227	0.00167198	0.000556691	0.00215056	0.000469735	0.0	0.000872182	0.000619498	0.000151991	3.64399e-05	0.00188427	0.0	0.00120906	7.91143e-05	0.0	0.00026054
PWY490-3: nitrate reduction VI (assimilatory)	3.78818e-05	0.0	0.0	0.0	0.0	5.47114e-05	0.0	3.27405e-05	0.0	1.68674e-05	0.0	0.0	0.000119924	7.48109e-05	0.0	6.84604e-05	8.05284e-05	5.99326e-05	4.76853e-05	2.86997e-05	3.19825e-05	4.04944e-05	0.00011198	4.59885e-05	0.0	0.0	4.62282e-05	3.99524e-05	0.0	2.49224e-05	1.63478e-05	0.000119586	1.64136e-05	0.0	4.7992e-05	7.02928e-05	3.37081e-05	9.18479e-05	1.25143e-05	6.5694e-05	6.31219e-05	9.18687e-05	3.0999e-05	0.000101134	6.19997e-05	1.31102e-05	7.12682e-05	4.0908e-05	4.09837e-05	0.000113992	0.000120012	0.0	6.22986e-05	0.0	1.72431e-05	6.27543e-05	0.0	2.034e-05	0.000139385	0.000179135	4.64151e-05	0.0	5.47477e-05	0.0	8.70156e-06	6.30317e-05	0.000121279	2.4714e-05	3.5849e-05	4.46198e-05	3.94622e-05	7.60069e-05	0.0	2.52974e-05	5.8488e-05	0.0	0.0	0.0	1.10964e-05	2.49727e-05	4.55042e-05	3.2282e-05	6.16497e-05	8.02287e-05	9.65505e-05	0.000140956	4.33333e-05	2.09698e-05	1.22029e-05	0.0	6.71066e-05	5.54507e-05	3.91851e-05	7.36551e-05	6.53331e-05	3.99107e-05	0.0	5.43796e-05	4.31187e-05	4.16436e-05	5.902e-05	7.05404e-06	0.0	0.0	0.000122426	0.0	0.0	0.0	7.0069e-05	4.66665e-05	0.0	6.15701e-05	4.84147e-05	6.1124e-05	0.0	3.32186e-05	0.0	8.37184e-05	1.85881e-05	2.21518e-05	4.85579e-05	0.0	0.0	0.000139186	4.91731e-05
PWY4FS-7: phosphatidylglycerol biosynthesis I (plastidic)	0.00371129	0.00301728	0.00152208	0.00360483	0.00200097	0.00217825	0.00300339	0.00120154	0.00212789	0.00157587	0.00430982	0.00243102	0.00637524	0.0029073	0.00547181	0.00194611	0.000601233	0.00156883	0.00222848	0.00697045	0.00321141	0.00373266	0.00302786	0.00304375	0.00343386	0.00308512	0.00384861	0.00350886	0.00404374	0.00313346	0.000915273	0.00277605	0.00273941	0.00288204	0.00366818	0.00204685	0.00317438	0.00484145	0.00286206	0.0027076	0.00259201	0.00234198	0.00242886	0.00287385	0.00135368	0.00383462	0.00289193	0.00224841	0.00396433	0.00489852	0.00389687	0.00246078	0.00190501	0.00120031	0.00543821	0.00303281	0.00213452	0.00221081	0.00192257	0.00358714	0.00677024	0.00408463	0.00323657	0.00499669	0.00392755	0.00186781	0.00169597	0.00141773	0.00522126	0.00230028	0.00278697	0.00125856	0.00116833	0.00606455	0.00180806	0.00831275	0.00168382	0.00233607	0.00338348	0.00343449	0.00113769	0.00357227	0.00501948	0.00352603	0.00105598	0.00379802	0.00251926	0.00464107	0.0024278	0.0035157	0.00545428	0.00222728	0.00380556	0.00333886	0.00197553	0.00180726	0.00313714	0.00333764	0.00587511	0.00543256	0.00280385	0.00120074	0.00115306	0.0011197	0.00251389	0.00330496	0.00404212	0.00251016	0.00121486	0.00332201	0.00463987	0.00235	0.00248309	0.00119842	0.00419401	0.00178934	0.00221262	0.00227987	0.00365519	0.00252378	0.00197943	0.00291817	0.00211169	0.00345972	0.00120988
PWY4FS-8: phosphatidylglycerol biosynthesis II (non-plastidic)	0.00371118	0.00301728	0.00152208	0.00360483	0.00200097	0.00217825	0.00300339	0.00120154	0.00212789	0.00157587	0.00430982	0.00243102	0.00637524	0.0029073	0.00547181	0.00194611	0.000601233	0.00156883	0.00222848	0.00697045	0.00321141	0.00373266	0.00302786	0.00304375	0.00343386	0.00308512	0.00384861	0.0035084	0.00404374	0.00313346	0.000915273	0.00277605	0.00273941	0.00288204	0.00366818	0.00204685	0.00317438	0.00484145	0.00286206	0.0027076	0.00259201	0.00234198	0.00242886	0.00287385	0.00135368	0.00383462	0.00289193	0.00224841	0.00396433	0.00489852	0.00389687	0.00246078	0.00190501	0.00120031	0.00543821	0.00303281	0.00213452	0.00221081	0.00192257	0.00358714	0.00677024	0.00408463	0.00323657	0.00499669	0.00392755	0.00186781	0.00169597	0.00141773	0.00522126	0.00230028	0.00278697	0.00125856	0.00116833	0.00606455	0.00180806	0.00831244	0.00168382	0.00233607	0.00338348	0.00343449	0.00113769	0.00357227	0.00501948	0.00352603	0.00105598	0.00379802	0.00251926	0.00464076	0.0024278	0.0035157	0.00545428	0.00222728	0.00380556	0.00333886	0.00197553	0.00180726	0.00313714	0.00333764	0.00587511	0.00543256	0.00280385	0.00120074	0.00115306	0.0011197	0.00251389	0.00330496	0.00404212	0.00251016	0.00121486	0.00332201	0.00463987	0.00235	0.00248309	0.00119842	0.00419401	0.00178934	0.00221262	0.00227987	0.00365519	0.00252378	0.00197943	0.00291817	0.00211169	0.00345972	0.00120988
PWY4LZ-257: superpathway of fermentation (Chlamydomonas reinhardtii)	0.00117004	0.000154353	0.000241598	0.000413107	0.000278795	0.000266381	0.000908662	0.000192085	0.000232056	0.000311404	0.000142119	0.0001744259999999	0.000151427	0.000323165	0.000487773	0.000444708	0.000407368	0.000167766	4.551e-05	0.000306745	0.00116532	0.000466309	0.000271883	0.000992634	0.000284631	0.0016074	0.000260981	0.00131134	0.000708984	0.000110266	0.000149176	0.000766538	0.000189922	0.000523636	0.000247234	0.000186148	7.7233e-05	8.44433e-05	9.40694e-05	0.000327503	0.000118251	0.00018872	0.000204445	0.000100923	0.000428358	0.00305469	0.000186653	0.000356417	6.11059e-05	0.000168545	0.000422059	0.00122834	0.000813767	0.000147228	0.0026398	0.000187677	0.000248454	0.000298286	0.000190884	0.000240401	7.46477e-05	0.000143307	0.000192524	0.000422958	0.00142176	0.000543132	0.000192145	0.000566967	8.79028e-05	0.000180083	3.7384e-05	0.000167988	8.987e-05	0.000862174	0.000243732	0.000961022	0.000151512	0.000342545	0.000482628	0.00122811	0.000192336	0.0	3.89537e-05	3.09822e-05	5.7057e-05	0.000419001	0.000329461	0.000183005	0.000166787	0.000244739	0.000206017	9.60918e-05	0.000163374	0.000644098	7.00512e-05	5.42527e-05	0.000392131	0.000171855	0.000168457	0.000230641	5.11414e-05	0.00183762	0.000212719	0.000220451	0.000169387	0.000101072	0.000301944	8.93688e-05	0.000170537	0.000255042	0.00277635	0.000253651	0.000185739	0.000175459	7.14533e-05	0.000252237	0.000583116	0.000137925	0.000743171	0.00188263	4.02965e-05	0.000125563	5.32082e-05	5.26561e-05	0.000157365
PWY5F9-12: biphenyl degradation	0.0	0.0	0.0	0.0	0.0	0.0	0.0	0.0	0.0	0.0	0.0	0.0	0.0	0.0	0.0	0.0	0.0	0.0	0.0	0.0	0.0	0.0	0.0	1.00223e-05	0.0	0.0	0.0	0.0	0.0	0.0	0.0	7.45189e-06	0.0	0.0	0.0	0.0	0.0	0.0	0.0	0.0	0.0	0.0	0.0	0.0	0.0	0.0	0.0	0.0	0.0	0.0	0.0	0.0	0.0	0.0	0.0	0.0	0.0	0.0	0.0	0.0	0.0	0.0	0.0	2.24701e-05	0.0	0.0	0.0	0.0	0.0	0.0	0.0	0.0	0.0	0.0	0.0	0.0	0.0	0.0	0.0	0.0	0.0	0.0	0.0	0.0	0.0	0.0	0.0	0.0	0.0	0.0	0.0	0.0	0.0	0.0	0.0	0.0	0.0	0.0	0.0	0.0	0.0	0.0	0.0	0.0	0.0	0.0	0.0	0.0	0.0	0.0	0.0	0.0	0.0	0.0	0.0	0.0	0.0	0.0	0.0	0.0	0.0	0.0	0.0	0.0	0.0
PWY66-367: ketogenesis	6.13704e-05	8.25762e-05	4.67654e-05	0.0	0.0	3.05564e-05	5.76276e-05	0.0	2.40805e-05	0.0	0.0	0.0	0.0	1.74576e-05	0.0	0.0	0.0	0.0	0.0	1.97116e-05	1.85813e-05	1.82235e-05	4.17557e-05	0.0	0.0	0.0	0.0	3.02427e-05	0.0	0.0	0.0	3.75961e-05	0.0	6.82381e-05	0.0	0.0	2.26522e-05	0.0	0.0	0.0	9.91794e-06	3.13624e-05	7.38221e-06	0.0	0.0	1.56347e-05	5.4088e-05	0.0	0.0	0.0	5.57913e-05	2.09304e-05	2.66144e-05	0.0	0.0	0.0	3.52576e-05	1.64938e-05	2.82779e-05	0.0	0.0	0.0	3.89824e-05	0.0	0.0	0.0	0.0	1.33577e-05	2.18875e-05	0.0	0.0	0.0	0.0	0.0	0.0	0.000125447	0.0	0.0	0.0	4.15346e-05	0.0	0.0	0.0	0.0	0.0	0.0	0.0	4.74073e-05	2.07302e-05	0.0	0.0	0.0	1.71739e-05	0.0	1.4547e-05	0.0	3.1885e-05	0.0	0.0	0.0	0.0	3.16675e-05	0.0	0.0	0.0	0.0	0.0	0.0	0.0	0.0	0.0	0.0	0.0	0.0	0.0	0.0	1.1413e-05	0.0	0.0	0.0	0.0	2.66751e-05	2.64607e-05	0.0	0.0
PWY66-388: ceramide degradation by &alpha;-oxidation	0.0	2.75769e-05	1.0304e-05	0.0	0.0	3.08936e-05	0.0	0.0	0.0	4.07272e-05	0.0	0.0	1.98322e-06	0.0	1.42685e-05	0.0	3.95626e-05	0.0	0.0	0.0	0.0	0.0	0.0	0.0	0.0	0.0	0.0	0.0	0.0	0.0	0.000418547	0.000110042	0.0	0.0	0.0	0.0	0.0	0.0	0.0	1.47564e-05	0.0	0.0	1.87463e-06	0.0	0.0	2.79278e-05	1.07458e-05	0.0	0.0	0.0	0.000198377	2.00421e-05	0.0	0.0	1.87176e-05	0.0	5.54605e-05	0.0	0.0	1.66161e-06	0.0	0.0	0.0	4.58067e-05	0.0	1.4731e-06	0.0	0.0	1.62488e-05	0.0	0.0	0.0	0.0	0.0	0.0	0.0	1.20151e-05	0.0	3.13933e-05	0.0	0.0	0.0	0.0	0.0	0.0	0.0	4.47639e-06	2.34934e-05	0.0	1.3127e-05	4.51851e-05	0.0	0.0	0.0	0.0	0.0	0.0	0.0	0.0	0.00026682	0.0	0.0	3.39713e-05	0.0	0.0	0.0	0.0	5.00556e-05	2.37937e-06	0.0	0.0	0.0	0.0	0.0	0.0	0.0	1.05892e-05	0.0	2.95856e-05	4.26707e-06	0.0	0.0	0.0	3.35316e-05	0.0
PWY66-389: phytol degradation	0.0	2.84329e-05	1.03823e-05	4.44491e-05	1.04105e-05	3.19094e-05	2.84674e-05	0.000292698	0.0	5.12175e-05	0.0	0.0	2.03623e-06	0.0	1.45947e-05	3.33826e-05	4.52158e-05	0.000513297	4.18078e-06	0.0	8.69621e-05	0.0	1.08352e-05	0.000234442	9.08829e-05	0.000277229	0.0	8.04244e-05	0.0	3.3628e-06	0.00106316	0.000118971	4.73124e-05	7.00774e-06	0.000241828	0.0	7.50751e-07	0.0	0.0	3.7018e-05	1.2992e-05	0.0	1.88019e-06	0.0	0.000157297	0.0027027	1.09686e-05	3.38805e-05	0.0	4.04847e-05	0.000265258	2.51708e-05	4.31427e-05	0.0	0.00206402	0.0	5.87564e-05	0.0	0.0	1.69624e-06	0.0	2.49691e-06	4.52865e-05	0.000292511	0.000372699	1.47946e-06	0.0	0.000541191	1.71041e-06	0.0	0.0	0.0	0.000558297	0.000168861	0.000535987	4.74843e-05	5.77681e-05	0.0	3.20912e-05	0.000146304	0.0	0.0	0.0	9.38152e-07	0.0	4.47516e-05	4.49717e-06	2.35758e-05	5.47213e-05	1.33613e-05	5.32729e-05	0.0	0.0	0.0	0.0	1.68427e-05	7.71224e-05	0.0	0.000515531	0.000294638	0.0	1.03861e-05	5.21681e-05	0.0	0.0	1.67273e-05	0.0	0.000243166	2.23712e-05	5.15813e-05	0.00142316	1.72541e-06	2.37425e-06	0.0	0.0	7.66612e-06	1.23438e-05	9.27262e-05	3.03365e-05	1.68547e-05	0.0	5.70261e-05	1.01624e-05	3.56305e-05	0.0
PWY66-391: fatty acid &beta;-oxidation VI (mammalian peroxisome)	0.000408295	0.000197158	0.000231419	0.000219501	2.45648e-05	0.0	0.0	0.0	7.77415e-05	0.000185472	0.000101698	7.2624e-05	9.28928e-05	8.56337e-05	0.000255184	0.000139116	0.000181189	0.0	0.0	8.86572e-05	0.0	0.000172847	7.7407e-05	5.38722e-05	0.000242209	5.31461e-05	4.72038e-05	0.0	2.11407e-05	4.17263e-05	7.50827e-05	2.64169e-05	0.0	0.000545704	7.1539e-05	0.0	5.75021e-05	6.28079e-05	0.00011326	0.000103466	0.000226689	7.57884e-05	1.35713e-05	2.68538e-05	0.0	0.0	0.000226095	7.64466e-05	0.0	5.51121e-05	0.00023357	0.0	9.34688e-05	0.0	0.000190612	0.000169293	5.08283e-05	6.44318e-05	7.0787e-05	0.000110238	0.0	2.0679e-05	5.45305e-05	3.29191e-05	4.83038e-05	0.0	4.17063e-05	4.14909e-05	0.000131215	4.17148e-05	3.79809e-05	0.0	0.0	3.01567e-05	0.0	7.93128e-05	0.0	0.0	5.55354e-05	0.000837322	0.0	4.55646e-05	1.95247e-05	0.0	6.67325e-05	0.000414629	0.000187276	0.000164007	1.18603e-05	0.000160224	5.2738e-05	0.0	0.0	0.000343185	4.92296e-05	0.0	0.000232277	1.75115e-05	0.0	9.93772e-05	7.41161e-05	0.000104948	0.000190454	6.10165e-05	0.0	0.0	0.000160405	0.000316186	2.2942e-05	0.0	0.0	0.000153095	0.0	0.0	0.0	0.000204261	0.00059614	0.0	0.000131191	0.000110569	0.0	8.1735e-05	4.68022e-05	7.1955e-05	2.98137e-05
PWY66-398: TCA cycle III (animals)	0.0	0.0	0.0	0.0	0.0	0.0	0.0	0.0	0.0	0.0	0.0	0.0	0.0	0.0	0.0	0.0	0.0	0.0	0.0	0.0	0.0	0.0	0.0	0.0	0.0	0.0	0.0	0.0	0.0	0.0	0.0	0.0	0.0	0.0	0.0	0.0	0.0	0.0	0.0	0.0	0.0	0.0	0.0	0.0	0.0	0.0	0.0	0.0	0.0	0.0	0.0	0.0	0.0	0.0	0.0	0.0	0.0	0.0	0.0	0.0	0.0	0.0	0.0	0.0	0.0	0.0	0.0	0.0	5.26203e-05	0.0	0.0	0.0	0.0	0.0	0.0	0.0	0.0	0.0	0.0	0.0	0.0	0.0	0.0	0.0	0.0	0.0	0.0	0.0	0.0	0.0	0.0	0.0	0.0	0.0	0.0	0.0	0.0	0.0	0.0	0.0	0.0	0.0	0.0	0.0	0.0	0.0	0.0	0.0	0.0	0.0	0.0	0.0	0.0	0.0	0.0	0.0	0.0	0.0	0.0	0.0	0.0	0.0	0.0	0.0	0.0
PWY66-399: gluconeogenesis III	0.00240013	0.00286565	0.0021497	0.002179	0.00208144	0.00277711	0.00308426	0.0025455	0.0032017	0.00320556	0.00115501	0.00239373	0.00191341	0.00181924	0.00063975	0.0035913	0.00344263	0.00268951	0.00194141	0.00125133	0.00232392	0.00263694	0.00279054	0.00273836	0.00303354	0.00289135	0.00278705	0.00107588	0.00219568	0.00257542	0.00297993	0.00124979	0.00234262	0.00280126	0.00176407	0.00165508	0.00169872	0.000565917	0.000348	0.0024399	0.00136492	0.00137768	0.00151453	0.00105523	0.00172837	0.00169105	0.00101471	0.00237327	0.00170279	0.000664756	0.000843072	0.00365528	0.00217611	0.00254715	0.00153035	0.00196706	0.00317022	0.00236182	0.000496956	0.00254256	0.00249302	0.00231111	0.00234158	0.00222676	0.0021354	0.00171496	0.00168103	0.00251166	0.00160774	0.001773	0.00256329	0.00154597	0.00114036	0.0017013	0.00155338	9.84509e-05	0.00314671	0.00124024	0.00256649	0.00210101	0.00112396	0.00138292	0.00162844	0.00268542	0.00162078	0.00183228	0.00296958	0.00260686	0.00239538	0.00225282	0.00198823	0.00232124	0.00222764	0.00141335	0.00133721	0.00314787	0.00198113	0.00176789	0.00266612	0.0023029	0.00238305	0.00226274	0.00439303	0.0026932	0.00215553	0.00119286	0.000261516	0.00126898	0.00213577	0.00172887	0.000998756	0.00235597	0.00144922	0.0016145	0.00208697	0.00269152	0.00265746	0.00271531	0.00154596	0.00310075	0.000538703	0.002488	0.00123926	0.00282125	0.00191667
PWY66-409: superpathway of purine nucleotide salvage	0.00252202	0.00335419	0.00171163	0.000960779	0.000343203	0.00190122	0.00125574	0.00397404	0.00121197	0.00166022	0.00147329	0.00181268	0.00342088	0.00287101	0.00178182	0.000998404	0.002757	0.0011706	0.00118992	0.00103346	0.00145553	0.000907334	0.00254141	0.00180077	0.00152679	0.00178007	0.00109177	0.00206914	0.000738579	0.000421741	0.000637153	0.00219988	0.00612365	0.00150603	0.000830177	0.00126325	0.00112137	0.00189697	0.00154109	0.000780143	0.0030098	0.0011803	0.00151092	0.00144637	0.000627063	0.00335243	0.00143762	0.0015591	0.00121087	0.00174728	0.00261592	0.00198272	0.000536368	0.00618101	0.00312057	0.00076885	0.00175946	0.000313601	0.00198786	0.00143739	0.00136259	0.0012193	0.00256269	0.00317316	0.00216121	0.00580951	0.000770545	0.00202096	0.00151573	0.00175194	0.00106692	0.00100584	0.00407299	0.00192662	0.00224646	0.00339698	0.000798435	0.00161668	0.000674114	0.00221355	0.0010413	0.00100731	0.000404616	0.00106199	0.00173595	0.00104436	0.00169553	0.00108778	0.00146556	0.000546898	0.000968276	0.00153623	0.00246133	0.00252621	0.00158122	0.000770318	0.00216081	0.000853175	0.00153339	0.000849816	0.000829701	0.00351364	0.000936936	0.00418343	0.00194803	0.000869749	0.000604977	0.00051477	0.00142751	0.00152591	0.003319	0.00117456	0.00203408	0.00055043	0.00058271	0.00316025	0.00218394	0.00120562	0.000160967	0.00114102	0.000867437	0.000144062	0.000381861	0.000894306	0.00135086
PWY66-429: fatty acid biosynthesis initiation (mitochondria)	0.00923669	0.00966263	0.0100501	0.00882209	0.00626653	0.00863991	0.00789207	0.00792652	0.0102661	0.00825446	0.0105148	0.00990632	0.00734459	0.00913736	0.0104183	0.00945441	0.00863462	0.0077956	0.00897513	0.0070079	0.00845384	0.00892026	0.0112329	0.0095684	0.0103324	0.0083657	0.0108245	0.00900792	0.0104397	0.00900718	0.00621341	0.00967167	0.00653127	0.010225	0.0100428	0.010461	0.00957735	0.0106799	0.0103049	0.00829276	0.0114102	0.00993507	0.0115692	0.00966804	0.00616939	0.00629133	0.00863298	0.00829012	0.00859067	0.00997636	0.00917735	0.00718125	0.00854269	0.00954862	0.0066458	0.0104748	0.00737801	0.00675001	0.0108427	0.00710592	0.00571191	0.00935052	0.00796867	0.00671489	0.00799968	0.00840038	0.00872699	0.00848539	0.00953826	0.00831754	0.00844665	0.00820935	0.00753826	0.0064593	0.0090705	0.0107153	0.00658906	0.00674455	0.00851457	0.00982575	0.00694891	0.00871597	0.00623259	0.00730571	0.00783823	0.00962694	0.00752945	0.00953314	0.00966075	0.00928813	0.00876186	0.00895428	0.00852965	0.0119085	0.00825759	0.00836026	0.00785365	0.00863813	0.00754264	0.00807749	0.00818201	0.00877381	0.00801573	0.00600136	0.0109356	0.00810244	0.0105072	0.00704471	0.00865969	0.00863355	0.0059774	0.00878644	0.00643703	0.00695173	0.00673077	0.00803904	0.0091126	0.00812223	0.00920518	0.00755325	0.0079652	0.00932077	0.00850597	0.00962383	0.00868479
PWY66-430: myristate biosynthesis (mitochondria)	0.0	0.0	0.0	0.0	0.0	0.0	0.0	0.0	0.0	0.0	0.0	0.0	0.0	0.0	0.0	2.36195e-05	0.0	0.0	0.0	0.0	0.0	0.0	0.0	5.75848e-05	0.0	0.000109892	0.0	0.0	0.0	0.0	0.0	0.000160882	0.0	0.0	0.0	0.0	0.0	0.0	0.0	8.64251e-05	0.0	0.0	0.0	0.0	0.0	0.000331943	0.0	0.0	0.0	0.0	0.0	5.76033e-05	0.0	0.0	0.0	0.0	0.0	0.0	0.0	0.0	0.0	3.28567e-05	0.0	2.60621e-05	0.000426718	0.0	0.0	0.0	0.0	0.0	0.0	0.0	1.2352e-05	0.000358004	0.0	0.0	0.0	0.0	8.0459e-05	3.06185e-05	0.0	0.0	0.0	0.0	0.0	0.0	0.0	0.0	0.0	1.10217e-05	0.0	0.0	0.0	2.27974e-05	0.0	0.0	0.0	0.0	0.0	0.0	0.0	0.0	0.0	0.0	0.0	0.0	0.0	0.000261351	0.0	0.0	0.000594257	0.0	0.0	0.0	0.0	2.9774e-05	0.0	0.0	0.0	0.0	0.0	0.0	0.0	0.0	0.0
PYRIDNUCSAL-PWY: NAD salvage pathway I (PNC VI cycle)	0.000173465	8.7622e-05	0.0	0.000653593	6.5446e-05	0.000650772	0.00077226	0.000311175	2.20548e-05	3.13799e-05	0.0	0.000371711	0.0	0.000225989	0.0	0.000472676	0.000506602	0.00113673	0.000508389	0.000251633	0.000780891	0.000767647	0.000508484	0.000705185	0.0	0.000842539	0.000102285	0.000993795	0.000118211	0.000372796	0.00016023	0.00059787	0.000389903	0.000183012	0.0	0.0	0.000296811	0.000202956	0.000118297	1.43639e-05	4.15795e-05	0.00033203	7.43917e-05	0.000307813	0.00134257	0.00194798	0.000375765	0.000522389	0.000124858	0.000370516	0.000251542	0.000247645	0.0	5.13811e-05	0.00181216	0.000206981	0.00112582	0.000111148	7.65325e-05	0.00027375	0.00136781	0.000277838	0.00110965	0.000729488	0.00126014	0.00031381	0.000226245	0.000381796	0.000413093	0.00112705	0.000217464	0.000479453	0.00015493	0.000877068	0.000796561	0.00130182	0.000547946	6.03764e-05	0.000378858	0.000792696	2.15568e-05	0.000134917	0.0	0.000291306	6.20379e-05	0.000113651	0.00149684	0.000240165	0.000212351	0.000414677	0.000126241	8.34002e-05	0.000587739	0.000427388	0.000432997	0.000607644	0.000857592	0.000171331	6.93658e-05	0.0	0.000673965	0.000436406	0.000452441	6.16181e-05	0.0	8.30114e-05	0.0	0.000715268	0.000798766	0.000687013	0.00170239	0.000684343	0.00129687	0.000602831	0.0	0.00109483	0.000601301	0.000197842	5.07705e-05	0.00200505	0.0	0.00124311	0.000105137	0.0	0.00034189
PYRIDNUCSYN-PWY: NAD de novo biosynthesis I (from aspartate)	0.00728944	0.00655587	0.00736001	0.00598522	0.00595845	0.0069776	0.00541866	0.005069	0.00787203	0.0072208	0.00761294	0.00721864	0.00573377	0.0055828	0.00715406	0.00592985	0.0060695	0.00574887	0.00611125	0.00786431	0.00625229	0.00643614	0.00633822	0.00605159	0.0071903	0.00600917	0.00722309	0.00613508	0.00821133	0.00612966	0.00520388	0.00587468	0.00474975	0.00712866	0.00666494	0.0077027	0.00681703	0.00728541	0.00749445	0.00555311	0.00696463	0.00550743	0.00618376	0.00655493	0.00408948	0.00406357	0.00669936	0.00607638	0.00692529	0.00644618	0.00683264	0.00584515	0.0067181	0.00615191	0.00425056	0.00868528	0.00632827	0.0062976	0.00660733	0.00540994	0.00609587	0.00735001	0.00552665	0.0063191	0.00494738	0.00476677	0.00474377	0.00630066	0.00730278	0.00527158	0.00663834	0.00714257	0.00458643	0.00563606	0.00550805	0.00983461	0.00564392	0.00632903	0.00706933	0.0067543	0.00751891	0.00706838	0.00494522	0.00520205	0.00254933	0.0058672	0.00538607	0.00719499	0.00638953	0.00658362	0.00601521	0.00616572	0.00601637	0.00695331	0.00620932	0.00571413	0.00613257	0.00626931	0.0062641	0.00700074	0.006343	0.00811657	0.00560003	0.00408103	0.0074125	0.00539656	0.00782947	0.00702201	0.00653047	0.00647239	0.00370823	0.00600127	0.00481839	0.0065552	0.00544314	0.00507164	0.0069608	0.00720901	0.00529282	0.00632561	0.00759783	0.00754424	0.00658758	0.00615517	0.00621515
PYRIDOXSYN-PWY: pyridoxal 5'-phosphate biosynthesis I	0.00368625	0.00333478	0.00192457	0.00293458	0.00263782	0.0019701	0.00245699	0.000831656	0.00304274	0.00246561	0.00387219	0.00289191	0.00030395	0.00239528	0.00374237	0.00208401	0.00111906	0.00139152	0.00137911	0.000635812	0.00335208	0.000954524	0.00300781	0.00202102	0.00301477	0.00362399	0.00259114	0.00187856	0.0069978	0.0020661	0.00146657	0.0022272	0.000846776	0.00204074	0.00293728	0.0042198	0.00171126	0.00607313	0.00217634	0.00228941	0.00346142	0.0010636	0.00224536	0.00175615	0.000545988	0.00241544	0.00132494	0.00179197	0.00318159	0.00575907	0.00363892	0.00246256	0.00283247	0.00162099	0.00220006	0.00497553	0.0023312	0.00220434	0.00114649	0.000761544	0.000118415	0.000770087	0.00123145	0.00108584	0.00268974	0.00139309	0.00182899	0.00209625	0.00394757	0.00182649	0.00398287	0.000936224	0.000249591	0.000948598	0.000807765	0.00124135	0.00144816	0.00108078	0.00381281	0.00147284	0.0010314	0.00261738	0.00136505	0.000820448	0.000588769	0.0012026	0.00133759	0.00380135	0.00230677	0.00266496	0.0011981	0.00248294	0.00291643	0.00225287	0.000597792	0.00294179	0.00250121	0.0018331	0.000659098	0.00296639	0.00252377	0.00608667	0.00449422	0.00070264	0.00263334	0.00109689	0.00831079	0.000504184	0.0014147	0.00274318	0.00245264	0.0012856	0.00113822	0.000393563	0.000469477	0.00140735	0.00621769	0.00217922	0.00226525	0.00393392	0.00124267	0.00256949	0.0025676	0.00236092	0.000826204
REDCITCYC: TCA cycle VI (Helicobacter)	2.24519e-05	0.0	0.0	0.000244991	5.92252e-05	0.000114445	0.0	7.73053e-05	0.0	0.0	0.0	1.85985e-05	2.73672e-05	2.1687e-05	1.94439e-05	6.42852e-05	0.0	0.0	3.86946e-05	0.0	0.000142556	0.0	0.000127562	0.000255818	3.80757e-05	0.000507819	0.0	0.000359725	3.16294e-05	0.000112929	0.000109682	0.000212166	3.49918e-05	8.61563e-05	0.0	1.48373e-05	5.08191e-06	6.62515e-05	0.0	5.00022e-05	3.1081e-05	0.0	2.04148e-05	0.0	0.000240471	0.000665129	7.13128e-05	0.000238078	9.36445e-06	7.09406e-05	0.000247409	3.02034e-05	0.0	0.0	0.000382381	2.31167e-05	0.000123635	0.0	0.0	0.000100242	0.0	0.000122136	0.0	0.000463232	0.000221711	0.000176469	9.3251e-05	3.7116e-05	2.57226e-05	0.0	0.0	2.46191e-05	0.000146923	0.000314727	0.0	7.67902e-05	5.25769e-05	3.8202e-05	7.47443e-05	0.000624078	0.0	0.0	3.46742e-05	7.18828e-05	0.000153731	5.33548e-05	6.07613e-05	8.50971e-05	5.59395e-05	0.000178885	4.72545e-05	0.0	3.44186e-05	2.67193e-05	1.68091e-05	0.0	0.000295243	3.81686e-05	0.0	0.0	0.0	3.54735e-05	0.0	0.0	0.0	3.88688e-05	0.0	6.99799e-05	2.67233e-05	6.86358e-05	0.000678058	5.27994e-05	6.3616e-05	0.0	9.40883e-06	1.57252e-05	0.000270151	5.87195e-05	2.92143e-05	0.000126818	0.0	0.0	3.43273e-05	0.0	9.16162e-05
RHAMCAT-PWY: L-rhamnose degradation I	0.00244105	0.00472623	0.00205898	0.00276708	0.00374633	0.00303096	0.00307737	0.00212103	0.0038943	0.00235368	0.00375979	0.00275763	0.00408491	0.00460248	0.00538378	0.00289457	0.00324175	0.0021293	0.00309085	0.00292739	0.0025883	0.00307123	0.00402901	0.0024754	0.00334289	0.00283358	0.00446149	0.00330796	0.00406716	0.0029731	0.00251772	0.00393159	0.00255829	0.00470208	0.00245715	0.00320357	0.00223487	0.00555779	0.00230743	0.00422878	0.0041881	0.00420032	0.00521307	0.00261083	0.00212836	0.00325844	0.00361881	0.00329768	0.0053677	0.00558395	0.00260676	0.00315091	0.00252335	0.00286638	0.00294133	0.00312968	0.00226593	0.00342162	0.00508489	0.00386792	0.00228449	0.00238926	0.00218588	0.00248729	0.0032318	0.00257907	0.00291144	0.00319198	0.00325968	0.00317556	0.00302538	0.00242093	0.0028318	0.00207246	0.00231163	0.00801405	0.00302658	0.00221417	0.00396864	0.00228214	0.00797341	0.00242244	0.00219131	0.0026093	0.00151804	0.00248963	0.00272472	0.00328682	0.0034033	0.00304027	0.00251678	0.00280366	0.00299104	0.0027015	0.00279177	0.00287112	0.00448178	0.00355126	0.00300406	0.00440509	0.00236852	0.00292866	0.00130492	0.00292167	0.00424502	0.00401738	0.00750597	0.00534585	0.00261369	0.00202988	0.00324021	0.00336948	0.00194478	0.00155009	0.00316678	0.00229309	0.00355222	0.00285291	0.0021708	0.00299687	0.00318576	0.00259976	0.00310101	0.00408632	0.00285517
RIBOSYN2-PWY: flavin biosynthesis I (bacteria and plants)	0.0062707	0.00501946	0.00712926	0.00672156	0.00736916	0.00677445	0.00561347	0.0075586	0.00575322	0.00673243	0.00788226	0.00690063	0.00708311	0.00684454	0.00639474	0.00516747	0.00722726	0.00602974	0.00759211	0.00780103	0.00642153	0.00766871	0.00729041	0.00637305	0.00558694	0.00624553	0.00749875	0.00644196	0.00658261	0.00575613	0.00410777	0.00736873	0.0082885	0.00660883	0.00651648	0.00856304	0.00694093	0.00720323	0.00608608	0.00687047	0.00816649	0.00760788	0.00725011	0.00827162	0.0061758	0.00478472	0.0075118	0.00715714	0.00892591	0.00686405	0.0072215	0.00421212	0.00479894	0.00836812	0.00463902	0.00734115	0.00631409	0.00632367	0.00849056	0.00658796	0.00571396	0.00356386	0.00654536	0.00461513	0.00601064	0.00833135	0.00843315	0.00606651	0.00699116	0.00754069	0.00875014	0.00870242	0.0077347	0.00638429	0.00695603	0.00353649	0.00625406	0.00843296	0.00532183	0.00562313	0.00745561	0.00906065	0.00756001	0.00663117	0.00529328	0.00839786	0.00502732	0.00725819	0.00703094	0.00670999	0.00752958	0.00643346	0.0061109	0.00753221	0.00849073	0.00660556	0.00415138	0.00665262	0.00548344	0.00755968	0.00733275	0.0083515	0.00496936	0.00667449	0.00797173	0.00853468	0.00232438	0.00808724	0.00745077	0.00755271	0.00394941	0.00778213	0.00738486	0.00598742	0.00723517	0.00622873	0.00452567	0.00826845	0.0039799	0.00664832	0.00941546	0.00747902	0.00904575	0.0081213	0.00778463
RUMP-PWY: formaldehyde oxidation I	0.000127282	0.0	0.000200074	0.000241614	8.55895e-05	5.44842e-05	0.000466098	9.93419e-05	0.000229004	5.48812e-05	5.46001e-05	0.0	4.41905e-05	0.000132684	0.000546785	0.000297101	0.000378047	0.0	3.93919e-05	0.0	0.0	0.000213175	0.000168811	0.0	4.02037e-05	3.14587e-05	0.0	0.000239732	3.14329e-05	0.00011713	0.000280433	0.000105131	0.000117456	2.35627e-05	0.000378175	0.0	0.0	6.59844e-05	0.000349212	5.32669e-05	5.50003e-05	1.47441e-05	1.30666e-05	1.64581e-05	0.0	0.0	0.0	0.000277647	0.0	6.41743e-05	0.0	0.000475833	0.0	6.21541e-05	4.23306e-05	3.90901e-05	0.000227786	0.000132532	0.0	0.000131758	0.000178169	0.000286161	0.000237582	0.000284279	0.000106467	2.59451e-05	0.0	0.00015526	6.29432e-05	5.46802e-05	9.86038e-05	0.0	0.000286013	5.61828e-05	3.82284e-05	0.0	0.000417645	0.0	0.000463246	3.33658e-05	0.0	0.0	0.0	0.0	0.0	0.0	4.43456e-05	0.0	5.50664e-05	2.61076e-05	0.0	0.000126874	9.57717e-05	0.0	0.00015837	0.0	0.000330164	0.0	0.0	0.0	8.54741e-05	6.5108e-05	0.000193998	6.62588e-05	0.0	0.0	0.0	0.0	0.000217441	9.75011e-05	0.0	0.00011054	0.000362314	0.0	2.07107e-05	0.00022414	0.0	7.15332e-05	0.0	0.000105352	0.0	0.000183618	1.3248e-05	0.0	0.000125031
SALVADEHYPOX-PWY: adenosine nucleotides degradation II	0.000974145	0.00148382	0.000889048	0.00138346	0.000700731	0.000647626	0.000643951	0.00131284	0.000528	0.00067415	0.00132471	0.000773058	0.00144149	0.00133104	0.00178049	0.000894712	0.00123802	0.000671808	0.00101806	0.000534791	0.00195002	0.000912361	0.00133961	0.00138417	0.000810704	0.00192442	0.000847887	0.00448466	0.000530424	0.00116579	0.000839307	0.00120825	0.000995368	0.00118078	0.00118752	0.00097215	0.00168327	0.00103446	0.00120846	0.00121317	0.00101997	0.00225784	0.00165489	0.00178795	0.00166398	0.00477129	0.00137194	0.002069	0.000553234	0.00136259	0.00107087	0.000816849	0.00122017	0.00112475	0.00596057	0.00152905	0.000778902	0.00120417	0.00147262	0.000839813	0.00103493	0.00055842	0.00149698	0.00075811	0.00373847	0.00239263	0.00297568	0.000798615	0.00121825	0.00192354	0.000564969	0.000944593	0.000957206	0.00187852	0.00188599	0.000873927	0.000859526	0.00189587	0.00136525	0.00150883	0.000839731	0.000857167	0.0023097	0.00104699	0.00235202	0.0011451	0.00168398	0.000903268	0.00108108	0.00103876	0.00116181	0.00139042	0.00123459	0.00163524	0.00131565	0.000871362	0.00163938	0.00105771	0.000661824	0.00101099	0.00116322	0.00110086	0.000674373	0.000918691	0.000959359	0.00247961	0.000368618	0.00112072	0.000945901	0.00141979	0.00640344	0.00156656	0.00201704	0.00146626	0.00153081	0.00142789	0.00248768	0.000770376	0.00293813	0.00110614	0.000710359	0.000547591	0.00105427	0.00239361	0.000912134
SER-GLYSYN-PWY: superpathway of L-serine and glycine biosynthesis I	0.00706998	0.00668988	0.00631506	0.00502765	0.00701142	0.00599178	0.00621703	0.0048718	0.00640899	0.00589717	0.00720759	0.00602669	0.00446008	0.00645852	0.00656836	0.00474387	0.00610181	0.00610005	0.00510597	0.00365779	0.00536504	0.00470675	0.00521896	0.00514428	0.00748237	0.00517312	0.00609074	0.004498	0.00728656	0.00489458	0.00669496	0.00571038	0.0037271	0.00731974	0.00620978	0.00548635	0.00530435	0.00786122	0.00607551	0.00501457	0.00659913	0.00661625	0.00567279	0.00383127	0.00348652	0.00376213	0.00512506	0.00471735	0.00666769	0.00763903	0.00552476	0.00508832	0.00481211	0.0053523	0.00457702	0.00610857	0.00512823	0.00574419	0.00722443	0.00404779	0.00482021	0.00756741	0.00562165	0.00412706	0.00490053	0.00461516	0.00408837	0.00599543	0.00698111	0.00553738	0.00626069	0.00406564	0.00344517	0.00320184	0.00551829	0.00439374	0.00474925	0.00466213	0.00710047	0.00678487	0.00393605	0.00486914	0.00402237	0.00447541	0.0024427	0.00505452	0.00648987	0.00703352	0.00506116	0.00540344	0.00458199	0.0063927	0.00606779	0.00525084	0.0053405	0.00501487	0.00630722	0.00546851	0.0062096	0.00537164	0.00660677	0.00692538	0.00973204	0.00329023	0.00619135	0.00488249	0.00781004	0.003292	0.00561313	0.0061642	0.00418393	0.00475068	0.00647722	0.00276906	0.00313832	0.00535442	0.0059075	0.00387838	0.00337864	0.00605807	0.00512767	0.00567858	0.00587093	0.0060746	0.00580228
SO4ASSIM-PWY: assimilatory sulfate reduction I	0.0	2.03022e-05	3.75539e-05	0.0007222	0.000484114	0.000181267	7.21834e-05	0.000194037	0.000343627	0.000600694	0.00138913	9.96808e-06	9.91118e-05	4.51982e-05	0.00171173	0.000288397	0.00019879	2.59665e-05	5.74965e-05	0.00390026	0.000741309	1.0063e-05	0.000222151	0.000939748	0.000155045	0.0015602	0.0	0.00192871	2.37616e-05	0.000249719	0.000283592	0.000996762	8.43299e-05	0.000270964	0.0	0.000105447	2.20343e-05	0.000110981	0.0	0.000258231	6.79163e-05	0.000590577	0.000131866	0.000241873	0.000344995	0.00357239	0.00114822	0.000213988	0.000310054	0.000100704	0.000588177	0.000732974	5.10324e-05	8.81078e-05	0.00359597	0.000846338	0.00013769	6.79045e-05	0.000211648	0.000179849	0.0	4.52703e-05	9.34386e-05	0.00216851	0.00244676	0.000323647	4.0359e-05	3.59109e-05	0.000572556	0.0003016	0.000120205	2.69694e-05	0.000438975	0.00121579	0.0	0.000538646	0.00013279	0.0011046	0.000497036	0.000973587	0.00173659	0.000423496	1.89439e-05	7.57168e-05	0.0	4.46931e-05	0.000426298	0.000232955	5.57126e-05	0.00026873	0.000705774	0.000114616	0.000546265	9.66519e-05	0.000511204	0.000142487	0.000858008	0.000195057	0.000878996	0.00195898	0.0	9.98544e-05	0.000123644	0.0	0.000208223	0.00126435	0.000288768	0.000194845	0.000275209	0.000361849	0.00352109	0.000416779	0.0	0.000154177	0.000151335	0.000634115	0.00161672	0.000216095	0.000106241	0.000480661	3.80074e-05	4.80972e-05	0.000462013	2.77177e-05	0.000186228
SULFATE-CYS-PWY: superpathway of sulfate assimilation and cysteine biosynthesis	0.0	4.54859e-05	8.38021e-05	0.00133557	0.000978865	0.000390673	0.000159319	0.000417213	0.000719941	0.00119596	0.00238982	2.23812e-05	0.000216883	0.000100885	0.00254636	0.000606654	0.000427434	5.80903e-05	0.000127752	0.00340336	0.00141651	2.25839e-05	0.000467385	0.00168509	0.000337327	0.0025312	0.0	0.00271987	5.31345e-05	0.000529489	0.000597077	0.00187977	0.000184745	0.000564643	0.0	0.000228861	4.93333e-05	0.000242073	0.0	0.000545365	0.000150494	0.00118242	0.000286811	0.000502344	0.000696672	0.00352865	0.00204895	0.000458263	0.000654322	0.00022089	0.00117318	0.00135749	0.000113401	0.00019412	0.00414344	0.0015328	0.000298722	0.000150631	0.000457495	0.000383597	0.0	0.000100698	0.000205952	0.00307847	0.00335914	0.000672871	8.97485e-05	8.02071e-05	0.00115447	0.000638962	0.000262801	6.02234e-05	0.000867348	0.0019302	0.0	0.00105525	0.000289014	0.00197138	0.00100781	0.00184272	0.00258592	0.000841147	4.23678e-05	0.000166952	0.0	9.95701e-05	0.000887449	0.000498791	0.000123716	0.000568062	0.00135416	0.000252132	0.00110774	0.000212462	0.00103903	0.000309221	0.00160234	0.000421512	0.00161221	0.0029663	0.0	0.000220583	0.000272917	0.0	0.000447671	0.00219765	0.000592982	0.000409776	0.000584574	0.000763929	0.00391952	0.000854583	0.0	0.00032652	0.000322914	0.00124593	0.00256103	0.000457396	0.000230372	0.000975616	8.47966e-05	0.000107064	0.000922227	6.2002e-05	0.000401265
TCA-GLYOX-BYPASS: superpathway of glyoxylate bypass and TCA	0.0	0.0	2.21577e-05	0.000411847	4.84556e-05	0.0	0.0	0.000122746	0.0	0.0	0.0	0.0	4.67455e-05	0.0	0.0	8.57517e-05	0.0	0.0	3.12238e-05	0.0	0.00056511	0.0	0.000156379	0.000573344	0.0	0.00101769	0.0	0.00121109	0.0	0.0002378	0.000151193	0.000606841	0.0	0.000167512	0.0	0.0	2.49802e-05	0.0	0.0	0.0	0.0	0.0	1.85565e-05	0.0	0.000261631	0.00226241	0.0	0.000285674	0.0	0.0	0.000266452	4.50255e-05	0.0	0.0	0.00187742	4.07167e-05	9.43103e-05	0.0	0.0	7.1081e-05	0.0	0.0	0.0	0.000523797	0.00165911	0.000356098	3.85069e-05	0.0	0.000129488	0.0	0.0	0.0	0.000121823	0.000997609	0.0	0.00027172	0.0	0.0	0.000285166	0.000845988	0.0	0.0	0.0	0.000103472	0.0	2.26636e-05	4.78633e-05	0.000144257	0.0	0.000217475	0.0	0.0	0.0	2.85346e-05	0.0	0.0	0.000636642	0.0	0.0	0.0	0.0	0.0	0.0	0.0	0.0	0.0	0.0	0.0	2.90277e-05	0.0	0.00257932	8.37368e-05	0.0	0.0	0.0	0.0	0.000731041	9.59813e-05	4.84927e-05	0.000382941	0.0	0.0	2.46698e-05	0.0	0.0
TCA: TCA cycle I (prokaryotic)	0.0	5.84401e-05	6.25112e-05	0.000827862	0.000149256	5.84413e-05	0.0	0.000169304	0.0	0.0	0.0	0.0	5.86862e-05	4.48485e-05	4.47174e-05	0.000135274	0.0	0.0	9.99386e-05	3.46721e-05	0.00103181	0.0	0.000275037	0.000976969	0.0	0.00165159	0.0	0.00140986	0.0	0.000419599	0.000250375	0.000878091	0.0	0.000324564	0.0	3.2489e-05	5.18836e-05	5.85634e-05	0.0	4.66744e-05	0.0	0.0	4.38608e-05	0.0	0.000819492	0.00214342	0.0	0.00058753	2.20094e-05	0.0	0.000473815	6.1273e-05	0.0	0.0	0.00181476	0.000105014	0.000465268	0.0	0.0	0.000228867	0.0	0.0	0.0	0.000961391	0.00206177	0.000528487	0.00023708	6.55203e-05	0.000293266	0.0	0.0	0.000149274	0.000328694	0.00135409	0.0	0.000448052	0.0	8.50122e-05	0.000315975	0.00119907	0.0	0.0	7.39266e-05	0.000177495	0.0	6.89234e-05	0.000121797	0.000464899	0.0	0.000685587	0.0	0.0	7.30415e-05	0.000365003	3.49004e-05	0.0	0.00095879	0.0	0.0	0.0	0.0	0.0	0.0	0.0	0.0	0.0	0.0	0.00058907	5.62149e-05	0.000139659	0.00251398	0.000113762	0.0	0.0	2.21863e-05	0.0	0.000808704	0.000147989	7.44399e-05	0.000735268	0.0	0.0	5.12661e-05	0.0	0.0
THISYNARA-PWY: superpathway of thiamine diphosphate biosynthesis III (eukaryotes)	0.00464701	0.00357181	0.00417403	0.0045071	0.00417985	0.0062118	0.00235866	0.00636641	0.002157	0.00411913	0.00667252	0.00508739	0.00380858	0.00515503	0.00470162	0.0026437	0.00348797	0.00388829	0.0044665	0.00337394	0.0039687	0.00543214	0.00283802	0.00334128	0.00376999	0.00307382	0.00468082	0.00388156	0.00568712	0.00348723	0.00258646	0.00438285	0.00489674	0.00340236	0.00409617	0.00484345	0.00447011	0.00495856	0.00327106	0.00382758	0.00514189	0.00512394	0.00524057	0.00587981	0.00339892	0.00210271	0.00669308	0.00451374	0.00678737	0.00495738	0.0047054	0.00205624	0.00348775	0.00525804	0.00283594	0.00388498	0.00299331	0.00320612	0.00582232	0.00357801	0.00316347	0.00528134	0.00449273	0.00241771	0.00377931	0.00614327	0.00609156	0.00264047	0.00571408	0.00565302	0.0057218	0.00596734	0.00451953	0.00296424	0.00463969	0.00771538	0.00375714	0.00752968	0.00436159	0.00280301	0.0032315	0.00649217	0.00530788	0.00260992	0.00368263	0.00499184	0.00411407	0.00593172	0.00335648	0.00478488	0.00325772	0.00638447	0.00538463	0.00472468	0.00703064	0.00314777	0.00285335	0.00433655	0.00436457	0.00564175	0.00608646	0.00226168	0.00333767	0.00314474	0.00469957	0.00655957	0.00721684	0.00229495	0.00454448	0.00560065	0.00197253	0.00467289	0.00675106	0.00380635	0.00306314	0.00531284	0.00152994	0.00543505	0.00669423	0.00286497	0.00781177	0.00354068	0.00620867	0.00643518	0.00512083
THREOCAT-PWY: superpathway of L-threonine metabolism	0.0	0.0	0.0	0.0	0.0	0.0	0.0	0.0	0.0	0.0	0.0	0.0	0.0	0.0	0.0	0.0	0.0	0.0	0.0	0.0	0.000296815	0.0	0.0	0.000242939	0.0	0.000211394	0.0	0.0	0.0	0.0	7.41997e-05	0.000284494	0.0	0.0	0.0	0.0	0.0	0.0	0.0	0.0	0.0	0.0	0.0	0.0	0.000197973	0.00103883	0.0	7.32519e-05	0.0	0.0	0.0	0.0	0.0	0.0	0.00111021	0.0	0.0	0.0	0.0	0.0	0.0	0.0	0.0	0.00025482	0.000520588	0.00022626	0.0	0.0	0.0	0.0	0.0	0.0	3.36578e-05	0.000323486	0.0	0.0	0.0	0.0	0.000102002	0.000152867	0.0	0.0	0.0	0.0	0.0	0.0	0.0	1.6455e-05	0.0	4.10967e-05	0.0	0.0	0.0	0.0	0.0	0.0	0.0	7.29084e-05	0.0	0.0	0.0	0.0	0.0	0.0	0.0	3.34428e-05	0.0	0.0	0.0	0.0	0.00145514	0.0	0.0	0.0	0.0	0.0	0.0	3.7747e-05	0.0	0.0	0.0	0.0	0.0	0.0	0.0
THRESYN-PWY: superpathway of L-threonine biosynthesis	0.00601912	0.00626942	0.00599457	0.00686848	0.00582983	0.00725671	0.00719382	0.00549662	0.00662354	0.0057142	0.00741453	0.00634739	0.00686738	0.00623333	0.00780574	0.00576499	0.00770836	0.00573913	0.00566286	0.00655918	0.00643257	0.00588678	0.0064995	0.00644651	0.00702344	0.00538233	0.00792609	0.00699438	0.00829378	0.00470637	0.00575402	0.00715079	0.00685985	0.00719149	0.00730795	0.00715921	0.0056874	0.00868213	0.00665986	0.00531289	0.0074221	0.00609435	0.00767852	0.00721046	0.0061295	0.00456853	0.00658333	0.00561394	0.00674307	0.00790121	0.00632746	0.0072276	0.006365	0.00616521	0.00483015	0.00749451	0.00599845	0.00572618	0.00804602	0.00772782	0.00607389	0.00608797	0.00672532	0.00612785	0.00512479	0.00465619	0.00548701	0.00484136	0.00752026	0.00558261	0.00627887	0.00620539	0.00613215	0.00548533	0.00473896	0.00595631	0.00560857	0.0065563	0.00593553	0.00606823	0.00584346	0.0079068	0.00523944	0.0054385	0.00653411	0.00582613	0.00645315	0.00732599	0.0061836	0.00649441	0.00650604	0.0062709	0.00599575	0.0070096	0.00658982	0.00539851	0.0069208	0.00589661	0.0072723	0.00709249	0.00510092	0.00590888	0.00907128	0.00630161	0.00708747	0.00552097	0.00491803	0.00540348	0.00580162	0.00542038	0.00430274	0.00563162	0.00700928	0.00515242	0.00632307	0.0061522	0.00638782	0.00591674	0.00832855	0.0052879	0.00706393	0.00506931	0.00764097	0.00490356	0.0053248
TRNA-CHARGING-PWY: tRNA charging	0.0103799	0.0119319	0.011917	0.010768	0.0119639	0.0114633	0.0146878	0.0126901	0.0118798	0.0143015	0.00986765	0.0108841	0.0125815	0.0108047	0.00903759	0.014618	0.013823	0.0132124	0.0129915	0.0131503	0.0105436	0.0119533	0.0118627	0.0103867	0.0105758	0.0107083	0.0112832	0.00829925	0.00992542	0.0138554	0.0179448	0.00935497	0.0152469	0.0105145	0.01075	0.0115211	0.0112702	0.0105166	0.0116099	0.0133074	0.0105918	0.0107138	0.0107039	0.0111361	0.012312	0.00718301	0.00995173	0.012106	0.0102915	0.0103911	0.00955632	0.0195865	0.0139409	0.0123052	0.00720332	0.0107994	0.0159243	0.0139857	0.00914169	0.014981	0.0132296	0.0120026	0.0114248	0.0131402	0.00873719	0.0118187	0.011687	0.014641	0.0090856	0.0101552	0.0112334	0.0121771	0.013011	0.0110593	0.0113316	0.00922815	0.0161111	0.0115131	0.0114281	0.00982041	0.0126706	0.0104109	0.0125445	0.013782	0.0134832	0.0105915	0.0104553	0.00971555	0.0134227	0.0109649	0.011715	0.0110307	0.010896	0.0104463	0.0108176	0.0140699	0.00928319	0.0113994	0.0134306	0.0113037	0.0108871	0.0112091	0.0105863	0.0193829	0.0113144	0.0105585	0.00994494	0.0133076	0.0121472	0.0104056	0.00648346	0.0114215	0.00959832	0.0137339	0.0141099	0.012611	0.00813145	0.0123229	0.0122688	0.0115231	0.0106994	0.0125334	0.0102846	0.0105669	0.0120418
UBISYN-PWY: superpathway of ubiquinol-8 biosynthesis (early decarboxylation)	0.0	0.0	0.0	4.8433e-05	0.0	0.0	0.0	4.60404e-06	0.0	0.0	0.0	0.0	0.0	0.0	0.0	0.0	0.0	0.0	0.0	0.0	0.0	0.0	1.15193e-05	4.44891e-05	0.0	5.53748e-05	0.0	0.000133137	0.0	1.37191e-05	0.0	5.40195e-06	0.0	9.77428e-06	0.0	0.0	0.0	0.0	0.0	0.0	0.0	0.0	0.0	0.0	0.0	0.000333325	0.0	0.0	0.0	0.0	4.04056e-05	0.0	0.0	0.0	0.0	0.0	0.0	0.0	0.0	0.0	0.0	0.0	0.0	0.0	0.0	0.0	0.0	0.0	0.0	0.0	0.0	0.0	0.0	0.0	0.0	4.01632e-05	0.0	0.0	0.0	0.0	0.0	0.0	0.0	0.0	0.0	0.0	0.0	1.73397e-05	0.0	0.0	0.0	0.0	0.0	0.0	0.0	0.0	2.26141e-05	0.0	0.0	0.0	0.0	0.0	0.0	0.0	0.0	0.0	0.0	0.0	0.0	0.0	4.00451e-05	0.0	0.0	0.0	0.0	0.0	0.000143863	0.0	0.0	3.12114e-05	0.0	0.0	0.0	0.0	0.0
UDPNACETYLGALSYN-PWY: UDP-N-acetyl-D-glucosamine biosynthesis II	0.0	0.0	0.0	0.0	0.0	0.0	0.0	0.0	0.0	0.0	0.0	0.0	0.0	0.0	0.0	0.0	0.0	0.0	0.0	1.97699e-05	0.0	0.0	0.0	0.0	0.0	0.0	0.0	0.0	0.0	0.0	0.0	0.0	0.0	0.0	0.0	0.0	0.0	0.0	0.0	1.0231e-05	0.0	0.0	0.0	0.0	1.33006e-05	0.0	0.0	0.0	0.0	0.0	0.0	0.0	0.0	6.86828e-05	0.0	0.0	5.78385e-05	0.0	0.0	0.0	0.0	0.0	3.61085e-05	0.0	0.0	0.0	0.0	0.0	0.0	0.0	0.0	0.0	0.0	0.0	0.0	0.0	0.000164666	0.0	0.0	0.0	0.0	0.0	0.0	0.0	0.000380712	0.0	0.0	0.0	1.29045e-05	0.0	0.0	0.0	0.0	3.16007e-05	0.0	0.0	0.0	0.0	0.0	0.0	0.0	0.0	0.0	0.0	0.0	0.0	0.0	0.000320839	0.0	0.0	0.0	0.0	0.0	0.0	0.0	0.0	3.27694e-05	0.0	0.0	0.0	0.0	0.0	0.0	0.0	0.0
UDPNAGSYN-PWY: UDP-N-acetyl-D-glucosamine biosynthesis I	0.0038691	0.00534323	0.00453565	0.00474202	0.00638656	0.00553836	0.00645828	0.00387744	0.00562128	0.00611231	0.00205152	0.00744946	0.00381169	0.00291687	0.00211654	0.0057075	0.0057095	0.00552422	0.0041068	0.00500538	0.00430044	0.00428651	0.00431791	0.0042069	0.00518469	0.00454748	0.00566489	0.00261352	0.00131271	0.00613604	0.00810727	0.00275629	0.00612621	0.00324214	0.00312859	0.00573412	0.00401928	0.000607815	0.00265727	0.00649772	0.00297949	0.00481663	0.0032044	0.00336169	0.00458808	0.00461431	0.00337319	0.00462108	0.00357259	0.00101249	0.00540993	0.00563653	0.00809534	0.00394746	0.00505239	0.00505871	0.00892785	0.00768891	0.00360554	0.00444187	0.00478469	0.0087446	0.00541602	0.00443441	0.00355584	0.00286906	0.00319889	0.00521393	0.00265383	0.00450334	0.00395164	0.00584179	0.00525345	0.00414023	0.00387688	0.00474885	0.0046385	0.00285183	0.00458243	0.005994	0.00326648	0.00302189	0.00384588	0.00591557	0.00468227	0.00459549	0.00632108	0.00391404	0.00547778	0.00358046	0.00390076	0.00575979	0.00510197	0.00426536	0.00382885	0.00833174	0.00384822	0.00344161	0.00705416	0.00325004	0.00462952	0.00328551	0.0053445	0.0081983	0.00325255	0.00249768	0.00301609	0.00384133	0.0076096	0.00537009	0.00464124	0.00376111	0.00520185	0.00589672	0.00534584	0.00637836	0.00296473	0.00363465	0.00509365	0.00645468	0.00357834	0.00451828	0.00482272	0.00374031	0.00579659
URDEGR-PWY: superpathway of allantoin degradation in plants	0.0	0.0	0.0	9.26578e-06	0.0	0.0	0.0	3.22532e-06	0.0	0.0	0.0	0.0	0.0	0.0	0.0	5.81265e-06	0.0	0.0	4.24066e-06	0.0	3.29175e-05	0.0	2.23299e-05	2.43635e-05	0.0	9.63025e-06	0.0	2.06004e-05	0.0	5.80925e-06	4.23043e-06	1.94199e-05	0.0	5.02227e-06	0.0	0.0	5.0082e-06	0.0	0.0	0.0	0.0	0.0	0.0	0.0	0.0	0.000100739	0.0	1.75457e-05	0.0	0.0	2.01122e-05	0.0	0.0	0.0	0.000139222	0.0	3.29381e-06	0.0	0.0	0.0	0.0	0.0	0.0	0.0	0.0	6.14841e-06	0.0	0.0	0.0	0.0	0.0	0.0	0.0	0.0	0.0	2.08143e-05	0.0	0.0	1.48517e-05	1.39854e-05	0.0	0.0	0.0	0.0	0.0	0.0	0.0	1.79705e-05	0.0	0.0	0.0	0.0	0.0	0.0	0.0	0.0	6.14919e-06	0.0	0.0	0.0	0.0	0.0	0.0	0.0	0.0	0.0	0.0	0.0	0.0	0.0	0.000187608	0.0	0.0	0.0	0.0	0.0	3.43369e-05	0.0	0.0	1.43101e-05	0.0	0.0	0.0	0.0	0.0
URSIN-PWY: ureide biosynthesis	0.0	0.0	0.0	0.0	0.0	0.0	0.0	0.0	0.0	0.0	0.0	0.0	0.0	0.0	0.0	0.0	0.0	0.0	0.0	0.0	0.0	0.0	0.0	1.56073e-05	0.0	0.0	0.0	0.0	0.0	0.0	0.0	3.05815e-05	0.0	0.0	0.0	0.0	0.0	0.0	0.0	0.0	0.0	0.0	0.0	0.0	0.000194859	0.000178791	0.0	0.0	0.0	0.0	0.0	0.0	0.0	0.0	0.0	0.0	0.0	0.0	0.0	0.0	0.0	0.0	0.0	0.0	0.0	0.0	0.0	0.0	0.0	0.0	0.0	0.0	0.0	0.0	0.0	0.0	0.0	0.0	0.0	0.0	0.0	0.0	0.0	0.0	0.0	0.0	0.0	0.0	0.0	0.0	0.0	0.0	0.0	0.0	0.0	0.0	0.0	0.0	0.0	0.0	0.0	0.0	0.0	0.0	0.0	0.0	0.0	0.0	0.0	0.0	0.000117773	0.0	0.0	0.0	0.0	0.0	0.0	0.0	0.0	0.0	0.0	0.0	0.0	0.0	0.0
VALSYN-PWY: L-valine biosynthesis	0.00963604	0.0124727	0.0118493	0.0110828	0.0117548	0.0116825	0.0102488	0.0140922	0.0124518	0.0116494	0.0120039	0.0124065	0.0135791	0.012137	0.0112442	0.0113403	0.0104794	0.0122836	0.0127769	0.0141778	0.010076	0.0121574	0.0118982	0.0114728	0.011795	0.010212	0.0113509	0.0102514	0.0114159	0.0109373	0.00866041	0.0114848	0.0127343	0.012205	0.0108971	0.013405	0.0132297	0.0118361	0.0135721	0.0132951	0.013175	0.0131578	0.0129925	0.0130268	0.0148746	0.00861987	0.012859	0.0111518	0.0121556	0.0123828	0.00806638	0.00774359	0.0133233	0.0127116	0.00913346	0.0134123	0.0100731	0.0100803	0.0116919	0.0127632	0.0138399	0.0138334	0.0123246	0.0126837	0.0103812	0.011906	0.0127452	0.0109423	0.0114756	0.0127429	0.0125717	0.0125528	0.013993	0.0127508	0.0127095	0.0113079	0.01162	0.0127672	0.0117751	0.00912632	0.0156026	0.0128469	0.0142629	0.0128548	0.016554	0.0124604	0.0123467	0.00994521	0.0118876	0.0116322	0.0141736	0.0128401	0.0118702	0.0121355	0.0131806	0.0121853	0.0107792	0.0124012	0.012617	0.0121268	0.0130584	0.00822059	0.0123471	0.0109404	0.0129494	0.0141627	0.0115618	0.0151659	0.0120857	0.0118093	0.00798613	0.0134432	0.0121604	0.0142759	0.0127418	0.0111937	0.0109748	0.0145311	0.0113134	0.00916826	0.0129533	0.0121881	0.0127559	0.011952	0.0112624
