# Pathway	Sample_S24761_CC_CRC698_FE_DNA_DIA	Sample_S24770_CC_CRC669_FE_DNA_DIA	Sample_S24951_CC_CRC673_FE_DNA_DIA	Sample_S24763_CC_CRC703_FE_DNA_DIA	Sample_S24768_CC_CRC706_FE_DNA_DIA	Sample_S24764_CC_CRC710_FE_DNA_DIA	Sample_S24699_CC_CRC639_FE_DNA_DIA	Sample_S24702_CC_CRC645_FE_DNA_DIA	Sample_S24704_CC_CRC692_FE_DNA_DIA	Sample_S24947_CC_CRC695_FE_DNA_DIA	Sample_S24762_CC_CRC708_FE_DNA_DIA	CC_CRC752_FE_DNA_DIA	CC_CRC759_FE_DNA_DIA	CC_CRC760_FE_DNA_DIA	Sample_S24757_CC_P151_FE_DNA_DIA	Sample_S24938_CC_P155_FE_DNA_DIA	Sample_S24948_CC_P122_FE_DNA_DIA	Sample_S24936_CC_P127_FE_DNA_DIA	Sample_S24748_CC_P130_FE_DNA_DIA	Sample_S24749_CC_P132_FE_DNA_DIA	Sample_S24750_CC_P133_FE_DNA_DIA	Sample_S24751_CC_P134_FE_DNA_DIA	Sample_S24752_CC_P138_FE_DNA_DIA	Sample_S24753_CC_P140_FE_DNA_DIA	Sample_S24754_CC_P143_FE_DNA_DIA	Sample_S24755_CC_P149_FE_DNA_DIA	Sample_S24758_CC_P160_FE_DNA_DIA	Sample_S24694_CC_CRC627_FE_DNA_DIA	Sample_S24695_CC_CRC633_FE_DNA_DIA	Sample_S24696_CC_CRC634_FE_DNA_DIA	Sample_S24697_CC_CRC635_FE_DNA_DIA	Sample_S24698_CC_CRC638_FE_DNA_DIA	Sample_S24700_CC_CRC641_FE_DNA_DIA	Sample_S24701_CC_CRC642_FE_DNA_DIA	Sample_S24703_CC_CRC652_FE_DNA_DIA	Sample_S24766_CC_CRC671_FE_DNA_DIA	Sample_S24767_CC_CRC691_FE_DNA_DIA	Sample_S24705_CC_CRC693_FE_DNA_DIA	Sample_S24765_CC_CRC694_FE_DNA_DIA	CC_CRC757_FE_DNA_DIA	CC_CRC761_FE_DNA_DIA	Sample_S24742_CC_P118_FE_DNA_DIA	Sample_S24743_CC_P119_FE_DNA_DIA	Sample_S24744_CC_P120_FE_DNA_DIA	Sample_S24745_CC_P126_FE_DNA_DIA	Sample_S24746_CC_P128_FE_DNA_DIA	Sample_S24756_CC_P150_FE_DNA_DIA	Sample_S24769_CC_P154_FE_DNA_DIA	Sample_S24939_CC_P158_FE_DNA_DIA	Sample_S24759_CC_P161_FE_DNA_DIA	Sample_S24760_CC_P162_FE_DNA_DIA	Sample_S24940_CC_P163_FE_DNA_DIA	Sample_S24949_CC_P166_FE_DNA_DIA	Sample_S24795_CC_P177_FE_DNA_DIA	CC_P181_DNA_DIA	Sample_S24950_CC_CRC707_FE_DNA_DIA	Sample_S24937_CC_P145_FE_DNA_DIA	Sample_S24717_CC_IK25_FE_DNA_DIA	Sample_S24787_CC_IK64_FE_DNA_DIA	CC_IK105_FE_DNA_DIA	Sample_S24712_CC_IK2_FE_DNA_DIA	Sample_S24711_CC_IK19_FE_DNA_DIA	Sample_S24793_CC_IK73_FE_DNA_DIA	CC_IK86_FE_DNA_DIA	CC_IK106_FE_DNA_DIA	CC_IK107_FE_DNA_DIA	CC_IK108_FE_DNA_DIA	CC_IK110_FE_DNA_DIA	Sample_S24732_CC_IK5_FE_DNA_DIA	Sample_S24781_CC_IK10_FE_DNA_DIA	Sample_S24707_CC_IK13_FE_DNA_DIA	Sample_S24709_CC_IK17_FE_DNA_DIA	Sample_S24714_CC_IK22_FE_DNA_DIA	Sample_S24779_CC_IK27_FE_DNA_DIA	Sample_S24718_CC_IK28_FE_DNA_DIA	CC_IK33_FE_DNA_DIA	Sample_S24726_CC_IK40_FE_DNA_DIA	Sample_S24729_CC_IK45_FE_DNA_DIA	Sample_S24734_CC_IK52_FE_DNA_DIA	Sample_S24804_CC_IK54_FE_DNA_DIA	Sample_S24780_CC_IK55_FE_DNA_DIA	Sample_S24737_CC_IK57_FE_DNA_DIA	Sample_S24788_CC_IK65_FE_DNA_DIA	Sample_S24796_CC_IK67_FE_DNA_DIA	Sample_S24797_CC_IK68_FE_DNA_DIA	Sample_S24792_CC_IK72_FE_DNA_DIA	Sample_S24794_CC_IK75_FE_DNA_DIA	Sample_S25189_CC_IK76_FE_DNA_DIA	Sample_S24801_CC_IK80_FE_DNA_DIA	CC_IK81_FE_DNA_DIA	CC_IK82_FE_DNA_DIA	CC_IK103_FE_DNA_DIA	CC_IK111_FE_DNA_DIA	CC_IK112_FE_DNA_DIA	Sample_S24725_CC_IK4_FE_DNA_DIA	Sample_S24740_CC_IK7_FE_DNA_DIA	Sample_S24708_CC_IK15_FE_DNA_DIA	Sample_S24782_CC_IK30_FE_DNA_DIA	Sample_S24720_CC_IK32_FE_DNA_DIA	Sample_S24785_CC_IK62_FE_DNA_DIA	Sample_S24798_CC_IK69_FE_DNA_DIA	CC_IK93_FE_DNA_DIA	Sample_S24773_CC_IK3_FE_DNA_DIA	Sample_S24741_CC_IK9_FE_DNA_DIA	Sample_S24775_CC_IK34_FE_DNA_DIA	Sample_S24730_CC_IK47_FE_DNA_DIA	Sample_S24733_CC_IK51_FE_DNA_DIA	Sample_S24784_CC_IK61_FE_DNA_DIA	CC_IK89_FE_DNA_DIA	Sample_S25187_CC_IK1_FE_DNA_DIA	Sample_S24715_CC_IK23_FE_DNA_DIA	Sample_S24771_CC_IK26_FE_DNA_DIA	Sample_S24722_CC_IK36_FE_DNA_DIA	Sample_S24723_CC_IK38_FE_DNA_DIA	Sample_S24777_CC_IK42_FE_DNA_DIA	Sample_S24728_CC_IK43_FE_DNA_DIA	Sample_S24803_CC_IK44_FE_DNA_DIA	CC_IK50_FE_DNA_DIA	Sample_S24786_CC_IK63_FE_DNA_DIA	CC_IK92_FE_DNA_DIA	CC_IK96_FE_DNA_DIA	Sample_S24809_CC_IK77_FE_DNA_DIA	Sample_S24747_CC_P129_FE_DNA_DIA	Sample_S24952_CC_P144_FE_DNA_DIA
12DICHLORETHDEG-PWY: 1,2-dichloroethane degradation	0.0	0.0	0.0	0.0	0.0	0.0	0.0	0.0	0.0	0.0	0.0	0.0	0.0	0.0	0.0	0.0	0.0	0.0	0.0	0.0	0.0	0.0	0.0	0.0	0.0	0.0	0.0	0.0	0.0	0.0	0.0	0.0	0.0	0.0	0.0	0.0	0.0	0.0	0.0	0.0	0.0	0.0	0.0	0.0	0.0	0.0	0.0	0.0	0.0	4.9048e-05	0.0	0.0	0.0	0.0	0.0	0.0	0.0	0.0	0.0	0.0	0.0	0.0	0.0	0.0	0.0	0.0	0.0	0.0	0.0	0.0	0.0	0.0	0.0	0.0	0.0	0.0	0.0	0.0	0.0	0.0	0.0	0.0	0.0	0.0	0.0	0.0	0.0	0.0	0.0	0.0	0.0	0.0	0.0	0.0	0.0	0.0	0.0	0.0	0.0	0.0	0.0	0.0	0.0	0.0	0.0	0.0	0.0	0.0	0.0	0.0	0.0	0.0	0.0	0.0	0.0	0.0	0.0	0.0	0.0	0.0	0.0	0.0	0.0	0.0
1CMET2-PWY: folate transformations III (E. coli)	0.00932084	0.0102603	0.0097581	0.007398	0.00850889	0.00892206	0.00440067	0.00971135	0.00982457	0.0088416	0.00997835	0.00562689	0.00919769	0.00905093	0.00876473	0.00834189	0.00863584	0.00624182	0.00790765	0.00625094	0.00956659	0.00907196	0.00625548	0.00670671	0.00994647	0.0055355	0.00555277	0.00622967	0.00744166	0.00515041	0.00767792	0.00719873	0.00890801	0.00897786	0.00874247	0.00610816	0.00802168	0.0076225	0.00537668	0.00910743	0.00866164	0.00857481	0.00863474	0.00805885	0.00891614	0.0087722	0.00999601	0.00686726	0.00909607	0.00730197	0.00895293	0.0074342	0.00740586	0.0084417	0.00961384	0.0102531	0.00999917	0.00830663	0.00993866	0.0079588	0.00746247	0.00971758	0.0090458	0.00718212	0.00718352	0.00832914	0.00850904	0.00880618	0.00926916	0.00508162	0.00738119	0.00906595	0.00938864	0.00750719	0.00797682	0.00700724	0.00888622	0.00842043	0.00824267	0.00948011	0.0122658	0.00832593	0.00910618	0.0079108	0.00771861	0.00883087	0.00903234	0.00734056	0.00877686	0.0088277	0.00968419	0.00464931	0.00911386	0.00911148	0.0100506	0.00942037	0.00912734	0.00659543	0.00841257	0.0102124	0.00764416	0.011213	0.00759683	0.0078549	0.00685312	0.00819239	0.0101763	0.00935819	0.00871282	0.00677037	0.00967128	0.00973561	0.00869037	0.00682087	0.00897342	0.00797999	0.00869439	0.00843323	0.00889813	0.00788199	0.00869674	0.00624004	0.00810227	0.00743905
3-HYDROXYPHENYLACETATE-DEGRADATION-PWY: 4-hydroxyphenylacetate degradation	0.0	0.0	0.0	0.0	0.0	0.0	0.000765889	0.0	0.0	0.0	0.0	3.82661e-05	0.0	0.0	0.0	0.0	0.0	0.000327036	0.0	0.0	0.0	0.0	0.000146535	0.0	0.0	0.0	0.0	0.000461808	0.0	0.000957392	0.0	0.0	0.0	0.0	0.0	0.000101492	0.0	0.0	0.000391751	1.97084e-05	0.0	0.0	0.0	0.0	0.0	0.0	0.0	0.000249282	2.01273e-05	8.74617e-05	0.0	0.0	0.0	1.80085e-05	0.0	0.0	0.0	0.0	0.0	0.0	0.0	0.0	0.0	0.0	6.2535e-05	0.0	0.0	0.0	2.36055e-05	0.000322634	3.72022e-05	0.0	0.0	0.0	0.0	0.0	0.0	0.0	0.0	1.97668e-05	0.0	0.0	0.0	0.0	0.0	0.0	0.0	0.0	0.0	0.0	0.0	0.0	0.0	0.0	3.0678e-05	0.0	0.0	0.000300678	8.56037e-06	6.14579e-05	0.0	0.0	0.0	0.0	0.000152429	0.0	0.0	0.0	0.0	0.0	0.0	0.0	0.0	0.000212043	0.0	0.0	0.0	0.0	0.0	0.0	0.000144617	0.000358425	0.0	0.0
AEROBACTINSYN-PWY: aerobactin biosynthesis	0.0	0.0	0.0	3.6121e-05	0.0	0.0	0.0014123	0.0	0.0	5.52983e-05	0.0	0.000109897	0.0	0.0	0.0	0.0	0.0	0.0	0.0	0.0	0.0	0.0	0.0	0.0	0.0	0.0	0.000209154	0.0	0.0	0.0	1.12226e-05	0.0	0.0	0.0	0.0	0.000281051	0.0	0.0	0.0	3.56033e-05	1.27916e-05	0.0	0.0	0.0	0.0	0.0	0.0	0.000432364	4.20224e-05	0.0	0.0	0.0	0.0	2.08207e-05	0.0	0.0	0.0	0.0	0.0	0.0	0.0	0.0	0.0	0.0	0.0	5.21978e-05	4.69882e-05	0.0	0.0	0.000176173	0.000174425	0.0	4.53227e-05	0.0	0.0	0.0	0.0	0.0	0.000101337	8.34239e-05	0.0	0.0	0.0	0.0	0.0	0.0	0.0	0.0	0.0	0.0	8.32427e-05	0.0	0.0	0.0	0.0	0.0	0.0	0.0	3.63696e-05	7.67811e-05	0.0	0.0	0.00012093	0.0	2.82398e-05	0.0	0.0	0.0	5.53715e-05	0.0	1.02041e-05	0.0	0.0	0.0	0.0	5.21477e-05	0.0	0.0	3.24869e-05	0.0	0.0	0.000356606	0.0	0.000144307
ALL-CHORISMATE-PWY: superpathway of chorismate metabolism	0.0	0.0	0.0	6.88408e-05	0.0	0.0	0.0	0.0	0.0	0.0	0.0	0.0	0.0	0.0	0.0	0.0	0.0	0.0	0.0	0.0	0.0	0.0	0.0	0.0	0.0	0.0	0.0	0.0	0.0	0.0	0.0	0.0	0.0	0.0	0.0	0.0	0.0	0.0	0.0	0.0	0.0	0.0	0.0	0.0	0.0	0.0	0.0	0.0	0.0	0.0	0.0	0.0	0.0	0.0	0.0	0.0	0.0	0.0	0.0	0.0	0.0	0.0	0.0	0.0	0.0	0.0	0.0	0.0	0.0	0.0	0.0	0.0	0.0	0.0	0.0	0.0	0.0	0.0	0.0	0.0	0.0	0.0	0.0	0.0	0.0	0.0	0.0	0.0	0.0	0.0	0.0	0.0	0.0	0.0	0.0	0.0	0.0	0.0	0.0	0.0	0.0	0.0	0.0	0.0	0.0	0.0	0.0	0.0	0.0	0.0	0.0	0.0	0.0	0.0	0.0	0.0	0.0	0.0	0.0	0.0	0.0	0.0	0.0	0.0
ALLANTOINDEG-PWY: superpathway of allantoin degradation in yeast	0.000137757	0.0	3.82358e-05	0.000191045	0.000125359	0.0	1.06228e-05	0.000386076	0.000307398	4.31067e-05	0.0	0.000281515	0.000363492	6.00924e-05	4.78361e-05	9.17726e-05	0.0	4.01572e-05	0.0	6.38997e-05	6.48256e-05	0.000229269	0.000463055	0.000151175	0.0	0.000252017	0.00026518	0.000276436	0.000187141	0.000207641	0.000418251	0.0	2.27231e-05	0.0	3.67006e-05	0.000315043	0.0	0.0	0.000131953	0.000201426	0.000111739	0.000177229	0.000284991	8.47909e-05	4.22978e-05	0.0	2.6761e-05	0.00050626	0.00030901	0.000257366	0.0	0.000150879	0.000482462	5.31961e-05	0.000108104	0.0	0.000145015	0.000187353	0.000233808	0.0	0.000203545	1.0975e-05	0.000199856	0.000159061	0.0	0.000302216	0.000255796	7.07695e-05	0.000119141	0.000259112	4.65344e-05	4.1687e-05	3.03122e-05	4.1048e-05	9.67989e-05	0.000298194	0.00012822	2.08427e-05	0.000241487	2.95055e-05	0.000226843	0.000261432	2.94018e-05	2.26218e-05	0.000126065	1.64804e-05	0.000357894	4.59835e-05	4.09854e-05	5.04302e-05	1.52099e-05	0.000156258	1.9147e-05	0.000117432	4.72409e-05	0.000276889	6.49832e-05	0.0	0.000186541	0.000181455	6.92079e-05	0.0	0.000227185	0.0	9.0093e-05	3.41431e-05	0.000153385	0.000295268	0.00022206	0.000103693	4.37127e-05	0.0	0.000180285	0.000174234	7.53404e-05	0.000186568	0.0	2.36361e-05	0.000181317	5.866e-05	5.24162e-05	5.82878e-05	0.000359147	0.000254317
ANAEROFRUCAT-PWY: homolactic fermentation	0.00404904	0.00345356	0.00313986	0.00683415	0.0040594	0.00430255	0.00465065	0.0040332	0.00496562	0.00423416	0.00365025	0.00430442	0.00426363	0.00316148	0.00512578	0.00309704	0.00328907	0.00389192	0.00471952	0.00702028	0.00451735	0.0035725	0.00412932	0.00331536	0.00431435	0.00398925	0.00381366	0.00387068	0.00469453	0.00423945	0.00358348	0.0045255	0.0051472	0.00306095	0.00241975	0.00422415	0.0039418	0.00263264	0.00367011	0.00422182	0.00395832	0.00432445	0.00496506	0.00157902	0.00462237	0.00387605	0.00290019	0.00361023	0.0044751	0.00463747	0.0041315	0.00596352	0.00502125	0.00469275	0.00409397	0.0035482	0.00308154	0.00521947	0.00344428	0.00547372	0.00457684	0.00341495	0.00432896	0.00394246	0.00367476	0.00578626	0.004766	0.00651846	0.00453698	0.00512601	0.00426756	0.00330524	0.00504692	0.00534994	0.00478844	0.00409913	0.00393822	0.00277478	0.00333847	0.00325733	0.00196328	0.00576424	0.00358896	0.00265471	0.00440931	0.00351991	0.00396621	0.00329227	0.00250363	0.00513036	0.00398617	0.00473047	0.00518253	0.0031821	0.00324748	0.0054332	0.00254703	0.00403367	0.00495862	0.00465792	0.00287534	0.00448844	0.00606773	0.00176674	0.00364766	0.00352786	0.0037459	0.00351596	0.0039026	0.00749346	0.00456473	0.0055316	0.0037782	0.00474632	0.00399154	0.00387032	0.00330536	0.00586011	0.00293176	0.00457322	0.00381489	0.00329045	0.00535292	0.00345704
ANAGLYCOLYSIS-PWY: glycolysis III (from glucose)	0.00951896	0.00870394	0.00937047	0.00935339	0.00949274	0.0079936	0.00581162	0.0086789	0.0090722	0.00887568	0.00744558	0.00741817	0.00781744	0.0118777	0.00920792	0.0103168	0.0128303	0.00828355	0.00799474	0.00913804	0.0091867	0.00815343	0.00643361	0.00782707	0.00981893	0.00746781	0.00622684	0.00643857	0.00703313	0.00605854	0.00837646	0.0111415	0.0106069	0.00998975	0.0141397	0.00649253	0.0130208	0.0141503	0.00938803	0.00920205	0.00828084	0.00766721	0.00788797	0.0131906	0.0111252	0.00999208	0.00659008	0.00665993	0.0100496	0.0088299	0.00938702	0.0092282	0.00972805	0.009013	0.00857113	0.00855955	0.0101843	0.00940114	0.00969513	0.0089567	0.00847284	0.00943138	0.00892309	0.0077086	0.00901905	0.00950351	0.00980239	0.00950157	0.0100348	0.00632629	0.00752046	0.0101457	0.00865815	0.00845078	0.0107056	0.0089069	0.00924293	0.0118827	0.00840508	0.00859093	0.0105171	0.0107997	0.0111212	0.0111748	0.00824835	0.00995491	0.00958278	0.0112304	0.0111293	0.0091759	0.00903218	0.006082	0.00924291	0.00774236	0.00892604	0.00922902	0.00985684	0.00705061	0.00959579	0.00900178	0.0112593	0.00972771	0.0082667	0.0109765	0.00854005	0.0128868	0.00956452	0.00756173	0.00882115	0.00927953	0.00794962	0.0100207	0.00942954	0.0120441	0.00940986	0.0088388	0.0107466	0.00900162	0.00843735	0.00845984	0.00869354	0.00615236	0.00953371	0.00695343
ARG+POLYAMINE-SYN: superpathway of arginine and polyamine biosynthesis	0.0017777	0.00031039	0.00143459	0.000946469	0.00240689	0.00118752	0.00298508	0.000424875	0.000638693	0.00128636	0.00131419	0.00297768	0.00256535	0.000594412	0.000587	0.00129338	0.00192746	0.00314525	0.00151686	0.000713915	0.00112331	0.00149654	0.00345549	0.00134364	0.000527321	0.00301008	0.00266095	0.00280692	0.00232775	0.00341337	0.00182883	0.00116462	0.000914993	0.000638608	0.00101985	0.00285923	0.00153862	0.00100235	0.00249374	0.00242911	0.00110569	0.00210731	0.0014951	0.00137017	0.000390409	0.00128612	0.00185184	0.00309883	0.00232273	0.00237074	0.00127828	0.000757559	0.00114958	0.00129984	0.000114455	0.000911883	0.00163717	0.00171174	0.00106477	0.000804774	0.00109497	0.00232084	0.00180087	0.00191505	0.00232213	0.00159521	0.00119569	0.000631082	0.000309655	0.00237703	0.00181684	0.00107106	0.000678356	0.00113365	0.00205804	0.00241515	0.000789214	0.000946067	0.00205061	0.0015916	0.0006332	0.000479049	0.000820911	0.000678412	0.000466294	0.00139582	0.00096653	0.00228361	0.000422022	0.00142503	0.00171589	0.00325652	0.00152996	0.0	0.00179695	0.000981379	0.00110332	0.0039207	0.00168172	0.00200682	0.00201808	0.0010441	0.00157335	0.000703937	0.00246483	0.0015019	0.00109145	0.00149789	0.00177853	0.00251099	0.000730068	0.000485995	0.00107374	0.00217126	0.00182366	0.00163145	0.000326512	0.000446169	0.00212579	0.00131103	0.0015166	0.00210826	0.00179178	0.00221217
ARGDEG-PWY: superpathway of L-arginine, putrescine, and 4-aminobutanoate degradation	0.0	0.0	0.0	6.65653e-05	0.0	0.0	0.00091897	0.0	0.0	0.0	0.0	1.17684e-05	0.0	0.0	0.0	0.0	0.0	9.23349e-05	0.000157235	0.0	0.0	0.0	0.000528164	0.0	0.0	0.0	0.0	0.000487284	0.0	0.00168012	0.0	0.0	0.0	0.0	0.0	0.000558062	0.0	0.0	0.000442219	8.37403e-05	0.0	0.0	0.0	0.0	0.0	0.0	0.0	0.000559169	4.72552e-05	0.0	0.0	0.0	0.0	3.0266e-05	0.0	0.0	0.0	0.0	0.0	0.0	0.0	0.0	0.0	0.0	9.12743e-05	0.0	0.0	0.0	0.0	0.00092052	0.000386615	0.0	0.0	0.0	0.0	0.0	0.0	0.0	0.0	5.79221e-05	0.0	0.0	0.0	0.0	0.0	0.0	0.0	0.0	0.0	0.0	0.0	0.000594275	5.55417e-05	0.0	0.000250789	0.0	0.0	0.000457462	0.0	8.00849e-05	2.98283e-05	0.0	0.0	0.0	0.000417843	0.0	0.0	0.0	0.0	0.0	0.0	0.0	0.0	0.000356323	0.0	0.0	0.0	0.0	0.0	0.0	9.73881e-05	0.000346916	0.0	0.0
ARGININE-SYN4-PWY: L-ornithine biosynthesis II	0.0054364	0.00276502	0.000166868	0.00568711	0.00414145	0.00137004	0.0025994	0.00307217	0.00517724	0.00398013	0.00170256	0.00195505	0.00307205	0.00174571	0.00391383	0.00207734	0.00128855	0.00147573	0.00552842	0.00413275	0.00558731	0.00504526	0.00237047	0.00274047	0.00460131	0.00226157	0.00286345	0.00258418	0.00503385	0.00246722	0.00421016	0.00140105	0.00261121	0.0031478	0.00294946	0.0031674	0.000746049	0.00168328	0.00179558	0.00234483	0.00543042	0.00255076	0.00280971	6.69081e-05	0.00245883	0.00379107	0.00163765	0.00243822	0.0052772	0.00356801	0.00454719	0.00461484	0.00382818	0.00330505	0.0013106	0.00330638	0.00289739	0.00267084	0.00601416	0.00424576	0.00415963	0.00560751	0.00483783	0.00263438	0.00255935	0.00442166	0.00283313	0.00582886	0.0033466	0.00330505	0.00438697	0.00294685	0.00582876	0.00449072	0.00153168	0.00273639	0.0051773	0.00189546	0.00229648	0.00401784	0.00311092	0.00423639	0.00225115	0.00254576	0.00380716	0.00554672	0.00403262	0.00182103	0.00258148	0.00572276	0.00633634	0.00228408	0.00625898	0.00401821	0.00264532	0.00593879	0.00336532	0.00323093	0.00293588	0.00211693	0.00210766	0.00495062	0.00550552	0.00169441	0.00190974	0.00084381	0.00216423	0.00564175	0.00310873	0.00447539	0.00857194	0.00344027	0.00289299	0.000901625	0.00503962	0.00150311	0.0027225	0.00171252	0.00401155	0.00390853	0.00527373	0.004803	0.00479051	0.00305033
ARGSYN-PWY: L-arginine biosynthesis I (via L-ornithine)	0.00577548	0.0100273	0.00669593	0.00666189	0.00826013	0.0116616	0.00413708	0.009694	0.00572027	0.00623559	0.007489	0.00631417	0.00729394	0.0065323	0.00868455	0.00880631	0.0083177	0.00726292	0.00300078	0.00848317	0.0063856	0.00676857	0.00535657	0.00844212	0.00616635	0.00599556	0.00564241	0.00619011	0.00514	0.00538217	0.0092181	0.00866437	0.00959926	0.010568	0.00545338	0.0051832	0.0117008	0.0052499	0.0057898	0.00724326	0.00627276	0.00833013	0.00756295	0.0140279	0.0100699	0.00803524	0.00526254	0.00661098	0.00821184	0.00766097	0.00879498	0.0077019	0.0105961	0.00794751	0.00923962	0.00855641	0.0077628	0.00828681	0.00640859	0.00723901	0.00837336	0.00611347	0.00722407	0.00646956	0.00899271	0.00673773	0.00762821	0.00665803	0.00834638	0.00326352	0.00418274	0.00945127	0.00641356	0.00800633	0.0103527	0.00881946	0.0105699	0.00735063	0.00864101	0.00477652	0.0100069	0.00863006	0.00714886	0.00555668	0.00873649	0.0044357	0.00762709	0.00728369	0.00734111	0.00559244	0.00740555	0.00440834	0.00407109	0.0073657	0.00806253	0.00757084	0.00734421	0.00611102	0.00881308	0.00944244	0.00718239	0.00771016	0.00555967	0.0068448	0.00420001	0.00623711	0.00759501	0.00584683	0.00786463	0.006118	0.00335018	0.00825571	0.0104617	0.005853	0.00520887	0.00806222	0.00632468	0.00925578	0.00756059	0.00744131	0.00464749	0.00367014	0.008809	0.00519698
ARGSYNBSUB-PWY: L-arginine biosynthesis II (acetyl cycle)	0.00572448	0.00964627	0.00621336	0.00657955	0.00807497	0.0117906	0.00391402	0.00956103	0.00523268	0.00563734	0.00738156	0.00629388	0.00697262	0.00652602	0.00857217	0.00849269	0.00806319	0.007336	0.00265834	0.00821923	0.00606159	0.00664621	0.00536097	0.00808243	0.00629169	0.00587609	0.00571063	0.00568634	0.00498347	0.00545848	0.00925147	0.00837541	0.009817	0.0105131	0.00506051	0.00502062	0.0116565	0.00481883	0.00538045	0.00720998	0.00618337	0.00776075	0.00692176	0.0153922	0.00988671	0.0080369	0.00494485	0.00657277	0.00814504	0.00766218	0.00866986	0.00770992	0.0104475	0.00771223	0.0090521	0.00817381	0.00777717	0.00823646	0.00638519	0.00708589	0.00818758	0.00590933	0.00685938	0.0063249	0.008972	0.00693767	0.00777075	0.00654824	0.00812562	0.00308583	0.00370942	0.00953028	0.00607404	0.0078459	0.0105396	0.00878604	0.0106302	0.00692198	0.00884925	0.00465045	0.00864986	0.00855173	0.00712326	0.00521556	0.00866949	0.00427875	0.00742094	0.00710269	0.00700821	0.00561263	0.00747768	0.00441741	0.00384996	0.00763193	0.00729802	0.0078199	0.00689854	0.00589719	0.0083205	0.00958707	0.00710371	0.00695947	0.00543193	0.00647691	0.00380829	0.00524472	0.0070408	0.00531563	0.00788785	0.00621013	0.00298573	0.0074354	0.0104842	0.00536761	0.00486936	0.00790171	0.00602998	0.00900955	0.00760524	0.00745037	0.00426407	0.00319675	0.00855703	0.0049264
ARO-PWY: chorismate biosynthesis I	0.0101542	0.0116541	0.0118983	0.00925245	0.0104311	0.0137345	0.0049506	0.0111401	0.0099249	0.00917647	0.0111286	0.00790292	0.00859369	0.0097141	0.0103839	0.00996843	0.0103896	0.00758995	0.00781289	0.00972792	0.00897578	0.00973379	0.00679544	0.00992016	0.00948651	0.00696409	0.00680167	0.00705605	0.00776135	0.00528192	0.0112044	0.0103926	0.0110292	0.0123697	0.00910521	0.00682051	0.0124221	0.00885748	0.00684788	0.00995202	0.00942033	0.00991666	0.010004	0.0141286	0.0112422	0.0099055	0.0104303	0.00754927	0.010266	0.00846052	0.0100865	0.00944504	0.0113624	0.0100263	0.0111775	0.0107039	0.0109479	0.00996611	0.0105083	0.00890821	0.0102835	0.00967038	0.00924741	0.00849731	0.010361	0.00945142	0.00948024	0.0101703	0.0100491	0.0056654	0.00616765	0.0106804	0.00948763	0.00946243	0.0115201	0.0101816	0.0121373	0.00894104	0.00972998	0.00907362	0.0136706	0.0101843	0.00978696	0.00844815	0.0111933	0.00894332	0.00983304	0.00910142	0.00911084	0.00974594	0.0107972	0.00554592	0.00904514	0.00966033	0.00935164	0.0100655	0.0109342	0.00743756	0.0100885	0.0101852	0.00914175	0.0110285	0.00898492	0.0100707	0.00668797	0.00914774	0.00938274	0.00956684	0.00978343	0.00878911	0.0104736	0.00959704	0.0118303	0.00784174	0.00841303	0.0099707	0.00949679	0.011	0.0100824	0.00955323	0.00874381	0.0057621	0.00996679	0.00913758
ASPASN-PWY: superpathway of L-aspartate and L-asparagine biosynthesis	0.00702196	0.00357787	0.00775922	0.00525624	0.00534398	0.00115903	0.00565458	0.00353309	0.00603448	0.00533352	0.00469348	0.0054815	0.00482395	0.00619834	0.0043944	0.00507451	0.00747397	0.00382261	0.00656071	0.00414846	0.00709213	0.00621421	0.0050315	0.00715082	0.00558381	0.00646105	0.00631638	0.00546807	0.00635629	0.00521868	0.00458487	0.00501266	0.004009	0.00374062	0.00988122	0.00572667	0.00367387	0.010191	0.00719686	0.00456368	0.00590819	0.00536512	0.00362214	0.0032834	0.00441447	0.00510363	0.00715721	0.00492692	0.0054474	0.00493643	0.00478296	0.00460161	0.00456972	0.00517934	0.00382495	0.00445854	0.00573807	0.00475647	0.00779552	0.00563353	0.00468551	0.00736411	0.00465701	0.0059621	0.00352634	0.00373293	0.00401585	0.00528275	0.00488995	0.00573978	0.00824725	0.00458037	0.00697422	0.0052136	0.00307907	0.00456867	0.00402324	0.00712905	0.00377934	0.00626074	0.00593275	0.0050688	0.00602371	0.00803682	0.00460989	0.00732487	0.00466942	0.00777878	0.00791547	0.00624647	0.0034724	0.00512439	0.00702272	0.00488638	0.00529179	0.00556006	0.00497513	0.00497498	0.00465297	0.00351442	0.00713819	0.00599109	0.00542961	0.00761042	0.00751377	0.00927067	0.0039833	0.00712501	0.00454232	0.00485065	0.00787189	0.00407351	0.00315017	0.0061279	0.0064852	0.00657219	0.00792487	0.00323352	0.00555167	0.00507988	0.00601024	0.00660736	0.00551415	0.00625222
AST-PWY: L-arginine degradation II (AST pathway)	0.0	0.0	4.50575e-05	4.91223e-05	0.0	1.61498e-05	0.00139082	0.0	4.51639e-06	5.53545e-05	0.0	0.000597085	0.000215579	0.0	2.20655e-05	0.0	0.0	0.000627228	0.000116139	0.0	0.000123394	4.30071e-05	0.00103659	0.0	0.0	0.000588585	0.000748851	0.000924507	0.000413991	0.00165606	1.04504e-05	0.0	0.0	0.0	0.0	0.000673477	0.0	0.0	0.000511405	4.5041e-05	9.60214e-05	0.0	3.90072e-06	0.0	0.0	0.0	0.0	0.000574762	2.67802e-05	0.000356319	0.0	0.0	0.0	2.20881e-05	0.0	0.0	0.0	2.28368e-05	0.0	0.0	3.03084e-05	0.0	0.0	0.000132951	0.00018922	4.03183e-05	3.64022e-05	0.0	3.65842e-05	0.0012702	0.000298798	0.0	1.29026e-05	0.0	0.0	7.98936e-05	0.0	0.0	0.000173205	0.000100306	0.0	0.0	0.0	0.0	0.0	2.82189e-05	0.0	5.01525e-05	0.0	0.0	0.000100093	0.00168083	9.53654e-05	0.0	0.000105999	7.94769e-05	0.0	0.000514408	4.80477e-05	0.000163699	7.58174e-05	0.0	0.000135975	0.0	0.000615877	0.0	0.0	0.0	0.000123881	0.0	1.49774e-05	2.32429e-05	0.0	0.000338724	0.000145107	2.83166e-05	0.0	0.0	2.27269e-05	0.0	0.000204731	0.000745569	0.0	0.000671768
BIOTIN-BIOSYNTHESIS-PWY: biotin biosynthesis I	0.00280262	0.00243884	0.00104698	0.00254268	0.0023652	0.00249278	0.00409943	0.00365538	0.00116753	0.00430484	0.0011695	0.00333308	0.00479961	0.001408	0.00174202	0.00140083	0.00078641	0.00236137	0.00386004	0.00327195	0.0026852	0.00310199	0.00380581	0.00131011	0.00276244	0.00296818	0.00421341	0.00387275	0.0054028	0.0029265	0.00172326	0.00219295	0.00184104	0.00190694	0.000574779	0.00444678	0.000311851	0.000849216	0.0028851	0.00270323	0.00269401	0.0024941	0.00390445	0.000224129	0.0015637	0.00242834	0.00029097	0.00386197	0.00207261	0.00362023	0.00380576	0.0028995	0.00136922	0.00319089	0.00142828	0.00455105	0.0015315	0.00192859	0.00306158	0.00374215	0.00230539	0.00308003	0.00431265	0.00290791	0.00215095	0.00360201	0.00307988	0.00207977	0.00226225	0.00463079	0.00420083	0.00190565	0.00293704	0.00320771	0.00189112	0.0023399	0.00228634	0.000978852	0.00275499	0.00416365	0.00232394	0.00196717	0.00147193	0.00195249	0.00239797	0.000688537	0.00185861	0.00216421	0.00123741	8.16271e-05	0.00306976	0.00394991	0.00340013	0.000942966	0.00185255	0.00146567	0.00186242	0.00367902	0.001819	0.00173673	0.00190191	0.00180036	0.00280582	0.000974113	0.00291827	0.000255877	0.000730939	0.00529778	0.00272388	0.00073838	0.00412083	0.00188754	0.000429251	0.00193848	0.00240245	0.00210793	0.00124292	0.0028621	0.00204795	0.00318627	0.00472298	0.00552376	0.00100546	0.00356014
BRANCHED-CHAIN-AA-SYN-PWY: superpathway of branched chain amino acid biosynthesis	0.00987803	0.00707167	0.0132839	0.00868164	0.00900193	0.0108093	0.00589952	0.0100623	0.00909819	0.00895493	0.00750639	0.00911468	0.00784975	0.0118983	0.00997816	0.0104999	0.0135486	0.00783635	0.00806	0.0107821	0.00992223	0.00962289	0.00796726	0.0123149	0.0084271	0.0103141	0.00884287	0.00721997	0.00696623	0.00575062	0.00831593	0.0122586	0.00911181	0.00881736	0.0164593	0.00676094	0.00916878	0.0180759	0.011498	0.00693433	0.00881474	0.00988739	0.0086576	0.0100951	0.00862515	0.00968961	0.013391	0.00757037	0.00935776	0.0066149	0.00730607	0.00949181	0.00960333	0.00944623	0.00949512	0.00929153	0.0097238	0.00958068	0.00872988	0.0102322	0.00874347	0.00838744	0.00852146	0.00893668	0.00729236	0.00891091	0.0086668	0.00909359	0.00946308	0.00631525	0.00729506	0.00952212	0.00947458	0.00918292	0.00911919	0.00795853	0.00935154	0.0122932	0.00801213	0.00890085	0.0105623	0.00983196	0.0120643	0.0143949	0.00970285	0.0125894	0.00904361	0.011582	0.0137872	0.00780155	0.00787667	0.00718619	0.00820723	0.00803962	0.00840499	0.00918183	0.0101875	0.00703626	0.00865474	0.0079117	0.0119956	0.0079629	0.00881901	0.0158504	0.0116509	0.016889	0.00883794	0.00676605	0.00875095	0.00923952	0.00997911	0.00805571	0.00856073	0.0109072	0.00985787	0.0119112	0.0132695	0.00943924	0.0081183	0.00868511	0.00831077	0.00530911	0.00851619	0.00713426
CALVIN-PWY: Calvin-Benson-Bassham cycle	0.00844859	0.00679588	0.00990787	0.006854	0.00872741	0.00617897	0.00618445	0.00815267	0.00832281	0.00689307	0.00929545	0.00813029	0.00741126	0.0106134	0.00794544	0.00987151	0.0100028	0.010063	0.00679561	0.00651891	0.00890478	0.00784373	0.00739139	0.0089409	0.00810025	0.00790901	0.00737953	0.00740451	0.00698782	0.00704727	0.00790353	0.00936073	0.00845087	0.00828989	0.0107646	0.00659608	0.0115946	0.0112965	0.00837184	0.00827077	0.00792723	0.00903447	0.00769504	0.0116421	0.00909538	0.00869726	0.010932	0.00746937	0.00809153	0.00828116	0.00806391	0.00648995	0.00877688	0.00829412	0.00802836	0.00776664	0.00962374	0.00726802	0.00837152	0.00702461	0.00669775	0.00922269	0.0074345	0.00659166	0.0092447	0.00872191	0.00947001	0.0070299	0.0076841	0.0059309	0.006755	0.00925079	0.00649952	0.00710122	0.00922143	0.0081724	0.00896579	0.00994741	0.00805633	0.00760098	0.00527181	0.00795014	0.009669	0.0100456	0.00675061	0.00926938	0.00887582	0.00939866	0.0110057	0.00806038	0.00855942	0.00682781	0.0066985	0.00867383	0.00770845	0.00758762	0.00912639	0.00803686	0.00867772	0.00912655	0.00990234	0.0066348	0.00611009	0.0113043	0.00815758	0.011805	0.00717674	0.00801	0.00797516	0.00762665	0.00528739	0.00812787	0.00792371	0.00968324	0.00849129	0.00882339	0.0101339	0.00723601	0.00850931	0.00816885	0.00619015	0.00686979	0.00813137	0.00732868
CARNMET-PWY: L-carnitine degradation I	0.0	0.0	0.0	1.85833e-05	0.0	0.0	0.000525851	0.0	0.0	0.0	0.0	0.000226867	5.47682e-05	0.0	0.0	0.0	0.0	0.00017412	4.46167e-05	0.0	4.40124e-05	0.0	0.000138211	0.0	0.0	0.000275424	0.000259511	0.000216033	0.000174224	0.000447238	0.0	0.0	0.0	0.0	0.0	0.000230753	0.0	0.0	0.000125387	6.9797e-06	3.56213e-05	0.0	0.0	0.0	0.0	0.0	0.0	0.000209977	7.86096e-06	0.000100716	0.0	0.0	0.0	0.0	0.0	0.0	0.0	0.0	0.0	0.0	0.0	0.0	2.51033e-05	4.56658e-05	0.0	1.73495e-05	2.14009e-05	0.0	0.0	0.000246265	9.84358e-05	0.0	0.0	0.0	0.0	3.81116e-05	0.0	0.0	7.2242e-05	5.29305e-05	0.0	0.0	0.0	0.0	0.0	9.47185e-06	0.0	0.0	0.0	0.0	3.07467e-05	0.00028756	6.46087e-06	0.0	0.0	0.0	0.0	0.000233369	1.20503e-05	1.01862e-05	0.0	0.0	4.67688e-05	0.0	9.98074e-05	0.0	0.0	0.0	4.60264e-05	8.85366e-06	7.60667e-06	0.0	0.0	5.63178e-05	0.0	0.0	0.0	0.0	0.0	0.0	3.61159e-05	0.000324072	0.0	0.000125008
CATECHOL-ORTHO-CLEAVAGE-PWY: catechol degradation to &beta;-ketoadipate	0.0	0.0	0.0	0.0	0.0	0.0	0.0	0.0	0.0	0.0	0.0	2.78672e-05	0.0	0.0	2.94098e-05	0.0	0.0	0.0	0.0	0.0	0.0	0.0	0.00021851	0.0	0.0	0.0	0.0	0.0	0.0	0.0	0.0	0.0	0.0	0.0	0.0	0.0	0.0	0.0	0.0	0.0	0.0	0.0	0.0	0.0	0.0	0.0	0.0	0.0	0.0	8.89684e-05	0.0	0.0	0.0	0.0	0.0	0.0	0.0	0.0	0.0	0.0	0.0	0.0	0.0	0.0	9.75215e-05	0.0	0.0	0.0	0.0	0.000304589	0.0	0.0	0.0	0.0	0.0	0.0	0.0	0.0	0.0	0.0	0.0	0.0	0.0	0.0	0.0	0.0	0.0	0.0	0.0	0.0	0.0	0.0	0.0	0.0	0.000109724	6.45066e-05	0.0	0.0	0.0	0.0	0.0	0.0	0.0	0.0	0.00015477	0.0	0.0	0.0	0.0	0.0	0.0	0.0	0.0	0.000110925	0.0	0.0	0.0	0.0	0.0	0.0	0.0	6.33377e-05	0.0	3.06397e-05
CENTFERM-PWY: pyruvate fermentation to butanoate	0.000556853	0.000132023	0.00064942	0.000685754	0.000365465	0.000515325	0.000135795	0.00104763	0.000236277	0.000509881	0.000143221	0.000279831	0.00064596	0.00033585	0.000717364	0.000925551	0.000583514	0.00136071	0.000137961	0.000316925	8.53816e-05	0.000798462	0.000843212	0.000541971	0.000378362	7.50566e-05	0.000180329	0.000165482	0.00048264	9.78943e-05	0.000515712	0.000714332	0.00120284	0.000677625	0.00033629	3.94324e-05	0.000689311	0.000291521	0.000279021	0.00044581	0.000380752	0.000747479	0.00084922	0.00102715	0.000793606	0.000352476	0.000134556	0.000528459	0.000712939	9.54031e-05	0.000650816	0.000563642	0.00073316	0.000761394	0.000544521	0.0	0.00048032	0.000896497	0.000438316	0.000515606	0.000499499	0.000227045	0.000836537	0.000882151	0.000454637	0.000410679	0.000782053	0.000360414	0.000882753	0.0	0.000320246	0.00074486	0.000610371	0.0002399	0.000499311	0.000896068	0.000632927	0.000576783	0.000341597	0.000615104	0.000853006	0.000640299	0.000932689	0.000550288	0.000905787	0.000215254	0.000570148	0.000502332	0.000741555	7.34043e-05	0.000389606	0.000588917	0.0004527	0.000509337	0.000782378	0.000550309	0.000484077	0.000871706	0.000591721	0.00082351	0.000402313	0.000231811	0.000610398	0.000447229	0.00013048	0.000206101	0.000310014	0.000401099	0.000256129	0.000486112	0.000120078	0.000562993	0.000729419	0.000360531	0.000807585	0.000719842	0.000307009	0.000559266	0.000444318	0.000246335	0.000390108	0.000212304	0.000582173	0.0
CHLOROPHYLL-SYN: 3,8-divinyl-chlorophyllide a biosynthesis I (aerobic, light-dependent)	0.0	0.0	0.0	0.000109595	0.0	0.0	2.9883e-05	0.0	0.0	0.0	0.0	1.7121e-05	0.0	0.0	0.0	0.0	0.0	0.0	0.0	0.0	0.0	0.0	0.0	0.0	0.0	0.0	0.0	3.20592e-05	0.0	0.0	0.0	0.0	0.0	0.0	0.0	0.0	0.0	0.0	0.0	0.0	0.0	0.0	6.3594e-06	0.0	0.0	0.0	0.0	0.0	0.0	0.0	0.0	0.0	0.0	5.08042e-05	0.0	0.0	0.0	0.0	0.0	0.0	0.0	0.0	0.0	0.0	0.0	0.0	0.000286741	0.0	0.0	0.0	0.0	0.0	0.0	0.0	0.0	0.0	0.0	0.0	0.0	0.0	0.0	0.0	0.0	0.0	0.0	0.0	0.0	0.0	0.0	0.0	0.0	0.0	2.66667e-05	0.0	0.0	0.0	0.0	3.22e-05	2.79912e-05	0.0	0.0	0.0	0.0	0.0	0.0	0.0	0.0	0.0	0.0	3.27423e-05	0.0	0.0	0.0	0.0	0.0	0.0	0.0	0.0	0.0	0.0	0.0	0.0	0.0	0.0
CITRULBIO-PWY: L-citrulline biosynthesis	0.00511278	0.00411137	0.000208554	0.00644725	0.00583873	0.00792506	0.0029274	0.00508185	0.00461016	0.00599418	0.00322115	0.00257828	0.00375401	0.00326002	0.00406441	0.00453776	0.00142719	0.00206782	0.00395173	0.0014489	0.000630315	0.00577914	0.00295186	0.00254318	0.00595713	0.00295403	0.0035972	0.00331028	0.00494491	0.00320803	0.00471025	0.00239446	0.00298119	0.00402982	0.00120631	0.00326332	0.000659261	0.00216501	0.00232845	0.00335322	0.00331669	0.00281491	0.00450229	0.00217132	0.00400953	0.00477408	0.00116156	0.00331011	0.0041569	0.00322046	0.00345845	0.00291115	0.00302386	0.0056454	0.00181507	0.00606316	0.00397952	0.00392265	0.00528342	0.00491277	0.00531788	0.0051718	0.00649431	0.00333033	0.00280788	0.0036974	0.0039715	0.00345697	0.00666901	0.00281898	0.00463574	0.00451411	0.00644273	0.00568585	0.00255424	0.0028136	0.00242969	0.00329977	0.00163809	0.00300378	0.00603257	0.00268139	0.00366299	0.00311335	0.00513726	0.00385953	0.0035958	0.00215203	0.00382223	0.0046083	0.0065214	0.00267451	0.00423565	0.0026595	0.00278531	0.00310667	0.00308014	0.0040916	0.00413205	0.000925838	0.00230217	0.00499026	0.0043835	0.00377859	0.00223211	0.000826984	0.00353924	0.00639093	0.00478242	0.0054408	0.00462933	0.00296723	0.00344132	0.00159818	0.00464946	0.00238469	0.00386424	0.00371337	0.00565885	0.00344171	0.00503077	0.00444312	0.00482811	0.00359691
COA-PWY-1: superpathway of coenzyme A biosynthesis III (mammals)	0.00991944	0.0109207	0.00837382	0.00894894	0.00924759	0.0117877	0.00357405	0.0104162	0.0102807	0.00895974	0.00915133	0.00667982	0.00970839	0.00853401	0.00934713	0.00811445	0.00754933	0.00650784	0.00739887	0.00967968	0.00768317	0.00907949	0.00548636	0.00882297	0.00979031	0.0051437	0.00559453	0.00598891	0.00720653	0.00371164	0.00978833	0.0079804	0.0111557	0.0116431	0.00708464	0.00604401	0.0102049	0.00643436	0.00533739	0.00933814	0.00889922	0.00983009	0.0100543	0.0111621	0.0101753	0.00971457	0.00811968	0.00626687	0.00989765	0.00772203	0.00894644	0.00943957	0.0104522	0.00927643	0.0120025	0.0105098	0.0111344	0.00989173	0.00926689	0.0086644	0.00975459	0.00828433	0.00900523	0.00803074	0.0100824	0.0083942	0.00769002	0.00968026	0.0100237	0.00465403	0.00706565	0.00923978	0.00977334	0.00838984	0.0098035	0.00932752	0.0118047	0.0082433	0.00860216	0.00962999	0.0136026	0.0100539	0.008098	0.00609138	0.0103838	0.00800193	0.0094582	0.00765881	0.0081529	0.00871366	0.0099138	0.00463337	0.00877435	0.0125471	0.0101323	0.00954291	0.010929	0.0062978	0.01026	0.00731164	0.00756142	0.0113682	0.0087424	0.00767122	0.00505817	0.00753938	0.0119053	0.00856595	0.00906904	0.00829094	0.0100704	0.0106768	0.0111559	0.00709453	0.00892726	0.00795913	0.00841467	0.00855021	0.00935831	0.00850075	0.00877522	0.00569245	0.00953304	0.00719004
COA-PWY: coenzyme A biosynthesis I (prokaryotic)	0.00989135	0.0103791	0.010557	0.00841322	0.00859086	0.0117627	0.00351573	0.0103244	0.00983418	0.00848755	0.00917094	0.00668588	0.00930435	0.00890584	0.00858915	0.00814247	0.00708295	0.00603121	0.00719567	0.00929796	0.00850519	0.008534	0.005138	0.00835921	0.00920674	0.00483398	0.00530077	0.00572507	0.00670905	0.00337252	0.00901418	0.00786401	0.0104878	0.0111449	0.00718389	0.00570515	0.00926108	0.00658353	0.00522331	0.00889205	0.00879719	0.00966628	0.00962671	0.0101424	0.0097361	0.00913414	0.0108956	0.00602007	0.00936155	0.00725959	0.00824237	0.00888186	0.00965505	0.00883625	0.0115424	0.0108052	0.0105072	0.00939043	0.00878805	0.00837522	0.00910219	0.00786493	0.00878146	0.00786877	0.00975975	0.00826832	0.00790329	0.00927355	0.00931012	0.00462557	0.00679973	0.00859081	0.00935354	0.00782651	0.00906298	0.00877144	0.011151	0.00794855	0.00812585	0.00938253	0.0126178	0.00962473	0.00815211	0.00598313	0.00968731	0.00780969	0.00897783	0.00742632	0.00808979	0.00868	0.00966076	0.00442376	0.00876951	0.0116567	0.00978689	0.0099161	0.0105858	0.00605971	0.00960905	0.00701256	0.00731036	0.0109754	0.00819371	0.00754245	0.00514978	0.00765338	0.0111362	0.0082826	0.00943266	0.00812314	0.00942562	0.0103478	0.0103123	0.0066715	0.0087127	0.00789044	0.00821346	0.00827957	0.00900102	0.00809764	0.00844894	0.00548709	0.00899246	0.00731654
COBALSYN-PWY: superpathway of adenosylcobalamin salvage from cobinamide I	0.00312511	0.00391957	0.00151972	0.00508576	0.00349774	0.00101342	0.00161919	0.00266986	0.00287854	0.00235455	0.00139022	0.0029413	0.00116317	0.0018854	0.00374538	0.00255544	0.00211576	0.0048641	0.00235761	0.00451727	0.00222101	0.00223461	0.00208407	0.00285657	0.00258092	0.00346356	0.00262297	0.00255376	0.00274721	0.00156573	0.00470568	0.0019356	0.00242768	0.00404174	0.0015167	0.00251124	0.00296702	0.00145384	0.00155547	0.00371195	0.00282575	0.00310734	0.00343808	0.00638203	0.00372827	0.00303325	0.00143568	0.00231028	0.00403767	0.00367305	0.00427136	0.00338491	0.00628058	0.00299121	0.00244551	0.0016767	0.00317655	0.00241685	0.00298467	0.0033666	0.00332574	0.00310904	0.00211731	0.00239699	0.00375339	0.00293352	0.00139666	0.00434322	0.0032644	0.00317391	0.00215113	0.00490168	0.00344657	0.00341681	0.00318288	0.00532921	0.00352387	0.00273794	0.0032458	0.00239938	0.00443018	0.00377888	0.00233685	0.00229058	0.00269388	0.00176945	0.00410247	0.00284737	0.00261291	0.00313874	0.0025368	0.00314076	0.00378417	0.0019987	0.00188973	0.00352999	0.002464	0.00170935	0.00180769	0.00258604	0.00308944	0.00300828	0.00428678	0.00193014	0.00137473	0.00142623	0.00264771	0.00300885	0.00226641	0.00598619	0.00257133	0.00205121	0.00320228	0.000782519	0.00242439	0.00243622	0.00227477	0.00200957	0.00316348	0.00307443	0.00189847	0.00164689	0.00476122	0.00142894
COLANSYN-PWY: colanic acid building blocks biosynthesis	0.00317801	0.00291494	0.00252237	0.00248593	0.00338227	0.00285099	0.00357733	0.00325005	0.00304779	0.00322095	0.00171688	0.0031071	0.00263637	0.00229027	0.00302474	0.00263845	0.00287154	0.00277365	0.00418178	0.00288415	0.00206131	0.00335189	0.00289334	0.00373607	0.00289134	0.00372028	0.00377953	0.00312635	0.00296755	0.00290635	0.00394248	0.0021958	0.00274342	0.00325086	0.00214384	0.00354665	0.00355156	0.00182494	0.00339822	0.0032665	0.00289588	0.0035853	0.00347681	0.00447367	0.00238064	0.00347973	0.0023431	0.00326111	0.00338018	0.00383451	0.00215984	0.00297229	0.00314967	0.00347667	0.00263867	0.00277373	0.00270204	0.0026114	0.00379787	0.00266557	0.00340548	0.00371851	0.00379295	0.00336186	0.00292998	0.00259511	0.00227737	0.00368208	0.00326192	0.00249024	0.00442246	0.00332707	0.00434586	0.00287699	0.00259324	0.00339015	0.00278516	0.00373702	0.00324224	0.00253093	0.00241426	0.00282177	0.00251105	0.00265383	0.00327675	0.0030294	0.00334788	0.00282304	0.00273095	0.00330152	0.00236909	0.00478104	0.00224764	0.0036182	0.00271509	0.00273904	0.00286402	0.00333858	0.00273205	0.00219668	0.00292916	0.00248452	0.00345016	0.00288868	0.00288024	0.00190565	0.00312498	0.00434766	0.0029203	0.00448265	0.0027846	0.00242265	0.00288301	0.0022706	0.00275012	0.00305972	0.00235343	0.00292313	0.00349507	0.00304594	0.00285021	0.00323607	0.00388702	0.00246626
COMPLETE-ARO-PWY: superpathway of aromatic amino acid biosynthesis	0.00969634	0.00937008	0.0107669	0.00789443	0.00948986	0.0106147	0.00467027	0.0104015	0.00881851	0.00826272	0.00904441	0.00731707	0.00825534	0.00918972	0.00968846	0.00946347	0.00995667	0.00773599	0.00750547	0.00899089	0.00825365	0.00870301	0.00639158	0.00949982	0.00826188	0.00684481	0.00639085	0.0067334	0.00726012	0.00511166	0.00991013	0.00920426	0.00932642	0.010592	0.00893458	0.00651281	0.0103957	0.00902779	0.00707923	0.00943996	0.00844659	0.00873285	0.00862544	0.0122503	0.00987622	0.00936591	0.00967554	0.00697404	0.00943555	0.00808031	0.00920761	0.00910644	0.0103109	0.00904534	0.0099713	0.00938787	0.00995908	0.00861276	0.00917195	0.00861698	0.00911171	0.00914637	0.00853056	0.00801654	0.00960072	0.00908644	0.00830466	0.00911559	0.00927896	0.00518563	0.00567276	0.0101004	0.00877628	0.00902767	0.00992775	0.00904272	0.0111704	0.00895431	0.00882372	0.00801307	0.0105505	0.00953378	0.00925291	0.00849018	0.00976308	0.00801271	0.00940175	0.00913798	0.00896167	0.00902728	0.00975391	0.00518733	0.00815258	0.00874956	0.00869076	0.00952245	0.00996357	0.00723276	0.0084138	0.00895045	0.00908083	0.00917178	0.00849599	0.0100532	0.00688351	0.00913023	0.00856561	0.00887422	0.00874341	0.00782006	0.00826831	0.00822626	0.0104987	0.00747397	0.00803266	0.00914202	0.00908211	0.0101717	0.00933451	0.00921463	0.00808412	0.00572391	0.0092474	0.00844847
CRNFORCAT-PWY: creatinine degradation I	0.0	0.0	0.0	0.000147707	0.0	0.0	0.0	0.000112768	5.87821e-05	0.0	0.0	7.19603e-06	2.23445e-05	0.0	9.51965e-05	9.9143e-05	0.0	0.0	0.0	0.0	0.0	0.0	9.0304e-05	0.0	0.0	3.88337e-05	2.99055e-05	5.73079e-05	8.80926e-05	0.0	0.0	0.0	0.000202953	0.0	0.0	0.0	0.0	7.13067e-05	3.4157e-05	0.0	0.0	0.0	1.62286e-05	0.0	0.0	0.0	0.0	0.0	0.000182067	0.0	0.000156211	6.05175e-05	0.0	3.30006e-05	0.0	0.000168795	0.0	8.64018e-05	0.0	0.0	7.44114e-05	0.0	0.0	9.48305e-05	0.00016509	0.0	0.0	6.66494e-05	0.000195594	0.00015618	0.0	7.08e-05	0.0	0.0	2.94577e-05	0.000118477	0.0	0.0	0.0	0.0	0.0	0.0	5.03244e-05	0.0	0.0	0.0	4.60073e-05	0.0	8.92742e-05	0.0	3.66882e-05	0.0	0.0	0.0	0.000127085	0.000120558	3.19519e-05	0.0	4.77746e-05	0.000172523	0.0	6.97781e-05	0.0	0.0	3.42286e-05	0.0	0.0	0.0	0.000111323	0.0	0.0	0.0	0.000192272	5.23389e-05	0.0	0.0	0.0	0.00015071	0.0	0.0	0.0	3.79378e-05	0.0	0.0
DAPLYSINESYN-PWY: L-lysine biosynthesis I	0.000369763	0.0029885	0.00145988	0.000482496	0.00128027	0.00148528	0.00360625	0.00131649	0.00137955	0.00159397	0.00137682	0.00281347	0.00262928	0.000202436	0.00418225	0.00144491	0.0010327	0.00326507	0.000966364	0.004327	0.000663905	0.00165685	0.0032362	0.00125891	0.00137223	0.00318649	0.00314683	0.00391305	0.00235549	0.0033906	0.00255514	0.00233709	0.00206703	0.000618908	0.00131153	0.00250676	0.000469781	0.00150455	0.002428	0.000868188	0.00163916	0.00144883	0.00191247	0.00241178	0.00166376	0.0015166	0.0	0.00301739	0.000926759	0.00225188	0.000367243	0.00350873	0.00154302	0.00117022	0.000829832	0.000512656	0.000493858	0.00422774	0.000744479	0.00534888	0.00236443	0.00115765	0.000447103	0.00265703	0.00138393	0.000475138	0.00222005	0.00177213	0.00243686	0.00302603	0.00204991	0.00204421	0.00325287	0.00365379	0.00303261	0.0017849	0.000268553	0.00109282	0.00261565	0.000831617	0.00144062	0.00242637	0.000102877	0.00116184	0.00322501	0.000821258	0.0023583	0.0007810509999999	0.000625766	0.000528122	0.00330925	0.0034484	0.00047629	0.00111056	0.00241763	0.000645958	0.00519545	0.00287173	0.00230004	0.00194288	0.00147345	0.00255744	0.000905841	0.00146672	0.00226728	0.00378165	0.001487	0.000950966	0.00168538	0.00137527	0.00142679	0.00363419	0.0010856	0.00257724	0.00112362	0.00178449	0.00172191	0.00541347	0.00113365	0.00249091	0.0016128	0.00299331	0.000271285	0.00258867
DARABCATK12-PWY: D-arabinose degradation I	0.0	0.000165115	2.62571e-05	5.5108e-05	0.0	0.0	0.000559131	0.0	1.25811e-06	3.0223e-05	0.0	0.000285174	8.60368e-05	0.0	0.0	0.000100396	0.0	0.000152717	7.37995e-05	0.0	8.90512e-05	7.59952e-06	0.000295954	0.0	0.0	0.000327886	0.000335605	0.000131658	0.000222519	0.000529735	0.0	0.0	4.16539e-05	0.0	0.0	0.00026623	0.0	0.0	0.000211258	5.53e-06	5.37927e-05	0.0	1.69982e-05	0.0	0.000293041	0.0	0.0	0.000333548	8.80617e-06	8.97251e-05	0.0	0.0	0.0	2.98985e-05	0.0	0.0	0.0	0.0	0.0	0.0	0.000158631	0.0	0.0	6.16994e-05	1.45973e-05	3.8668e-05	8.67562e-05	0.0	2.04117e-05	0.000510578	0.000140653	0.0	4.8645e-06	0.0	5.95426e-06	9.18259e-06	0.0	0.0	7.60002e-05	5.46308e-05	0.000119862	0.0	0.0	0.0	0.0	3.01092e-05	0.0	5.09661e-05	0.0	0.0	1.46376e-05	0.000291736	2.75433e-05	0.0	8.64878e-05	0.0	0.0	0.000218866	2.24858e-05	1.41844e-05	5.20252e-05	0.000458157	5.43999e-05	0.0	0.000221949	0.0	0.00011483	0.0	6.61849e-05	0.0	1.04961e-05	0.0	0.0	9.00665e-05	3.0311e-05	5.83157e-06	0.0	0.0	3.76231e-05	0.0	7.51117e-05	0.000361242	0.0	0.000165637
DENITRIFICATION-PWY: nitrate reduction I (denitrification)	0.0	0.0	4.0416e-05	0.0	0.0	0.0	0.0	0.0	0.0	0.0	0.0	0.000126267	0.0	0.0	0.0	0.0	0.0	0.0	6.99962e-05	0.0	0.0	0.0	0.0	0.0	0.0	3.70758e-05	0.0	0.0	0.0	0.0	3.10829e-05	0.0	0.0	0.0	0.0	0.0	0.0	0.0	0.0	0.0	0.0	0.0	0.0	0.0	0.0	0.0	0.0	0.0	1.03692e-05	0.0	0.0	0.0	0.0	0.0	0.0	0.0	0.0	0.0	0.0	2.56634e-05	6.65245e-05	0.0	0.0	4.30404e-05	0.0	0.0	0.0	0.0	1.91507e-05	0.0	0.0	0.0	0.0	0.0	0.0	0.0	0.0	0.0	0.0	0.0	0.0	0.0	0.0	0.0	0.0	0.0	0.0	0.0	0.0	0.0	0.0	0.0	0.0	0.0	0.0	0.0	0.0	0.0	0.0	0.0	0.0	0.0	1.04126e-05	0.0	5.13254e-05	0.0	0.0	0.0	0.0	6.94875e-06	0.0	0.0	0.0	0.0	0.0	0.0	0.0	0.0	0.0	0.0	0.0	0.0	0.0	0.0
DENOVOPURINE2-PWY: superpathway of purine nucleotides de novo biosynthesis II	0.0	0.0	0.00117097	0.000248679	0.000387801	0.0	0.00233628	0.0	0.0	0.0	0.0	0.00163667	0.000584898	0.0	0.00027359	0.0	0.000301313	0.00147446	0.000708145	0.0	0.000580221	0.0	0.00143889	0.0	0.0	0.00118333	0.00161497	0.00213942	0.00116368	0.0018839	0.00011859	0.0	0.0	0.0	0.000169595	0.0016078	0.0	0.0	0.00101496	0.000199736	0.000242469	0.0	0.0	0.0	0.0	0.0	0.0	0.00184612	0.000283784	0.0011303	0.000419957	0.0	0.0	0.0	0.0	0.0	4.82484e-05	0.0	0.0	0.0	0.000661031	0.000153088	0.0	0.000746399	0.000196677	0.000202884	0.00018986	0.0	0.000322584	0.00210406	0.000777211	0.0	0.0	0.0	0.0	0.000293753	0.0	0.0	0.000513444	0.000318084	0.0	0.0	0.0	0.000266698	0.0	0.000128862	0.000638268	0.000350138	0.0	0.0	0.000293545	0.00169335	0.000207022	0.0	0.000276074	0.0	0.0	0.000908729	0.000220978	0.0	0.000427586	0.0	0.000438827	0.0	0.0014386	0.0	0.0	0.0	0.000396482	0.000109192	9.02186e-05	0.0	0.0	0.00190435	0.0	0.000273511	0.0	0.0	0.0	0.000322513	0.000431482	0.00280244	0.0	0.00115269
DHGLUCONATE-PYR-CAT-PWY: glucose degradation (oxidative)	0.0	0.0	0.0	0.0	0.0	0.0	0.0	0.0	0.0	0.0	0.0	0.0	0.0	0.0	0.0	0.0	0.0	0.0	0.0	0.0	0.0	0.0	0.0	0.0	0.0	0.0	0.0	0.0	0.0	0.0	0.0	0.0	0.0	0.0	0.0	0.0	0.0	0.0	0.0	0.0	0.0	0.0	0.0	0.0	0.0	0.0	0.0	0.0	0.0	0.0	0.0	0.0	0.0	0.0	0.0	0.0	0.0	0.0	0.0	0.0	0.0	0.0	0.0	0.0	0.0	0.0	0.0	0.0	0.0	0.0	0.0	0.0	0.0	0.0	0.0	0.0	0.0	0.0	0.0	0.0	0.0	0.0	0.0	0.0	0.0	0.0	0.0	0.0	0.0	0.0	0.0	0.0	0.0	0.0	6.77027e-05	0.0	0.0	0.0	0.0	0.0	0.0	0.0	0.0	0.0	0.0	0.0	0.0	0.0	0.0	0.0	0.0	0.0	0.0	0.0	0.0	0.0	0.0	0.0	0.0	0.0	0.0	0.0	0.0	0.0
DTDPRHAMSYN-PWY: dTDP-&beta;-L-rhamnose biosynthesis	0.0123	0.0106877	0.0158523	0.0150569	0.0112955	0.0124715	0.00434903	0.0108874	0.0144511	0.0142797	0.0118075	0.0088827	0.0154728	0.027029	0.0136378	0.021697	0.0136858	0.00634124	0.0089814	0.0124681	0.0204034	0.0129858	0.00695704	0.0253871	0.0131299	0.013329	0.0115357	0.00723785	0.00830163	0.00434725	0.0114237	0.0157414	0.00903992	0.0125098	0.0234669	0.00865082	0.0126084	0.026112	0.0172638	0.0115681	0.0156118	0.0137481	0.0121992	0.0101269	0.00926866	0.0136043	0.0295699	0.00725497	0.0113283	0.0102853	0.0166806	0.011764	0.0122362	0.0127855	0.0133201	0.0148415	0.0133715	0.0108645	0.0122501	0.00991781	0.0109769	0.0108222	0.0164405	0.0136724	0.0118797	0.0140119	0.0119873	0.0147582	0.0109942	0.00666182	0.00948355	0.0111167	0.0138156	0.010893	0.00982135	0.0113474	0.0145051	0.0197697	0.0116663	0.0130847	0.0160608	0.0133068	0.0161974	0.0283858	0.0121523	0.0144209	0.0127053	0.0216861	0.0175597	0.017579	0.0110052	0.00600869	0.0126567	0.0131245	0.0140917	0.0117682	0.0119208	0.00575827	0.0118793	0.0109599	0.0211826	0.0128276	0.0122804	0.0243793	0.012985	0.0214825	0.01346	0.01198	0.0113862	0.0133513	0.0121343	0.0143008	0.0107867	0.0163111	0.0150507	0.0190789	0.0180663	0.0128517	0.00979851	0.0106996	0.0138899	0.00660816	0.012389	0.0169346
ECASYN-PWY: enterobacterial common antigen biosynthesis	0.0	0.0	8.27082e-05	7.89443e-05	0.0	0.0	0.00100039	0.0	0.0	0.0	0.0	0.000304873	0.000205616	0.0	4.72556e-05	0.0	0.0	0.000296869	0.000173875	0.0	9.16849e-05	7.55559e-05	0.000659546	0.0	0.0	0.000133317	0.0	0.000572264	5.5318e-05	0.000336592	2.29402e-05	0.0	0.0	0.0	0.0	0.000533937	0.0	0.0	0.000377785	3.38066e-05	0.000112442	0.0	0.0	0.0	0.0	0.0	0.0	0.000431257	3.78927e-05	0.000210636	6.58269e-05	0.0	0.0	0.0	0.0	0.0	0.0	0.0	0.0	0.0	6.77276e-05	0.0	0.0	3.61369e-05	0.000179785	6.4319e-05	0.000116701	0.0	0.000110613	0.00107163	0.000231263	0.0	2.86087e-05	0.0	0.0	6.3595e-05	0.0	0.0	0.000127155	5.96707e-05	0.0	0.0	0.0	0.0	0.0	5.02961e-05	0.0	0.000104533	0.0	0.0	4.42415e-05	0.000455947	3.65245e-05	0.0	0.000168073	6.18963e-05	0.0	0.000540228	4.41114e-05	0.000114165	0.00010704	0.0	7.92074e-05	0.0	0.000482344	0.0	0.0	0.0	0.000101879	2.82593e-05	1.19712e-05	0.0	0.0	0.0002267	0.000118447	1.9188e-05	0.0	0.0	0.0	0.0	0.000176317	0.000845936	0.0	0.000236338
FAO-PWY: fatty acid &beta;-oxidation I (generic)	0.0	0.0	0.000198485	0.000306504	0.0	0.0	0.0031714	0.0	3.05575e-05	0.000318397	0.0	0.00193656	0.000809328	0.0	0.000282395	0.0	0.0	0.00221584	0.000572861	0.0	0.00039852	0.000311455	0.00215862	0.0	0.0	0.00198649	0.00206688	0.00209065	0.00134037	0.00209845	4.99786e-05	0.0	0.0	0.0	2.92707e-05	0.001689	0.0	0.0	0.00133307	0.000222625	0.000411147	0.0	0.0	0.0	0.0	0.0	0.0	0.0015321	6.11324e-05	0.00102748	9.5458e-05	1.85647e-05	0.0	7.43821e-05	0.0	0.0	0.0	6.56163e-05	0.0	0.0	0.000157477	0.0	0.000131214	0.000570971	0.000413876	7.33238e-05	0.000260351	0.0	0.00027776	0.00234636	0.00108553	0.0	0.000127892	0.0	3.15838e-05	0.000368627	0.0	0.0	0.000470871	0.000439053	0.0	0.0	0.0	0.0	0.0	0.000138023	0.000115682	0.000240998	0.0	0.0	0.000462665	0.00300522	0.000131933	0.0	0.000500223	0.000389303	0.0	0.00146894	0.000246403	0.000400936	0.00020618	0.0	0.000533678	0.0	0.0012007	6.97272e-05	0.0	0.0	0.000568835	9.57354e-05	0.000106353	0.00011395	0.0	0.000681553	0.00012073	0.000176529	0.0	0.0	0.000164891	0.0	0.000420912	0.00246678	0.0	0.00187418
FASYN-ELONG-PWY: fatty acid elongation -- saturated	0.00285899	0.00271448	0.00201769	0.00257213	0.00241409	0.00477556	0.0052608	0.00402567	0.00110719	0.00509506	0.00122961	0.00614189	0.00526249	0.00152303	0.00174648	0.0014525	0.000819308	0.00317493	0.00392073	0.00365618	0.0026995	0.00321173	0.00455133	0.00138948	0.00289618	0.00512686	0.00599041	0.00509368	0.00565969	0.00319505	0.00169364	0.00275299	0.00200924	0.00203678	0.000565115	0.00499247	0.000310518	0.00090682	0.00444676	0.00303449	0.00272449	0.0031164	0.00477557	0.000622876	0.00159966	0.00254889	0.000280356	0.00451985	0.00179536	0.00425049	0.00435541	0.00299018	0.00134759	0.00360141	0.0015636	0.00574641	0.00157875	0.00210307	0.00309749	0.00418193	0.00237598	0.00319943	0.00496819	0.00348787	0.00234931	0.00446042	0.0035776	0.0020505	0.00228115	0.00502021	0.0044934	0.00200489	0.00295613	0.00354019	0.00213536	0.00265204	0.00239505	0.00102097	0.00323646	0.00497126	0.00250744	0.00163696	0.00161736	0.00219684	0.0025096	0.000609778	0.00183788	0.00258592	0.0012819	7.55053e-05	0.00300124	0.00483486	0.00337741	0.000912433	0.00195919	0.00140178	0.0019339	0.00456386	0.00193515	0.00192193	0.00217007	0.00180791	0.00223836	0.00101143	0.00379586	0.000219942	0.000721618	0.00601972	0.0029819	0.0007049	0.00397324	0.00192634	0.000409036	0.0030937	0.00247952	0.00269691	0.00128313	0.00527451	0.00209008	0.0035759	0.00511316	0.00639086	0.000968778	0.00424734
FASYN-INITIAL-PWY: superpathway of fatty acid biosynthesis initiation (E. coli)	0.0	0.000295689	0.0	0.0	0.0	0.000111688	0.0	0.000124655	3.23625e-05	9.10176e-05	0.0	6.21453e-06	0.000356658	0.0	0.0	0.000116424	0.0	0.0	7.55377e-05	0.00048035	3.67387e-05	0.000172834	0.0	0.0	0.000168203	0.0	0.0	1.97048e-05	0.0	0.0	9.94496e-05	0.0	0.000147411	9.43068e-05	4.86929e-05	0.0	0.0	0.000118595	0.0	0.0	0.0	0.0	7.60653e-05	0.0	0.0	0.0	0.0	0.0	0.0	0.0	0.0	3.2213e-05	9.845e-05	0.000157794	0.0	0.0	3.71871e-05	0.00032818	0.0	0.00160516	1.98107e-05	3.64913e-05	0.0	0.0	2.15568e-05	0.0	0.000164204	0.000362054	0.000175605	0.000154194	2.22042e-05	0.00033528	0.000139072	0.000683636	0.0	0.000125703	0.0	3.95213e-05	0.000204616	0.0	0.000257333	0.000145923	0.0	7.85868e-05	8.25395e-05	0.0	8.12382e-05	0.0	0.0	0.0	0.000948925	0.0	0.0	0.000103673	0.0	0.0	0.000148904	0.000342557	0.0	0.000114282	3.432e-05	0.0	0.000188753	0.0	0.0	0.0	0.000236353	6.28341e-05	2.3259e-05	0.000349923	0.000160741	0.000771159	0.0	2.75326e-05	0.0	5.32563e-05	0.0	0.00147219	0.000105276	0.0	0.0	0.00010448	7.41222e-05	0.0
FERMENTATION-PWY: mixed acid fermentation	0.000991107	0.00223096	0.00168871	0.00120287	0.00308011	0.00154723	0.00402406	0.00136867	0.000182229	0.002269	0.000828336	0.00256822	0.00225407	0.000712681	0.000855298	0.00165008	0.00119413	0.00296073	0.000816323	0.000571043	0.000641462	0.00072748	0.00380371	0.00270193	0.000776289	0.00281855	0.00232472	0.0035125	0.00169967	0.00421261	0.00166988	0.00163147	0.00216303	0.00256432	0.00187269	0.00270752	0.00303655	0.00139123	0.00314166	0.00162221	0.0015914	0.0020437	0.00216489	0.00274868	0.00134851	0.00251835	0.00177855	0.00334656	0.000621247	0.00219582	0.00187187	0.00297382	0.00228045	0.00106954	0.00203144	0.000269181	0.00246738	0.00180643	0.00172331	0.000814929	0.00284237	0.000511965	0.000982288	0.00142786	0.00271581	0.000760376	0.00157636	0.000815671	0.00126151	0.00397022	0.00176885	0.00186061	0.00136198	0.00188962	0.00333524	0.00150716	0.00222463	0.00112755	0.00255658	0.00129308	0.00212392	0.000996818	0.000637623	0.000683374	0.00244099	0.000139113	0.00149221	0.000820334	0.00136371	0.000237634	0.0011856	0.00426697	0.0010831	0.00158679	0.00148098	0.000927368	0.00446388	0.00187432	0.00366918	0.00151553	0.00106104	0.000549457	0.00161555	0.00157277	0.00278415	0.00392137	0.00158742	0.000224979	0.000798528	0.000698662	0.000461801	0.00133662	0.00433128	0.00182156	0.00130758	0.000859746	0.00132009	0.00169427	0.00110957	0.000587221	0.000979656	0.00224312	0.00111826	0.00259213
FOLSYN-PWY: superpathway of tetrahydrofolate biosynthesis and salvage	0.000245743	0.0	0.00113732	0.000503086	0.0	0.000150961	0.00204338	0.0	0.000141551	0.000527583	0.0	0.00156752	0.000509682	0.0	0.00015375	0.000231361	0.000609084	0.00160376	0.00278403	0.0	0.000755901	0.000245029	0.000744088	0.000281527	0.000352377	0.00118034	0.000958517	0.00120963	0.000672657	0.00178939	0.000450324	0.000130094	0.000533662	0.0	0.000157211	0.0013975	0.0	0.0	0.000570872	0.00157343	0.000249445	0.0	8.59201e-05	0.000196939	0.000182048	0.000598806	0.0	0.00139675	0.00029587	0.000860999	0.000643146	0.000229268	0.0	0.000359568	3.35989e-05	0.000565542	0.000182639	0.000690347	0.0	0.000225549	0.00157308	0.000796118	0.00118735	0.00214785	0.000220855	0.000208034	0.00022011	0.000144316	0.000750935	0.00160443	0.00184888	0.000210581	0.0	0.00049903	4.27483e-05	0.000755805	0.000188623	0.000462041	0.000672942	0.00018825	0.0	0.000382756	0.000497804	0.000772966	0.000232601	0.000962121	0.00123257	0.000295514	0.000103206	0.000465354	0.00033485	0.00245241	0.000632369	0.0	9.82344e-05	0.0	0.000347529	0.00225872	0.000207758	0.000669716	0.000366967	2.28239e-05	0.000605947	0.0	0.00153611	0.000489704	0.000126958	0.000996785	0.000721481	0.00106914	0.000123452	0.0	0.000240436	0.000429464	0.0	0.000850867	0.0	0.000455848	0.000533376	0.000641286	0.000527977	0.00100887	0.0	0.000734679
FUC-RHAMCAT-PWY: superpathway of fucose and rhamnose degradation	0.00120887	0.000382121	0.000295462	0.00165363	0.00168978	0.000368626	0.00269596	0.00118396	0.000634275	0.0012477	0.000806378	0.00226417	0.00133845	0.000538291	0.00115056	0.000837649	0.000498113	0.00277753	0.00173579	7.7188e-05	0.000869716	0.00116678	0.00242501	0.000379992	0.000133852	0.00146027	0.00189037	0.00228026	0.00182806	0.0021701	0.000757965	0.000672822	0.000523924	0.000964229	0.000430386	0.0022742	0.000437092	0.000254137	0.00147438	0.000964723	0.000972176	0.000862101	0.000895713	0.000254374	0.00102391	0.00132123	0.000263314	0.00249684	0.0017639	0.00134492	0.000430305	0.00137729	0.000566129	0.0010189	0.000249409	0.00129906	0.000721574	0.00106405	0.000613358	0.000243497	0.00044404	0.00206169	0.00214813	0.00141214	0.00081128	0.0010184	0.00166245	0.000755067	0.000627753	0.00230414	0.00141937	0.00162182	0.000596393	0.00078033	0.000159982	0.00112378	0.00106633	0.000945858	0.00106886	0.00141555	0.000117677	0.00091316	0.000772475	0.000647695	0.000811121	0.000942765	0.00108824	0.000783427	0.00114721	0.000518197	0.000962668	0.00218119	0.00251548	0.000200588	0.000983694	0.00213175	0.000410126	0.00142597	0.000896755	0.00124277	0.000756232	0.000980849	0.00182991	0.000392614	0.00143326	0.00020167	0.000379055	0.000542359	0.0016739	0.000519616	0.000633013	0.000471801	0.000918458	0.00104176	0.000392599	0.000730577	9.58663e-05	0.00115277	0.000535136	0.000988051	0.00126735	0.00219604	0.000761698	0.00103536
FUCCAT-PWY: fucose degradation	0.000647732	0.000183776	0.000316935	0.00102766	0.00105088	0.000838344	0.00235294	0.00122904	0.000322291	0.000717911	0.000697483	0.00166604	0.000901108	0.00027818	0.000683737	0.000469956	0.000279734	0.00255214	0.000965381	0.000322291	0.0021851	0.000631917	0.00238081	0.000184183	6.0632e-05	0.00106488	0.00152692	0.00213896	0.00132471	0.00285861	0.000385623	0.000797106	0.000377551	0.000525605	0.000207954	0.00160113	0.000474352	0.000127672	0.000971562	0.000533087	0.0005247	0.000533079	0.000548327	0.000202364	0.000661782	0.000750017	0.000127081	0.00231165	0.00103606	0.000766513	0.000202835	0.000926548	0.000293423	0.000561331	0.000121681	0.000826275	0.000361037	0.000673394	0.000299247	0.000113647	0.000214332	0.00134757	0.00133552	0.00084403	0.00043703	0.000625787	0.0012896	0.000382199	0.000323283	0.00202843	0.00086078	0.00104525	0.0002974	0.000395372	7.38232e-05	0.000656254	0.000641054	0.000537583	0.000669365	0.000838962	0.000122186	0.000513336	0.000416086	0.000332174	0.00041838	0.000494114	0.000670417	0.000420191	0.0007483	0.000246153	0.00106232	0.00273282	0.00149972	9.28797e-05	0.000573663	0.00184854	0.000202403	0.000965239	0.000497954	0.00147358	0.000392361	0.00053971	0.00105717	0.000199009	0.00101835	0.000102894	0.000194942	0.000266349	0.00117877	0.000700253	0.000304957	0.000279746	0.000562616	0.000668605	0.000187523	0.000411666	4.33768e-05	0.000774877	0.000262379	0.000526342	0.000704704	0.0018488	0.000383705	0.000598141
GALACT-GLUCUROCAT-PWY: superpathway of hexuronide and hexuronate degradation	0.00132911	0.00107093	0.000498525	0.000743433	0.000850619	0.000292704	0.00185436	0.0009688	0.000294769	0.00123467	0.000463014	0.00155084	0.00126046	0.000241674	0.00104184	0.000410502	0.000482658	0.00164587	0.00101786	0.00054674	0.00059066	0.00118409	0.00132434	0.000697245	0.000351475	0.00188917	0.00178758	0.00148154	0.00103262	0.0019179	0.0020864	0.000720092	0.00042544	0.000801423	0.000832808	0.00138422	0.000186801	0.000243667	0.00120982	0.00069427	0.00104432	0.00041745	0.000793417	0.000631329	0.000939229	0.000431752	0.000622146	0.00197368	0.00123255	0.00178014	0.000726445	0.000590795	0.00183037	0.000431943	0.000484029	0.000321665	0.000145144	0.00120936	0.000732479	0.000539767	0.000722399	0.000677685	0.000666455	0.00110933	0.00118339	0.000765196	0.000578606	0.000718738	0.000878971	0.00135949	0.000987225	0.000241275	0.00149265	0.000651523	0.000345297	0.00141239	0.00041694	0.000821817	0.00123197	0.000769368	0.00219446	0.000314767	0.000237239	0.000220623	0.000756481	0.000518565	0.000818043	0.00102655	0.000453652	0.000675836	0.00092658	0.00144474	0.000499344	0.000587862	0.00085624	0.000557463	0.000502232	0.00165979	0.000886319	0.000874569	0.00104415	0.00056973	0.00137377	0.000653451	0.000750841	0.000467185	0.000905866	0.000786758	0.00129252	0.000910508	0.000535661	0.000625552	0.000949314	0.000697993	0.000446925	0.000835179	0.0005812	0.000102164	0.000806818	0.000366533	0.000714835	0.00122948	0.000939529	0.00108441
GALACTARDEG-PWY: D-galactarate degradation I	0.000127557	9.92159e-05	0.000100959	0.000506947	0.0	0.000342852	0.00489615	0.000127843	0.000252874	0.000475502	0.0	0.00195982	0.000940116	0.0	6.65446e-05	0.0	0.0	0.00286231	0.00102805	8.99835e-05	0.000988181	0.000432136	0.00215412	0.000143052	0.000124602	0.00204285	0.00239209	0.00283519	0.00175948	0.00453548	9.02249e-05	4.96198e-05	0.000201503	0.000137613	7.65235e-06	0.00165322	0.0	0.0	0.0019648	0.000233886	0.000456897	0.000179693	0.000473572	0.000251662	5.79077e-05	8.82948e-05	6.85567e-05	0.00162503	0.000254319	0.0010751	0.000136672	0.000123868	8.56312e-05	0.000333831	3.30994e-05	0.0	0.0	8.6769e-05	0.000269368	0.000139568	8.67498e-05	0.0	0.000445096	0.000589466	0.000201474	0.00142371	0.000504469	0.000291003	0.000112133	0.00221725	0.00100179	8.00232e-05	0.000168349	0.000200895	6.39169e-05	0.000333985	4.95501e-05	5.84087e-05	0.000725528	0.000410568	0.000216189	3.46032e-05	0.000237593	2.06666e-05	0.0	0.000537107	7.51326e-05	0.000477209	9.11717e-05	0.000837095	0.000554424	0.00329331	0.00031313	0.000122853	9.13626e-05	0.000158697	3.03124e-05	0.00192595	0.00019052	0.000610357	0.000264526	5.78985e-05	0.000567021	9.30777e-05	0.00140413	5.11307e-05	1.1938e-05	9.79198e-05	0.000577617	0.000142631	9.90831e-05	8.99969e-05	6.66342e-05	0.000809388	0.000681569	0.000591219	0.0	0.000340157	0.000439037	0.000139756	0.000543182	0.00206074	0.0	0.000736617
GALACTITOLCAT-PWY: galactitol degradation	0.0	0.0	5.88923e-05	8.41762e-05	0.0	5.0658e-05	0.00169043	0.0	2.74788e-05	0.000135707	0.0	0.00121416	0.00032824	0.0	4.28245e-05	0.0	0.0	0.00114685	0.000357788	0.0	0.000213282	0.000297979	0.000945633	0.0	4.29717e-05	0.00136722	0.00169519	0.00121677	0.000882083	0.0	0.0	0.0	0.000349294	0.0	1.80072e-05	0.00131546	0.0	0.0	0.000960944	0.000125075	0.000124021	0.0	4.66309e-05	2.54625e-05	6.51003e-05	2.9969e-05	0.0	0.00096393	2.35746e-05	0.000435969	0.0	5.67383e-05	5.87981e-05	7.63247e-05	0.0	0.0	0.0	0.000296023	0.000115671	7.24248e-05	0.0	0.0	0.0	0.000317496	0.0	0.000131712	0.000214541	0.0	0.0	0.000764983	0.000632094	0.0	2.77229e-05	7.47446e-05	1.87749e-05	0.00032951	0.0	0.0	0.000200714	0.000268732	3.69239e-05	0.0	2.43949e-05	0.0	0.0	8.7808e-05	2.73101e-05	6.71559e-05	5.27321e-05	0.0	0.000226454	0.00165509	2.71593e-05	0.0	0.0	3.00806e-05	0.0	0.000779782	0.000128487	0.000306916	0.000103655	0.0	0.000350394	0.0	9.36001e-05	0.0	0.0	0.000501048	0.000291594	0.0	3.9387e-05	4.89517e-05	0.0	0.000225087	0.0	0.000215745	0.0	2.49815e-05	8.85733e-05	0.0	0.000290367	0.000734323	0.0	0.000226967
GALACTUROCAT-PWY: D-galacturonate degradation I	0.00161108	0.00201959	0.000713654	0.000676387	0.00276014	0.000762812	0.00172529	0.000948835	0.000971122	0.00113717	0.000568813	0.00140368	0.00126994	0.000650467	0.00176386	0.0017835	0.00170926	0.00178408	0.00125314	0.000972754	0.00115898	0.00139471	0.00122025	0.00175153	0.00145292	0.00183981	0.00162287	0.00164335	0.00165234	0.00191699	0.00276483	0.00124831	0.000675369	0.00254105	0.000967877	0.00133122	0.00146332	0.000993277	0.00144567	0.000813969	0.00132747	0.000632597	0.00091382	0.00262674	0.00093219	0.00100187	0.00101847	0.00177311	0.00209092	0.00180894	0.00130794	0.00109786	0.00226478	0.000565239	0.000994188	0.00107599	0.000675152	0.00120648	0.000833374	0.00123473	0.00195037	0.00116574	0.000841812	0.0011485	0.0017068	0.0012258	0.00150656	0.000696816	0.0014887	0.00202108	0.000807701	0.00183303	0.00170491	0.00145377	0.00125704	0.00198743	0.00168546	0.00136415	0.00112053	0.000688902	0.00293323	0.00106698	0.000354148	0.000814843	0.00133782	0.00150284	0.00167826	0.00132046	0.000800797	0.000626683	0.000891925	0.00141151	0.000551891	0.00143691	0.00128486	0.00147309	0.000769934	0.00196634	0.00108693	0.00090895	0.00133417	0.000795625	0.00151764	0.00107709	0.00137203	0.000631848	0.00105344	0.000891859	0.00173463	0.000936658	0.00118522	0.000700773	0.00133484	0.000885521	0.00137331	0.00158441	0.000938733	0.000296211	0.00109732	0.00121472	0.00092662	0.00183314	0.00190821	0.00107274
GLCMANNANAUT-PWY: superpathway of N-acetylglucosamine, N-acetylmannosamine and N-acetylneuraminate degradation	0.00214671	0.00142846	0.00110702	0.001624	0.00214754	0.0013689	0.00341135	0.00223498	0.00245269	0.00311164	0.000676702	0.0021267	0.00246259	0.00133744	0.00115683	0.00183416	0.00131124	0.00315183	0.00351279	0.00228799	0.00240104	0.00258293	0.00226211	0.0029806	0.00201275	0.00234637	0.00248788	0.00298292	0.00200253	0.00286623	0.00267257	0.00183173	0.00185273	0.0024647	0.00108421	0.00275174	0.00211997	0.000901212	0.00190446	0.00231557	0.00162619	0.00138513	0.00191192	0.00423457	0.0016859	0.00198999	0.000882571	0.00239953	0.00194013	0.00179891	0.00318513	0.00303994	0.00330859	0.00221067	0.00178352	0.00192809	0.00196636	0.00254786	0.00197498	0.00305535	0.00329521	0.00261291	0.00304602	0.00247339	0.00293436	0.00289405	0.00341186	0.00233316	0.0017191	0.00299569	0.00151409	0.00266192	0.00175138	0.0031419	0.00194323	0.00279294	0.00224182	0.00170003	0.00196568	0.00142851	0.00261143	0.00153915	0.00188519	0.00195717	0.00334937	0.00207235	0.00214995	0.00208203	0.00165081	0.00275246	0.00242526	0.00290586	0.00192906	0.00137669	0.00182055	0.00234111	0.00223611	0.0035824	0.00236098	0.0013487	0.00186836	0.000748568	0.00226454	0.00204739	0.00176847	0.000861052	0.00158579	0.00259062	0.00257249	0.00233515	0.00110426	0.00160019	0.00213145	0.00110678	0.00191846	0.00260606	0.00135918	0.00262812	0.00181398	0.00209681	0.00146764	0.00339204	0.00137236	0.00173975
GLUCARDEG-PWY: D-glucarate degradation I	4.81666e-05	3.12937e-05	9.45676e-05	0.000305159	0.0	0.000169099	0.00293501	0.0	0.000104096	0.000347	0.0	0.00109543	0.000378711	0.0	5.77414e-05	0.0	0.0	0.00255235	0.000810105	6.5616e-05	0.000931217	0.000223593	0.00183331	8.74803e-05	4.61849e-05	0.00102649	0.00117667	0.00183753	0.000796087	0.00254417	6.51419e-05	4.51668e-05	0.000137748	9.02394e-05	7.51773e-06	0.00129949	0.0	0.0	0.00112987	0.000197844	0.000199336	0.0	0.000124812	0.000110207	3.71165e-05	0.0	0.0	0.000984372	0.000191972	0.000495435	0.0	9.11326e-05	6.90302e-05	0.000201034	2.68736e-05	0.0	0.0	6.89616e-05	0.000191944	9.97249e-05	5.75146e-05	0.0	0.000309951	0.000401117	0.000169859	0.00118088	0.000396245	4.45948e-05	8.15863e-05	0.00169673	0.000553179	5.7506e-05	7.63662e-05	5.12813e-05	4.90528e-05	0.000206868	4.3998e-05	5.00046e-05	0.000402112	0.000269424	0.000159619	2.80434e-05	7.49005e-05	1.94243e-05	0.0	0.000380344	0.0	0.000222506	4.73343e-05	6.32222e-05	0.000403065	0.00250802	0.000197421	0.0	8.68558e-05	0.000116499	2.82037e-05	0.00106067	0.000137897	0.000271848	0.000171649	0.0	0.000352515	2.9809e-05	0.00110019	4.35502e-05	1.14948e-05	3.40513e-05	0.000262242	0.00011169	6.97745e-05	7.35417e-05	4.72682e-05	0.000536251	0.00019984	0.000173143	0.0	0.000268467	0.000334398	3.66702e-05	0.000347709	0.00146531	0.0	0.000414308
GLUCARGALACTSUPER-PWY: superpathway of D-glucarate and D-galactarate degradation	0.000127557	9.92159e-05	0.000100959	0.000506947	0.0	0.000342852	0.00489615	0.000127843	0.000252874	0.000475502	0.0	0.00195982	0.000940116	0.0	6.65446e-05	0.0	0.0	0.00286231	0.00102805	8.99835e-05	0.000988181	0.000432136	0.00215412	0.000143052	0.000124602	0.00204285	0.00239209	0.00283519	0.00175948	0.00453548	9.02249e-05	4.96198e-05	0.000201503	0.000137613	7.65235e-06	0.00165322	0.0	0.0	0.0019648	0.000233886	0.000456897	0.000179693	0.000473572	0.000251662	5.79077e-05	8.82948e-05	6.85567e-05	0.00162503	0.000254319	0.0010751	0.000136672	0.000123868	8.56312e-05	0.000333831	3.30994e-05	0.0	0.0	8.6769e-05	0.000269368	0.000139568	8.67498e-05	0.0	0.000445096	0.000589466	0.000201474	0.00142371	0.000504469	0.000291003	0.000112133	0.00221725	0.00100179	8.00232e-05	0.000168349	0.000200895	6.39169e-05	0.000333985	4.95501e-05	5.84087e-05	0.000725528	0.000410568	0.000216189	3.46032e-05	0.000237593	2.06666e-05	0.0	0.000537107	7.51326e-05	0.000477209	9.11717e-05	0.000837095	0.000554424	0.00329331	0.00031313	0.000122853	9.13626e-05	0.000158697	3.03124e-05	0.00192595	0.00019052	0.000610357	0.000264526	5.78985e-05	0.000567021	9.30777e-05	0.00140413	5.11307e-05	1.1938e-05	9.79198e-05	0.000577617	0.000142631	9.90831e-05	8.99969e-05	6.66342e-05	0.000809388	0.000681569	0.000591219	0.0	0.000340157	0.000439037	0.000139756	0.000543182	0.00206074	0.0	0.000736617
GLUCONEO-PWY: gluconeogenesis I	0.00382496	0.00433244	0.00483766	0.00285568	0.00427949	0.0037737	0.00468036	0.00287056	0.00333954	0.00441145	0.0044216	0.00471253	0.00497317	0.00422632	0.00531786	0.00377716	0.00459978	0.00336905	0.004232	0.00514033	0.00641945	0.00359931	0.00455546	0.00383023	0.00471074	0.00510395	0.00467386	0.0041339	0.00355227	0.00464338	0.00330813	0.00577155	0.00514363	0.00370894	0.00186541	0.00456072	0.00419896	0.00367496	0.00534631	0.00455903	0.00505571	0.00482757	0.00476615	0.00210564	0.00335717	0.00364322	0.00496703	0.00410731	0.00291125	0.00406049	0.00410325	0.00454902	0.00330833	0.00331988	0.00387148	0.00425324	0.00354415	0.00510443	0.00390926	0.00546911	0.00455919	0.00329898	0.00375453	0.00461252	0.00453858	0.00265487	0.00439846	0.00341143	0.00410048	0.00450552	0.0042658	0.00370023	0.00319503	0.0052118	0.00429099	0.00379339	0.00473754	0.0024956	0.00398153	0.00252605	0.00184168	0.00441682	0.00438136	0.00358366	0.00481035	0.00173794	0.0043773	0.00234052	0.0025978	0.00455842	0.0036877	0.00433947	0.00192175	0.00410815	0.0039628	0.00278775	0.00301024	0.00346664	0.0049525	0.00453101	0.0021462	0.00320798	0.00297611	0.00213381	0.005426	0.00304258	0.00299681	0.00295973	0.00444269	0.00484092	0.00293575	0.00552498	0.00405716	0.0056077	0.0028154	0.00497407	0.00415942	0.00447832	0.00318573	0.00309129	0.00324337	0.00403471	0.00410248	0.00474829
GLUCOSE1PMETAB-PWY: glucose and glucose-1-phosphate degradation	0.0	0.0	0.00379275	0.00180168	0.00324493	0.0023564	0.00361925	0.0	0.00233485	0.00220308	0.0	0.00378912	0.00244289	0.0	0.00411315	0.00470251	0.0075424	0.00394354	0.00350813	0.0032517	0.00535279	0.00330762	0.00248825	0.0	0.0	0.00649162	0.00395118	0.00207955	0.00177079	0.00449363	0.00488039	0.0	0.00245644	0.0	0.0117387	0.00303537	0.0	0.0	0.00820325	0.00355325	0.00294158	0.0	0.00333915	0.00939201	0.00330353	0.00323049	0.00671554	0.00274656	0.00247222	0.00336071	0.0	0.00393579	0.00461143	0.00339831	0.0	0.00163519	0.0	0.00400004	0.0	0.00565441	0.00321627	0.00355205	0.00263673	0.00510298	0.0105394	0.00330937	0.00257325	0.0	0.00308315	0.00355711	0.0051194	0.0040185	0.00259859	0.00520983	0.00390549	0.00426263	0.0	0.008398	0.00478439	0.00224098	0.00224522	0.0	0.00613515	0.0102447	0.0	0.00778544	0.00447631	0.00746896	0.0	0.0	0.00375127	0.00450037	0.00322437	0.0	0.00273938	0.0027266	0.00275846	0.00188992	0.00298819	0.00221223	0.0084125	0.0	0.00315035	0.0	0.00750413	0.0106283	0.0021353	0.00303485	0.00260615	0.00398583	0.00229012	0.00312097	0.0	0.00718341	0.00346757	0.00592986	0.0	0.0	0.00273523	0.00344517	0.00258476	0.00190723	0.0	0.00252126
GLUCUROCAT-PWY: superpathway of &beta;-D-glucuronosides degradation	0.00179389	0.00271188	0.000760238	0.000959644	0.00276242	0.00214228	0.00214249	0.00137245	0.00113975	0.00175843	0.000616687	0.00187329	0.00141896	0.00104596	0.00203371	0.00193144	0.00167502	0.00188022	0.001429	0.00117488	0.000672224	0.00163768	0.00128485	0.0038789	0.00171388	0.00260193	0.00208081	0.00196301	0.00195743	0.00217651	0.00342954	0.00199263	0.000799038	0.00285513	0.00163381	0.00167242	0.00278013	0.00136394	0.00251476	0.000917024	0.0021013	0.00132471	0.00107962	0.00308363	0.00160219	0.00233728	0.00112349	0.00206696	0.00247431	0.00228431	0.00211941	0.00251815	0.00337781	0.001136	0.00134711	0.0011656	0.00122054	0.00138621	0.00101312	0.00145372	0.00291653	0.00133192	0.00103174	0.00154935	0.0022561	0.000827258	0.00176452	0.00136297	0.00173364	0.00176235	0.0010235	0.00197006	0.0020134	0.00203246	0.00202414	0.00254154	0.00210849	0.00170565	0.00208349	0.00119767	0.00308542	0.00159937	0.000931741	0.00117658	0.00222943	0.00178438	0.00185406	0.00194927	0.00126843	0.000744786	0.00102674	0.00164671	0.00105421	0.00166954	0.00141276	0.00174334	0.000872918	0.00172115	0.00213176	0.00111878	0.00210807	0.000950725	0.00235328	0.00141335	0.00129749	0.00133407	0.00140423	0.000859574	0.00213245	0.00111528	0.00304918	0.000804398	0.0025943	0.000928647	0.00172853	0.00189926	0.00128466	0.000365612	0.00130707	0.00142588	0.00125964	0.00162842	0.00252504	0.00145034
GLUDEG-I-PWY: GABA shunt	9.05222e-05	0.0	0.000123805	0.000276416	0.00111663	0.000261408	0.00121001	0.000328838	4.64091e-05	6.53092e-05	0.000529624	0.000380709	0.000924823	8.30194e-05	0.000483149	0.000204032	0.000466479	2.84548e-05	0.000632943	0.000161855	0.00039842	0.000230803	0.00191154	0.0	0.0	0.000698109	0.000999974	0.0013833	0.00108783	0.000813853	0.000218459	3.84532e-05	0.000121082	0.0	7.11201e-05	0.00193442	0.000332041	0.000205499	0.000965034	0.000854113	0.000316502	0.0	3.85733e-05	5.73683e-05	0.000120088	0.00060167	0.000342305	0.00150337	0.00123062	0.00114122	2.8388e-05	0.000259861	0.000300038	0.000365973	0.00025436	0.000142578	0.000251323	0.000437336	4.28256e-05	0.000105486	0.000344437	0.00156853	0.000156063	0.000360265	0.00070107	0.000252551	0.000241347	1.65178e-05	0.000368745	0.00258405	0.00133777	0.000591835	0.000193168	0.00081421	0.000684086	0.00023174	0.000391055	0.000563633	0.000496168	0.000498278	6.42492e-05	0.000154383	0.000696163	6.81254e-05	6.26063e-05	0.00011909	0.000330852	0.000142023	0.000166223	0.000158644	0.000790964	0.000380906	0.000583225	0.000528424	0.000987679	0.000328526	0.000217586	0.00167841	0.000554053	0.000990071	0.000365597	0.000418496	0.000372238	0.000120432	0.00122886	0.000330174	0.000180458	0.000338912	0.000374732	3.4334e-05	0.000123306	0.00033558	0.000869068	0.000659152	0.000717331	0.000384592	0.000140562	0.000310481	0.000218296	0.0	0.00100812	0.00204892	0.000113509	0.0011045
GLUTORN-PWY: L-ornithine biosynthesis I	0.00641074	0.00773552	0.00642814	0.00531581	0.00702097	0.00948744	0.004738	0.00783598	0.00444499	0.0047073	0.00545576	0.00664181	0.00553691	0.00710067	0.00746164	0.007412	0.00866053	0.00625448	0.00269775	0.00727954	0.00555728	0.00606713	0.00479998	0.00796393	0.00464417	0.00610541	0.00561807	0.00626645	0.00422974	0.00475176	0.00860004	0.0075952	0.00703193	0.00869317	0.00561698	0.00508713	0.0104477	0.00539538	0.00596114	0.00618577	0.00555525	0.00703387	0.00463444	0.0131452	0.0073044	0.00678977	0.00556315	0.00561451	0.00696453	0.00678572	0.00699442	0.00678286	0.00907439	0.00645266	0.00772359	0.0065468	0.00747679	0.00735275	0.00602776	0.00683892	0.00722003	0.00535097	0.00480418	0.00613858	0.00783413	0.00596797	0.00520288	0.00604115	0.00698513	0.00340504	0.00309197	0.00861801	0.00542313	0.0073427	0.00878478	0.00774793	0.00846268	0.00663149	0.0077139	0.00374252	0.00663424	0.0073369	0.0075173	0.00569914	0.00742862	0.00492739	0.00660476	0.00747481	0.00713332	0.00540389	0.00641653	0.00438348	0.00359839	0.00547452	0.00561265	0.00591312	0.00565273	0.00506927	0.00641699	0.00680596	0.00762869	0.00497235	0.00472539	0.00693377	0.00400164	0.00487431	0.00577056	0.00450317	0.0056579	0.00559257	0.00266651	0.0056794	0.00836457	0.00500175	0.00469801	0.00754219	0.0064497	0.00779866	0.0073511	0.00695317	0.00365961	0.00375058	0.00725461	0.00502139
GLYCOCAT-PWY: glycogen degradation I	0.00139024	0.00446452	0.000608901	0.00463828	0.00280433	0.00431638	0.00169618	0.00384267	0.00217467	0.00396456	0.00178857	0.000628361	0.00210957	0.000877044	0.00165882	0.00160448	0.000867435	0.00205727	0.00156725	0.00622568	0.000616241	0.00304569	0.00230894	0.00131154	0.00326007	0.000899226	0.00141105	0.00302784	0.00145436	0.00146434	0.00182123	0.00247641	0.00318703	0.0042182	0.00156733	0.00291891	0.000353684	0.00079295	0.000641509	0.000950038	0.00195762	0.00294271	0.0043606	0.000121667	0.00323985	0.00263514	0.000254283	0.00155777	0.00244581	0.00199283	0.00162476	0.00451203	0.00152222	0.00415205	0.00262204	0.00357292	0.00118746	0.00322174	0.00169417	0.00260982	0.00365869	0.00274612	0.00493906	0.000922239	0.000976326	0.000160668	0.00364648	0.00518758	0.00460618	0.00307388	0.000781721	0.00114816	0.00459067	0.0028287	0.00209581	0.00186868	0.00170279	0.00135897	0.00335405	0.00160251	0.00226495	0.00376234	0.0013586	0.000622078	0.00284342	0.000963518	0.00195645	0.000947511	0.000708408	0.00214507	0.00282037	0.00118666	0.00439609	0.00239466	0.00138405	0.00394741	0.0022979	0.000967904	0.00191831	0.00100963	0.000826229	0.00307257	0.00434532	0.00102658	0.000723528	0.000543367	0.00223008	0.00381677	0.00117595	0.00637075	0.0027795	0.0018081	0.00250942	0.000897839	0.0023879	0.00209166	0.00142874	0.00534225	0.00140737	0.0010733	0.00287747	0.00147103	0.00325842	0.000568663
GLYCOGENSYNTH-PWY: glycogen biosynthesis I (from ADP-D-Glucose)	0.00637545	0.0102457	0.00678113	0.00821726	0.0103389	0.0117494	0.00406896	0.00862392	0.00644517	0.00709678	0.0118692	0.00602744	0.0059474	0.00891016	0.00914537	0.00943929	0.00857929	0.00941925	0.00515255	0.00608945	0.00617687	0.00859289	0.00727955	0.00853166	0.00843754	0.00590928	0.00584003	0.00640094	0.00479574	0.00627887	0.0102116	0.0097883	0.0145405	0.0121287	0.00696051	0.00619873	0.0151313	0.00741957	0.00633195	0.00830687	0.00725201	0.00606832	0.00573706	0.0183912	0.0113734	0.010662	0.00532093	0.00593163	0.00957969	0.00988532	0.00920952	0.00867267	0.0115135	0.00882781	0.0109535	0.00754166	0.0106424	0.0096403	0.00838687	0.00711565	0.00878444	0.00848605	0.00751443	0.00678095	0.0112773	0.00990324	0.00989479	0.00831224	0.00984946	0.00335335	0.00621355	0.012087	0.00720441	0.00916267	0.0123562	0.0100228	0.0119766	0.00933765	0.00942012	0.00539642	0.00550527	0.0102432	0.00818168	0.00769136	0.00964242	0.00818421	0.00908765	0.00855539	0.00819444	0.00944344	0.00820042	0.00516549	0.00686732	0.0089308	0.00889352	0.00768529	0.0103049	0.00834514	0.00942336	0.0128452	0.00915266	0.00732265	0.00632052	0.0087646	0.00451666	0.00778835	0.00703954	0.00669791	0.00672556	0.0069965	0.00387308	0.00622691	0.0154005	0.00629097	0.00469361	0.00860814	0.00864589	0.0079112	0.00943822	0.00938002	0.00629097	0.00422712	0.0104145	0.00492148
GLYCOL-GLYOXDEG-PWY: superpathway of glycol metabolism and degradation	0.0	0.0	2.47859e-05	5.35945e-05	0.0	0.0	0.000599435	0.0	1.23788e-06	0.000143438	0.0	0.000295027	8.84447e-05	0.0	0.0	0.0	0.0	0.000149603	7.38282e-05	0.0	8.72934e-05	1.57342e-05	0.00029365	0.0	0.0	0.000369815	0.000362331	0.000131709	0.000236666	0.000561548	7.38848e-06	0.0	0.0	0.0	1.56842e-05	0.000280052	0.0	0.0	0.000229569	5.51782e-06	0.000197172	0.0	0.0	0.0	4.99283e-06	0.0	3.06552e-05	0.000342827	0.000125507	9.27533e-05	0.0	0.0	0.0	2.94297e-05	0.0	0.0	0.0	0.0	0.0	0.0	0.0	0.0	0.0	6.2324e-05	1.44793e-05	3.75236e-05	2.61115e-05	0.0	1.91702e-05	0.000552868	0.000146392	0.0	6.31949e-06	0.0	6.18692e-06	0.000153021	0.0	0.0	7.81118e-05	5.53153e-05	0.0	0.0	0.0	0.0	0.0	2.91242e-05	0.0	6.64858e-05	0.0	0.0	1.46287e-05	0.000290222	2.62205e-05	0.0	0.000168362	0.0	0.0	0.00023556	2.23539e-05	0.000128803	5.19024e-05	0.0	5.4008e-05	0.0	0.000231798	0.0	0.0	0.0	6.59398e-05	0.0	1.01179e-05	0.0	0.0	9.35082e-05	3.04948e-05	5.82335e-06	0.0	0.0	3.81499e-05	0.0	7.7108e-05	0.000374729	0.0	0.000185137
GLYCOLYSIS-E-D: superpathway of glycolysis and the Entner-Doudoroff pathway	0.00243175	0.00264812	0.00119599	0.00181821	0.00285907	0.00154709	0.00379388	0.00177881	0.00181013	0.00277758	0.0014681	0.00263747	0.00233147	0.00184324	0.00238216	0.00206951	0.00135227	0.00278261	0.00338287	0.00230929	0.00228666	0.00228556	0.00281334	0.00221737	0.00303021	0.00315178	0.00317946	0.00280956	0.00249132	0.0037456	0.00225222	0.00231634	0.00183476	0.00194876	0.00104869	0.00263677	0.000828399	0.0015346	0.00260819	0.00219183	0.00328326	0.00207152	0.00217354	0.000561211	0.00200787	0.00229114	0.00198725	0.00253339	0.00191886	0.00255368	0.00275712	0.00326161	0.00229241	0.00206188	0.00204751	0.00207975	0.00187386	0.00186575	0.00207417	0.00272494	0.00326829	0.00172789	0.00252619	0.0028308	0.00246772	0.00185933	0.00167788	0.00239293	0.00243437	0.00393837	0.0021065	0.00194575	0.00224678	0.00353505	0.00315326	0.0024854	0.00210326	0.00146589	0.00216065	0.00152908	0.00108512	0.00293633	0.00219554	0.0016136	0.00336108	0.00118493	0.00240406	0.00142961	0.00143646	0.00205915	0.00197809	0.00337876	0.00126276	0.00217412	0.00207776	0.00201063	0.00156445	0.00294687	0.0030315	0.00208458	0.00130589	0.00207664	0.00219138	0.00111642	0.00265744	0.00147712	0.00186274	0.00149427	0.00272331	0.00201673	0.00184737	0.00257218	0.00241135	0.00241849	0.0019448	0.00206615	0.00219582	0.00163255	0.00192983	0.00201266	0.00192665	0.00299851	0.00297251	0.00263819
GLYCOLYSIS-TCA-GLYOX-BYPASS: superpathway of glycolysis, pyruvate dehydrogenase, TCA, and glyoxylate bypass	0.0	0.0	0.0	2.61872e-05	0.0	0.0	0.000475247	0.0	3.9318e-06	0.000244948	0.0	0.000870051	0.000320438	0.0	0.0	0.0	0.0	0.000481703	1.60141e-05	0.0	0.000288401	2.06222e-05	0.000257432	0.0	0.0	0.000712117	0.000737204	0.000354084	0.000466927	0.0	1.24586e-05	0.0	0.0	0.0	0.0	0.000307985	0.0	0.0	6.06617e-05	1.35686e-05	0.000116726	0.0	0.0	0.0	0.0	0.0	0.0	0.000776111	1.53575e-05	4.74431e-05	0.0	0.0	0.0	1.66481e-05	0.0	0.0	0.0	1.98518e-05	0.0	0.0	8.18666e-05	0.0	0.0	2.41625e-05	8.01744e-05	3.10323e-05	2.26253e-05	0.0	0.0	0.000793607	0.000257566	0.0	0.0	0.0	0.0	0.000289051	0.0	0.0	5.13814e-05	3.65603e-05	0.0	0.0	0.0	0.0	0.0	1.00739e-05	0.0	7.68455e-05	0.0	0.0	0.000103622	0.0	0.0	0.0	0.0	0.0	0.0	0.000430899	0.000148699	6.28825e-05	0.0	0.0	0.000441567	0.0	0.000537691	0.0	0.0	0.0	0.000333081	0.0	7.98962e-06	0.0	0.0	1.34083e-05	0.0	4.31813e-05	0.0	0.0	0.000169024	0.0	3.17159e-05	0.00124038	0.0	0.000588135
GLYCOLYSIS: glycolysis I (from glucose 6-phosphate)	0.00438642	0.00343062	0.00381095	0.00748094	0.00390491	0.00459975	0.00539897	0.00397657	0.00534124	0.00405644	0.00394748	0.00498895	0.00454341	0.00297083	0.00500997	0.0028168	0.0031993	0.0043091	0.00572272	0.00767935	0.00720855	0.003541	0.0046893	0.0037807	0.00417999	0.00466652	0.0045284	0.00529634	0.00540082	0.005891	0.00348604	0.00476834	0.0051744	0.0028372	0.00222414	0.00512116	0.00352939	0.00239496	0.00440347	0.00412667	0.00457482	0.00532319	0.00572021	0.00138477	0.00454502	0.00352132	0.00445784	0.00420875	0.00428665	0.00449833	0.00397435	0.00612816	0.00514453	0.00465532	0.00460828	0.00340776	0.00277788	0.00513409	0.0030428	0.00551476	0.00482916	0.00311491	0.00422271	0.00404104	0.00372998	0.00596653	0.00469897	0.00720268	0.0042504	0.00591841	0.00413078	0.0028987	0.00569541	0.00556465	0.00494962	0.00397639	0.00395234	0.00243523	0.00322275	0.00308263	0.00180039	0.00571187	0.00333928	0.0023927	0.0045787	0.00339957	0.00368096	0.00307816	0.00217453	0.00517076	0.00378012	0.00563325	0.00561376	0.00320914	0.00313152	0.00626544	0.00221475	0.00416011	0.00497775	0.00480095	0.00265508	0.00584062	0.0065713	0.00150905	0.00443672	0.00362403	0.00372537	0.00335371	0.00389787	0.00752002	0.00523701	0.00601178	0.00376494	0.00464115	0.0052792	0.00393198	0.00322571	0.00578525	0.002639	0.00446645	0.00395994	0.00456416	0.00570904	0.00511281
GLYOXYLATE-BYPASS: glyoxylate cycle	0.0	0.0	0.000127417	0.000365236	0.0	0.000175524	0.00353576	0.0	2.69663e-05	0.000722984	0.0	0.00118762	0.0010878	0.0	0.00013883	0.0	0.0	0.00107475	0.000350829	0.0	0.000322434	0.000282468	0.00165833	0.0	0.0	0.00150367	0.00151501	0.00159201	0.000944921	0.00301459	6.99031e-05	0.0	0.0	0.0	4.16174e-05	0.00174314	0.0	0.0	0.0015447	0.000307447	0.000599545	0.0	2.68643e-05	0.000116921	3.35678e-05	5.59213e-05	3.36041e-05	0.00204673	0.000136463	0.000980743	0.000116564	0.000121506	0.0	0.000265327	0.0	3.28409e-05	0.0	0.000153717	0.0	8.95714e-05	8.76483e-05	0.00011174	0.000137172	0.000618636	0.000255908	0.000199019	0.000575389	3.48394e-05	0.000122418	0.00245182	0.00060674	1.48506e-05	0.000227882	0.0	7.58168e-05	0.000431462	0.0	7.66353e-05	0.00084686	0.000533226	0.0	0.0	6.2493e-05	0.0	0.0	4.26846e-05	0.0	0.00020605	0.0	0.0	0.000387787	0.00235581	0.000225605	0.0	0.000389299	0.000218499	1.646e-05	0.0010177	0.000342565	0.000581127	0.000271616	0.0	0.000546061	0.0	0.00122918	3.83728e-05	0.0	0.0	0.000366928	3.83399e-05	7.9643e-05	0.000151409	1.98241e-05	0.000831253	0.000306096	0.000245688	0.000105673	7.67252e-06	0.00022718	0.0	0.000548328	0.00175634	0.0	0.000395071
GOLPDLCAT-PWY: superpathway of glycerol degradation to 1,3-propanediol	0.000264369	0.000240166	9.95183e-05	0.000433728	0.000258113	5.91661e-05	7.30066e-05	0.000278331	0.00023335	0.000405722	0.0	0.000118277	0.000151381	0.000111775	0.000263635	0.000182716	8.24484e-05	0.00184534	0.000231265	0.000202015	0.000290428	0.000405083	0.000862921	0.000102873	0.000186499	3.49711e-05	7.21917e-05	0.000154917	0.000164508	7.37842e-05	0.000128597	0.000101581	0.000685372	9.81018e-05	3.23964e-05	0.000133415	9.54404e-05	4.97291e-05	0.00020261	0.000349657	0.000171404	0.000308523	0.000494291	8.06676e-05	0.000184715	9.69993e-05	6.66818e-05	0.000140521	0.000212442	0.000447284	0.000327266	0.000236638	0.000267302	0.000621096	6.43545e-05	0.000417546	0.000172016	0.000206556	0.000491242	0.000138987	0.000348701	0.000245456	0.000454312	0.000325229	0.000479036	0.000750638	0.000110923	0.000168213	0.000309658	0.000634301	8.81743e-05	0.000284426	9.99835e-05	0.000387842	0.00012659	0.000550442	0.000117719	0.000331066	8.13105e-05	0.000172972	0.000284215	0.000241466	0.000121448	0.00033132	0.000217018	0.000426745	0.000214555	0.000171105	0.00021491	0.000579939	0.000647822	0.000257637	0.000418243	5.12035e-05	0.000543033	0.000300516	0.000177435	0.000511594	0.000127455	0.000239487	0.000270873	9.41854e-05	0.000136723	0.000317141	0.000589323	0.000168294	0.000180609	0.000523838	0.00014983	0.000229708	0.000128282	0.00024131	0.00038191	0.000418293	0.000261766	0.000323864	5.303e-05	0.000528201	0.00047604	0.000196557	0.000451724	0.000581739	6.69157e-05	0.000257384
HCAMHPDEG-PWY: 3-phenylpropanoate and 3-(3-hydroxyphenyl)propanoate degradation to 2-hydroxypentadienoate	0.0	0.0	0.0	8.29422e-05	0.0	2.94938e-05	0.00165265	0.0	0.0	0.0	0.0	1.92798e-05	1.36406e-05	0.0	0.0	0.0	0.0	0.000911364	0.000170081	0.0	0.0	0.0	0.00137516	0.0	0.0	1.69278e-05	0.0	0.000970276	0.0	0.00152507	1.33983e-05	0.0	0.0	0.0	7.6703e-06	0.00106984	0.0	0.0	0.000601149	5.82148e-05	0.0	0.0	5.01447e-06	0.0	9.25027e-06	0.0	0.0	0.000795221	3.74668e-05	3.71118e-05	0.0	0.0	0.0	3.40445e-05	0.0	0.0	0.0	0.0	0.0	0.0	0.0	6.35917e-06	1.83497e-05	0.0	0.000124936	0.0	0.0	0.0	0.0	0.00121195	0.000131066	0.0	3.6146e-05	0.0	0.0	8.90923e-05	0.0	0.0	0.000199982	5.9568e-05	0.0	0.0	0.0	0.0	0.0	0.0	0.0	0.000101646	0.0	0.0	0.000126206	0.00135291	7.29213e-05	0.0	6.00721e-05	0.0	0.0	0.000618183	4.11965e-05	0.000248529	8.00686e-05	0.0	0.000132018	0.0	0.00058415	0.0	0.0	0.0	2.44283e-05	0.0	0.0	2.37127e-05	0.0	0.000276223	0.0	0.0	0.0	0.0	0.0	0.0	0.00022859	0.000805811	0.0	0.000107987
HEME-BIOSYNTHESIS-II-1: heme b biosynthesis V (aerobic)	0.0	0.0	0.000527724	0.000162917	0.000149825	7.47256e-05	0.00222098	0.0	1.9912e-05	0.000202613	0.0	0.0012774799999999	0.000463362	0.0	6.01365e-05	0.0	0.000109884	0.00159504	0.000438284	0.0	0.000358719	0.000158811	0.00131365	0.0	0.0	0.00113105	0.00113871	0.00159176	0.000893671	0.00189421	0.00012303	0.0	0.0	0.0	3.04731e-05	0.00128048	0.0	0.0	0.000825984	0.000216651	0.000255931	4.98154e-05	6.62296e-05	4.14684e-05	4.44178e-05	3.07884e-05	0.0	0.000959778	0.000136438	0.000477608	0.000176533	5.53224e-05	0.0	0.000165346	2.80826e-05	8.7962e-05	0.0	6.51273e-05	0.0	5.18752e-05	0.000146715	6.06198e-05	9.8157e-05	0.000527225	0.000199893	0.000187111	0.000145093	0.0	8.86666e-05	0.00153076	0.000795082	0.0	7.04567e-05	0.0	5.37246e-05	0.000298487	3.10041e-05	2.57805e-05	0.000336595	0.00023872	4.69195e-05	2.62742e-05	6.20337e-05	0.00018227	0.0	0.00011001	0.000299288	0.000192048	0.0	0.0	0.000335197	0.00194213	9.79247e-05	0.0	0.000197346	0.000136959	1.74047e-05	0.000755936	0.000145427	0.000274844	9.44626e-05	0.0	0.000273821	0.0	0.000824143	3.40571e-05	0.0	0.0	0.000358548	3.35639e-05	5.47303e-05	9.12434e-05	0.0	0.000406328	0.000187095	0.000124099	0.0	8.11527e-06	0.000114928	0.000132234	0.000298726	0.00144396	0.0	0.000816571
HEME-BIOSYNTHESIS-II: heme b biosynthesis I (aerobic)	0.000408726	0.00023411	0.000223211	0.000222945	0.000382232	0.000171517	0.00194565	0.000302602	0.000424424	0.00029093	0.000114505	0.0012774799999999	0.000463362	1.43272e-05	6.01365e-05	0.000134653	0.000149078	0.00159504	0.00116296	0.0	0.000506507	0.000238204	0.00131365	8.92263e-05	0.0	0.00113105	0.00113871	0.00159176	0.000893671	0.00189421	0.000139598	6.49741e-05	7.53426e-05	0.000138837	0.000135811	0.00128048	0.0	8.85329e-05	0.000825984	0.00027554	0.000441426	7.88757e-05	0.000487063	8.16584e-05	7.43959e-05	0.000222293	0.000101823	0.000959778	0.000213417	0.000477608	0.000176533	9.44668e-05	0.000138483	0.000195157	0.000216379	0.000335417	0.000164412	0.000144459	0.000116963	8.45436e-05	0.000454977	5.83693e-05	9.8157e-05	0.000544357	0.000212015	0.000187111	0.000234045	0.000213354	0.000393961	0.00171972	0.000795082	0.0002099	0.000199032	0.0	0.00022902	0.000298487	3.10041e-05	0.000164578	0.000340872	0.00023872	0.0004951	0.000220348	0.000304095	9.92857e-05	3.0382e-05	0.00011001	0.000407348	0.000289438	0.00011511	0.000506585	0.000335197	0.00267172	0.000250327	0.0	0.000396603	0.000220721	0.000162326	0.00143335	0.000314376	0.000267417	0.000166343	4.82309e-05	0.000273821	0.000131198	0.000824143	0.00015987	0.000160561	0.000446825	0.000358548	0.000485383	8.70703e-05	0.000171255	0.000101379	0.000329241	0.000489746	0.00015931	0.000139095	0.000218705	0.000218448	0.000267856	0.000301179	0.00144396	0.000224868	0.000780885
HEMESYN2-PWY: heme b biosynthesis II (oxygen-independent)	0.000510884	0.000452922	0.00067019	0.000293116	0.000737707	0.000173639	0.00285822	0.000303196	0.000680904	0.000308605	0.000130271	0.00141957	0.00054561	0.00027253	0.000339971	0.000148667	0.00022118	0.00176738	0.00132898	0.000326425	0.000471986	0.000309925	0.00142791	0.000303339	0.0	0.00121417	0.00123347	0.00158292	0.000990313	0.00296256	0.000584591	7.77433e-05	8.4505e-05	0.000172986	0.000211261	0.00135035	4.93786e-05	9.86153e-05	0.000891677	0.000537609	0.000515563	7.78905e-05	0.000435717	0.000108881	7.8311e-05	0.000312194	0.000477253	0.00108874	0.000291855	0.000527161	0.000213139	0.000114702	0.000274884	0.000552718	0.000361241	0.000372931	0.000212064	0.00033606	0.000197211	8.79034e-05	0.000704296	0.000255392	0.000563123	0.00131518	0.000400963	0.000893616	0.000188037	0.000283627	0.000490992	0.00187563	0.00101823	0.000268314	0.000285846	0.000225336	0.000383155	0.000732014	0.000134036	0.000224079	0.000364318	0.000414178	0.00049707	0.000469923	0.000454178	0.000325797	3.11276e-05	0.000261388	0.000675406	0.000491668	0.000175932	0.000661239	0.000369521	0.0033001	0.000272908	0.0	0.000517188	0.000386	0.000209888	0.00181207	0.000340326	0.000353226	0.000607042	5.08909e-05	0.000334905	0.000134759	0.00103543	0.000377102	0.000192749	0.000565805	0.000529168	0.000650319	9.25454e-05	0.000211319	0.000128697	0.000589214	0.000708362	0.000171173	0.000157667	0.000392658	0.000623888	0.00132292	0.000479766	0.00152139	0.000273879	0.000923261
HEXITOLDEGSUPER-PWY: superpathway of hexitol degradation (bacteria)	0.0	0.0	0.000162012	0.000263475	0.0	0.000164232	0.00302081	0.0	8.41119e-05	0.000415932	0.0	0.00225787	0.000883937	0.0	0.000127382	0.0	0.0	0.00207673	0.000924225	0.0	0.000581288	0.000724097	0.00208457	0.0	0.000140304	0.0024353	0.00265351	0.00244479	0.00172963	0.0	0.0	0.0	0.000923606	0.0	5.66807e-05	0.00255857	0.0	0.0	0.00183293	0.000368702	0.000365478	0.0	0.000149246	8.12349e-05	0.000197951	9.87581e-05	0.0	0.00182243	7.32374e-05	0.00105935	0.0	0.000181067	0.000168384	0.000231249	0.0	0.0	0.0	0.000724869	0.000326715	0.000221158	0.0	0.0	0.0	0.000842051	0.0	0.000347657	0.000574541	0.0	0.0	0.0018498	0.00146223	0.0	9.16257e-05	0.000237299	6.13083e-05	0.000794118	0.0	0.0	0.000572713	0.000661036	0.000102401	0.0	6.6031e-05	0.0	0.0	0.000252897	9.08469e-05	0.000199858	0.000161529	0.0	0.000607065	0.00301092	9.08079e-05	0.0	0.0	0.000100649	0.0	0.0016994	0.000372792	0.000845927	0.000293507	0.0	0.00086177	0.0	0.000304667	0.0	0.0	0.00110714	0.000750549	0.0	0.000120833	0.000161794	0.0	0.000643568	0.0	0.000552331	0.0	8.37063e-05	0.000262628	0.0	0.000732773	0.00167737	0.0	0.000621953
HISDEG-PWY: L-histidine degradation I	0.0046485	0.00504143	0.00198452	0.00639966	0.00420433	0.0041975	0.00146272	0.00457271	0.00598374	0.00596619	0.00715522	0.00100916	0.00539162	0.00329694	0.00431428	0.00434251	0.00332606	0.00078124	0.00600145	0.00525233	0.00489587	0.0049149	0.00318678	0.00315351	0.00636043	0.00192565	0.00191653	0.00227448	0.00540657	0.00229213	0.00259644	0.00310752	0.00416013	0.00335777	0.00184975	0.00315941	0.00408771	0.00172924	0.00101277	0.00442076	0.00431408	0.00355369	0.00632494	0.00134421	0.00426047	0.00456174	0.00515532	0.00281234	0.00370782	0.00306744	0.00454954	0.00423845	0.00332886	0.00468539	0.00363381	0.00584518	0.00492695	0.00343193	0.00592098	0.00391386	0.00372024	0.0051816	0.00556747	0.00300758	0.0024889	0.00443151	0.00544493	0.00532955	0.00552206	0.00364305	0.00347049	0.00325468	0.00618536	0.00333754	0.00238215	0.00233634	0.00356839	0.00283387	0.00339723	0.00629369	0.00887268	0.00406661	0.00361188	0.00171328	0.00429168	0.00412561	0.00291447	0.00185315	0.00235096	0.00536325	0.00118642	0.00129887	0.00635266	0.00520305	0.00473066	0.00489116	0.00426748	0.00290566	0.00426489	0.0065199	0.00179416	0.00890116	0.00580934	0.00188644	0.00200778	0.00146704	0.00681025	0.00603648	0.00402094	0.00427955	0.0084876	0.00347255	0.00502402	0.00262102	0.00499771	0.00192147	0.00294453	0.00315094	0.00396449	0.00342108	0.005457	0.00430635	0.00562497	0.00412643
HISTSYN-PWY: L-histidine biosynthesis	0.0101067	0.00727812	0.00941638	0.00950475	0.00874123	0.0104291	0.00352419	0.00945449	0.00887111	0.00834979	0.00873929	0.00648506	0.00903662	0.00883896	0.00936401	0.00859137	0.0106628	0.0050201	0.00763451	0.0107801	0.00777088	0.00856169	0.00502135	0.00954286	0.00864249	0.00677692	0.00528743	0.0058438	0.00764653	0.00439575	0.00888662	0.00777312	0.00818187	0.00962235	0.0101225	0.00551096	0.00955476	0.0106021	0.00671589	0.00721076	0.00827477	0.00911378	0.00936221	0.00870407	0.0073133	0.00819854	0.00951718	0.00555699	0.00924466	0.00643824	0.0091744	0.00922009	0.00968721	0.00872048	0.00861973	0.00846741	0.00777437	0.00870306	0.00884493	0.00874321	0.00850057	0.00857648	0.00962746	0.00730781	0.0082007	0.00825663	0.00713259	0.0100932	0.00855135	0.00523829	0.00560077	0.0079201	0.00942594	0.00869304	0.00898292	0.00780334	0.00920839	0.00813803	0.00762185	0.00650943	0.00950241	0.00947867	0.00810151	0.00860492	0.00835066	0.00909286	0.0087532	0.00891903	0.00926947	0.00853138	0.00975171	0.0039656	0.00835021	0.00820245	0.00705336	0.0101976	0.00872912	0.00550047	0.00775355	0.00974674	0.00856741	0.00833955	0.00895104	0.00997042	0.00637064	0.0101883	0.00803083	0.00858981	0.00783953	0.00841697	0.00984883	0.00879671	0.00846404	0.0061963	0.00860752	0.00833444	0.00948564	0.0103568	0.00805658	0.00741104	0.00804664	0.00516398	0.00956838	0.00653395
HOMOSER-METSYN-PWY: L-methionine biosynthesis I	3.24749e-05	0.0	0.000240476	0.000172091	0.0	3.89463e-05	0.00245509	0.0	9.50279e-05	0.000167697	0.0	0.00191825	0.000913644	0.0	5.979e-05	0.0	7.60269e-05	0.00187202	0.000423622	0.000313428	0.000510447	0.000394792	0.00194259	0.0	0.0	0.00202776	0.00190852	0.0011238	0.001224	0.0029812	7.72919e-05	3.71766e-05	0.0	0.0	0.0	0.00208291	0.000117725	8.00639e-05	0.00117573	0.000184523	0.000362225	0.0	0.0	3.7492e-05	0.0	0.000184309	0.0	0.00104135	0.000154934	0.000903914	0.000147627	1.2762e-05	0.0	0.000103913	4.10172e-05	0.0	3.18921e-05	4.0551e-05	0.0	6.851e-05	0.000188367	9.11144e-05	4.7224e-05	0.000843315	0.000134275	0.000292176	0.000329038	3.36467e-05	0.000128826	0.00189021	0.000891363	5.82997e-05	3.73929e-05	9.27728e-05	2.82584e-05	0.000451662	7.13244e-05	4.57576e-05	0.000700084	0.00037557	0.0	3.17809e-05	0.000171201	9.91469e-05	0.0	0.000111367	7.79738e-05	0.000163597	0.0	0.000317848	0.000705028	0.00277548	0.000266401	0.0	0.000350347	0.000145912	4.99331e-05	0.00112986	0.000135527	0.000391561	0.000240566	0.0	0.000444597	0.0	0.000967132	5.09252e-05	3.4857e-05	1.81428e-05	0.000515486	0.000458152	2.33055e-05	8.99302e-05	0.0	0.000671333	0.00038868	0.000196637	0.0	2.76055e-05	0.000157417	0.000332455	0.000405325	0.00168865	0.0	0.000821387
HSERMETANA-PWY: L-methionine biosynthesis III	0.00547736	0.00480958	0.00622911	0.00422356	0.00423916	0.00643352	0.00290419	0.00555142	0.00394451	0.00576607	0.0047048	0.00497845	0.00430566	0.00351145	0.00577017	0.00517701	0.00445704	0.00469536	0.00383565	0.00596325	0.00948809	0.00422631	0.00413091	0.00278293	0.00516426	0.00435685	0.0038264	0.0031858	0.00462008	0.00390352	0.00518305	0.00439534	0.00492046	0.00541042	0.00306489	0.00385481	0.00609253	0.00346911	0.00340546	0.00566645	0.00424639	0.0057725	0.00615249	0.00768048	0.00510363	0.00458837	0.00660963	0.00467246	0.00440319	0.00525253	0.00444338	0.00488003	0.00557137	0.00454378	0.00494856	0.00470283	0.00653758	0.00611501	0.00607972	0.00623821	0.00471651	0.00477827	0.0026797	0.00465937	0.00608218	0.00278848	0.00514224	0.00452248	0.00519178	0.00432913	0.00338321	0.00602782	0.00332135	0.00502007	0.00535468	0.00495549	0.00426379	0.00367238	0.00542374	0.00582433	0.00283787	0.00506272	0.00331151	0.00346809	0.00414529	0.00479153	0.00592275	0.00303073	0.00449611	0.00505149	0.00477436	0.0037377	0.0030134	0.00376104	0.00414987	0.00562658	0.00652473	0.0043169	0.00593629	0.00628685	0.00265483	0.005164	0.00364644	0.00242778	0.00406603	0.00241076	0.00425789	0.00504257	0.00623694	0.00499959	0.00320119	0.00609017	0.00557065	0.00383405	0.00296558	0.00445362	0.00464895	0.00621776	0.00577443	0.00486183	0.00323255	0.00356566	0.00632762	0.00395964
ILEUSYN-PWY: L-isoleucine biosynthesis I (from threonine)	0.0103324	0.00760898	0.0140113	0.0090329	0.00952082	0.0112283	0.00623034	0.0106107	0.0094131	0.00919536	0.00745605	0.0096481	0.00828682	0.0124357	0.0104977	0.0108902	0.0138586	0.00862988	0.00835404	0.0109666	0.0104456	0.00987445	0.00832035	0.013038	0.00867165	0.0110855	0.00941755	0.0076294	0.00743729	0.00621574	0.00888658	0.0129358	0.0092641	0.00942259	0.0174523	0.00718077	0.00977526	0.0191227	0.0123446	0.00756325	0.00906731	0.0102565	0.00880715	0.0109624	0.00889774	0.00997948	0.0140823	0.00786379	0.00988987	0.00712489	0.00783148	0.00990759	0.0102733	0.00966246	0.00972323	0.00945235	0.0101472	0.0100579	0.00907843	0.0105556	0.00924486	0.00861119	0.00892448	0.00920505	0.00787591	0.00942515	0.00880743	0.00952792	0.00978982	0.00671783	0.00753653	0.0100553	0.00978313	0.00951499	0.00955777	0.00842609	0.00974378	0.0128166	0.00863783	0.00909839	0.0111644	0.0101992	0.012738	0.0150228	0.0100434	0.0130416	0.00954583	0.0122337	0.0143589	0.00828962	0.00847971	0.00773636	0.00826806	0.00846666	0.00899216	0.00956601	0.0107393	0.00753487	0.00899146	0.00818482	0.0125419	0.00845146	0.00911116	0.0166461	0.0124385	0.0180618	0.00924632	0.00705884	0.00908496	0.00967142	0.0101905	0.00835146	0.00912879	0.0117097	0.0101371	0.0123979	0.0138508	0.00987955	0.00860392	0.00903961	0.00840041	0.00568085	0.00896733	0.00768575
KDO-NAGLIPASYN-PWY: superpathway of (Kdo)2-lipid A biosynthesis	0.0	0.0	3.90783e-05	5.84928e-05	0.0	0.0	0.00102663	0.0	0.0	9.40302e-05	0.0	0.000409269	0.000161351	0.0	0.0	0.0	0.0	0.000287597	9.598e-05	0.0	0.00011425	7.11469e-05	0.000618237	0.0	0.0	0.00052169	0.000566692	0.000378268	0.000335598	0.000649098	3.26279e-05	0.0	0.0	0.0	0.0	0.000489192	0.0	0.0	0.000234766	1.44774e-05	7.94675e-05	0.0	0.0	0.0	0.0	0.0	0.0	0.000443467	5.86202e-05	0.000257481	0.0	0.0	0.0	0.0	0.0	0.0	0.0	0.0	0.0	0.0	8.18735e-05	0.0	0.0	0.000158026	5.18341e-05	3.17403e-05	8.91321e-05	0.0	6.90085e-05	0.000489109	0.000255246	0.0	3.50452e-05	0.0	0.0	0.000105085	0.0	0.0	0.000111278	0.000120955	0.0	0.0	0.0	0.0	0.0	3.65044e-05	0.0	7.88791e-05	0.0	0.0	5.47339e-05	0.000341703	4.49464e-05	0.0	0.00010417	0.0	0.0	0.000567188	3.36568e-05	9.4712e-05	6.49165e-05	0.0	0.000155887	0.0	0.000371299	0.0	0.0	0.0	0.000112374	0.0	1.87163e-05	0.0	0.0	0.000198093	0.0	0.0	0.0	0.0	0.0	0.0	0.000144157	0.000547788	0.0	0.000418388
KETOGLUCONMET-PWY: ketogluconate metabolism	0.0	0.0	3.86036e-05	6.72408e-05	0.0	0.0	0.000838318	0.0	3.63692e-05	0.000351406	0.0	0.00134265	0.000278966	0.0	0.0	0.0	0.0	0.00191846	0.000145437	0.0	0.00017356	0.000215206	0.000439917	0.0	0.0	0.00146873	0.0017291	0.00198779	0.0013224	0.000647025	0.000220717	0.0	0.0	0.0	0.0	0.00172077	0.0	0.0	0.00124168	0.000158025	0.000264501	0.0	1.71886e-05	7.32453e-06	7.03888e-05	0.0	0.0	0.000577737	2.31975e-05	0.00107641	0.0	3.32167e-05	0.0	0.000100157	0.0	0.0	0.0	0.000306534	0.0	0.000113683	3.91784e-05	2.83763e-05	0.000102405	0.000576631	0.000108641	5.21798e-05	0.000436098	0.0	7.67739e-05	0.00122072	0.000977639	0.0	0.000165812	0.0	2.69062e-05	0.000153873	0.0	4.09753e-05	0.000577694	0.000332314	1.05971e-05	0.0	0.0	2.38063e-05	0.0	0.00019372	0.0	0.000130305	0.0	0.0	0.000537856	0.000831438	4.23543e-05	0.0	8.95036e-05	0.0	0.0	0.000386282	0.000140115	5.78117e-05	2.39451e-05	0.0	0.000437101	0.0	0.000404948	0.0	0.0	0.0	0.00015416	0.0	0.000142107	2.88126e-05	1.96085e-05	3.73039e-05	0.000126909	0.000170148	0.0	4.67281e-06	9.05361e-05	0.0	0.000558426	0.00181566	0.0	0.00070424
LACTOSECAT-PWY: lactose and galactose degradation I	0.00062787	0.000624323	0.000357708	0.000262029	0.00100435	0.0	0.00101917	0.000127302	0.000720421	0.000500612	0.0	0.000552384	0.00110678	0.000545846	0.00156502	0.000914056	0.000152301	4.34258e-05	0.000454419	0.00140528	4.03699e-05	0.000457052	0.000446809	0.000177426	0.000205267	0.000700208	0.000213919	0.000532608	0.00103103	0.000224303	0.000647385	0.000203693	0.00129851	0.000303108	0.000361221	0.000294482	0.000590618	0.000348258	0.00043358	0.000432747	0.000323723	0.000439135	0.000352406	0.001038	0.00219833	0.000531737	8.03709e-05	0.000403567	0.000164105	0.00065097	0.0	0.000326007	0.000607889	0.00114976	0.000558085	0.000296658	0.000387809	0.00112017	0.000465368	0.000565536	0.000439701	0.000658124	0.000404401	0.000975379	0.00047915	0.000117305	0.0011609	0.00125301	0.00118302	0.00127456	0.000332864	0.000724449	0.000523536	0.00224315	0.0010067	0.00186011	0.000474044	0.00155677	0.000584533	0.000515535	0.0	0.000758214	0.000845366	0.00158481	0.000481096	0.000245363	0.00182615	0.00153218	0.000631614	0.000539002	0.000333359	0.00129015	0.00018168	0.000224316	0.00104201	0.000311945	0.000748375	0.000114298	0.00138912	0.000613833	0.00145444	6.12009e-05	0.000358033	0.000475192	0.000520315	0.000207315	0.00055613	0.00095384	0.000193251	0.00113054	0.000226357	0.00185878	0.000730537	0.000291226	0.000872019	0.00105113	0.000552337	0.00154859	0.0017533	0.000957899	0.00116912	0.000175726	0.000426383	4.7203e-05
LIPASYN-PWY: phospholipases	0.0	0.0	0.0	0.000106329	0.0	0.0	0.0	0.0	1.45203e-05	0.0	0.0	0.000702101	0.000320376	0.0	6.0409e-05	0.0	0.0	0.000940566	0.0	0.0	0.000213963	0.0	0.00148602	0.0	0.0	0.0	0.0	0.0	0.000504412	0.0	0.000179774	0.0	0.0	0.0	0.0	0.0	0.0	0.0	0.0	0.0	0.000210321	0.0	0.0	5.42965e-05	0.0	0.0	0.0	0.0	0.0	0.000386692	0.0	1.6018100000000002e-05	0.0	0.0	0.0	0.0	0.0	0.0	0.0	0.0	0.0	0.0	0.0	0.0	0.000135519	0.0	0.0	0.0	0.0	0.00193477	0.0	0.0	0.0	0.0	0.0	0.000146502	0.0	4.64988e-05	0.0	0.0	0.0	0.0	0.0	0.0	0.0	0.0	0.0	0.0	0.0	0.0	0.000180801	0.0	0.0	0.0	0.000220943	0.0	0.0	0.0	0.000521388	0.0	0.0	0.0	0.000253116	1.55286e-05	0.0012108	0.0	0.0	0.0	0.0	0.0	0.0	0.0	0.0	0.000902379	0.000140123	0.0	0.0	0.0	0.000143985	0.0	0.000656676	0.000991915	0.0	0.0
LPSSYN-PWY: superpathway of lipopolysaccharide biosynthesis	0.0	0.0	0.0	1.41169e-05	0.0	0.0	0.0	0.0	0.0	0.000160867	0.0	0.0	0.0	0.0	0.0	0.0	0.0	0.000496624	0.000159611	0.0	0.000199503	0.0	0.0	0.0	0.0	7.81347e-05	0.0	0.000597549	0.0	0.00119917	0.0	0.0	0.0	0.0	0.0	0.0	0.0	0.0	0.0	4.90475e-05	0.0	0.0	0.0	0.0	0.0	0.0	0.0	0.0	0.0	0.0	0.0	0.0	0.0	0.0	0.0	0.0	0.0	0.0	0.0	0.0	0.0	0.0	0.0	1.68311e-05	0.0	0.0	0.0	0.0	0.0	0.0	0.0	0.0	4.66041e-05	0.0	0.0	0.0	0.0	0.0	0.000226409	0.0	0.0	0.0	0.0	0.0	0.0	0.0	0.0	0.000127506	0.0	0.0	0.000103593	0.000719972	9.30139e-05	0.0	0.0	0.0	0.0	0.000262126	7.53086e-05	6.26172e-05	9.71711e-05	0.0	0.000237168	0.0	0.0	0.0	0.0	0.0	9.20657e-05	0.0	0.0	0.0	0.0	0.000190595	0.0	0.0	0.0	0.0	0.0	0.0	0.000129885	0.000673159	0.0	0.0
MET-SAM-PWY: superpathway of S-adenosyl-L-methionine biosynthesis	6.44064e-05	0.0	0.000467245	0.00033	0.0	7.7369e-05	0.00342186	0.0	0.000187182	0.000327497	0.0	0.00305069	0.00158604	0.0	0.000118703	0.0	0.000150188	0.00297712	0.000782501	0.000597826	0.000964739	0.000733653	0.0030103	0.0	0.0	0.00310552	0.00292969	0.00188066	0.00208493	0.00425455	0.000152879	7.39681e-05	0.0	0.0	0.0	0.00309599	0.000229099	0.000157942	0.00194177	0.000359667	0.000687504	0.0	0.0	7.46073e-05	0.0	0.000359039	0.0	0.00181692	0.000301645	0.00160358	0.000287917	2.54738e-05	0.0	0.000204231	8.16973e-05	0.0	6.35021e-05	8.07222e-05	0.0	0.000135688	0.000367142	0.000179178	9.31821e-05	0.00150562	0.00026428	0.000552593	0.00062724	6.669e-05	0.000253251	0.00277823	0.00154543	0.000115537	7.43051e-05	0.000182986	5.636e-05	0.000860132	0.000141444	9.07601e-05	0.0012917	0.000681929	0.0	6.33002e-05	0.000332648	0.000194935	0.0	0.000218842	0.000154498	0.000314883	0.0	0.000609069	0.00126992	0.00379763	0.000505098	0.0	0.000669898	0.000286382	9.91621e-05	0.00197592	0.000266101	0.000737988	0.000458761	0.0	0.000814889	0.0	0.00166747	0.000100728	6.92244e-05	3.61711e-05	0.000946908	0.000858388	4.64222e-05	0.0001775	0.0	0.00121357	0.000712029	0.00038279	0.0	5.50602e-05	0.000306583	0.00063632	0.000753506	0.00253812	0.0	0.00144417
METH-ACETATE-PWY: methanogenesis from acetate	0.00110204	0.0010168	9.90602e-05	0.000716886	0.000772694	0.00032457	6.85379e-05	0.00137926	0.00102106	0.000443807	0.000510436	0.000693274	0.000343803	0.000832218	0.00126139	0.000673682	0.000527686	0.00166998	0.0	0.000996721	0.00175305	0.00109467	0.00028838	0.00068916	0.000512304	9.66769e-05	0.000574875	0.000539311	0.00049636	0.000287583	0.00100906	0.00106675	0.000969449	0.00111314	0.000279655	0.000768505	0.00184634	0.000526563	0.000266522	0.001286	0.00030567	0.000389874	0.000423616	0.00335067	0.00152745	0.000806922	0.000414534	0.000409167	0.000487335	0.001141	0.00113449	0.00153951	0.00129295	0.00130158	0.000913792	0.0003985	0.00140786	0.000780068	0.00132612	0.000949053	0.000867274	0.000960552	0.00157728	0.00108119	0.00109743	0.00167046	0.000500476	0.000746028	0.000993484	0.0	0.000402777	0.00220622	0.00100007	0.00180673	0.00113054	0.00103126	0.00126507	0.00112518	0.00138669	0.00074893	9.16066e-05	0.00141504	0.00106789	0.00108641	0.00109343	0.00114958	0.00202327	0.00103077	0.00134985	0.0018326	0.00243651	0.000636955	0.00148775	0.000444298	0.000920209	0.000985818	0.000828575	0.0	0.000470054	0.00136086	0.00100563	0.00035913	0.000359349	0.00126517	0.000137553	0.000358691	0.000545599	0.00079082	0.000611331	0.00140952	0.000537961	0.00102866	0.00131669	0.000370105	0.000272148	0.00123498	0.000649876	0.000991213	0.00117337	0.000903668	0.000632887	1.77919e-05	0.000719594	9.02236e-05
METHANOGENESIS-PWY: methanogenesis from H2 and CO2	0.0	0.000169026	0.0	0.0	0.0	0.0	0.0	0.0	0.0	0.0	0.000141212	1.80051e-05	0.0	0.0	0.0	5.34825e-05	0.0	0.0	0.0	0.0	0.0	0.0	0.0	0.0	0.0	0.0	0.0	0.0	0.0	0.0	0.0	4.8068e-05	9.84634e-05	0.0	0.0	0.0	8.9e-05	0.0	0.0	0.0	0.0	0.0	0.0	0.0	0.000168082	0.0	0.0	0.0	0.0	0.0	0.0	0.0	0.0	0.0	0.0	0.0	0.0	0.0	0.0	0.0	0.0	0.0	0.0	0.0	0.0	0.0	4.42942e-05	1.92127e-05	0.0	0.0	0.0	0.0	0.0	0.0	0.0	0.0	0.0	0.0	0.0	0.0	0.0	0.0	0.0	0.0	0.0	0.0	0.0	0.0	0.0	0.0	0.0	0.0	0.0	0.0	0.0	0.0	0.0	0.0	0.000151661	8.54904e-05	0.0	1.52296e-05	0.0	0.0	0.0	0.0	8.51432e-06	0.0	0.0	0.0	0.0	0.0	0.0	0.0	0.0	0.0	0.0	0.0	0.0	0.0	0.0	0.0	0.0	0.0
METHGLYUT-PWY: superpathway of methylglyoxal degradation	0.0	0.000116755	9.21575e-05	0.000455833	0.000170386	6.65487e-05	0.00055019	8.62742e-05	7.52381e-05	0.000523258	0.0	0.000462362	0.00013553	0.0	0.000160215	0.0	9.00439e-05	0.000426898	0.000316212	2.28112e-05	0.000381892	6.50684e-05	0.000371331	5.37942e-05	0.0	0.000368506	0.000436395	0.000496287	0.000240021	0.00024916	4.42121e-05	3.18694e-05	0.000120106	0.0	1.83942e-05	0.000744495	0.0	0.0	0.000685615	0.000332439	0.000167061	0.0	0.000174396	0.0	3.70048e-05	0.0	0.0	0.000300915	7.57341e-06	0.000398191	9.6934e-05	2.10968e-05	0.000120279	0.0	0.000111296	5.2946e-05	0.000153602	6.16031e-05	0.000164302	0.0	0.000203041	0.000144899	9.90751e-05	0.000350947	5.10637e-05	0.000152931	0.000303429	1.45064e-05	9.95486e-05	0.000535252	0.000533548	2.98488e-05	5.66037e-06	9.63814e-05	3.43479e-05	0.000123869	7.97683e-05	0.0	0.000142798	0.000533599	0.0	0.000194075	0.000109252	5.96505e-05	3.88175e-05	3.32389e-05	9.00704e-05	2.65855e-05	4.0095e-05	0.000151771	6.63089e-05	0.000621374	0.000107479	0.0	0.000245178	0.000181274	7.95379e-05	0.000423293	1.99809e-05	1.63573e-05	0.000113027	9.19382e-05	8.05233e-05	0.0	0.000473723	7.37605e-05	2.25702e-05	0.000435079	0.000277296	0.000248181	1.90661e-05	0.0	4.12061e-05	0.00027287	0.000185024	6.02625e-05	0.0	0.000110576	6.75845e-05	0.000363271	0.000411043	0.000563956	0.000864392	0.000395382
METSYN-PWY: superpathway of L-homoserine and L-methionine biosynthesis	5.66861e-05	0.0	0.000412116	0.000296478	0.0	6.80027e-05	0.00340376	0.0	0.000165126	0.000289517	0.0	0.00284381	0.00148654	0.0	0.00010418	0.0	0.000132298	0.00275465	0.000707977	0.000535393	0.000861238	0.000669742	0.00284417	0.0	0.0	0.00295808	0.00280937	0.00177775	0.00194219	0.00414176	0.000134478	6.48969e-05	0.0	0.0	0.0	0.00299576	0.000204562	0.000139189	0.0018522	0.000317989	0.000615808	0.0	0.0	6.54168e-05	0.0	0.000317595	0.0	0.00165814	0.00026782	0.00145531	0.000255314	2.23106e-05	0.0	0.000180382	7.16168e-05	0.0	5.56923e-05	7.07586e-05	0.0	0.000119262	0.000324725	0.000158276	8.23116e-05	0.0013736	0.00023231	0.000498423	0.000562343	5.87075e-05	0.000223194	0.0026607	0.00143913	0.000101568	6.52509e-05	0.000161179	4.93636e-05	0.000766717	0.000124245	7.97985e-05	0.00116238	0.000637894	0.0	5.54844e-05	0.000295672	0.000172088	0.0	0.000193133	0.000135589	0.000282574	0.0	0.000542114	0.00117323	0.00370207	0.000455399	0.0	0.000599454	0.00025263	8.70647e-05	0.00179494	0.00023493	0.00066867	0.00041334	0.0	0.000746034	0.0	0.00154455	8.87183e-05	6.08483e-05	3.17016e-05	0.000868084	0.000765502	4.07144e-05	0.000156317	0.0	0.00111592	0.00065896	0.000339269	0.0	4.82178e-05	0.000272015	0.000565604	0.000684667	0.00249747	0.0	0.00133499
NAD-BIOSYNTHESIS-II: NAD salvage pathway III (to nicotinamide riboside)	0.0	0.000164322	0.0003424	4.31606e-05	0.000105927	4.74005e-05	0.000645444	5.96535e-05	1.42787e-06	7.49803e-05	0.000171139	0.000421871	9.54052e-05	0.0	4.66987e-05	0.0	0.000105133	0.000251301	0.000391329	0.0	6.86683e-05	6.73401e-05	0.000215718	0.0	0.0	0.000340154	0.000346559	0.000318687	0.000218696	0.000527485	4.79346e-05	8.52376e-05	9.52025e-05	0.0	3.42983e-05	0.000343632	7.17843e-05	0.0	8.23091e-05	0.000156844	7.42669e-05	0.0	2.70627e-05	0.0	0.000251043	8.70835e-05	0.0	0.000267545	9.73878e-05	0.000588973	5.94264e-05	0.0	0.0	2.25523e-05	0.0	0.0	0.0	0.0	0.0	5.04806e-05	0.000382082	0.000126782	0.0	0.000472356	0.00011502	6.96015e-06	0.0002907	1.91493e-05	7.21243e-05	0.000625666	0.000125469	0.0	2.46513e-05	0.000261196	0.0	0.000139583	0.0	0.0	0.000178695	7.29909e-05	1.88254e-05	0.0	6.15043e-05	0.000157545	0.0	1.47874e-05	0.000296016	0.000127829	0.0	2.82375e-05	3.06777e-05	0.000265864	4.34435e-05	0.0	0.00029996	0.0	1.60014e-05	0.000350951	0.000226146	0.000221016	8.37331e-05	2.79258e-05	0.000159135	0.0	0.000279562	3.86216e-05	2.95755e-05	0.0	0.000159257	0.000484286	1.76921e-05	0.0	0.0	0.000242705	8.62063e-05	0.0	0.0	0.0	8.87657e-05	0.000448889	0.000126935	0.000831808	0.0	0.000149446
NAGLIPASYN-PWY: lipid IVA biosynthesis (E. coli)	0.00356237	0.00213738	0.00097619	0.00475149	0.00222523	0.0	0.00403326	0.0013541	0.00303619	0.00179549	0.000855491	0.00207882	0.00194925	0.000809781	0.00178269	0.00107381	0.000178714	0.00176272	0.0016764	0.00498529	0.000911738	0.00158233	0.00298293	0.00154431	0.002311	0.00232205	0.00260541	0.00319159	0.003478	0.00346817	0.00174573	0.00108539	0.00137582	0.000705826	0.000802894	0.00321599	0.00033965	0.0007023	0.00323482	0.00178138	0.00251762	0.000964992	0.00134233	0.00130273	0.00203169	0.0020347	0.00100082	0.0030772	0.00262084	0.00229564	0.00342853	0.00350139	0.0025855	0.00229155	0.00169022	0.00094714	0.00136061	0.00125689	0.00146179	0.00242316	0.00308531	0.00227997	0.00237656	0.00185836	0.00105506	0.00350245	0.000584411	0.00445216	0.00275289	0.0039548	0.00164578	0.00137097	0.00373233	0.00174576	0.00129435	0.0013868	0.0012709	0.00087234	0.000956614	0.00322772	0.0011202	0.0032635	0.00137184	0.00056983	0.00238429	0.00261422	0.00261934	0.00116845	0.000828008	0.00205022	0.00138195	0.00324029	0.00354186	0.0013975	0.000915402	0.00473222	0.00129452	0.00271572	0.00118439	0.00128765	0.000873768	0.00328817	0.0046055	0.000614099	0.00210973	0.00078608	0.00205587	0.00323485	0.00137969	0.0041659	0.00441061	0.00183684	0.00163259	0.00126738	0.00294664	0.00086929	0.00172399	0.000551084	0.00158683	0.00217262	0.00238712	0.00281227	0.00356932	0.00196017
NONMEVIPP-PWY: methylerythritol phosphate pathway I	0.0110698	0.0118338	0.0124273	0.0109001	0.0101081	0.0136024	0.00432899	0.0118497	0.0112634	0.00957377	0.0161326	0.00694786	0.0104925	0.011898	0.0109467	0.0123445	0.0132498	0.00710135	0.00810709	0.0110753	0.00890357	0.0101509	0.00664995	0.0104241	0.0115426	0.00702288	0.00693462	0.00727349	0.00854587	0.00607817	0.0103799	0.0124559	0.0135316	0.0120977	0.0122602	0.00673503	0.0157047	0.0123988	0.00807051	0.0101701	0.010047	0.0132923	0.0108897	0.0121444	0.0117981	0.0109161	0.012626	0.00757086	0.0108074	0.00884894	0.0102427	0.0106872	0.0114771	0.0105232	0.0138024	0.0118883	0.0124028	0.0111626	0.0106405	0.010714	0.00986916	0.0101508	0.00989857	0.00822026	0.0102918	0.00972383	0.010945	0.011019	0.0113365	0.00527281	0.00654735	0.0111387	0.0104764	0.00960972	0.0123823	0.0092176	0.013283	0.0109724	0.00994233	0.0103739	0.0137452	0.0113889	0.0120215	0.0102345	0.0120017	0.0109718	0.0100611	0.00969483	0.011056	0.00935993	0.0113366	0.00471762	0.0101195	0.0154294	0.0112311	0.0112698	0.0116172	0.00723308	0.0112388	0.0130076	0.00988412	0.0128249	0.00978687	0.0111804	0.00798073	0.0115532	0.0157118	0.00969539	0.00979195	0.00792506	0.0109318	0.0118251	0.0138472	0.0120338	0.011074	0.0105682	0.0114693	0.0107421	0.0102841	0.00929647	0.00924731	0.00601683	0.0111933	0.00883912
NONOXIPENT-PWY: pentose phosphate pathway (non-oxidative branch) I	0.00458956	0.00362299	0.00533778	0.00503724	0.00589946	0.00387092	0.0059946	0.00601357	0.0049648	0.00452904	0.00567879	0.00657833	0.00509126	0.00803623	0.00546293	0.00649553	0.00559153	0.00960474	0.00541206	0.00403877	0.00881337	0.004787	0.00697381	0.0054606	0.00437567	0.00671023	0.00644416	0.0056023	0.00477805	0.00745438	0.00483371	0.00606334	0.00448221	0.00455225	0.00795645	0.00510534	0.00729942	0.00853724	0.00648959	0.00545808	0.00496897	0.00500876	0.00752201	0.00881705	0.00570972	0.00581234	0.00654256	0.00624653	0.0050687	0.00619138	0.0049176	0.00380654	0.00623844	0.00570257	0.00379802	0.00567685	0.00612072	0.00438305	0.00557598	0.00444097	0.00383163	0.00722117	0.0054396	0.0039103	0.00534789	0.00765498	0.00710856	0.00467675	0.0049961	0.00640434	0.00404615	0.00681348	0.00342383	0.00435762	0.00604734	0.00594007	0.00480372	0.00698182	0.00477913	0.00482499	0.0024381	0.00463623	0.00611888	0.00751203	0.00349464	0.00623212	0.00589876	0.00747138	0.00798918	0.00536278	0.00517914	0.00790435	0.00453438	0.00421049	0.00471039	0.00513612	0.00642969	0.00574119	0.0054163	0.00563738	0.00756639	0.00387166	0.00364852	0.00812324	0.0069517	0.00822403	0.00344117	0.00584694	0.00603371	0.00700039	0.00281359	0.00470762	0.00426535	0.00595878	0.00575779	0.0055492	0.00677459	0.00630169	0.00599469	0.00621625	0.00406302	0.00582756	0.00463463	0.00464163
OANTIGEN-PWY: O-antigen building blocks biosynthesis (E. coli)	0.00445728	0.00510236	0.00622585	0.00472269	0.0047695	0.0043695	0.00310606	0.0046968	0.0066484	0.00317043	0.00749157	0.0043748	0.00489824	0.00593051	0.00703652	0.00691014	0.00535845	0.00405294	0.00363148	0.0055124	0.00194588	0.00420748	0.0044869	0.00422928	0.00430876	0.00518615	0.00452742	0.00345826	0.00453035	0.0036607	0.00422166	0.00744515	0.0071305199999999	0.00615064	0.00488969	0.00457087	0.00794773	0.00460987	0.00405812	0.00563819	0.00389929	0.00531245	0.0063766	0.00537192	0.0071688	0.00541205	0.00520182	0.00452903	0.00503645	0.00386934	0.0038914	0.00562087	0.00286024	0.00523411	0.0082601	0.00524858	0.00490725	0.00642072	0.00255973	0.00591176	0.00553907	0.00491408	0.00323574	0.00528291	0.00520508	0.00362641	0.00580592	0.0039474	0.00679272	0.00335757	0.00586889	0.00566297	0.00340611	0.00612882	0.00772897	0.00570185	0.00538511	0.00437914	0.00529963	0.00447705	0.00304351	0.00568967	0.00455347	0.00430328	0.00642453	0.00188465	0.00485224	0.00612067	0.00413373	0.00402797	0.00509144	0.00383718	0.0020831	0.00621833	0.00495025	0.00325262	0.00734068	0.00466808	0.00668725	0.00654304	0.00597411	0.00437576	0.0034432	0.00383722	0.00465373	0.00795115	0.00464591	0.0041785	0.0041961	0.00583142	0.00319179	0.00691096	0.00740326	0.00606734	0.00552117	0.00665946	0.00463967	0.00677187	0.00558057	0.00539974	0.00366845	0.00334317	0.00424478	0.00419043
ORNARGDEG-PWY: superpathway of L-arginine and L-ornithine degradation	0.0	0.0	0.0	6.65653e-05	0.0	0.0	0.00091897	0.0	0.0	0.0	0.0	1.17684e-05	0.0	0.0	0.0	0.0	0.0	9.23349e-05	0.000157235	0.0	0.0	0.0	0.000528164	0.0	0.0	0.0	0.0	0.000487284	0.0	0.00168012	0.0	0.0	0.0	0.0	0.0	0.000558062	0.0	0.0	0.000442219	8.37403e-05	0.0	0.0	0.0	0.0	0.0	0.0	0.0	0.000559169	4.72552e-05	0.0	0.0	0.0	0.0	3.0266e-05	0.0	0.0	0.0	0.0	0.0	0.0	0.0	0.0	0.0	0.0	9.12743e-05	0.0	0.0	0.0	0.0	0.00092052	0.000386615	0.0	0.0	0.0	0.0	0.0	0.0	0.0	0.0	5.79221e-05	0.0	0.0	0.0	0.0	0.0	0.0	0.0	0.0	0.0	0.0	0.0	0.000594275	5.55417e-05	0.0	0.000250789	0.0	0.0	0.000457462	0.0	8.00849e-05	2.98283e-05	0.0	0.0	0.0	0.000417843	0.0	0.0	0.0	0.0	0.0	0.0	0.0	0.0	0.000356323	0.0	0.0	0.0	0.0	0.0	0.0	9.73881e-05	0.000346916	0.0	0.0
ORNDEG-PWY: superpathway of ornithine degradation	0.0	0.0	0.000203627	0.000221938	0.0	0.000115196	0.00304182	0.0	2.12656e-05	0.000439235	0.000163874	0.00148148	0.000578175	0.0	0.00024054	0.0	0.000147116	0.00139051	0.000683513	0.0	0.000563233	0.000195189	0.00192026	0.0	0.0	0.00167985	0.00169025	0.00113454	0.00102222	0.00564323	0.000299093	0.000171564	9.32357e-05	0.0	0.000124542	0.0013714	0.000156526	0.0	0.000918428	0.000360737	0.000225759	0.0	2.75335e-05	0.000385217	0.000130064	7.37881e-05	0.0	0.00108091	0.000170182	0.000639263	0.000198883	7.12438e-05	0.000187984	0.000151833	1.14993e-05	0.0	0.000265566	0.000246478	0.0	0.000148223	7.75627e-05	4.86552e-05	1.61039e-05	0.0005692	0.000492476	0.000227856	0.000288021	0.0	9.42989e-05	0.00221714	0.000674122	0.0	0.000136793	4.04568e-05	0.000524387	0.000492854	0.0	7.68394e-05	0.000531101	0.000296401	0.0	2.21604e-05	0.000234866	0.000229748	2.56843e-05	0.000150819	0.000355132	0.000813946	0.0	0.0	0.000252243	0.00522444	0.000295223	0.0	0.000261551	0.000300227	0.000242046	0.0010813	0.000235506	0.000308298	0.000641648	0.0	0.000324329	0.000128696	0.00119592	0.00016249	1.17782e-05	6.40008e-05	0.000399634	0.000147308	0.000217768	0.000161629	1.52869e-05	0.000693639	0.000359264	0.00030621	0.0	9.7226e-06	0.000218515	0.000129977	0.000502008	0.00112238	0.0	0.00102284
P105-PWY: TCA cycle IV (2-oxoglutarate decarboxylase)	0.0	5.40027e-05	0.000583583	0.000205509	0.0	0.000268815	0.00252424	0.000125511	4.5149e-05	0.000173724	0.00039506	0.00120713	0.000562048	0.0	0.000265588	0.0	0.0	0.000806014	0.000412316	2.8221e-05	0.000273392	0.00024914	0.00217293	0.0	0.0	0.00115618	0.00139343	0.00137347	0.000797226	0.00286399	0.000855651	0.0	0.000315636	0.000926291	7.78208e-05	0.00116492	0.000144232	0.0	0.00107483	6.46092e-05	0.00023685	0.0	4.77798e-05	4.95258e-05	0.000191571	4.87323e-05	0.0	0.00183324	0.000216869	0.00102634	0.000127472	0.000101182	6.77255e-05	0.000152219	0.000567697	0.0	0.0	0.000383055	0.0	0.0	0.000440504	0.000343585	0.0	0.000569306	0.000682977	0.000293545	0.000254035	0.0	0.000141291	0.0024781	0.00057727	0.0	6.42266e-05	0.0	2.38106e-05	0.000373552	0.0	0.000221986	0.000309782	0.000365673	7.88394e-05	0.0	4.46189e-05	0.0	0.0	5.83028e-05	6.18549e-05	0.00034922	0.0	0.0	0.000385688	0.00315315	0.000230903	0.0	0.000781587	0.000384582	0.000163543	0.00105381	0.000244483	0.000451917	0.000325416	0.0	0.000382187	0.0	0.00140638	0.0	3.42652e-05	0.0	0.000275886	0.000119342	6.1858e-05	0.000241303	0.0	0.00120606	0.000392709	0.000220937	0.0	4.81736e-05	0.000109352	0.0	0.000461508	0.00067926	0.0	0.000311354
P108-PWY: pyruvate fermentation to propanoate I	0.0	0.0	0.000307795	0.000330774	0.000457361	0.0	0.000137734	0.0	2.4145e-05	0.000372721	0.0	0.000452584	0.000626626	0.000219043	8.79306e-05	0.0	0.000214571	0.000723037	0.000569066	0.0	0.0006381	0.000186977	0.0008586	0.0	0.0	4.93406e-05	0.000607706	0.000283864	0.000383658	0.000157849	0.000193934	0.0	0.0	0.0	0.000179125	0.000596477	0.000216651	0.0	0.000373331	9.29986e-05	0.000210985	0.0	2.72869e-05	4.55711e-05	0.0	0.000283362	0.000249602	0.000581802	0.000405685	0.000438848	0.0	4.34432e-05	0.0	0.00010253	0.0	0.0	0.0	0.00030489	0.0	0.0	0.000479787	0.000221459	0.0	0.000376552	0.000110939	8.59238e-05	0.000173625	0.0	0.000228452	0.000859025	0.000185893	0.0	8.43661e-05	0.0	0.0	0.000257091	0.0	8.92639e-05	0.000509339	0.000361564	0.0	0.000114699	0.0	0.000475474	0.0	8.00749e-05	0.00088344	0.000154096	0.0	0.000103013	0.000239357	0.000450284	2.85182e-05	0.0	0.000474103	0.0	0.00105889	0.000388207	3.84754e-05	0.000268813	0.000338962	0.0	0.000201581	0.000611704	0.00053971	0.000112796	6.89841e-05	0.000217087	0.000265167	0.000167267	6.95479e-05	5.7645e-05	0.000236169	0.000285705	9.90747e-05	8.32849e-05	0.0	0.0	7.86999e-05	0.000508971	0.000411747	0.000883069	0.0	0.000451915
P122-PWY: heterolactic fermentation	0.0	0.0	0.000281296	3.6434e-05	0.000216873	0.000191745	0.00112758	0.0	4.75711e-06	4.73583e-05	0.0	0.000706838	0.000328084	0.0	9.46197e-05	0.0	0.000328222	0.000592194	0.000428062	0.0	0.000155413	0.0	0.000827451	0.0	0.0	0.000464212	0.00058063	0.00115095	0.000482852	0.00154892	0.000183907	0.0	0.0	0.0	0.000105101	0.000672055	0.0	0.0	0.000451506	0.000666436	0.000122802	0.0	0.0	8.55345e-05	0.0	9.81929e-05	0.0	0.000475301	0.000207148	0.000339317	0.000235685	1.43051e-05	0.0	0.0	0.0	0.0	0.0	5.22565e-05	0.0	0.0	0.000357583	0.00010199	0.0	0.000508956	0.000116886	3.83239e-05	7.88936e-05	0.0	8.4812e-05	0.00146775	0.00152749	0.0	2.6803e-05	0.000167035	0.0	0.000128641	0.0	4.47704e-05	0.000320509	0.000160801	0.0	0.0	7.13791e-05	0.000248403	0.0	5.77525e-05	0.000602004	2.46846e-05	0.0	6.53968e-05	0.000144439	0.000976583	0.000126226	0.0	0.000193283	0.0	0.0	0.000824494	9.50903e-05	0.000123778	0.0	0.0	0.000109347	0.0	0.000729925	0.00037902	2.19801e-05	5.72938e-05	9.75595e-05	0.000462003	3.78554e-05	0.0	0.0	0.000360687	0.0	0.000309604	0.0	0.000118871	2.83291e-05	0.000301045	0.000177944	0.000527109	0.0	0.00051466
P124-PWY: Bifidobacterium shunt	6.08207e-05	0.00174365	0.0	0.0	0.000189771	0.00108329	0.0	0.000578127	0.000766115	0.000136746	0.000315683	9.161e-05	0.000791358	0.0	0.00173497	0.000823033	0.0	0.0	0.000282307	0.00259092	5.66458e-05	0.00046314	0.0	0.000538129	0.000677225	0.000501527	0.00016967	0.000285031	0.0	0.000187382	0.000952472	0.00176807	0.000294451	0.000126582	0.000274373	0.0	0.0	0.00101151	0.000185641	0.000815684	6.32986e-05	0.000778534	0.00105861	9.54859e-05	0.000214428	0.000689417	0.0	0.000598004	0.0	0.0	0.0	0.00257362	0.00030395	0.000663747	0.0	0.000194011	0.000205996	0.00122469	0.0	0.00363038	0.00104331	8.24936e-05	7.50937e-05	7.17446e-05	0.000443506	0.0	0.00101494	0.00037297	0.000739193	0.000390208	0.0015863	0.000988099	0.000646258	0.00263083	0.00244617	0.00078152	0.0	0.00023535	0.000828551	0.0	0.000499122	0.00146768	0.0	0.000320026	0.00203154	0.0	0.00124994	0.000113812	0.0	6.54944e-05	0.00152536	0.000519843	0.0	0.000286131	0.0	0.0	0.000506436	0.000618171	0.000905318	0.00103891	6.28032e-05	0.0	0.000230086	0.000130791	3.62176e-05	0.000724975	0.00041848	0.000831181	0.000568791	0.00101017	0.000708965	0.00227174	0.0	0.00111459	0.000114763	0.00129281	0.00075363	0.00378657	0.00019793	0.000327245	0.000109922	0.000118848	0.000247263	0.0
P125-PWY: superpathway of (R,R)-butanediol biosynthesis	0.0	4.87305e-05	0.000151202	8.87872e-06	0.000328613	0.0	0.000291959	0.0	2.60986e-05	0.0	0.0	8.35756e-05	2.96359e-05	0.0	3.01955e-05	0.0	0.0	1.03823e-05	0.000165795	1.10016e-05	3.83193e-05	0.0	4.17972e-05	0.0	7.61173e-05	0.0	0.0	0.0	7.22445e-06	0.0	0.0	0.0	0.0	0.0	0.0	5.48972e-05	5.84771e-05	0.0	0.0	0.000256194	0.0	0.0	3.4541e-05	8.49016e-05	4.35939e-05	4.1979e-05	0.000198502	0.000114037	4.79354e-05	2.5495e-05	0.0	1.20659e-05	0.0	4.05891e-05	0.0	0.0	0.0	3.46348e-05	0.0	0.0	0.000115844	4.10684e-05	0.000128147	0.000351626	1.12595e-05	0.0	0.0	2.01459e-05	0.000136033	0.000191631	7.92289e-05	1.14341e-05	0.0	0.000229363	0.0	0.000105941	0.0	0.0	0.0	0.0	0.0	8.8217e-06	0.0	4.66701e-05	6.57725e-05	0.0	0.000142713	4.48305e-05	0.0	0.000626494	8.69929e-05	0.000402232	0.0	0.0	0.00012565	0.0	1.58135e-05	8.0894e-05	1.95773e-05	6.98845e-05	9.32636e-05	1.15621e-05	3.55458e-06	0.0	0.0001899	0.0	1.76964e-05	7.72919e-05	7.93445e-05	0.000957868	2.88615e-05	5.64024e-05	0.000115002	0.000105224	0.000120465	0.000252351	0.0	0.000174503	8.70014e-05	0.000276363	2.59247e-05	3.73841e-05	0.0	0.0
P161-PWY: acetylene degradation (anaerobic)	0.000144799	0.0	9.5361e-05	0.00046537	7.1009e-05	0.000114821	0.00399827	0.000846249	0.000239749	0.000572621	0.000289166	0.000689318	0.000213355	1.80927e-05	0.000215635	0.000332093	0.00021371	0.00230753	0.0005225	0.000166139	0.000694801	0.000194675	0.00263719	0.000101192	0.000185754	0.000304129	0.000334726	0.00225299	0.000402287	0.00336282	0.000119287	0.000159756	0.000299404	0.0	4.26096e-05	0.00234267	0.000115948	0.0	0.00136979	0.000346369	0.000467264	0.000656163	0.000945753	0.000231661	0.000156214	3.62376e-05	0.0	0.00185014	0.000218899	0.000606169	0.000497243	3.89126e-05	7.94329e-05	0.000222371	0.000234474	0.000103739	6.49558e-05	0.000164593	0.000182774	0.0	0.000163323	0.000107847	0.000383659	0.000358943	0.000479981	0.000519251	0.000276627	9.65896e-05	0.000244423	0.00246546	0.00106663	0.000182933	0.000315945	6.9538e-05	7.09768e-05	0.000581323	0.0	0.000132688	0.000688736	0.000522457	0.000210322	0.000204094	0.000322778	8.76245e-05	0.000176329	0.000168633	0.000251109	0.000197678	0.000101924	0.000141374	0.000504062	0.00343684	0.000461814	0.000145272	0.000172198	3.22794e-05	7.69695e-05	0.00232929	0.000298815	0.00041658	0.00039282	1.55295e-05	0.000640767	7.934e-05	0.00114509	0.000181744	8.08887e-05	0.000114134	0.000227565	0.000705725	0.000117635	8.26796e-05	0.000223771	0.000595501	1.89876e-05	0.000310005	0.0	0.000462634	0.000440744	0.00017491	0.000890142	0.00239497	0.00010463	0.000546152
P162-PWY: L-glutamate degradation V (via hydroxyglutarate)	0.0	0.0	0.0	0.0	0.0	0.0	0.000246752	0.0	7.13733e-06	0.0	0.0	5.3503e-05	0.0	0.0	0.0	0.0	0.0	0.0	0.0	0.0	0.0	0.0	0.0	0.0	0.0	0.000211861	0.0	4.49147e-05	0.0002228	7.91991e-05	2.60559e-05	0.0	0.0	0.0	0.0	0.0	0.0	0.0	0.000127231	1.06926e-05	0.0	0.0	8.60851e-06	0.0	0.0	0.0	0.0	0.0	0.0	0.0	0.0	0.0	0.0	0.0	0.0	0.0	0.0	0.0	0.0	0.0	6.21539e-05	0.0	0.0	1.68418e-05	0.0	0.0	2.43068e-05	0.0	0.0	0.0	0.000116266	0.0	0.0	0.00010645	1.62864e-05	5.17333e-05	0.0	0.0	0.0	0.0	0.0	0.0	2.04799e-05	0.0	0.0	0.0	0.000153519	0.000103563	0.0	0.0	0.0	0.0	0.0	0.0	0.0	0.0	0.0	0.0	0.0	0.0	0.00012558	0.0	0.0	0.0	0.0	0.0	0.0	0.0	0.0	0.0	2.42634e-05	0.0	0.0	0.000188036	0.0	0.0	0.0	0.0	0.0	0.000223593	0.0	0.0	0.0	0.0
P163-PWY: L-lysine fermentation to acetate and butanoate	0.0	0.0	0.0	0.000209761	0.0	0.0	0.0	0.0	0.0	0.0	0.0	0.0	2.21093e-05	0.0	0.0	0.0	0.0	0.000710564	5.16277e-05	5.04713e-05	0.000172039	0.0	0.0	0.0	0.0	0.0	0.0	0.0	0.0	0.0	1.86103e-05	0.0	0.0	0.0	0.0	0.0	0.0	0.0	0.0	0.0	0.0	0.0	0.000226639	0.0	8.36676e-05	0.0	0.0	0.0	0.0	0.0	0.0	2.74435e-05	0.0	0.0	0.0	0.000256209	0.0	0.0	0.0	0.0	0.0	0.0	0.0	0.0	0.0	0.0	0.0	0.0	0.0	0.0	0.0	0.0	0.0	0.0	0.0	0.0	0.0	0.0	0.0	3.47312e-05	0.0	0.0	0.0	0.0	0.0	0.0	0.0	0.0	0.0	0.0	6.87654e-05	0.0	0.0	0.0	0.0	0.0	0.0	0.0	0.0	8.01399e-05	0.0	3.45591e-05	0.0	0.0	0.0	0.0	0.0	0.0	0.000115598	5.28602e-05	0.0	0.0	6.07435e-05	0.0	0.0	0.0	0.0	0.0	0.0	0.0	6.24382e-05	0.0	0.0	0.0
P164-PWY: purine nucleobases degradation I (anaerobic)	0.000896634	0.000199201	0.000309123	0.00147587	0.000504007	0.000516212	0.00137525	0.00124329	0.00118317	0.00118544	0.000294658	0.000861899	0.000928645	0.000601515	0.00113129	0.00040383	0.000338669	0.00330452	0.00153136	0.00074741	0.00196816	0.00116663	0.00156072	0.000489295	0.000410444	0.000766455	0.000901454	0.00162627	0.00136167	0.000854465	0.00111628	0.000763419	0.00128788	0.00036594	0.000185316	0.00118941	0.000623774	0.000385679	0.000758837	0.000886803	0.00128026	0.000634829	0.00103835	0.0014535	0.000393203	0.000825583	0.000245227	0.000730687	0.000722749	0.00103483	0.0	0.000675924	0.000412749	0.00110307	0.000637693	0.0005485	0.000663237	0.000648088	0.000573038	0.000737033	0.000501555	0.000747558	0.0015616	0.00105019	0.00081717	0.00109101	0.00164149	0.00147354	0.000841628	0.00194783	0.0012158	0.00150737	0.000585625	0.000892306	0.000483044	0.00114807	0.000526475	0.000656148	0.0017698	0.000852573	0.0	0.000529584	0.000632138	0.000820826	0.000887099	0.0011321	0.00161164	0.000578395	0.000677495	0.000906612	0.00131305	0.00155074	0.00112598	0.000443299	0.000741716	0.000992471	0.000583497	0.00267311	0.000628147	0.00143374	0.000588035	0.00045692	0.00152428	0.000405021	0.000770084	0.000154005	0.000643667	0.00111462	0.000703812	0.00157903	0.00064711	0.00101187	0.000553589	0.000641543	0.000516949	0.000668865	0.000278896	0.000732013	0.0009084	0.00111757	0.0014696	0.00130241	0.00027939	0.000757481
P185-PWY: formaldehyde assimilation III (dihydroxyacetone cycle)	0.000346815	0.0	0.0	0.000540819	3.59241e-05	5.30504e-05	4.81056e-05	0.000271523	0.000171704	0.000286738	0.000124562	0.000112261	0.000159775	4.21429e-05	0.00034555	0.000215541	6.03064e-05	0.00192695	0.000375812	0.000123244	0.000501964	0.000191896	0.00106305	6.20423e-05	0.000131461	9.92692e-05	0.000123066	3.10082e-05	0.000101914	3.08963e-05	8.26355e-05	0.000104579	0.000879182	8.05091e-05	7.39158e-05	2.66679e-05	8.78538e-05	5.17725e-05	0.000116463	8.97851e-05	8.38228e-05	0.000142955	0.000174422	3.706e-05	0.000209261	0.000123859	7.17126e-05	0.000213347	0.000193934	0.000141842	0.00107392	0.000272193	0.000187604	0.000102631	6.77003e-05	0.000803653	0.000115869	0.000232509	0.000380294	0.000109786	0.000113198	0.000140727	0.00020593	0.000274356	0.000601906	0.000208811	0.000165758	0.000181322	0.000245283	0.000710614	9.9816e-05	0.000316761	0.00011038	0.000178055	1.21829e-05	0.000432546	7.83453e-05	0.00038133	6.03096e-05	0.000143492	0.000327551	0.000267753	0.000129723	0.000392623	0.000117996	8.26685e-05	0.000227531	0.0	0.000243403	0.000404242	0.000296371	0.000289309	0.000476069	0.000164311	0.000878976	0.000269003	0.000123822	0.000162057	0.000144612	0.000325508	9.14595e-05	0.000104209	0.000144353	0.000389318	0.000321531	1.92699e-05	6.69221e-05	0.000619412	0.000159115	0.000133	7.02497e-05	0.000308366	0.00043352	0.000317798	0.00019681	0.000129828	9.62987e-05	0.000588161	0.000125264	6.35076e-05	7.85117e-05	0.000530472	7.70322e-05	0.000291148
P221-PWY: octane oxidation	0.0	0.0	0.0	5.85767e-06	0.0	0.0	0.000434955	0.0	1.01244e-05	0.0	0.0	9.99306e-05	2.69028e-05	0.0	4.29565e-05	0.0	0.0	7.29645e-06	2.71339e-05	1.06989e-05	6.9602e-06	2.71234e-06	0.000280046	0.0	0.0	1.58972e-05	0.0	0.000152298	2.67721e-05	0.000580764	4.01449e-05	0.0	0.0	0.0	0.0	0.00016805	0.0	0.0	5.33802e-05	0.0	0.0	0.0	1.11193e-06	0.0	0.0	0.0	0.0	0.000173233	0.0	8.9763e-05	0.0	0.0	0.0	0.0	0.0	0.0	0.0	0.0	0.0	0.0	0.0	0.0	0.0	7.75649e-06	0.000121007	0.0	0.0	0.0	0.0	0.000373851	5.71432e-05	1.8709e-05	0.0	0.0	0.0	1.67533e-05	0.0	2.26409e-05	0.0	1.15819e-05	0.0	0.0	0.0	6.90837e-05	2.20808e-05	0.0	0.0	4.43717e-06	0.0	0.0	7.26986e-05	0.000168425	8.44255e-05	0.0	0.000106184	7.35382e-05	0.0	0.000174234	7.60113e-07	8.15665e-06	0.0	0.0	5.50172e-06	0.0	0.000317012	0.0	4.90591e-06	0.0	2.155e-05	0.0	0.0	0.0	0.0	0.000220972	7.34998e-05	0.0	0.0	0.0	0.0	0.0	2.86696e-05	0.000117349	0.0	0.0
P23-PWY: reductive TCA cycle I	0.0	0.0	0.000851166	0.000197677	0.000341747	0.0	0.000242777	0.0	1.42933e-05	0.000222835	0.0	0.000868034	0.00047507	0.000105284	5.27442e-05	0.0	0.000315497	0.0	0.0	0.0	0.000156535	0.000115182	0.000914122	0.0	0.0	0.000164185	0.000947725	0.000610701	0.000612828	0.0006168	0.000134831	0.0	0.0	0.0	0.000134444	0.000869418	0.000101148	0.0	0.000214806	5.66652e-05	0.000128573	0.0	1.60396e-05	2.56733e-05	0.0	0.000184563	0.0	0.000853833	0.000299712	0.000476797	0.0	2.56631e-05	0.0	4.49908e-05	0.0	0.0	0.0	0.000212615	0.0	0.0	0.000209118	0.000151109	0.0	0.000294268	6.85982e-05	5.10394e-05	0.000103146	0.0	0.000141684	0.000424785	0.000313215	0.0	5.29906e-05	0.0	0.0	0.000150342	0.0	5.35266e-05	0.00035603	0.000230817	0.0	6.73026e-05	0.0	4.33055e-05	0.0	4.85682e-05	0.000820455	7.9193e-05	0.0	0.0	0.000122246	7.40829e-05	1.04169e-05	0.0	0.00034024	0.0	0.00113229	0.00042121	2.28756e-05	0.00012068	0.000208619	0.0	0.0	0.00029834	0.000268833	0.000105653	4.31294e-05	0.0	0.000180821	9.10226e-05	4.69515e-05	3.47573e-05	0.000186237	0.000210353	7.28658e-05	4.93973e-05	0.0	0.0	4.665e-05	0.000338521	0.000193038	0.000285154	0.0	0.000662715
P241-PWY: coenzyme B biosynthesis	0.0	0.0	0.0	0.0	0.0	0.0	0.0	0.0	0.0	0.0	0.0	1.51647e-05	2.19763e-05	0.0	0.0	0.0	0.0	0.0	0.0	0.0	0.0	0.0	0.0	0.0	0.0	0.0	0.0	0.0	0.0	2.13997e-05	0.0	3.43785e-05	0.0	0.0	0.0	0.0	0.0	0.0	0.0	0.0	0.0	0.0	0.0	0.0	0.0	0.0	0.0	0.0	0.0	3.33378e-05	0.0	0.0	0.0	0.0	0.0	0.0	0.0	0.0	0.0	0.0	0.0	0.0	0.0	0.0	0.0	0.0	1.20714e-05	0.0	0.0	0.0	0.0	0.0	0.0	0.0	0.0	0.0	0.0	0.0	0.0	0.0	0.0	0.0	0.0	0.0	0.0	0.0	0.0	0.0	0.0	0.0	0.0	0.0	0.0	0.0	0.0	0.0	0.0	0.0	0.0	0.0	0.0	0.0	0.0	0.0	0.0	0.0	0.0	0.0	0.0	0.0	0.0	0.0	0.0	0.0	0.0	0.0	0.0	0.0	0.0	0.0	0.0	0.0	0.0	0.0
P261-PWY: coenzyme M biosynthesis I	0.0	0.000104814	0.0	0.0	0.0	0.0	0.0	0.0	0.0	0.0	0.0	3.76935e-06	0.0	0.0	0.0	0.0	0.0	0.0	0.0	0.0	0.0	0.0	0.0	0.0	0.0	0.0	0.0	0.0	0.0	1.13033e-05	0.0	0.0	0.0	0.0	0.0	0.0	0.0	0.0	0.0	0.0	0.0	0.0	0.0	0.0	0.0	0.0	0.0	0.0	0.0	0.0	0.0	0.0	0.0	0.0	0.0	0.0	0.0	0.0	0.0	0.0	0.0	0.0	0.0	0.0	0.0	0.0	0.0	0.0	0.0	0.0	0.0	0.0	0.0	0.0	0.0	0.0	0.0	0.0	0.0	0.0	0.0	0.0	0.0	0.0	0.0	0.0	0.0	0.0	0.0	0.0	0.0	0.0	0.0	0.0	0.0	0.0	0.0	0.0	0.0	0.0	0.0	0.0	0.0	0.0	0.0	0.0	0.0	0.0	0.0	0.0	0.0	0.0	0.0	2.35528e-05	0.0	0.0	0.0	0.0	0.0	0.0	0.0	0.0	0.0	0.0
P4-PWY: superpathway of L-lysine, L-threonine and L-methionine biosynthesis I	0.000101991	0.0	0.0003811	0.000332419	0.0	0.000154575	0.00304043	0.0	0.000313499	0.000379514	0.0	0.00223	0.00181956	0.0	0.000242117	0.0	0.0	0.00161031	0.000759733	0.00107885	0.000638394	0.000993363	0.00245051	0.0	0.0	0.00251006	0.00223638	0.00192545	0.00163158	0.00286387	0.000299767	0.000151398	0.0	0.0	0.0	0.00208739	0.0	0.000295685	0.0013929	0.000465724	0.000601774	0.0	0.0	0.000104825	0.0	0.000591756	0.0	0.00184589	0.00018657	0.00141511	0.000281494	5.36458e-05	0.0	0.000359596	5.9919e-05	0.0	0.000117447	0.000167126	0.0	0.000279796	0.000638972	0.000281519	0.000141773	0.00107033	0.000447579	0.000154231	0.000963158	0.0001336	0.00046535	0.00263403	0.00103887	0.000229359	0.000152399	0.000367786	0.000116855	0.00111295	0.000173147	0.000173728	0.00156902	0.000549785	0.0	0.00013012	6.27377e-05	0.000334279	0.0	0.000317265	0.000293151	0.00032342	0.0	0.000493138	0.00176999	0.00231013	0.000420829	0.0	0.000726082	0.000379589	0.000193735	0.0019019	0.000476701	0.00106837	0.000429092	0.0	0.000752747	0.0	0.00162239	0.000166235	0.000136656	7.21948e-05	0.0011719	0.000943173	9.4656e-05	0.000353695	0.0	0.00158328	0.000607445	0.000642397	0.0	0.000115441	0.000465594	0.000874378	0.000625673	0.00251201	0.0	0.00108536
P41-PWY: pyruvate fermentation to acetate and (S)-lactate I	0.00277062	0.00305601	0.00325493	0.00293053	0.00346706	0.00236808	0.0012632	0.004507	0.00318174	0.00404305	0.00272398	0.00293943	0.00349332	0.00318369	0.00438893	0.00350569	0.00161374	0.00508432	0.00241768	0.00382265	0.002447	0.00306641	0.0029109	0.00191407	0.00271256	0.00203645	0.00200197	0.00186285	0.00227418	0.00264522	0.00408845	0.00315642	0.00510246	0.00306803	0.00262721	0.00231766	0.00424696	0.00225351	0.00223028	0.00433842	0.0024912	0.00288295	0.00343504	0.00625733	0.00444885	0.00387288	0.00205652	0.00216366	0.00408644	0.00328181	0.00264237	0.00400194	0.0042998	0.00391501	0.00300525	0.00364436	0.00442286	0.00433995	0.0041083	0.0046191	0.00358935	0.00279564	0.00314289	0.00315046	0.00469936	0.00390764	0.00377404	0.00337523	0.00376371	0.00210625	0.00288579	0.0051292	0.00296464	0.00451012	0.00400892	0.00480195	0.00500926	0.00340635	0.00459624	0.00243242	0.00140537	0.00438124	0.00384318	0.00300088	0.0037112	0.00327114	0.00528505	0.0031063	0.00268634	0.0037593	0.00749975	0.00329784	0.00258338	0.00225424	0.00362711	0.00213274	0.00382237	0.00266952	0.00518771	0.00342883	0.00310632	0.00148788	0.0024634	0.00275924	0.00209149	0.00144729	0.00209099	0.00396223	0.00264102	0.00451367	0.00160162	0.00546746	0.00355936	0.00221287	0.00157543	0.00374401	0.00302594	0.00566176	0.00372021	0.00404348	0.0021961	0.00118066	0.00320482	0.00198547
P42-PWY: incomplete reductive TCA cycle	0.000749882	0.000105229	0.0011977	0.000674073	0.00108666	0.0	0.00116757	0.0024116	0.00164474	0.00115295	0.00230338	0.000930352	0.00134931	0.000452277	0.00145648	0.00144199	0.000940554	0.000808302	0.000480414	0.00135743	0.000254017	0.00119443	0.0013183	0.000391578	0.000732854	0.000847722	0.00118515	0.000915689	0.00115602	0.00102231	0.00120675	0.000822615	0.00120209	0.000426662	0.00108487	0.000968643	0.00114249	0.000767635	0.000514105	0.00144629	0.000790505	0.00252021	0.00295193	0.000283429	0.00101756	0.000479645	0.00251715	0.00119151	0.001486	0.000606432	0.000382047	0.000716739	0.000869036	0.000251734	0.000557285	0.000677582	0.000769051	0.00180587	0.000535006	0.000231927	0.000419277	0.00129409	0.000304348	0.00115109	0.000714193	0.00158749	0.000938719	0.00056054	0.00117869	0.000738996	0.00056193	0.00123101	0.000860265	5.66153e-05	0.000560252	0.000373953	0.000721136	0.00119093	0.000708892	0.000878126	0.000841332	0.000714534	0.000486565	0.00036928	0.000820901	0.000323863	0.000896023	0.000454334	0.0007669	6.50219e-05	0.000212692	0.000382984	8.19871e-05	0.000790642	0.00134802	0.000795971	0.00143532	0.000640107	0.000957583	0.0016506	0.000475882	0.000413572	0.00015551	0.00103023	0.000722363	0.00200523	0.000936627	0.000129976	0.000909243	0.000219248	0.000389051	0.0016215	0.00141124	0.000969883	0.000952955	0.000629107	0.00109605	0.000674434	0.000740415	0.00177333	0.000267042	0.00102764	0.000333129	0.00109225
P441-PWY: superpathway of N-acetylneuraminate degradation	0.000540983	0.0	0.00133061	0.00124933	0.00095673	0.000430111	0.00418773	0.00181598	0.000828913	0.00167142	0.00100201	0.0027705	0.00158666	0.000576461	0.00162029	0.00104184	0.00120962	0.00322807	0.00197873	0.000776192	0.0023044	0.00123866	0.00337175	0.00039039	0.00067521	0.00304992	0.00289651	0.00339579	0.00241853	0.00407292	0.000912353	0.000770347	0.00100008	0.000270375	0.000303914	0.00340445	0.000442138	0.000378893	0.00252737	0.00111765	0.00140273	0.00160873	0.00201245	0.000729489	0.000569938	0.000689669	0.0	0.00295109	0.000742828	0.0017672	0.00145933	0.000810715	0.000374108	0.00165893	0.000790121	0.00124762	0.000651385	0.00061401	0.000790355	0.000649169	0.000651828	0.0010611	0.00167558	0.00191303	0.00145609	0.00138576	0.00137153	0.000519491	0.00127072	0.00371016	0.00229226	0.00209363	0.00099411	0.000341646	0.00078503	0.00162281	0.0012733	0.00102777	0.00175784	0.00153318	0.00065261	0.000836046	0.00147269	0.00121289	0.000665656	0.000609975	0.00218707	0.00118165	0.000956496	0.00160694	0.00171103	0.00393545	0.00116065	0.000524033	0.00131917	0.00180797	0.000699377	0.00350329	0.00103078	0.00141405	0.0013818	0.000340965	0.00156267	0.00080685	0.00227252	0.000571322	0.000666508	0.000830165	0.00178953	0.00221851	0.000608433	0.000877012	0.000780613	0.00143841	0.000754601	0.00118521	0.000606364	0.00140104	0.00128052	0.00108437	0.00182959	0.00354308	0.000400645	0.00135838
P461-PWY: hexitol fermentation to lactate, formate, ethanol and acetate	0.000218912	0.0	0.000142763	0.000717492	0.000115356	0.000888467	0.00348571	0.00146668	0.000335933	0.00114074	0.000469015	0.00224509	0.00150562	5.3621e-05	0.000341921	0.000236101	0.000190972	0.00350442	0.000942057	0.000311895	0.00089588	0.000666243	0.00355241	0.000172784	0.000446487	0.00259409	0.00268484	0.00363312	0.00168295	0.00468257	0.000159271	0.000274726	0.00133959	0.0	0.000107416	0.00316237	0.000461717	0.0	0.00217758	0.000544061	0.000577034	0.00115059	0.00149674	0.000260935	0.000307333	0.000373526	9.5835e-05	0.00202931	0.000258483	0.00122724	0.000678559	0.000403239	0.000163117	0.00040643	0.000412573	0.000204469	0.000279176	0.000802727	0.000383199	0.000318942	0.000290987	0.000626344	0.000726284	0.00113048	0.000493173	0.000366958	0.000986243	0.000302146	0.000653027	0.0026903	0.00201681	0.000278672	0.000347406	0.000551979	0.000150939	0.000794729	0.00040357	0.000572877	0.0013331	0.00091136	9.99906e-05	0.000483992	0.000461221	0.000645573	0.000745315	0.000473833	0.000414945	0.000350232	0.000335663	0.000647035	0.000750825	0.00427168	0.000791663	0.000118541	0.000517602	0.000641276	0.000175989	0.00295386	0.000464849	0.00142694	0.000660759	0.000206839	0.00096632	0.000654218	0.0019494	0.000324806	9.76827e-05	0.00151316	0.000802948	0.000547326	0.00017686	0.000801569	0.000320809	0.00106533	0.000504541	0.000510521	0.000124061	0.000838615	0.000777713	0.00039414	0.00144289	0.00294899	0.000201836	0.00123985
P562-PWY: myo-inositol degradation I	0.0	0.0	2.45425e-05	0.0	0.0	0.0	0.0	0.0	0.0	0.0	0.0	0.0	0.0	0.0	0.0	0.0	0.0	0.0	0.0	0.0	0.0	0.0	0.0	0.0	0.0	0.0	0.0	0.0	0.0	0.0	0.0	0.0	0.0	0.0	0.0	0.0	0.0	0.0	0.0	0.0	0.0	0.0	0.0	0.0	0.0	0.0	0.0	0.0	0.0	0.0	0.0	0.0	0.0	0.0	0.0	0.0	0.0	0.0	0.0	0.0	0.0	0.0	0.0	0.0	0.0	0.0	0.0	0.0	0.0	0.0	0.0	0.0	0.0	0.0	0.0	0.0	0.0	0.0	0.0	0.0	0.0	0.0	0.0	0.0	0.0	0.0	0.0	0.0	0.0	0.0	0.0	2.24971e-05	0.0	0.0	0.0	0.0	0.0	0.0	0.0	0.0	0.0	0.0	0.0	0.0	0.0	0.0	0.0	0.0	0.0	0.0	0.0	0.0	0.0	0.0	0.0	0.0	0.0	0.0	0.0	0.0	0.0	0.0	0.0	0.0
P621-PWY: nylon-6 oligomer degradation	0.0	0.0	0.000134334	0.0	0.000264358	0.0	0.0	0.0	0.0	0.0	0.0	0.00010747	0.0	0.0	0.0	0.0	0.0	6.91173e-05	5.99596e-05	0.0	0.0	0.0	2.34172e-05	0.0	0.0	0.0	0.0	0.0	0.0	0.0	0.0	0.0	0.0	0.0	0.0	1.94684e-05	0.0	0.0	1.78704e-05	4.92398e-05	0.0	0.0	0.0	0.0	0.0	0.00021636	0.0	0.0	0.0	0.0	0.0	0.0	0.0	0.0	0.0	0.0	0.0	0.0	0.0	0.0	0.00029277	0.000307439	0.000288789	0.000449103	0.0	0.0	0.0	1.51757e-05	4.34449e-05	0.0	8.59999e-05	1.44379e-05	0.0	0.0	0.0	9.40904e-05	0.0	0.0	0.0	0.0	0.0	1.1997e-05	0.0	0.000122516	0.0	0.0	0.000142997	0.0	0.0	0.000266264	4.72151e-05	0.000251168	0.0	0.0	7.69051e-05	0.0	0.0	0.0	0.0	0.000140689	0.0	6.71548e-06	0.0	0.0	0.000356235	0.0	0.0	0.00025632	3.74524e-05	0.000160602	2.73113e-05	4.76541e-05	0.0	0.0	0.0	0.000343051	0.0	0.000103609	0.0	0.000180781	3.0719e-05	0.0	0.0	0.0
PANTO-PWY: phosphopantothenate biosynthesis I	0.00908419	0.00764925	0.0072958	0.00787818	0.00663679	0.00706656	0.00413635	0.00841115	0.00842	0.00787671	0.00727953	0.00534835	0.00773537	0.00835297	0.0076489	0.00727589	0.00849099	0.00429817	0.00752234	0.00676992	0.00869104	0.00782805	0.00513565	0.00788228	0.00792749	0.00510284	0.00508935	0.00534298	0.0072259	0.00392342	0.00690662	0.00683573	0.00762521	0.00785802	0.00855475	0.00552209	0.0062158	0.00747617	0.00648756	0.00697415	0.00810557	0.0087545	0.00893521	0.00710732	0.00688756	0.00754108	0.00746314	0.00568605	0.00802584	0.0063493	0.00760309	0.00637249	0.00792001	0.00766363	0.00722611	0.00973258	0.0080744	0.00720697	0.00868707	0.00614391	0.00663861	0.00757925	0.00843465	0.00606159	0.00764794	0.00659249	0.00660676	0.00858233	0.00699375	0.00496551	0.00627926	0.0067279	0.00876325	0.00704582	0.00552833	0.0066741	0.00930122	0.00818259	0.00613592	0.00884333	0.0109195	0.00760163	0.00814586	0.0075261	0.00702849	0.00891916	0.00749865	0.00745818	0.00880911	0.00796309	0.00764277	0.00409773	0.00824326	0.00778345	0.00826183	0.00946392	0.00919354	0.00500148	0.00633989	0.00552219	0.0072602	0.0093392	0.00773832	0.00909662	0.00566138	0.00866538	0.00849561	0.00773769	0.00760154	0.00616836	0.0105072	0.00820985	0.00771905	0.00744355	0.00817916	0.00662593	0.00907528	0.0060897	0.00861044	0.00778776	0.00825656	0.00570279	0.0082249	0.00671823
PANTOSYN-PWY: superpathway of coenzyme A biosynthesis I (bacteria)	0.00936247	0.00862959	0.00867197	0.00788947	0.00720176	0.00816703	0.00360049	0.0087632	0.00885079	0.00815827	0.0076532	0.00571038	0.00818975	0.00863263	0.00750143	0.00757531	0.00781959	0.0047124	0.00716206	0.00760629	0.00841963	0.00797344	0.00494448	0.00806759	0.00831661	0.00485038	0.00493083	0.00533625	0.0066529	0.00311629	0.00753257	0.00713723	0.00854286	0.00862942	0.00764935	0.00545563	0.00705016	0.00696653	0.0052935	0.00771812	0.00825795	0.00893913	0.00855937	0.00697781	0.00755607	0.00792301	0.00908992	0.00551068	0.00842068	0.00660307	0.00756699	0.00723427	0.0082873	0.00812202	0.00858802	0.00999589	0.00890811	0.00787032	0.00859907	0.00687318	0.00740524	0.00763829	0.00819619	0.00670517	0.00791914	0.00719135	0.00687611	0.00887225	0.00778628	0.00472015	0.00632232	0.00733198	0.00890878	0.00694211	0.0063513	0.00723797	0.0100447	0.00783626	0.00684381	0.00889359	0.0113534	0.00821058	0.00804321	0.00659211	0.00782437	0.0082625	0.00773262	0.00718244	0.00803321	0.00817821	0.0082744	0.00399517	0.00839847	0.00910678	0.00883952	0.00938543	0.00960925	0.00514926	0.00733495	0.00560721	0.0071653	0.0100319	0.00785329	0.00790671	0.00533953	0.00798446	0.0092733	0.00795196	0.00813874	0.00685697	0.00980505	0.00873888	0.00832075	0.00661932	0.00844267	0.0071027	0.00843445	0.00669741	0.00871463	0.00779477	0.00828164	0.00547174	0.00829214	0.00710727
PENTOSE-P-PWY: pentose phosphate pathway	0.00425272	0.00308974	0.00131314	0.00502419	0.00418137	0.00309374	0.00486886	0.00346508	0.00462475	0.00406337	0.00192252	0.00303743	0.00333896	0.00281969	0.00484793	0.0030082	0.00151989	0.00457323	0.00572374	0.00435643	0.00632678	0.00435481	0.00417146	0.00277591	0.00420635	0.00336936	0.0040157	0.00376864	0.00458763	0.00393081	0.0037043	0.0031857	0.00313917	0.0032046	0.00213046	0.00411343	0.00152292	0.00237197	0.00236499	0.00334377	0.00436083	0.002742	0.00452331	0.00071002	0.00411276	0.00463129	0.00179357	0.00430839	0.00391861	0.00402578	0.00429883	0.00396825	0.0043924	0.00452134	0.0023233	0.00371094	0.00317804	0.00388219	0.00505593	0.00491159	0.00364177	0.00527713	0.00451638	0.00316078	0.00258043	0.00612722	0.00508243	0.00467311	0.00390436	0.00554411	0.00451312	0.00409249	0.00386411	0.00435947	0.00356917	0.00363401	0.00291645	0.00322129	0.00274653	0.0041996	0.0025333	0.00438931	0.00283382	0.00311109	0.00350269	0.00470076	0.00413201	0.00281692	0.00288782	0.00527276	0.00258998	0.0047928	0.00472124	0.00340084	0.00269948	0.00440891	0.00365331	0.00495539	0.00384944	0.00283544	0.00276972	0.00385887	0.00389319	0.00286847	0.00287144	0.00184697	0.00273739	0.00509128	0.00393763	0.00533287	0.0036183	0.00328623	0.00328779	0.0029184	0.00453715	0.00252116	0.003201	0.00518746	0.00456001	0.00418597	0.00408703	0.00521391	0.00447993	0.0028681
PEPTIDOGLYCANSYN-PWY: peptidoglycan biosynthesis I (meso-diaminopimelate containing)	0.0111856	0.0121801	0.0148818	0.0107688	0.0101379	0.0133404	0.00549868	0.0118154	0.0118381	0.00979236	0.0173894	0.00867146	0.0104495	0.0138019	0.0106953	0.0137538	0.0153772	0.00727808	0.00825788	0.0107567	0.00942141	0.00995132	0.00717057	0.0128156	0.0115627	0.00922447	0.00790371	0.00768975	0.00852708	0.00691534	0.0102318	0.0139771	0.0138911	0.0119185	0.0157795	0.00720666	0.0143336	0.0162012	0.0107924	0.0110803	0.0104762	0.0125681	0.0112474	0.0121353	0.0141269	0.0108658	0.0155868	0.00762141	0.0107059	0.00831432	0.0103377	0.0103927	0.0102276	0.0103796	0.0165281	0.0120697	0.0127842	0.0110744	0.0108077	0.0103226	0.00980524	0.0102828	0.00990853	0.00939947	0.0107085	0.00974354	0.011122	0.0103507	0.0110166	0.00563268	0.00860665	0.0105572	0.0103536	0.00981206	0.0122535	0.00946796	0.013381	0.0126479	0.0105246	0.0107096	0.0128076	0.0112438	0.0131957	0.0133012	0.0117036	0.0120784	0.0097733	0.0122398	0.013822	0.00977833	0.011519	0.00606431	0.00961449	0.0132958	0.0126283	0.0112156	0.0115924	0.00764703	0.0118377	0.0136374	0.01232	0.0121753	0.0094246	0.0145586	0.0107293	0.0159272	0.0126928	0.00966615	0.0105415	0.00886631	0.010808	0.0129968	0.013915	0.0117938	0.0116799	0.0120999	0.013715	0.011138	0.0102762	0.00954541	0.00947964	0.00642353	0.0110037	0.00959276
PHOSLIPSYN-PWY: superpathway of phospholipid biosynthesis I (bacteria)	0.00429664	0.00266242	0.00734019	0.00576267	0.00429588	0.00119843	0.00571968	0.00394484	0.00572992	0.00452903	0.00442017	0.005409	0.0051038	0.00824441	0.00255871	0.00614287	0.00664495	0.00597785	0.00395428	0.00534018	0.00261081	0.0031404	0.00443289	0.0081342	0.00481212	0.00539968	0.00556688	0.00481632	0.00464621	0.0050761	0.004185	0.00577388	0.00316484	0.00300327	0.00539229	0.00505774	0.0044322	0.00465859	0.00536072	0.00323254	0.00470255	0.00445712	0.00536136	0.00312592	0.00385372	0.00473529	0.00676717	0.00447221	0.00472352	0.00365016	0.0040852	0.00555058	0.00549048	0.00412081	0.0031382	0.0037844	0.00401429	0.00283458	0.00395669	0.00494441	0.00515487	0.00445692	0.00494189	0.00523541	0.00322771	0.00496796	0.00164916	0.00644843	0.0037533	0.00441739	0.00488998	0.00303112	0.00518163	0.00339587	0.00306372	0.00438131	0.00216147	0.00708222	0.00346494	0.00465392	0.00612859	0.00524601	0.00796828	0.00642984	0.00401451	0.00670283	0.00420933	0.00738346	0.00706661	0.00529561	0.0036848	0.00502143	0.00678248	0.00450472	0.00491004	0.00569157	0.0050447	0.00494363	0.00318853	0.00263139	0.00744839	0.00511901	0.00608802	0.00727558	0.00452568	0.00447727	0.00435777	0.00506516	0.00442863	0.00658336	0.00329206	0.00340579	0.0037094	0.00381844	0.00432801	0.00625294	0.00731358	0.00227813	0.00372254	0.00420157	0.00492124	0.00479069	0.00495994	0.00466641
POLYAMINSYN3-PWY: superpathway of polyamine biosynthesis II	0.000829083	0.0	0.000213449	0.000297691	0.000347443	0.000346126	0.0	0.0	3.50565e-05	0.0	0.000704557	0.000779163	0.00079162	0.0	0.00025466	0.000678186	0.000966247	0.000663661	0.00048714	0.0	0.0	0.000571993	0.00111802	0.000685268	0.0	6.44245e-05	0.000770343	0.00045313	0.000163724	0.00010506	0.00079734	0.00062805	0.000160866	0.0	0.000599268	0.000462704	0.000548494	0.000559028	0.000704589	0.000917897	0.000434663	0.000704684	4.41091e-05	0.00032566	0.000202158	0.000181808	0.000999515	0.000967093	0.000490967	0.000583758	0.000347154	0.000148279	0.000364326	0.000261405	1.90983e-05	0.000480945	0.000735532	0.000442043	0.0	0.000294391	0.000464433	9.15921e-05	5.53292e-05	0.00030277	0.00117781	0.000447346	0.000124257	0.0	0.000162378	0.0	0.000309493	2.44191e-05	0.000352447	0.0	0.00122302	0.00111079	9.53574e-05	0.000132062	0.000594092	0.000623624	0.0002894	3.78361e-05	0.000458909	0.000354509	4.16933e-05	0.000134082	0.000522147	0.00133032	0.0	0.0	0.000509529	0.000299603	0.000286045	0.0	0.000476193	0.00049366	0.000432421	0.000161504	0.000380357	0.00057075	0.00116248	0.0	0.000438969	0.000240414	0.000171781	0.000621508	2.01006e-05	0.000160288	0.000492252	0.00033191	0.000246948	0.000249539	2.58401e-05	0.00019781	0.000771603	0.000661948	0.0	1.61484e-05	0.000486454	0.000779583	0.000178052	3.76801e-05	0.0	0.00129729
POLYAMSYN-PWY: superpathway of polyamine biosynthesis I	0.00112635	0.000158736	0.00107339	0.000510618	0.00148127	0.000632074	0.00234339	0.000217893	0.000340794	0.000717179	0.000759652	0.0019957	0.00159366	0.00031644	0.000316331	0.000720737	0.00125488	0.00201688	0.00102048	0.000372918	0.00063345	0.000857184	0.00258203	0.000760136	0.000276335	0.00205572	0.00175615	0.0018241	0.00152122	0.00251556	0.00120386	0.000637851	0.000483955	0.000333271	0.000595704	0.00197444	0.000913126	0.000818205	0.00159236	0.00150199	0.000618821	0.00125278	0.000833566	0.000827804	0.000199964	0.000712946	0.00130573	0.00202634	0.00135911	0.00144512	0.00070101	0.000399389	0.000614212	0.000713222	5.77212e-05	0.000484569	0.00096675	0.000999227	0.000588979	0.000430037	0.000593217	0.00147886	0.00102994	0.00115459	0.00147343	0.000966901	0.00065622	0.000331691	0.000158213	0.00187698	0.00116352	0.000585284	0.000359192	0.000622396	0.00129333	0.00145922	0.00041668	0.000517166	0.00121134	0.000987872	0.000353431	0.000247391	0.000445213	0.00037142	0.000240632	0.000846355	0.000526434	0.00145453	0.00022106	0.000838083	0.00100012	0.00260042	0.000942169	0.0	0.00107278	0.000525994	0.000613934	0.00295875	0.000958803	0.00117019	0.00129882	0.00056235	0.000917692	0.000385358	0.00180317	0.000969956	0.000603778	0.000861597	0.00102665	0.00158206	0.000409702	0.000252464	0.000574466	0.00142038	0.00113184	0.000936319	0.000168731	0.000229271	0.00132168	0.000751901	0.000908114	0.0014933	0.00101374	0.00143066
POLYISOPRENSYN-PWY: polyisoprenoid biosynthesis (E. coli)	0.00234814	0.00115605	0.000374846	0.00151049	0.00168798	0.00020187	0.00250442	0.00102711	0.00229161	0.00203962	0.00104158	0.00185301	0.00072289	0.000860464	0.0016604	0.00121309	0.00091633	0.00179122	0.00403277	0.00017592	0.000845411	0.0022354	0.00179945	0.00125763	0.00212866	0.00136977	0.00186668	0.00175099	0.00157344	0.00240362	0.00156236	0.000769793	0.000415767	0.00166309	0.000703507	0.00241297	0.000848316	0.000663069	0.00104824	0.00210343	0.00220059	0.000673109	0.00123439	8.43662e-05	0.000954497	0.00164579	0.000619061	0.00186097	0.00121676	0.00216131	0.00265539	0.0016205	0.00146019	0.00192854	0.000634072	0.00173778	0.00174972	0.00129108	0.00240169	0.00180697	0.00160903	0.00222232	0.00212695	0.00239919	0.00128503	0.000399176	0.00138587	0.00196146	0.00122715	0.00250829	0.00366019	0.00218178	0.00147165	0.00271833	0.000690305	0.00253073	0.00101034	0.00138482	0.00116902	0.001286	0.0	0.00162833	0.00152304	0.00178471	0.00120631	0.00201072	0.00155819	0.00166333	0.00154646	0.00421233	0.00159885	0.0022647	0.00364591	0.00134868	0.00135237	0.0015663	0.00142021	0.00180138	0.00108049	0.000698407	0.0017193	0.00161191	0.00158489	0.00108662	0.00139958	0.000606133	0.000927708	0.0027507	0.00192753	0.000979101	0.00264418	0.000245725	0.000942909	0.00085994	0.00153146	0.000911818	0.00115281	0.000615214	0.0026089	0.00266327	0.00298207	0.00413911	0.00163938	0.00190427
PPGPPMET-PWY: ppGpp metabolism	0.000291187	0.000115293	0.000681265	0.00047975	0.000366665	0.0	0.000484668	0.000920226	0.00019352	0.000619837	0.000563651	0.000548942	7.62467e-05	0.000202974	0.000486995	0.000311254	0.000301442	0.00105787	0.00040451	6.12678e-05	0.000388993	0.000299386	0.000385265	0.000237813	0.000173552	0.00032428	0.000351983	0.000167862	0.000307763	0.000435211	0.000273989	0.000396478	0.000494076	0.0	0.000101379	0.000238079	0.000286175	0.00020915	0.000457286	0.000257385	0.000122216	0.000751498	0.00116026	7.36864e-05	0.000509118	0.000400771	0.000475726	0.00026957	8.52623e-05	0.000506656	0.000684514	0.000271234	0.000282161	0.000335773	0.000206412	0.00033243	0.000335885	0.000376417	0.000271385	0.000293751	0.000471979	0.000516463	0.000309034	0.000318452	0.000797071	1.87069e-05	0.000169438	0.000235748	0.000692375	0.000945073	0.000282066	0.000345971	0.000309571	0.000188638	0.000128776	0.000397954	0.000231183	0.000606738	0.000255231	0.00045469	0.000650885	0.000454992	0.000317712	0.000841744	0.000213755	0.000262535	0.000961701	0.000468606	0.000248369	0.000670084	2.15168e-05	0.000887823	0.000395229	6.98989e-05	0.000563038	0.000401254	0.000315159	0.000305107	0.00023466	0.000388648	0.000561145	0.00026446	0.000122081	0.000280919	0.000506819	0.00035737	0.00011063	0.00103138	0.000292029	0.000264165	0.000117056	0.000619024	0.000167836	0.000320544	0.000276771	0.000278289	0.000293694	0.000225777	0.000307772	0.00113639	0.000120464	0.000859899	0.000148117	0.000274401
PROPFERM-PWY: superpathway of L-alanine fermentation (Stickland reaction)	7.48525e-05	0.0	8.43008e-05	6.61714e-05	0.0	0.0	0.0	0.0	0.00010929	0.0001288	0.0	1.31947e-05	0.0	2.4179e-05	0.0	0.0	0.0	7.9908e-05	0.0	3.36743e-05	0.0	0.0	0.0	0.0	0.0	8.71617e-05	0.0	1.89889e-05	7.82659e-05	0.0	6.33648e-05	0.0	0.0	0.0	0.0	2.55265e-05	0.0	0.0	0.0	3.03259e-05	0.000159669	0.0	5.09122e-05	0.0	5.70412e-05	0.0	0.0	8.4107e-05	0.0	0.0	0.0	0.0	0.0	0.0	0.000187255	0.0	0.00010538	9.12464e-05	0.0	0.0	3.73011e-05	0.0	0.0	4.23319e-05	0.0	0.0	8.34064e-05	0.0	5.19608e-05	0.0	9.90072e-05	0.0	0.0	0.000140312	0.0	8.85741e-05	0.0	0.0	0.000127899	0.0	0.0	0.0	0.0	0.0	6.03023e-05	0.0	0.0	0.0	0.0	2.72213e-05	8.15482e-05	4.86295e-05	3.00241e-05	0.0	0.0	0.0	0.0	0.0	6.94329e-05	0.0	0.0	0.0	7.21891e-05	8.80785e-05	0.0	0.0	0.0	4.17231e-05	1.03088e-05	0.0	0.0	0.0	0.0	0.0	0.0	0.0	0.0	5.81931e-05	0.0	0.0	0.0	0.0	0.0	0.0
PROTOCATECHUATE-ORTHO-CLEAVAGE-PWY: protocatechuate degradation II (ortho-cleavage pathway)	0.0	0.0	0.0	1.99317e-05	0.0	0.0	0.0	0.0	0.0	0.0	0.0	4.34693e-05	0.0	0.0	3.02933e-05	0.0	3.98992e-05	6.06214e-05	5.35625e-05	0.0	0.0	0.0	0.00035489	0.0	0.0	0.0	0.0	0.0	0.0	0.0	0.0	0.0	0.0	0.0	0.0	0.0	0.0	0.0	0.0	0.0	0.0	0.0	0.0	0.0	0.0	0.0	0.0	0.0	0.0	8.38407e-05	0.0	0.0	0.0	0.0	0.0	0.0	0.0	0.0	0.0	0.0	0.0	0.0	4.13282e-05	0.0	0.000144159	0.0	0.0	0.0	0.0	0.000717682	0.0	0.0	0.0	0.0	0.0	0.0	0.0	0.0	0.0	0.0	0.0	4.60926e-05	0.0	0.0	2.14483e-05	0.0	0.0	0.0	0.0	0.0	0.0	2.18742e-05	0.0	0.0	6.57828e-05	3.45702e-05	0.0	0.0	0.0	0.0	0.0	0.0	0.0	0.0	0.000196163	0.0	0.0	0.0	0.0	0.0	0.0	0.0	0.0	0.00014101	7.32896e-05	4.29156e-05	0.0	0.0	0.0	0.0	0.0	0.000240763	0.0	8.04961e-05
PRPP-PWY: superpathway of histidine, purine, and pyrimidine biosynthesis	0.0	0.0	0.00120914	0.000351395	0.000440173	0.0	0.00236242	0.0	0.0	0.0	0.0	0.0018736	0.000841035	0.0	0.000362769	0.0	0.000291811	0.00177492	0.000849793	0.0	0.000738026	0.0	0.00177052	0.0	0.0	0.00131473	0.0016822	0.00212756	0.00142391	0.00198994	0.000144176	0.0	0.0	0.0	0.000157466	0.00170768	0.0	0.0	0.00112022	0.000304172	0.000377113	0.0	0.0	0.0	0.0	0.0	0.0	0.00213327	0.000448828	0.00123585	0.000473485	0.0	0.0	0.0	0.0	0.0	5.56092e-05	0.0	0.0	0.0	0.000700161	0.0001759649999999	0.0	0.000994247	0.000310739	0.000318896	0.00027239	0.0	0.000434583	0.00219107	0.00100276	0.0	0.0	0.0	0.0	0.000450588	0.0	0.0	0.000714501	0.000479376	0.0	0.0	0.0	0.000300398	0.0	0.000199305	0.000719647	0.000522299	0.0	0.0	0.000442966	0.00177897	0.000332143	0.0	0.000412873	0.0	0.0	0.00117885	0.00031091	0.0	0.000592292	0.0	0.000634897	0.0	0.00151286	0.0	0.0	0.0	0.000579945	0.000161223	0.000141765	0.0	0.0	0.00178684	0.0	0.000375703	0.0	0.0	0.0	0.000350465	0.000575072	0.00265356	0.0	0.00105444
PWY-101: photosynthesis light reactions	0.0	0.0	0.0	0.0	0.0	0.0	0.0	0.0	0.0	0.0	0.0	1.84231e-06	0.0	0.0	0.0	0.0	0.0	0.0	0.0	0.0	0.0	0.0	0.0	0.0	0.0	0.0	0.0	0.0	0.0	0.0	0.0	0.0	0.0	0.0	0.0	0.0	0.0	0.0	0.0	0.0	0.0	0.0	0.0	0.0	0.0	0.0	0.0	0.0	0.0	0.0	0.0	0.0	0.0	0.0	0.0	0.0	0.0	0.0	0.0	0.0	0.0	0.0	0.0	0.0	0.0	0.0	0.0	0.0	0.0	0.0	0.0	0.0	0.0	0.0	0.0	0.0	0.0	0.0	0.0	0.0	0.0	0.0	0.0	0.0	0.0	0.0	0.0	0.0	0.0	0.0	0.0	0.0	0.0	0.0	0.0	0.0	0.0	0.0	0.0	0.0	0.0	0.0	0.0	0.0	0.0	0.0	5.55213e-06	0.0	0.0	0.0	0.0	0.0	0.0	0.0	0.0	0.0	0.0	0.0	0.0	0.0	0.0	0.0	0.0	0.0
PWY-1042: glycolysis IV	0.0134995	0.0130039	0.0164754	0.00855689	0.0122553	0.00882925	0.00758376	0.0101303	0.0123808	0.0103126	0.0128516	0.00999429	0.00929581	0.0148697	0.011693	0.0151585	0.0178793	0.00967711	0.00942746	0.00996369	0.0105805	0.0127616	0.0083278	0.0155868	0.0124728	0.0114816	0.00959574	0.00854703	0.00952438	0.00739074	0.0119299	0.0152934	0.013029	0.0129278	0.0191553	0.00797569	0.0156454	0.0195142	0.0131418	0.010482	0.0116369	0.0151896	0.00903523	0.0152202	0.0124241	0.0115629	0.0180054	0.00887609	0.0115664	0.0108831	0.0120564	0.0104187	0.011308	0.0110157	0.0142434	0.0104469	0.0133805	0.0118801	0.012807	0.0114424	0.0114114	0.0126523	0.0105124	0.010922	0.0135844	0.00984546	0.0108671	0.0104091	0.0118708	0.00611888	0.0101675	0.0122225	0.012054	0.0118508	0.0138927	0.0108423	0.0131989	0.0157121	0.0114702	0.0100267	0.0128959	0.0120786	0.0146111	0.0172138	0.0124331	0.0149611	0.0113007	0.0150399	0.0175291	0.0123491	0.0127602	0.00662279	0.0101937	0.0137958	0.0144347	0.0101582	0.0114678	0.010155	0.0116844	0.0108719	0.0152623	0.0126414	0.00847144	0.0190015	0.0132841	0.0190819	0.0127432	0.0114536	0.0107083	0.0087425	0.00872664	0.0134958	0.0143322	0.0149271	0.0117562	0.0140713	0.0169005	0.0096526	0.0117604	0.0106464	0.00973554	0.00914246	0.0131269	0.0113461
PWY-1269: CMP-3-deoxy-D-manno-octulosonate biosynthesis	0.00148483	0.00212644	0.00705635	0.00417203	0.00183171	0.00220362	0.00366212	0.00161095	0.00251995	0.00251704	0.0015632	0.00364727	0.00229321	0.00412107	0.00170187	0.00251936	0.00493057	0.00139629	0.00358711	0.00451494	0.00110579	0.00249883	0.00285739	0.00325024	0.00305179	0.00403968	0.00417659	0.00389008	0.00326037	0.00287537	0.00263562	0.00319037	0.00175331	0.00194058	0.00680997	0.00325368	0.00140219	0.00679121	0.00497644	0.000884642	0.00297778	0.00479965	0.00270089	0.00127582	0.00270547	0.00296013	0.00584024	0.00259343	0.00291807	0.00226748	0.00206681	0.00325914	0.00317333	0.00224805	0.00248892	0.00154974	0.000900653	0.00270898	0.00168111	0.00251633	0.00271058	0.00228514	0.00319272	0.00282582	0.00131323	0.00310337	0.00277719	0.00418034	0.00235036	0.00404058	0.00247454	0.001317	0.00375531	0.00239312	0.000977536	0.00138917	0.00106281	0.00391231	0.00281438	0.00178582	0.00399479	0.00253833	0.00313285	0.00511429	0.0028326	0.00374476	0.00237897	0.00446914	0.00458136	0.00242268	0.00124594	0.0028411	0.00393117	0.00277292	0.00259145	0.00430866	0.00365699	0.00218024	0.00211515	0.00132227	0.00432886	0.00521692	0.00479664	0.00559565	0.00525305	0.00802196	0.00237789	0.00209083	0.00237557	0.00329009	0.0045664	0.00201439	0.00226837	0.00447188	0.00329976	0.00410898	0.00442292	0.00201115	0.00167857	0.00229707	0.0036127	0.00348562	0.00279732	0.00457784
PWY-1861: formaldehyde assimilation II (assimilatory RuMP Cycle)	0.000568873	0.000636428	4.79141e-05	0.000426774	0.0	0.000382367	6.99874e-05	0.00138298	0.000385757	0.000442924	0.000812083	0.00102217	0.000492711	0.000216906	0.000728523	0.000245936	0.0	0.00231125	0.00201255	0.00268276	0.00209399	0.0008173	0.00100912	0.000315684	0.000299984	0.000848573	0.0016956	0.000200157	0.000806727	0.00129343	0.000384496	0.000543897	0.00102913	0.000217937	3.70215e-05	0.000166382	0.000666623	8.8477e-05	5.88145e-05	0.000328794	0.000279385	0.0	0.000134826	0.000150985	0.000722534	0.000629403	0.0	0.000311564	9.09611e-05	0.000972311	0.00339921	0.00286321	0.000861456	0.000952892	0.00108616	0.0	6.53949e-05	0.00154359	0.0002957	0.000321495	0.00050262	0.0007267	0.000730098	0.00104088	0.000392315	0.000559909	0.00062214	0.000288672	0.00100709	0.0002444	0.000307511	0.000930497	0.000286041	0.00189569	0.000166551	0.000852201	0.000458014	0.000941163	0.0016125	0.000824557	0.0	0.000594524	0.000683622	0.00110951	0.000802479	0.00086225	0.000554062	6.91103e-05	0.00029551	8.4201e-05	0.00216511	0.000223926	0.00176756	9.96791e-05	0.000725059	0.000447139	7.10288e-05	0.000331404	0.000696922	0.000652609	0.000230941	0.000168083	0.000773943	0.000880815	4.81751e-05	0.000292932	0.000216194	0.000217398	0.000644446	0.00055323	0.000101491	0.000469029	0.000555201	6.90252e-05	0.00010989	0.000871649	0.000451206	0.000609758	0.000875514	0.000751215	0.000298521	0.00139855	0.000386934	0.000841847
PWY-2221: Entner-Doudoroff pathway III (semi-phosphorylative)	0.0	0.0	0.0	0.0	0.0	0.0	0.0	0.0	0.0	0.0	0.0	0.0	0.0	0.0	0.0	0.0	0.0	0.0	0.0	1.5565e-05	0.0	0.0	0.0	0.0	0.0	0.0	0.0	0.0	0.0	0.0	0.0	0.0	0.0	0.0	0.0	0.0	0.0	0.0	0.0	0.0	0.0	0.0	0.00010432	0.0	0.0	0.0	0.0	0.0	0.0	0.0	0.0	0.0	0.0	0.0	0.0	0.0	0.0	0.0	0.0	0.0	0.0	0.0	0.0	0.0	0.0	0.0	0.0	0.0	0.0	0.0	0.0	0.0	0.0	0.0	0.0	0.0	0.0	0.0	0.0	0.0	0.0	0.0	0.0	0.0	0.0	0.0	0.0	0.0	0.0	0.0	0.0	0.0	0.0	0.0	0.0	0.0	0.0	0.0	0.0	0.0	0.0	0.0	0.0	0.0	0.0	0.0	0.0	0.0	3.69358e-05	2.4977e-05	0.0	0.0	0.0	0.0	0.0	0.0	0.0	0.0	0.0	0.0	0.0	0.0	0.0	0.0
PWY-241: C4 photosynthetic carbon assimilation cycle, NADP-ME type	0.0	0.00174743	0.00110803	0.000578967	0.000765714	0.00100594	0.00297966	0.00062638	0.000518844	0.000925082	0.000135325	0.00232212	0.00128999	7.29285e-05	0.00310735	0.00103522	0.000304299	0.00167728	0.00123048	0.00340838	0.000750686	0.000966347	0.00297335	0.000537075	0.000609237	0.00251381	0.00221135	0.00257137	0.00174925	0.00296825	0.00130344	0.00184202	0.00076386	0.00030572	0.000326451	0.00256366	4.99181e-05	0.00115102	0.00219709	0.000948224	0.000519902	0.00106253	0.00137913	0.000265687	0.0	0.00110681	0.0	0.00249939	0.00045233	0.00128304	0.000291258	0.00260094	0.000566585	0.000950756	8.25905e-05	0.000157762	0.00021099	0.00243674	0.00016172	0.00386185	0.00165263	0.00051167	0.000809287	0.00151433	0.000921876	0.000389507	0.00130586	0.000800257	0.00135511	0.00312857	0.00259922	0.0015293	0.00132359	0.00269062	0.00198793	0.00135989	9.07744e-05	0.000539768	0.00159547	0.000599352	0.000448704	0.00154779	0.000271035	0.000735818	0.00227612	0.000161645	0.00139532	0.000730239	5.24461e-05	0.00111135	0.00219352	0.00295883	0.000493391	0.000538297	0.00149634	0.000325553	0.000679591	0.00185315	0.00117467	0.00175268	0.000466829	4.86975e-05	0.000814985	0.000172591	0.00231276	0.000782993	0.000779985	0.000375544	0.00125337	0.00216794	0.000929797	0.00267744	0.000172609	0.00228331	0.00087237	0.00184086	0.000785083	0.00245119	0.000805174	0.00202523	0.00095214	0.00206334	0.000273897	0.00192815
PWY-2941: L-lysine biosynthesis II	0.00216382	0.00162016	0.00146871	0.00220365	0.00212357	0.00392496	0.00162174	0.00233592	0.00331117	0.00580133	0.00120325	0.00198102	0.00361371	0.00213069	0.00250677	0.00372182	0.00152496	0.00142198	0.00437664	0.00184288	0.00719682	0.00370379	0.000872513	0.00200562	0.00423989	0.00140843	0.000931507	0.000872343	0.00326156	0.000922017	0.00240947	0.0028653	0.00299854	0.00228953	0.00153553	0.00254802	0.000733022	0.00134612	0.000669168	0.0039274	0.00372242	0.00490469	0.00650331	0.00194918	0.00539669	0.00358629	0.00166905	0.00158888	0.00177075	0.00191464	0.00422943	0.0023694	0.00124567	0.00356089	0.00188941	0.002289	0.00151113	0.00270551	0.00415373	0.00150076	0.00487035	0.00385482	0.00607303	0.00351677	0.00132879	0.00627429	0.00666387	0.00380616	0.00260406	0.00343768	0.00560613	0.00255363	0.00200047	0.00317906	0.00232011	0.00338857	0.000955127	0.00230124	0.00167483	0.00338442	0.00293173	0.00257993	0.00275032	0.00237294	0.00192392	0.00530127	0.00531198	0.00195375	0.00283275	0.00346973	0.00256304	0.0021538	0.00397515	0.00161106	0.00178714	0.00161569	0.00189969	0.00105357	0.00534021	0.00406153	0.00190893	0.00128005	0.00357284	0.00180711	0.00145911	0.00192559	0.00115719	0.00256342	0.00357286	0.00371662	0.006722	0.00255242	0.0032576	0.000933697	0.00416952	0.00218873	0.00105671	0.00413981	0.00283844	0.00436441	0.00503149	0.00204577	0.00190459	0.0011561
PWY-2942: L-lysine biosynthesis III	0.00988674	0.00981315	0.0106951	0.00850828	0.00827614	0.0114558	0.00457917	0.00952597	0.00894384	0.00880367	0.0103157	0.00606349	0.00831467	0.00845311	0.00867152	0.009948	0.0100331	0.00596456	0.00852924	0.00990256	0.00934079	0.00833749	0.00590229	0.00879974	0.00859023	0.00637609	0.00595888	0.00568757	0.007441	0.00608814	0.00789671	0.00951637	0.00971085	0.00850547	0.0105208	0.00608087	0.00824249	0.0117406	0.0073905	0.00790959	0.00824351	0.00957331	0.0103693	0.0078868	0.00938839	0.00841471	0.0106732	0.00631146	0.00885514	0.00682941	0.00829732	0.00902927	0.00848882	0.00920273	0.00905879	0.00994452	0.00914556	0.00964515	0.00895725	0.00872978	0.00817412	0.00841032	0.00879612	0.00737818	0.00708034	0.00763098	0.00967252	0.00880731	0.00885701	0.00624883	0.00682122	0.00850272	0.00916777	0.00812376	0.008529	0.00790717	0.00958834	0.00843131	0.00805937	0.00804273	0.011629	0.00928989	0.00951494	0.0101755	0.00870018	0.00985916	0.00835804	0.00774496	0.00983793	0.00825063	0.0103235	0.00546094	0.00860893	0.00885208	0.00896624	0.0100407	0.00958514	0.00727099	0.00916695	0.00993857	0.00793444	0.0100393	0.00791874	0.0112109	0.00779634	0.0124345	0.00928201	0.0083747	0.00868312	0.00772933	0.0105414	0.010236	0.00931999	0.00811898	0.00899291	0.00814678	0.0094695	0.0101842	0.00861348	0.0073227	0.00764376	0.00621976	0.00864097	0.00884113
PWY-3001: superpathway of L-isoleucine biosynthesis I	0.00657136	0.0065067	0.00619644	0.00611498	0.00629259	0.00737881	0.00497259	0.00661517	0.00704149	0.00690188	0.00609387	0.00603741	0.0061031	0.00690528	0.00796497	0.00668568	0.00651222	0.00488752	0.00574507	0.00763935	0.00434402	0.00716597	0.00538938	0.00790225	0.00562317	0.00608626	0.00587101	0.00558444	0.00605408	0.00527622	0.00748283	0.00811659	0.00682925	0.00669776	0.00621015	0.00552618	0.00764188	0.00629803	0.0059428	0.00629628	0.00614644	0.00615455	0.00675257	0.00643436	0.00730066	0.0070122	0.00584511	0.00540732	0.00569123	0.00595847	0.00584357	0.00721548	0.00729643	0.0072087	0.00735285	0.00667475	0.00695183	0.0079594	0.00713588	0.00832094	0.00702235	0.00627859	0.00763558	0.00686616	0.00605358	0.00581811	0.00763579	0.00664799	0.00720842	0.00503651	0.00681569	0.00756919	0.0069582	0.00791318	0.00718991	0.00700158	0.00644385	0.00662502	0.00627926	0.00594622	0.00615412	0.00725252	0.00698027	0.00676662	0.00790509	0.00658664	0.00734812	0.00746435	0.00707957	0.00566952	0.00652254	0.00525461	0.00458143	0.0061305	0.0061693	0.00664531	0.00768342	0.00520878	0.00696115	0.00603435	0.00726529	0.0060856	0.00594837	0.00701793	0.00572407	0.00622733	0.00554224	0.0070301	0.00673537	0.00660004	0.00602768	0.0063333	0.00652514	0.00641474	0.00690511	0.00768868	0.00669244	0.0077966	0.00679282	0.00736857	0.00647872	0.00470603	0.00665609	0.00548055
PWY-3781: aerobic respiration I (cytochrome c)	0.0	0.0	0.0	0.0	0.0	0.0	7.68345e-06	0.0	0.0	0.0	0.0	0.0	0.0	0.0	0.0	0.0	0.0	0.0	0.0	0.0	0.0	0.0	0.0	0.0	0.0	0.0	0.0	0.0	0.0	0.0	0.0	0.0	0.0	0.0	0.0	0.0	0.0	0.0	0.0	0.0	0.0	0.0	0.0	4.33444e-05	0.0	0.0	0.0	0.0	0.0	0.0	0.0	0.0	0.0	0.0	0.0	0.0	0.0	0.0	0.0	0.0	0.0	0.0	0.0	1.54518e-05	0.0	0.0	0.0	0.0	0.0	0.0	0.0	0.0	0.0	0.0	0.0	0.0	0.0	0.0	0.0	0.0	0.0	0.0	0.0	0.0	0.0	0.0	0.0	0.0	0.0	0.0	0.0	0.0	0.0	0.0	0.0	0.0	0.0	0.0	0.0	0.0	0.0	0.0	0.0	0.0	0.0	0.0	7.69525e-06	0.0	0.0	5.15917e-05	0.0	0.0	0.0	0.0	0.0	0.0	0.0	0.0	0.0	0.0	0.0	0.0	0.0	0.0
PWY-3801: sucrose degradation II (sucrose synthase)	0.0	0.0	0.0	0.0	0.0	0.0	0.0	0.0	0.0	0.0	0.0	0.0	0.0	0.0	0.000126253	0.0	0.0	0.0	0.0	0.0	0.0	0.0	0.000503662	0.0	0.0	0.0	0.0	0.0	0.0	0.0	0.0	0.0	0.0	0.0	0.0	0.0	0.0	0.0	0.0	0.0	0.0	0.0	0.0	0.0	0.0	0.0	0.0	0.0	0.0	8.84714e-05	0.0	0.0	0.0	0.0	0.0	0.0	0.0	0.0	0.0	0.0	0.0	0.0	0.0	0.0	0.000154731	0.0	0.0	0.0	0.0	0.000521148	0.0	0.0	0.0	0.0	0.0	0.0	0.0	9.43754e-05	0.0	0.0	0.0	0.0	0.0	0.0	0.0	0.0	0.0	0.0	0.0	0.0	0.0	0.0	0.0	0.0	0.000277349	0.00031458	0.0	0.0	0.0	0.0	0.0	0.0	0.0	0.000131201	0.000240835	0.0	0.0	0.0	0.0	0.0	0.0	0.0	0.0	0.000145099	0.0	0.0	0.0	0.0	0.0	0.0	0.0	0.0	0.0	0.0
PWY-3841: folate transformations II (plants)	0.0103943	0.0120756	0.0119712	0.0103172	0.0100387	0.0144429	0.00433277	0.0116669	0.0109869	0.00929465	0.0190146	0.00673256	0.0105109	0.0115013	0.00990653	0.0116056	0.012114	0.00630367	0.00803578	0.0103915	0.00957158	0.00943973	0.00677462	0.0103381	0.0115795	0.00757536	0.00657092	0.00703356	0.00804958	0.00658904	0.00906236	0.0112125	0.0138025	0.0107867	0.0120736	0.00651152	0.0129418	0.0118921	0.0077075	0.0099685	0.00985246	0.0101854	0.0105018	0.0114284	0.0124526	0.0104897	0.0125523	0.00714122	0.0101346	0.0089525	0.0102785	0.0102157	0.00960972	0.00975194	0.0138548	0.0109621	0.0117823	0.00997981	0.0108553	0.00897038	0.00892376	0.00973212	0.0100249	0.00770717	0.0107402	0.00965114	0.0105712	0.00982754	0.0106765	0.00559584	0.00775389	0.0106642	0.0106947	0.00840781	0.0129263	0.00816337	0.0118885	0.0103091	0.00980871	0.0108686	0.0146079	0.0107086	0.0105455	0.0101924	0.0106706	0.0100341	0.0095055	0.00931102	0.0112761	0.00896073	0.0102476	0.0047038	0.00899047	0.0123589	0.0115455	0.0104106	0.0116703	0.00710807	0.0110613	0.0147288	0.00902265	0.0129626	0.00942263	0.0109686	0.00815683	0.0117679	0.0114825	0.00965325	0.00987523	0.00919367	0.0104455	0.011354	0.0120058	0.00930961	0.0105466	0.00994968	0.0114741	0.00999941	0.0099476	0.00862317	0.00855864	0.0059714	0.0103767	0.00838726
PWY-4041: &gamma;-glutamyl cycle	0.000270727	0.00139862	0.000942351	0.000808311	0.000844299	0.00154717	0.00357569	0.000544624	0.000891049	0.000655104	0.000429809	0.00228193	0.00168807	0.000321411	0.00188127	0.000714967	0.000433775	0.00222512	0.00214315	0.00191321	0.00100534	0.000917501	0.00263722	0.000415907	0.000741813	0.00198819	0.00230535	0.00220129	0.00229571	0.00277744	0.0011208	0.00115512	0.000795344	0.00145843	0.000270642	0.00250882	0.000553532	0.00051519	0.00163054	0.00156093	0.000718924	0.000574924	0.00101601	0.000496891	0.000796646	0.00152475	0.000353923	0.00228489	0.000945789	0.00174027	0.000653182	0.00168616	0.00151853	0.00134075	0.000646944	0.000211422	0.000592299	0.00242222	0.000402826	0.00289399	0.00164495	0.000798552	0.00093457	0.00194218	0.0013543	0.000905364	0.00135464	0.0010062	0.00147439	0.00288443	0.00276864	0.0015984	0.00120835	0.00244673	0.00119875	0.00204319	0.000865423	0.00065826	0.00133461	0.00108654	0.000146553	0.00116413	0.00103062	0.000936082	0.00196117	0.00160021	0.0015273	0.00114826	0.000494714	0.000967353	0.00186035	0.0033903	0.000748671	0.00112543	0.00108839	0.00107216	0.000901025	0.00203556	0.00134947	0.0011171	0.00117205	0.0012849	0.000972311	0.000285058	0.00169196	0.000361509	0.000751345	0.00381289	0.00150276	0.00153072	0.000635266	0.00142737	0.000876993	0.00124005	0.00120498	0.00121804	0.00070645	0.00329905	0.000808356	0.00138784	0.00115982	0.00278624	0.000826525	0.00160257
PWY-4361: S-methyl-5-thio-&alpha;-D-ribose 1-phosphate degradation I	0.0	0.0	0.0	0.0	0.0	0.0	0.0	0.0	0.0	0.0	0.0	1.41932e-05	0.0	0.0	0.0	0.0	0.0	0.0	0.0	0.0	0.0	0.0	0.0	0.0	0.0	0.0	0.0	0.0	0.0	0.0	0.0	0.0	0.0	0.0	0.0	0.0	0.0	0.0	0.0	0.0	0.0	0.0	0.0	0.0	0.0	0.0	0.0	0.0	0.0	0.0	0.0	0.0	0.0	0.0	0.0	0.0	0.0	0.0	0.0	0.0	0.0	0.0	0.0	0.0	0.0	0.0	0.0	0.0	0.0	0.0	0.0	0.0	0.0	0.0	0.0	0.0	0.0	0.0	0.0	0.0	0.0	0.0	0.0	0.0	0.0	0.0	0.0	0.0	0.0	0.0	0.0	0.0	0.0	0.0	0.0	0.0	0.0	0.0	0.0	0.0	0.0	0.0	0.0	0.0	0.0	0.0	0.0	0.0	0.0	0.0	0.0	0.0	0.0	0.0	0.0	0.0	0.0	0.0	0.0	0.0	0.0	0.00010838	0.0	0.0
PWY-4984: urea cycle	0.0042392	0.00359964	0.000173957	0.0055328	0.00511555	0.00698121	0.00146322	0.00446734	0.00396305	0.00538749	0.00274827	0.000992844	0.00336931	0.00276699	0.00343996	0.00395489	0.00119779	0.00170654	0.00273298	0.0012189	0.000486167	0.00494596	0.00195996	0.00214367	0.00492746	0.000926977	0.0010446	0.00174651	0.00409993	8.92265e-05	0.00405004	0.00203411	0.00252054	0.00345881	0.00100024	0.00232678	0.000553139	0.00181678	0.00130803	0.00291116	0.00157959	0.00244523	0.00397076	0.00186225	0.00346404	0.00404087	0.000974528	0.00286056	0.00359878	0.00243754	0.0026273	0.00244311	0.00258621	0.00493131	0.00152237	0.00536102	0.00338907	0.00332059	0.00452044	0.00426846	0.00462403	0.00437194	0.00579501	0.00266927	0.00237144	0.00324338	0.00345336	0.00170967	0.00577103	0.00251817	0.00170792	0.00389655	0.00549469	0.00440786	0.00215519	0.00203039	0.00202994	0.0028131	0.00128498	0.0025245	0.00557554	0.00054394	0.00310513	0.00258185	0.00437741	0.00316215	0.00309744	0.00168705	0.00326674	0.00171082	0.005901	0.00234003	0.0036185	0.0022478	0.00239144	0.00260942	0.00265382	0.00365701	0.00362034	0.000640659	0.00194956	0.00444498	0.00361518	0.00315631	0.00193643	0.000692435	0.00304667	0.00550894	0.00424556	0.00478355	0.00326953	0.00257728	0.00290998	0.00134501	0.00386261	0.00202597	0.00325244	0.00320443	0.00488975	0.00270016	0.00444463	0.00357157	0.00406856	0.00279771
PWY-5004: superpathway of L-citrulline metabolism	0.0	0.0	7.42907e-05	0.00017201	0.0	0.0	0.000193594	0.000442605	0.000231615	0.0	0.0	0.000227239	0.000212915	0.0	0.000268358	0.0	0.000205454	0.0	0.0	0.0	3.93812e-05	0.0	0.000401587	0.0	0.000215219	7.21259e-05	0.000268573	0.000609218	0.000145756	0.000134124	3.08806e-05	0.000201198	0.00016154	0.0	0.000130875	0.000112798	0.0	0.0	0.000153806	0.0	0.000286861	0.0	0.0	0.0	0.000205759	7.55856e-05	0.0	0.0	0.000156952	8.40195e-05	0.0	6.76848e-05	0.0	0.0	0.0	0.0	0.0	0.0	0.0	0.0	0.000102342	0.000116005	0.0	5.35364e-05	0.00031572	0.0	3.01364e-05	8.94122e-05	0.00019612	9.1617e-05	0.0	0.000105924	0.0	0.0	8.25505e-05	0.000100878	0.0	5.27685e-05	0.0	7.66582e-05	0.0	0.000177759	5.29365e-05	0.0	0.0	0.0	0.0	6.30377e-05	0.0	0.0	0.000255667	2.67477e-05	0.0	0.000335506	0.000420558	6.58092e-05	0.0	0.0	0.000306818	0.000122652	0.0	0.0	0.0	0.000215372	7.05829e-05	9.65642e-05	4.38966e-05	0.0	0.00016776	0.0	0.0	0.0	0.000402185	0.00026489	0.00030122	0.000210803	0.0	0.0	0.0	0.0	0.0	2.12346e-05	0.0	0.0
PWY-5005: biotin biosynthesis II	8.98302e-05	0.000496213	0.00042164	6.88465e-05	0.00026838	0.000575523	0.000281552	0.000672342	0.000663895	0.000471995	0.000341943	0.000348272	0.0	0.00135203	8.85942e-05	9.12727e-05	0.000316564	0.000266807	0.00128321	0.000181064	0.0	8.89254e-05	0.0	0.0	0.0	0.000448041	0.000258548	0.0	0.00033469	0.00010196	2.50237e-05	0.0	0.000108503	0.000497732	1.72521e-05	0.000131604	0.0	0.0	0.000366356	0.000473382	0.0003154	0.0	0.000101328	4.81102e-05	0.00109886	0.000414488	0.000580203	0.0	0.000513685	0.000189696	0.000325336	0.000465961	0.0	0.000236087	0.00100897	0.00120978	0.000114785	0.000144518	0.000350533	0.000639709	0.00039366	0.000119174	0.0	0.000570439	0.000100247	0.00054696	7.18983e-05	0.000177928	0.00048863	0.000331206	0.000383905	0.000172872	0.000170926	0.000200582	4.89009e-05	0.000198252	0.000255845	0.000678741	0.0	0.000904103	0.000338202	0.000239711	0.000494674	0.000835	0.0004457779999999	0.000410532	0.000131296	0.000612305	0.000459763	0.000688828	0.000462601	8.03156e-05	0.00050225	0.000339665	0.000518917	0.0	0.000129753	0.00112456	0.00057909	0.0	0.000647508	0.000242731	6.97351e-05	0.000356126	0.00083402	0.000214525	0.000578913	0.000271505	0.000135908	0.000767508	8.24263e-06	0.000302141	0.000838511	0.000377389	0.00069257	0.000241317	0.000509368	0.0	0.00137689	0.000479038	0.000240159	0.000282622	0.000234947	0.000282965
PWY-5022: 4-aminobutanoate degradation V	0.000143828	0.0	0.0	0.000459637	0.0	0.000241004	0.00132969	0.000643438	0.000116955	0.000168029	0.000424205	0.000307559	0.000977985	8.18578e-05	0.000477623	0.000198776	0.000443187	0.000897883	0.000629374	0.000161279	0.000394306	0.00022977	0.0	0.0	0.0	0.000600555	0.00084512	0.00127972	0.00106887	0.000139062	0.000218501	0.000104379	0.000119908	0.0	7.09691e-05	0.00185014	0.000329742	0.0	0.000803382	0.000880535	0.000313835	0.000354811	0.000776981	0.000118908	0.00011952	0.0	0.0	0.00145105	0.00120979	0.0	0.0	0.000259092	0.000295379	0.000358493	0.000240251	0.000139674	0.0	0.0	0.000132611	0.000105031	0.000341453	0.00154653	0.000216304	0.000353529	0.000709966	0.000456006	0.000235972	4.14037e-05	0.000364998	0.0	0.00132384	0.000576079	0.000192773	0.000818786	0.00064244	0.000230374	0.000393885	0.0	0.0	0.000495224	0.000163207	0.00015365	0.000652323	6.80051e-05	6.24617e-05	0.000119167	0.000329609	0.0	0.000162839	0.00015843	0.00093592	0.000611973	0.000588546	0.0	0.000955697	0.000325821	0.000215117	0.00169105	0.000528484	0.000886707	0.0	0.000412659	0.000371781	0.000116982	0.00108475	0.000298916	0.00017684	0.000337146	0.000364351	7.38406e-05	0.000123283	0.000340641	0.000829859	0.000628737	0.0006943	0.0	0.000139774	0.000296179	0.0	0.0	0.000990378	0.00196483	0.000113341	0.00103299
PWY-5028: L-histidine degradation II	0.0	0.0	0.0	0.0	0.0	0.0	0.0	0.0	0.0	0.0	0.0	1.08657e-05	0.0	0.0	0.0	0.0	0.0	0.0	0.0	0.0	0.0	0.0	0.0	0.0	0.0	0.0	0.0	0.0	0.0	0.0	0.0	0.0	0.0	0.0	0.0	0.0	0.0	0.0	0.0	0.0	0.0	0.0	0.0	0.0	0.0	0.0	0.0	0.0	0.0	0.0	0.0	0.0	0.0	0.0	0.0	0.0	0.0	0.0	0.0	0.0	0.0	0.0	0.0	0.0	0.000186507	0.0	0.0	0.0	0.0	6.14221e-05	0.0	0.0	0.0	0.0	0.0	0.0	0.0	0.0	0.0	0.0	0.0	0.0	0.0	0.0	0.0	0.0	0.0	0.0	0.0	0.0	0.0	0.0	0.0	0.0	0.0	0.0	0.0	0.0	0.0	0.0	0.0	0.0	0.0	0.0	0.0	0.0	0.0	0.0	0.0	0.0	0.0	0.0	0.0	0.0	0.0	0.0	0.0	0.0	0.0	0.0	0.0	2.5261e-05	0.0	0.0
PWY-5030: L-histidine degradation III	0.00392502	0.00291555	0.000342702	0.00620528	0.00375123	0.00304798	0.00118238	0.00380303	0.00474343	0.00478277	0.00311964	0.000672007	0.00395701	0.00183222	0.00354616	0.00205231	0.00152753	0.000756539	0.00579204	0.0055433	0.00136707	0.00475542	0.00234301	0.00228572	0.00500724	0.00125195	0.0017348	0.00148765	0.00387504	0.000120653	0.00264808	0.00144922	0.00245459	0.00288755	0.00158962	0.00235635	0.000807239	0.00146422	0.000986695	0.00208623	0.00410813	0.00360076	0.00630308	0.000215679	0.00258781	0.00381151	0.00163465	0.00187959	0.00311406	0.00293656	0.00382431	0.0039845	0.00343096	0.00423146	0.00283964	0.00547241	0.00381998	0.00293171	0.00538253	0.00305398	0.00310186	0.00504466	0.00528924	0.00285367	0.00179755	0.00333692	0.00315477	0.00526022	0.00388757	0.00282491	0.00361192	0.00238681	0.00538098	0.00362435	0.00124627	0.00222852	0.00276531	0.00218918	0.00147277	0.00540025	0.00541401	0.00327352	0.00233432	0.00180845	0.00298401	0.00372907	0.00245758	0.00166432	0.00216843	0.00546798	0.00117877	0.00031816	0.00667337	0.0042212	0.00350366	0.00510155	0.00313758	0.00255561	0.00229123	0.00169496	0.00187218	0.00632109	0.00578609	0.00145632	0.00137111	0.000644612	0.00429026	0.00557324	0.003298	0.00488431	0.00802988	0.00170611	0.00326769	0.0017249	0.00438344	0.00174719	0.00236404	0.00282672	0.00309447	0.0033219	0.00561768	0.00394747	0.00558168	0.00279315
PWY-5055: nicotinate degradation III	0.0	0.0	0.0	5.40655e-05	0.0	0.0	0.0	0.0	9.31382e-06	0.0	0.0	0.0	0.0	0.0	0.0	0.0	0.0	0.0	0.0	6.48555e-06	0.0	0.0	0.0	0.0	0.0	0.0	0.0	0.0	0.0	0.0	0.0	0.0	0.0	0.0	0.0	0.0	0.0	0.0	0.0	0.0	0.0	0.0	0.0	0.0	0.0	0.0	0.0	0.0	0.0	0.0	0.0	0.0	0.0	0.0	0.0	0.0	0.0	0.0	0.0	0.0	0.0	0.0	0.0	0.0	0.0	0.0	0.0	0.0	0.0	0.0	0.0	0.0	0.0	0.0	0.0	0.0	0.0	0.0	0.0	0.0	0.0	0.0	0.0	0.0	0.0	0.0	0.0	0.0	0.0	0.0	0.0	0.0	0.0	0.0	0.0	0.0	0.0	0.0	2.14011e-05	0.0	0.0	0.0	0.0	0.0	0.0	0.0	0.0	0.0	0.0	0.0	0.0	0.0	0.0	0.0	0.0	0.0	0.0	1.04851e-05	0.0	0.0	0.0	0.0	0.0	0.0
PWY-5088: L-glutamate degradation VIII (to propanoate)	0.0	0.0	0.0	8.70357e-06	0.0	0.0	0.0	0.0	0.0	0.0	0.0	0.0	0.0	0.0	0.0	0.0	0.0	0.000380488	3.09924e-05	0.0	0.0	0.0	0.000370751	0.0	0.0	0.0	0.0	0.000296399	0.0	0.000116864	0.0	0.0	0.0	0.0	0.0	0.000191534	0.0	0.0	0.000213095	2.9884e-05	0.0	0.0	0.0	0.0	0.0	0.0	0.0	0.000279551	0.0	0.0	0.0	1.68181e-05	0.0	4.26067e-05	0.0	0.0	0.0	0.0	0.0	0.0	0.0	0.0	0.0	0.0	0.0	0.0	0.0	0.0	0.0	0.000183349	4.05874e-05	0.0	0.0	0.0	0.0	0.0	0.0	0.0	5.15612e-05	0.0	0.0	0.0	0.0	0.0	0.0	0.0	0.0	0.0	0.0	0.0	0.0	0.0	8.87817e-06	0.0	0.0	0.0	0.0	3.30062e-05	8.94241e-06	8.15199e-05	0.0	0.0	0.0	0.0	0.0	0.0	0.0	0.0	0.0	0.0	0.0	0.0	0.0	0.0	0.0	0.0	0.0	0.0	0.0	0.0	0.0	0.00024048	0.0	0.0
PWY-5097: L-lysine biosynthesis VI	0.0103274	0.00998547	0.0113029	0.00879492	0.00882757	0.0117961	0.00468657	0.00988122	0.00885992	0.00901455	0.0109401	0.00708787	0.00889953	0.00986624	0.00880177	0.0113187	0.0110447	0.00662227	0.008285	0.00993889	0.00926068	0.00903896	0.00618962	0.00970689	0.00941328	0.00745301	0.00701962	0.00649304	0.00754284	0.00615247	0.00886505	0.01062	0.0101747	0.0101321	0.0123947	0.00621262	0.011573	0.0126197	0.00808096	0.00873377	0.00831774	0.0104114	0.0107135	0.00907042	0.00967257	0.00881476	0.0114357	0.00646578	0.0095454	0.00725284	0.00856132	0.00945612	0.00916247	0.00937187	0.0102139	0.0102995	0.00995545	0.00977189	0.0092504	0.00934317	0.0089481	0.00898571	0.00907984	0.00763013	0.00830685	0.00801388	0.00985726	0.00909235	0.0090251	0.00613197	0.00732538	0.00920217	0.00931605	0.00864044	0.0105665	0.00867522	0.0110814	0.0101148	0.00908341	0.00829246	0.0116845	0.00978485	0.0104706	0.0106856	0.00972177	0.0103077	0.00887879	0.00949399	0.010772	0.00848193	0.0113092	0.00547358	0.0085426	0.00932628	0.00960561	0.0102666	0.00983982	0.00757921	0.010007	0.0104491	0.00929641	0.0102397	0.00833843	0.0118417	0.00836074	0.0130001	0.00960262	0.00833099	0.00881637	0.0078047	0.0100067	0.0104098	0.0100515	0.00903651	0.00932896	0.0096681	0.0109416	0.0102532	0.0090379	0.00824352	0.00745189	0.00600748	0.0089174	0.00863518
PWY-5100: pyruvate fermentation to acetate and lactate II	0.0031017	0.00305601	0.00414425	0.00303545	0.00346706	0.00236808	0.00275014	0.004507	0.00318174	0.00404305	0.00272398	0.00293943	0.00349332	0.00464604	0.00438893	0.00350569	0.00428369	0.00508432	0.00241768	0.00382265	0.002447	0.00306641	0.0029109	0.00361354	0.00271256	0.00286984	0.00221757	0.00186285	0.00227418	0.00264522	0.00408845	0.00361465	0.00510246	0.00306803	0.00354158	0.00231766	0.00424696	0.00433877	0.00297827	0.00433842	0.0024912	0.00365268	0.00343504	0.00625733	0.00444885	0.00387288	0.00333124	0.00216366	0.00408644	0.00328181	0.00264237	0.00400194	0.0042998	0.00391501	0.00300525	0.00364436	0.00442286	0.00433995	0.0041083	0.0046191	0.00358935	0.00279564	0.00314289	0.00315046	0.00469936	0.00420119	0.00377404	0.00337523	0.00376371	0.00210625	0.00288579	0.0051292	0.00296464	0.00451012	0.00400892	0.00480195	0.00500926	0.00485965	0.00459624	0.00243242	0.00140537	0.00438124	0.00510769	0.00454522	0.0037112	0.00327114	0.00528505	0.00417156	0.00446455	0.0037593	0.00749975	0.00329784	0.00258338	0.00225424	0.00362711	0.00213274	0.00382237	0.00266952	0.00518771	0.00342883	0.00405184	0.00148788	0.0024634	0.00449108	0.00329029	0.00398407	0.00209099	0.00396223	0.00264102	0.00451367	0.00160162	0.00546746	0.00355936	0.00481382	0.0018314	0.00431067	0.00377221	0.00566176	0.00372021	0.00404348	0.0021961	0.00118066	0.00320482	0.00198547
PWY-5103: L-isoleucine biosynthesis III	0.00916039	0.00630869	0.0133049	0.00808673	0.00834841	0.00989928	0.00562282	0.00934618	0.00853709	0.00835832	0.00709103	0.00892351	0.00718281	0.0116897	0.00922877	0.0102068	0.0130348	0.00773619	0.00731393	0.0104693	0.00972647	0.00898413	0.00768664	0.0120165	0.00783728	0.010196	0.00867004	0.00683064	0.00624399	0.00544611	0.00744838	0.0123072	0.00865211	0.00786471	0.0164976	0.00630594	0.00843499	0.0180092	0.0117228	0.00620254	0.00825494	0.00945347	0.00815133	0.00929408	0.00823888	0.00923237	0.0136303	0.00713106	0.00872524	0.00594829	0.00644867	0.0090207	0.00887822	0.00901263	0.00908287	0.00862858	0.00935081	0.00912045	0.00799735	0.010052	0.00811561	0.00771585	0.00761305	0.00868882	0.00654793	0.0081074	0.00818856	0.00841711	0.00907811	0.00603172	0.00684915	0.00885838	0.00892116	0.0087796	0.00861216	0.00732021	0.00858486	0.0121648	0.00729573	0.00867079	0.00991949	0.00924579	0.0120041	0.0141487	0.00917465	0.0124593	0.00853262	0.0116669	0.0136985	0.00698375	0.00706402	0.00710367	0.00774681	0.00743091	0.00776534	0.00850714	0.00973279	0.00642659	0.00826333	0.00729439	0.0119929	0.00715495	0.00828026	0.0157458	0.0114229	0.0168634	0.00833867	0.00599008	0.00817506	0.00905642	0.00941481	0.00760751	0.00780819	0.0111621	0.00944561	0.0119637	0.0133128	0.00864373	0.00736885	0.00811067	0.0076965	0.00469419	0.00765606	0.00639878
PWY-5104: L-isoleucine biosynthesis IV	0.0	0.0	0.0	0.00018469	0.0	0.000161223	0.0012994	0.0	2.59059e-05	0.000185486	0.0	0.000551729	0.000664073	0.0	7.2827e-05	0.0	0.0	0.000190379	0.000286149	0.0	0.000327509	0.000208642	0.00126994	0.0	0.0	0.000675871	0.0013894	0.001433	0.001566	0.000255626	2.20235e-05	0.0	0.0	0.0	1.76124e-05	0.00153552	0.0	0.0	0.000786266	0.000137122	0.000202104	0.0	1.09342e-05	4.20852e-05	3.35999e-05	0.0	0.0	0.00133133	0.00027936	0.000614462	0.0	0.0	0.0	9.55812e-05	8.82163e-06	0.0	0.0	9.48837e-05	0.0	7.21635e-05	1.3711e-05	0.0	7.44753e-05	0.000595601	0.0	0.000238183	0.000156648	1.50022e-05	6.62067e-05	0.00130186	0.000875209	1.28658e-05	8.38207e-05	0.0	6.22767e-05	0.000221491	0.0	0.0	0.000504755	0.000504629	0.0	0.0	0.000136413	1.02893e-05	0.0	6.91594e-05	0.0	0.000137662	0.0	0.0	0.000290305	0.00228552	0.00036035	0.0	0.0	0.0	2.53618e-05	0.00136446	8.28557e-05	0.000314968	8.58988e-05	0.0	0.000292998	0.0	0.000908013	3.89338e-05	0.0	0.0	0.000423234	3.90403e-05	6.16488e-05	8.90982e-05	0.0	0.000466978	0.000214628	0.000131183	6.20675e-05	0.0	8.08732e-05	0.0	0.000707627	0.00151076	0.0	0.000769056
PWY-5121: superpathway of geranylgeranyl diphosphate biosynthesis II (via MEP)	0.00395396	0.00284798	0.00107587	0.00251386	0.00306694	0.0	0.00243165	0.00182498	0.00412163	0.00319842	0.00177204	0.00102955	0.0010775	0.00155795	0.00346221	0.00233265	0.00209379	0.00271905	0.00554386	0.000655692	0.00114099	0.00443382	0.00228246	0.00263171	0.00376597	0.00157587	0.00268768	0.00207231	0.00234373	0.000407491	0.00299825	0.00153026	0.00154943	0.00324762	0.0017651	0.00275691	0.00205878	0.0012912	0.00150591	0.00327882	0.00388585	0.00150392	0.00199119	0.00130436	0.00198339	0.00305072	0.00102719	0.00215732	0.00261242	0.00361653	0.00427581	0.00275688	0.00266414	0.00325035	0.00149622	0.00333942	0.00324359	0.00220552	0.00596824	0.00324721	0.00318733	0.00461736	0.00375654	0.00353668	0.00271054	0.000869031	0.00221237	0.00351974	0.00272418	0.00181935	0.00466761	0.00405482	0.00425371	0.00426628	0.00159488	0.00436011	0.00209174	0.00277449	0.00206844	0.00192955	0.0	0.00331147	0.00266341	0.00309977	0.00248789	0.00307224	0.00231601	0.00307186	0.0029507	0.0059265	0.000838999	0.000398225	0.0052883	0.00266548	0.00257182	0.00271521	0.00259027	0.00438947	0.00212158	0.00221236	0.00307093	0.00402931	0.00309321	0.00225832	0.00121951	0.00076442	0.00199713	0.00561271	0.0031687	0.00150406	0.00408537	0.000482486	0.00219277	0.0014062	0.0027161	0.00204994	0.00226725	0.00101957	0.00423538	0.00447185	0.00490936	0.00473668	0.00483036	0.00332163
PWY-5130: 2-oxobutanoate degradation I	0.000798314	9.80995e-05	0.000281969	0.000290859	0.000422744	0.000567917	0.000134651	0.00121591	0.00130797	0.00174746	0.00154731	0.000480663	0.00170941	0.000624006	0.0	0.000584232	0.00066257	0.000221561	0.00186244	2.78259e-05	0.0	0.00130537	0.000659339	0.000438349	0.00180353	4.29319e-05	0.000639312	0.000235747	0.000549774	8.62235e-05	0.000394159	0.000525527	0.00123689	0.0012949	0.000873571	0.000564041	0.000550498	0.00102546	0.000521023	0.000632601	0.000695219	0.001858	0.00324056	0.0	0.000587641	0.00131404	0.00042082	0.000475876	0.000923739	0.00041162	0.000860516	0.000265533	0.00094169	0.00166821	0.00172802	0.00185055	0.00175589	0.00124641	0.00108179	0.000538215	0.000856351	0.00130762	0.0	0.00130371	0.000618556	0.000372408	0.00105008	0.000581206	0.00116142	0.000368138	0.000429859	0.000164419	0.00107111	0.00035508	0.000373662	0.000795651	0.000869525	0.00110203	0.000930266	0.00295927	0.00203805	0.000871066	0.000122006	0.000335542	0.00110895	0.000307631	0.000748375	0.000884512	0.000768255	0.00040609	0.0	2.45092e-05	0.000899874	0.00195374	0.00167537	0.00062972	0.00113314	0.0010153	0.00143883	0.000457743	0.000812497	0.00140178	0.000715769	0.000129288	0.000609259	0.000716936	0.00208613	0.000154824	0.00170022	0.000532202	0.000779989	0.000739091	0.000928041	0.000761811	0.00183474	0.00104043	0.000863039	0.000302166	0.000431291	0.000481478	0.00115008	0.000981716	0.0	0.000493127
PWY-5136: fatty acid &beta;-oxidation II (plant peroxisome)	0.000296828	7.83736e-05	0.000232976	0.000711432	0.0	0.000387543	0.00529109	0.000641836	0.000171448	0.000488307	0.0	0.00225611	0.00141234	0.000271265	0.000607097	5.59409e-05	0.000119107	0.00228593	0.00107248	0.000237137	0.000487212	0.000662206	0.00284714	5.29071e-05	4.55098e-05	0.0024493	0.00265603	0.00235816	0.00219649	0.00391222	0.000316777	8.70313e-05	0.000371665	0.0	5.38705e-05	0.00291397	0.000131636	5.15258e-05	0.00129816	0.000825871	0.000930857	0.00022715	0.000524212	0.00042745	0.000233105	5.5135e-05	0.000199702	0.00210367	0.000709372	0.00138214	9.58569e-05	0.000332055	0.000237578	0.000655532	8.26779e-05	0.00022266	0.000131043	0.00042328	0.000295116	0.000286882	0.000280504	7.75703e-05	0.000198873	0.000813505	0.000606616	0.000333568	0.000478016	0.000245846	0.000485059	0.00324919	0.00199531	9.86966e-05	0.000274704	0.000175364	0.000607217	0.0004468	0.0	0.000178796	0.00118407	0.000856971	0.000439917	0.000121686	0.000397653	0.000144881	0.000297683	0.000341303	0.000721046	0.000451201	6.74684e-05	0.000321374	0.00097143	0.00485152	0.000826256	0.000231197	0.000670658	0.000666751	0.00032096	0.00207731	0.000382186	0.00110484	0.000560673	6.895e-06	0.000719388	6.79429e-05	0.00182743	0.000384439	0.000208418	0.000291314	0.00103779	0.000410587	0.000550639	0.000357381	0.000200174	0.00113853	0.000462974	0.000487402	0.0	0.000294994	0.000420524	0.000567303	0.00122478	0.00258324	0.000278913	0.00202419
PWY-5138: fatty acid &beta;-oxidation IV (unsaturated, even number)	0.0	0.0	0.000133478	0.000251854	0.0	0.0	0.00119216	0.0	2.28431e-05	0.000264707	0.0	0.00102667	0.000341423	0.0	0.000168222	0.0	0.0	0.00112617	0.000185745	0.0	0.00031129	0.000245432	0.000940893	0.0	0.0	0.000834963	0.000906589	0.000936447	0.000609187	0.000437707	2.12883e-05	0.0	0.0	0.0	0.0	0.000701276	0.0	0.0	0.000661504	7.68247e-05	0.000263268	0.0	0.0	0.0	0.0	0.0	0.0	0.000502797	4.0595e-05	0.000504175	0.000106571	1.20843e-05	0.0	5.03447e-05	0.0	0.0	0.0	2.44354e-05	0.0	0.0	6.30432e-05	0.0	0.000121475	0.000313457	0.000203533	5.51054e-05	0.000213381	0.0	0.000120696	0.00114239	0.000407311	0.0	7.47247e-05	0.0	1.08236e-05	0.000364686	0.0	0.0	0.000184107	0.000223272	0.0	0.0	0.0	0.0	0.0	9.69698e-05	4.30534e-05	8.73918e-05	0.0	0.0	0.000292252	0.000912295	8.98623e-05	0.0	0.000268221	0.000197967	0.0	0.000908787	0.000103379	0.000157231	6.78479e-05	0.0	0.000246951	0.0	0.000485545	2.60325e-05	0.0	0.0	0.000255536	6.34785e-05	6.38914e-05	6.61575e-05	0.0	0.000269223	8.34474e-05	7.6495e-05	0.0	0.0	5.53828e-05	0.0	0.000217581	0.00144148	0.0	0.00159638
PWY-5154: L-arginine biosynthesis III (via N-acetyl-L-citrulline)	0.00574908	0.00530724	0.00678143	0.0058337	0.00540157	0.00531237	0.00477536	0.00578459	0.00502394	0.00535979	0.00350639	0.0058543	0.00613102	0.00718362	0.00475549	0.00783665	0.00788417	0.00675657	0.00326336	0.00708206	0.00630202	0.00583749	0.00410708	0.00836553	0.00496254	0.00606684	0.00526483	0.00568088	0.00457799	0.00449551	0.00561352	0.00832762	0.00431032	0.005432	0.00595902	0.00513619	0.00658702	0.0058165	0.00618896	0.00354223	0.00569141	0.00778133	0.00564594	0.000748094	0.00506069	0.00494585	0.00600146	0.00569648	0.00592946	0.00454403	0.0060976	0.00550972	0.00527616	0.00570629	0.00514065	0.00678543	0.00462172	0.00396338	0.00624835	0.00669993	0.00536215	0.00567105	0.00607072	0.00559415	0.00337117	0.00615698	0.00494332	0.00622184	0.00515636	0.00345465	0.00379849	0.00395911	0.00594658	0.00527437	0.00245687	0.00462798	0.00596388	0.00737413	0.00383188	0.00408445	0.00711719	0.0054685	0.00751793	0.00605864	0.00503775	0.00502422	0.0055027	0.00769306	0.00767047	0.0056069	0.00674462	0.00451432	0.00429106	0.00532948	0.00618883	0.00602801	0.00433428	0.00375838	0.00492803	0.00269495	0.0076569	0.00658931	0.00508365	0.00723755	0.00460712	0.00598532	0.00596366	0.0054111	0.00500394	0.0053898	0.00341666	0.00594066	0.00417705	0.00579211	0.00521357	0.0076581	0.00685363	0.00538341	0.0050257	0.00484006	0.00464827	0.00413759	0.00648653	0.0048128
PWY-5180: toluene degradation I (aerobic) (via o-cresol)	0.0	0.0	0.0	0.0	0.0	0.0	0.0	0.0	0.0	0.0	0.0	2.61848e-05	0.0	0.0	0.0	0.0	0.0	0.00133686	0.0	0.0	0.0	0.0	0.0	0.0	0.0	0.0	0.0	0.0	0.0	0.0	1.19041e-05	0.0	0.0	0.0	0.0	0.0	0.0	0.0	0.0	0.0	0.0	0.0	0.0	0.0	0.0	0.0	0.0	0.0	0.0	0.0	0.0	0.0	0.0	0.0	0.0	0.0	0.0	0.0	0.0	0.0	0.0	0.0	0.0	0.0	0.0	0.0	0.0	0.0	1.91909e-05	0.00116495	0.0	0.0	0.0	0.0	0.0	0.000306609	0.0	0.0	0.0	0.0	0.0	0.0	0.0	0.0	0.0	0.0	0.0	0.0	0.0	0.0	0.0	0.0	0.0	0.0	0.0	0.0	0.0	0.0	0.0	0.0	0.0	0.0	0.0	0.0	0.0	0.0	0.0	0.0	9.94763e-05	0.0	0.0	0.0	0.0	0.0	0.0	0.0	0.0	0.0	0.0	0.000133553	0.000307375	0.00103489	0.0	0.0
PWY-5188: tetrapyrrole biosynthesis I (from glutamate)	0.00196614	0.00234149	0.00217222	0.00200164	0.00117744	0.00358883	0.00353698	0.003535	0.00234511	0.000864277	0.00154688	0.00298073	0.0013671	0.00209047	0.00174835	0.00230622	0.0016724	0.00351066	0.00151056	0.00173446	0.00364464	0.00184213	0.00212179	0.00135718	0.000925943	0.00271574	0.00251201	0.00238531	0.00202607	0.00312061	0.00187044	0.00172552	0.00253617	0.00340376	0.00133798	0.00240514	0.00366338	0.00132947	0.00170066	0.00258291	0.0022858	0.00291452	0.00339932	0.00611264	0.0027832	0.0017456	0.00222345	0.00284038	0.00139863	0.00327756	0.00181874	0.00162225	0.00209231	0.00206989	0.00216237	0.00283688	0.00257211	0.00166774	0.00151937	0.00101421	0.00212263	0.00125569	0.00142992	0.00219347	0.00293741	0.00360395	0.00273214	0.00157447	0.00262661	0.00175247	0.00187884	0.00328723	0.00161314	0.00166482	0.0024137	0.00300131	0.00197784	0.00163408	0.00257508	0.00151611	0.000895457	0.00242494	0.0019016	0.00151552	0.00118688	0.0023155	0.00279988	0.00202878	0.00206847	0.00164338	0.00216893	0.00298854	0.00157243	0.00147471	0.00126723	0.00313328	0.00193473	0.00361881	0.00141779	0.00323077	0.00220689	0.000629545	0.00110603	0.00174891	0.00178884	0.00143419	0.00180126	0.00148714	0.00319313	0.00176031	0.000723691	0.00110819	0.00301245	0.00133072	0.00135421	0.00119459	0.00129834	0.00315532	0.00284625	0.00303557	0.00135549	0.00190012	0.00142697	0.00258379
PWY-5189: tetrapyrrole biosynthesis II (from glycine)	0.0	0.000119401	0.0	0.000288247	0.000333599	0.000206308	0.00225224	0.000583412	6.05243e-05	0.000319336	0.000226658	0.00113375	0.000492421	3.60537e-05	0.0	0.000197918	0.000220084	0.00144066	0.00036588	3.18069e-05	0.000189791	0.000124017	0.00123206	0.000241835	0.000119863	0.00109145	0.00113901	0.00120615	0.000877304	0.00228317	3.7579e-05	9.79182e-05	3.18872e-05	0.0	1.24738e-05	0.00125929	0.000108957	0.0	0.000677172	0.000497761	0.000480233	0.000403544	0.000864353	0.000267331	6.8774e-05	3.86547e-05	0.000147501	0.000745664	0.000178889	0.00116016	0.000103107	0.000100742	0.000118121	0.000130451	1.57551e-05	0.00011199	0.0	9.74282e-05	0.0	8.0478e-05	0.000187762	5.26884e-05	0.000317314	0.000393688	0.000155967	0.000124004	0.000272464	0.0	0.000132247	0.00104129	0.00101115	0.0	5.88211e-05	0.000118837	4.72814e-05	0.000137716	0.0	7.04197e-05	0.000392399	0.000180169	0.000349522	1.96693e-05	4.44089e-05	2.43353e-05	3.75395e-05	9.50065e-05	5.12233e-05	0.00027462	2.67392e-05	0.0	0.00021549	0.00198117	0.000125974	0.0	0.000133458	0.0	3.61486e-05	0.000831552	0.000133153	0.000290163	0.000298624	0.0	0.000215341	0.000119957	0.000825007	0.000290756	4.44964e-05	7.91912e-05	0.00037424	0.000142225	4.57167e-05	5.90963e-05	5.00227e-05	0.000350883	0.000265715	0.000143821	0.000226449	4.37717e-05	4.45085e-05	0.0006853	0.000344138	0.00105902	0.0	0.000214399
PWY-5198: factor 420 biosynthesis II (mycobacteria)	0.0	0.000137689	0.0	0.0	0.0	0.0	0.0	6.23077e-05	0.0	0.0	0.00018774	1.66962e-05	7.69282e-06	0.0	0.0	0.0	0.0	0.0	0.0	0.0	0.0	0.0	1.51557e-05	0.0	0.0	0.0	0.0	1.05851e-05	0.0	9.23615e-06	0.0	5.63875e-05	6.39384e-05	0.0	0.0	0.0	8.47292e-05	0.0	0.0	0.0	0.0	0.0	0.0	0.0	0.000163443	0.0	0.0	0.0	0.0	0.0	0.0	0.0	0.0	0.0	0.0	0.0	0.0	0.0	0.0	0.0	0.0	0.0	0.0	0.0	0.0	0.0	4.51075e-05	2.42936e-05	0.0	0.0	0.0	0.0	0.0	0.0	1.62647e-05	0.0	0.0	0.0	0.0	0.0	0.0	0.0	0.0	0.0	1.53014e-05	0.0	0.0	0.0	0.0	0.0	0.0	0.0	0.0	0.0	4.71549e-05	0.0	0.0	0.0	0.000162403	8.11016e-05	0.0	1.5246e-05	0.0	0.0	0.0	0.0	8.59015e-06	0.0	0.0	0.0	0.0	0.0	0.0	1.61106e-05	0.0	0.0	0.0	0.0	0.0	0.0	0.0	0.0	0.0	0.0
PWY-5209: methyl-coenzyme M oxidation to CO2	0.0	0.00010606	0.0	0.0	0.0	0.0	0.0	0.0	0.0	0.0	0.000115872	1.67246e-05	1.07328e-05	0.0	0.0	4.65012e-05	0.0	0.0	0.0	0.0	0.0	0.0	0.0	0.0	0.0	0.0	0.0	0.0	0.0	0.0	0.0	3.92908e-05	6.35821e-05	0.0	0.0	0.0	7.28616e-05	0.0	0.0	0.0	0.0	0.0	0.0	0.0	0.00012588	0.0	0.0	0.0	0.0	0.0	0.0	0.0	0.0	0.0	0.0	0.0	0.0	0.0	0.0	0.0	0.0	0.0	0.0	0.0	0.0	0.0	4.48929e-05	2.53798e-05	0.0	0.0	0.0	0.0	0.0	0.0	1.35232e-05	0.0	0.0	0.0	0.0	0.0	0.0	0.0	0.0	0.0	0.0	0.0	0.0	0.0	0.0	0.0	0.0	0.0	0.0	0.0	0.0	0.0	0.0	0.0	0.000132438	6.86503e-05	0.0	1.20265e-05	0.0	0.0	0.0	0.0	8.04986e-06	0.0	0.0	0.0	0.0	1.62823e-05	0.0	1.12813e-05	0.0	0.0	0.0	0.0	0.0	0.0	0.0	0.0	0.0	0.0
PWY-5265: peptidoglycan biosynthesis II (staphylococci)	0.0	0.0	0.0	0.000482472	0.0	0.0	0.0012845	0.0	8.89935e-05	0.00109527	0.0	0.000177803	0.0	0.0	0.0	0.0	0.0	0.000328417	0.00133088	0.00347735	0.0	0.0	0.0	0.0	0.0	0.0	0.0	0.0	0.0012064	0.0	0.0	0.0	0.0	0.0	0.0	0.0	0.0	0.0	0.0	0.0004049	0.0	0.0	0.000124343	0.0	0.000656367	0.00278421	0.0	0.0	0.0	9.6972e-05	0.0	0.0	0.0	0.0	0.000606427	0.0	0.000160543	0.000427448	0.0	0.0	0.000304149	0.000141226	0.0	0.00108213	0.0	0.000574154	0.000861203	0.0	0.00023379	0.000374353	0.0	0.0	0.0	0.0	0.0	0.000171739	0.0	0.0	0.000462712	0.000305109	0.0	0.0	0.00153579	0.0	0.0	0.000108075	0.0	0.0	0.0	2.32596e-05	0.00278065	0.00157013	0.00028478	0.0	0.0	0.000487545	0.0	0.000293433	0.000442258	0.000405254	9.6383e-05	0.0	0.000269443	0.0	0.000812431	0.0	0.000257195	0.0	8.48973e-05	0.0	0.0	0.0	0.0	0.000552279	0.0	0.0	0.0	0.00028309	0.0	0.00111482	0.0	0.00010256	0.0	0.0
PWY-5345: superpathway of L-methionine biosynthesis (by sulfhydrylation)	0.00108848	0.0	0.00131499	0.00105389	0.000418883	0.000167201	0.00333933	0.000344908	0.000133333	0.00106648	0.0	0.00333764	0.00220619	5.15619e-05	0.000993602	0.0	0.000195185	0.00313805	0.00183578	0.000254446	0.00191062	0.00111497	0.00336433	9.20757e-05	0.000247929	0.00359781	0.00286325	0.00322055	0.00320904	0.00275513	0.00206715	0.0	0.00119448	0.000265402	0.000134962	0.00306934	0.000280337	0.0	0.00225868	0.000927996	0.00150546	0.00357829	0.000461535	0.000391194	0.00028092	0.00106664	0.000282714	0.00397934	0.00059215	0.00286931	0.000369464	0.000660196	0.00172087	0.000670121	0.00185687	0.0	0.00120633	0.000876222	0.0	0.000446242	0.000738893	0.000271334	0.000984061	0.00186641	0.00304967	0.00100237	0.00189316	0.000499042	0.000871513	0.00401803	0.00242834	0.000114868	0.000270265	0.000198662	0.000753081	0.00100951	0.000641379	0.000124623	0.00186383	0.00143059	0.000569291	0.000285149	0.00374859	0.000154008	0.000315193	0.000429323	0.000512731	0.00100189	0.00443314	0.0	0.002096	0.00325416	0.00127867	0.000629373	0.00231277	0.00111765	0.000257663	0.00336018	0.00067609	0.00175473	0.000985598	3.54996e-05	0.00145809	0.0	0.00311885	0.000218013	0.000166625	0.002309	0.00177674	0.00300531	0.000303791	0.00170545	0.000202619	0.00223047	0.00131217	0.000734781	0.000100147	0.000876407	0.000592603	0.000189196	0.00230696	0.00286487	0.0	0.00390662
PWY-5347: superpathway of L-methionine biosynthesis (transsulfuration)	6.47372e-05	0.0	0.000468073	0.000335965	0.0	7.75468e-05	0.00358048	0.0	0.000188158	0.000328497	0.0	0.00306682	0.00161982	0.0	0.000118803	0.0	0.00015097	0.00263579	0.000802841	0.000597841	0.000965774	0.00075621	0.00303385	0.0	0.0	0.00322759	0.00305528	0.00194258	0.00214293	0.0042083	0.000153169	7.40781e-05	0.0	0.0	0.0	0.00318783	0.000232142	0.000158878	0.00206429	0.000361311	0.000695948	0.0	0.0	7.44583e-05	0.0	0.000360613	0.0	0.00180598	0.000304096	0.00161189	0.000290362	2.5482e-05	0.0	0.000205266	8.16346e-05	0.0	6.3577e-05	8.06896e-05	0.0	0.000136008	0.000368005	0.000180371	9.39189e-05	0.00152947	0.000263016	0.000565204	0.000632775	6.70105e-05	0.000253586	0.00286524	0.00161136	0.000115831	7.4481e-05	0.000183621	5.62947e-05	0.000854221	0.000141523	9.11092e-05	0.00127172	0.000719288	0.0	6.33056e-05	0.000336598	0.000196364	0.0	0.0002203	0.000154472	0.000321916	0.0	0.000614236	0.00130567	0.00380583	0.000516236	0.0	0.000675419	0.000286897	9.93057e-05	0.00193959	0.000266547	0.000734433	0.000469996	0.0	0.000840616	0.0	0.00173293	0.000101307	6.93708e-05	3.62131e-05	0.000967608	0.000851556	4.65105e-05	0.000177642	0.0	0.00125415	0.000745254	0.000385641	0.0	5.50298e-05	0.000309306	0.000638505	0.000774388	0.00273431	0.0	0.00148447
PWY-5367: petroselinate biosynthesis	3.90256e-05	6.06238e-05	0.0	0.000156448	0.0	0.0	0.00159539	0.0	3.86305e-05	0.000350963	0.000110876	0.000496969	0.000124447	0.0	7.77265e-05	0.000112703	0.0	0.000525635	0.000110491	0.000127858	0.000114112	4.8774e-05	0.000363232	0.0	6.02843e-05	0.000443848	0.00049388	0.000575666	0.00026417	0.00108682	7.98796e-05	0.0	0.000144465	0.0	3.29569e-05	0.000758839	0.0	8.97207e-05	0.000417474	0.000483883	0.000135089	0.0	0.0	0.0	3.68837e-05	0.0	0.0	0.000594593	7.25955e-05	0.000158023	0.0	0.000116926	8.02163e-05	0.000161815	2.86661e-05	0.0	0.000163725	0.000121588	0.0	3.84571e-05	6.58992e-05	0.0	0.0	0.000334579	8.32345e-05	8.88811e-06	5.75379e-05	1.34583e-05	4.81356e-05	0.00117475	0.000208461	2.35588e-05	5.34876e-06	0.0	0.0	0.000150082	0.0	8.27174e-05	0.000208613	0.000109333	0.0	2.54116e-05	4.73766e-05	3.00989e-05	4.27327e-05	0.000472927	4.18908e-05	4.47062e-05	0.0	5.16696e-05	0.000226239	0.00121871	0.000195316	0.0	0.0	0.0	7.17034e-05	0.000779857	3.71307e-05	9.19588e-05	6.76559e-05	1.58247e-05	0.000211799	0.0	0.000379852	0.000134041	0.0	0.0	0.000124659	0.0	2.17232e-05	4.59812e-05	6.86667e-05	0.000117123	0.0	0.000445198	5.28335e-05	5.87797e-05	0.000491394	3.95154e-05	0.000149562	0.00110074	0.0	0.000312757
PWY-5384: sucrose degradation IV (sucrose phosphorylase)	0.00169344	0.00195532	0.0012546	0.00138881	0.00193472	0.00108658	0.00358977	0.00223332	0.000751063	0.00192057	0.00111522	0.00171872	0.00159946	0.000626426	0.00281428	0.00210951	0.00176355	0.00266686	0.00393557	0.00285333	0.00119003	0.00290955	0.00201178	0.00275293	0.0019455	0.00127563	0.0012848	0.00226412	0.00110987	0.0032625	0.00377926	0.00172812	0.00165179	0.00386202	0.00153726	0.00304607	0.00301048	0.00120116	0.00217575	0.0016438	0.00142366	0.00188559	0.00281758	0.00764459	0.00165833	0.00260708	0.000482331	0.00223234	0.0010355	0.00369469	0.00234516	0.00211806	0.00259446	0.00118289	0.000767859	0.00125242	0.00214115	0.00250415	0.00328407	0.00393285	0.00333058	0.00205806	0.00199497	0.00326821	0.00329763	0.00295535	0.00103301	0.0015254	0.00184977	0.00336689	0.00316183	0.00305693	0.00188706	0.00307673	0.00224229	0.0021637	0.000778399	0.00258223	0.00171388	0.00156256	0.00153948	0.00196305	0.00155738	0.0014918	0.00255111	0.00298759	0.00259956	0.00172016	0.00101115	0.00543236	0.00142201	0.00390598	0.00348519	0.00123576	0.00189242	0.000567864	0.00180369	0.00234827	0.00171387	0.00186985	0.00175116	0.000995835	0.00229183	0.000760259	0.00194004	0.00107789	0.00123309	0.00239547	0.00177104	0.00194325	0.00282723	0.00202261	0.00152249	0.00170727	0.00146011	0.00179187	0.0011403	0.00358212	0.00198349	0.00214566	0.00289682	0.00256309	0.00136338	0.00262429
PWY-5392: reductive TCA cycle II	0.0	0.0	0.0	0.000155698	0.0	0.0	0.000213819	0.0	5.874e-06	8.67684e-05	0.0	0.000128113	8.8904e-05	0.0	0.0	0.0	0.0	0.0	0.0	0.0	0.0	0.0	0.000275016	0.0	0.0	7.27913e-05	7.00542e-05	0.0	6.56371e-05	0.000131657	8.14602e-05	0.0	0.0	0.0	0.0	0.000325715	0.0	0.0	4.03394e-05	3.85064e-05	0.0	0.0	1.59276e-05	0.0	0.0	0.0	0.0	0.000340273	7.74746e-06	0.000220091	0.0	0.0	0.0	0.0	0.0	0.0	0.0	0.0	0.0	0.0	4.65511e-05	0.0	0.0	0.0	6.06118e-05	4.75423e-05	4.55395e-05	0.0	0.0	0.000270065	6.11221e-05	0.0	3.84382e-05	0.0	0.0	0.000124691	0.0	0.0	0.00020773	3.25894e-05	0.0	2.79359e-05	0.0	2.15127e-05	0.0	0.0	0.0	6.8576e-05	0.0	0.0	1.4332e-05	6.85479e-05	0.0	0.0	4.28822e-05	0.0	0.0	0.000287141	0.0	8.84029e-05	0.000149401	0.0	0.0	0.0	0.000166403	0.0	0.0	0.0	6.20595e-05	0.0	0.0	0.0	0.0	0.000139402	5.43729e-05	0.0	0.0	0.0	0.0	0.000274067	9.3173e-05	0.000205601	0.0	6.97776e-05
PWY-5415: catechol degradation I (meta-cleavage pathway)	0.0	0.0	2.45568e-05	0.0	0.0	0.0	0.0	0.0	0.0	0.0	0.0	1.19009e-05	0.0	0.0	0.0	0.0	0.0	2.88331e-05	2.60754e-05	0.0	0.0	0.0	0.0	0.0	0.0	0.0	0.0	0.0	0.0	0.0	7.3566e-06	0.0	0.0	0.0	0.0	4.43196e-05	0.0	0.0	0.0	1.96986e-05	0.0	0.0	0.0	0.0	0.0	0.0	0.0	0.0	0.0	0.0	0.0	0.0	0.0	0.0	0.0	0.0	0.0	0.0	0.0	0.0	0.0	0.0	0.0	0.0	0.0	0.0	0.0	0.0	2.24785e-05	0.000167881	3.58025e-05	0.0	0.0	0.0	0.0	6.44638e-05	0.0	0.0	0.0	0.0	0.0	0.0	0.0	0.0	0.0	0.0	0.0	0.0	0.0	0.0	0.0	0.0	0.0	0.0	0.0	0.0	0.0	0.0	0.0	0.0	0.0	0.0	0.0	0.0	0.0	0.0	0.0	0.0	6.70189e-05	0.0	0.0	0.0	0.0	0.0	0.0	0.0	0.0	0.0	0.0	5.28902e-05	1.65497e-05	0.000105584	0.0	0.0
PWY-5417: catechol degradation III (ortho-cleavage pathway)	0.0	0.0	0.0	0.0	0.0	0.0	0.0	0.0	0.0	0.0	0.0	2.62383e-05	0.0	0.0	3.33779e-05	0.0	0.0	0.0	0.0	0.0	0.0	0.0	0.000299136	0.0	0.0	0.0	0.0	0.0	0.0	0.0	0.0	0.0	0.0	0.0	0.0	0.0	0.0	0.0	0.0	0.0	0.0	0.0	0.0	0.0	0.0	0.0	0.0	0.0	0.0	9.46885e-05	0.0	0.0	0.0	0.0	0.0	0.0	0.0	0.0	0.0	0.0	0.0	0.0	0.0	0.0	0.000117502	0.0	0.0	0.0	0.0	0.000414896	0.0	0.0	0.0	0.0	0.0	0.0	0.0	0.0	0.0	0.0	0.0	0.0	0.0	0.0	0.0	0.0	0.0	0.0	0.0	0.0	0.0	0.0	0.0	0.0	5.51366e-05	5.51222e-05	0.0	0.0	0.0	0.0	0.0	0.0	0.0	0.0	0.000196744	0.0	0.0	0.0	0.0	0.0	0.0	0.0	0.0	0.000151365	0.0	0.0	0.0	0.0	0.0	0.0	0.0	8.20172e-05	0.0	0.0
PWY-5431: aromatic compounds degradation via &beta;-ketoadipate	0.0	0.0	0.0	0.0	0.0	0.0	0.0	0.0	0.0	0.0	0.0	2.62383e-05	0.0	0.0	3.33779e-05	0.0	0.0	0.0	0.0	0.0	0.0	0.0	0.000299136	0.0	0.0	0.0	0.0	0.0	0.0	0.0	0.0	0.0	0.0	0.0	0.0	0.0	0.0	0.0	0.0	0.0	0.0	0.0	0.0	0.0	0.0	0.0	0.0	0.0	0.0	9.46885e-05	0.0	0.0	0.0	0.0	0.0	0.0	0.0	0.0	0.0	0.0	0.0	0.0	0.0	0.0	0.000117502	0.0	0.0	0.0	0.0	0.000414896	0.0	0.0	0.0	0.0	0.0	0.0	0.0	0.0	0.0	0.0	0.0	0.0	0.0	0.0	0.0	0.0	0.0	0.0	0.0	0.0	0.0	0.0	0.0	0.0	5.51366e-05	5.51222e-05	0.0	0.0	0.0	0.0	0.0	0.0	0.0	0.0	0.000196744	0.0	0.0	0.0	0.0	0.0	0.0	0.0	0.0	0.000151365	0.0	0.0	0.0	0.0	0.0	0.0	0.0	8.20172e-05	0.0	0.0
PWY-5464: superpathway of cytosolic glycolysis (plants), pyruvate dehydrogenase and TCA cycle	0.0	0.0	0.000121022	0.0	0.0	0.0	0.0	0.0	0.0	0.0	0.0	5.61425e-05	0.0	0.0	0.0	0.0	0.0	0.0	0.00028526	0.0	0.0	0.0	6.06181e-05	0.0	0.0	0.0	0.0	0.0	0.0	8.28866e-05	0.000185196	0.0	0.0	0.0	0.0	0.0	0.0	0.0	0.00013418	0.000119028	0.0	0.0	0.000131258	0.0	0.0	0.0	0.0	0.0	0.0	0.0	0.0	8.22568e-05	0.0	0.00010435	0.0	0.0	0.0	0.000163206	0.0	0.000163565	0.000142945	0.0	8.4874e-05	0.000104492	0.000208353	0.0	0.0	5.54707e-05	0.0	0.0	0.000155118	0.0	0.0	0.0	0.0	0.0	0.0	0.0	0.0	0.000103766	0.0	6.78697e-05	0.0	0.000105191	9.69411e-05	0.0	0.0	0.0	0.0	5.112e-05	6.88007e-05	0.000365377	6.43203e-05	0.0	0.0	6.23952e-05	0.0	0.0	0.0	0.0	0.0	0.0	0.0	0.0	0.000212846	0.0	3.7424e-05	0.0	2.90402e-05	3.04088e-05	5.33312e-05	0.0	0.0	0.000573074	0.000236933	0.0	0.0	0.000227179	0.000133864	0.0	8.76052e-05	5.83595e-05	0.0	0.0
PWY-5484: glycolysis II (from fructose 6-phosphate)	0.00427487	0.00330962	0.00292954	0.00741415	0.00385669	0.00447237	0.00505258	0.0038371	0.00516144	0.00404092	0.00379829	0.00435116	0.00431527	0.00273978	0.00484382	0.00274695	0.00290668	0.00335727	0.00574363	0.00756588	0.0070788	0.0035404	0.00455134	0.0034379	0.00412889	0.0042887	0.00419759	0.00503284	0.00534161	0.00559117	0.0033476	0.00432746	0.00473159	0.00274306	0.0020881	0.00502916	0.00336716	0.00223975	0.00376461	0.00385174	0.00447046	0.00521813	0.00562073	0.00123844	0.00427669	0.00346834	0.00334529	0.00413681	0.00413285	0.00435513	0.00385083	0.0060559	0.00485257	0.00460109	0.00417807	0.00337216	0.00267963	0.00497696	0.00302077	0.0053903	0.00470315	0.00310683	0.00418772	0.0039212199999999	0.00339821	0.00555689	0.00457543	0.00690476	0.00416719	0.00565077	0.00404846	0.00281754	0.00569559	0.00546498	0.0044413	0.00368802	0.00373232	0.00234445	0.00300645	0.00303804	0.00178036	0.00539262	0.00315203	0.00229209	0.00448731	0.00329897	0.00352883	0.00288355	0.00211879	0.0050034	0.00367604	0.00512818	0.00561017	0.00316256	0.00300663	0.00614728	0.00215289	0.00401128	0.00477298	0.00457334	0.0024847099999999	0.00576316	0.00648959	0.00146582	0.00408171	0.00323715	0.00368812	0.00334093	0.0038674	0.0073104	0.00527439	0.005571	0.00349527	0.00447006	0.00517263	0.003691	0.00309585	0.00556919	0.00260358	0.0043011	0.00394802	0.00453295	0.00552141	0.00479786
PWY-5494: pyruvate fermentation to propanoate II (acrylate pathway)	3.47455e-05	0.0	3.90033e-05	3.5632e-05	0.0	0.0	0.0	0.0	5.21724e-05	6.7892e-05	0.0	5.89069e-06	0.0	1.08306e-05	0.0	0.0	0.0	3.72619e-05	0.0	1.51229e-05	0.0	0.0	0.0	0.0	0.0	4.00301e-05	0.0	8.51255e-06	3.67453e-05	0.0	2.87822e-05	0.0	0.0	0.0	0.0	1.15877e-05	0.0	0.0	0.0	1.36913e-05	7.90642e-05	0.0	2.32536e-05	0.0	2.60149e-05	0.0	0.0	3.89172e-05	0.0	0.0	0.0	0.0	0.0	0.0	9.12736e-05	0.0	4.94714e-05	4.21452e-05	0.0	0.0	1.67866e-05	0.0	0.0	1.95096e-05	0.0	0.0	3.90883e-05	0.0	2.35912e-05	0.0	4.70897e-05	0.0	0.0	6.51026e-05	0.0	4.2064e-05	0.0	0.0	5.97868e-05	0.0	0.0	0.0	0.0	0.0	2.75235e-05	0.0	0.0	0.0	0.0	5.77996e-05	3.71007e-05	2.33887e-05	1.3804e-05	0.0	0.0	0.0	0.0	0.0	3.22279e-05	0.0	0.0	0.0	3.41443e-05	4.49322e-05	0.0	0.0	0.0	2.00216e-05	4.61858e-06	0.0	0.0	0.0	0.0	0.0	0.0	0.0	0.0	2.63649e-05	0.0	0.0	0.0	0.0	0.0	0.0
PWY-5497: purine nucleobases degradation II (anaerobic)	0.000946763	0.000264527	0.000231343	0.00135619	0.000367585	0.000292994	0.000796396	0.000819571	0.000480644	0.00114486	0.000304581	0.000706891	0.00112841	0.000392081	0.00112039	0.000289199	0.000183374	0.00150155	0.00158013	0.000324884	0.000195919	0.00110504	0.00127076	0.0	0.000422982	0.000646553	0.000681635	0.00132361	0.00187928	0.000594289	0.000659334	0.0	0.0	0.000387475	0.000311083	0.00150455	0.000146086	0.0	0.000443679	0.000783758	0.00116194	0.0	0.000349449	0.000189065	0.000500062	0.000315791	0.000416505	0.000923372	0.00111972	0.00121909	0.000711476	0.000725472	0.0	0.000941417	0.000317057	0.000530996	0.000452014	0.000734689	0.000800527	0.000455933	0.000583238	0.000601735	0.000878964	0.000968498	0.000692268	0.000636486	0.000344072	0.000635432	0.00079457	0.00223183	0.0012008	0.000145214	0.00064588	0.00037516	0.000416677	0.00122116	0.0	0.000459907	0.00096257	0.000837845	0.000433998	0.000144482	0.000381799	0.00021118	0.000303212	0.00126952	0.000823876	0.000627095	0.0	0.000953089	0.00123867	0.0015873	0.00135301	0.0	0.000742156	0.000571752	0.000314176	0.00190456	0.000545825	0.00105726	0.000661326	0.0	0.00179114	0.0	0.000595268	0.000226253	0.000174797	0.00102472	0.000930379	0.00153291	0.000512706	0.000581815	0.000567248	0.000348802	0.000659844	0.000613022	0.0	0.000169059	0.000878803	0.000883877	0.0014391	0.00112809	0.000642933	0.000600824
PWY-5505: L-glutamate and L-glutamine biosynthesis	0.00245699	0.00299002	0.00095626	0.000900647	0.00120929	0.000562851	0.000791551	0.00130106	0.00126041	0.000909795	0.000945398	0.00184794	0.00087952	0.00185939	0.00145709	0.00195774	0.00153926	0.000909881	0.000987795	0.00135287	0.000801421	0.00161126	0.00101539	0.0029297	0.00056909	0.00162585	0.00152242	0.00173087	0.00085861	0.000406107	0.00242211	0.00159259	0.00138716	0.0013919	0.00237048	0.00137303	0.000948376	0.00156346	0.00204074	0.00124561	0.000867608	0.00202244	0.000639524	9.93215e-05	0.00160656	0.00122736	0.00114518	0.00107475	0.00146771	0.00119354	0.00134854	0.000961172	0.00240743	0.00160942	0.0014646	0.000476415	0.00153742	0.00145129	0.00133684	0.00202001	0.0020362	0.00130448	0.00102826	0.00222917	0.00187571	0.00120399	0.0012263	0.00155539	0.0013903	0.000119418	0.00121805	0.00208935	0.00107403	0.00177416	0.00147501	0.00231442	0.00169152	0.00208117	0.00196666	0.000863043	0.0031163	0.00183722	0.00217245	0.002514	0.000924534	0.00299115	0.00226656	0.00201919	0.00251903	0.0016062	0.00179331	0.000583677	0.000843121	0.00137474	0.00231272	0.00105664	0.00153293	0.00170183	0.00161895	0.00129717	0.00225373	0.00106261	0.00126374	0.00189885	0.00125685	0.000978685	0.00159299	0.00191424	0.00102713	0.00222744	0.000673436	0.002333	0.00128263	0.000861342	0.00160284	0.00173073	0.00244232	0.00112432	0.00171525	0.0012746	0.000709617	0.000626504	0.00165537	0.00145003
PWY-5514: UDP-N-acetyl-D-galactosamine biosynthesis II	0.0	0.0	0.0	0.0	0.0	0.0	0.0	0.0	0.0	0.0	0.0	0.0	0.0	0.0	0.0	0.0	0.0	0.0	0.0	0.0	0.0	0.0	0.0	0.0	0.0	0.0	0.0	0.0	0.0	0.0	0.0	0.0	0.0	0.0	0.0	0.0	0.0	0.0	0.0	0.0	0.0	0.0	0.0	0.0	0.0	0.0	0.0	0.0	0.0	0.0	0.0	0.0	0.0	0.0	0.0	0.0	0.0	0.0	0.0	0.0	0.0	0.0	0.0	0.0	0.0	0.0	0.0	0.0	0.0	3.87532e-05	0.0	0.0	0.0	0.0	0.0	0.0	0.0	0.0	0.0	3.72531e-05	0.0	0.0	0.0	0.0	0.0	0.0	0.0	0.0	0.0	0.0	0.0	0.0	0.0	0.0	0.0	0.0	0.0	0.0	0.0	0.0	0.0	0.0	0.0	0.0	0.0	0.0	0.0	0.0	0.0	0.0	0.0	0.0	0.0	2.76884e-05	0.0	0.0	0.0	0.0	0.0	0.0	0.0	0.0	0.0	0.0
PWY-5531: 3,8-divinyl-chlorophyllide a biosynthesis II (anaerobic)	0.0	0.0	0.0	0.000116203	0.0	0.0	2.9969e-05	0.0	1.09205e-05	0.0	0.0	1.71794e-05	4.84764e-05	0.0	0.0	0.0	0.0	0.0	0.0	0.0	0.0	0.0	0.0	0.0	0.0	0.0	0.0	3.21668e-05	0.0	0.0	0.0	0.0	0.0	0.0	0.0	0.0	0.0	0.0	0.0	0.0	0.0	0.0	6.19229e-05	0.0	0.0	0.0	0.0	0.0	2.27608e-05	0.0	0.0	0.0	0.0	0.0	0.0	0.0	0.0	0.0	0.0	0.0	0.0	0.0	0.0	0.0	0.0	0.0	0.000229639	0.0	1.88415e-05	0.0	0.0	0.0	0.0	0.0	0.0	0.0	0.0	0.0	0.0	0.0	0.0	3.66088e-05	0.0	0.0	0.0	1.11752e-05	0.0	0.0	0.0	0.0	0.0	2.82129e-05	3.28099e-05	0.0	0.0	0.0	0.0	3.22994e-05	2.63629e-05	0.0	0.0	0.0	0.0	0.0	0.0	0.0	0.0	0.0	1.08186e-05	0.0	0.0	0.0	0.0	0.0	0.0	0.0	0.0	0.0	0.0	0.0	0.0	0.0	0.0	0.0
PWY-561: superpathway of glyoxylate cycle and fatty acid degradation	0.0	0.0	0.000183111	0.000333183	0.0	0.000209654	0.00321865	0.0	1.39529e-05	0.000236765	0.0	0.00167969	0.000905681	0.0	0.000225678	0.0	0.0	0.00149953	0.000475407	0.0	0.000370314	0.000384557	0.00222206	0.0	0.0	0.00198745	0.00193513	0.00218233	0.00138601	0.00328566	7.44075e-05	0.0	0.0	0.0	5.39247e-05	0.00191861	0.0	0.0	0.00164344	0.000285243	0.000405406	0.0	1.85463e-05	8.79335e-05	0.0	4.03467e-05	0.0	0.00212987	0.000234975	0.000956239	0.000121655	0.00014863	0.0	0.000275365	0.0	0.0	0.0	9.87686e-05	0.0	0.000122517	0.000140273	6.00233e-05	0.0	0.000525811	0.000388773	0.000226178	0.000344579	2.2768e-05	0.000177838	0.00287357	0.000962337	0.0	0.000121509	0.0	2.96073e-05	0.000256614	0.0	5.8507e-05	0.000736685	0.00055364	0.0	0.0	8.13756e-05	0.0	0.0	7.26764e-05	0.0	0.000271535	0.0	0.0	0.000536042	0.00312597	0.000343147	0.0	0.000485228	0.00027583	0.0	0.00125025	0.000297941	0.000672524	0.000350526	0.0	0.000527752	0.0	0.00149896	5.53233e-05	0.0	0.0	0.000490171	6.44036e-05	0.000115958	0.000200115	0.0	0.00113187	0.00031787	0.000219464	0.0	1.32369e-05	0.000199938	0.0	0.00062096	0.00161573	0.0	0.000633416
PWY-5647: 2-nitrobenzoate degradation I	0.0	0.0	0.0	0.0	0.0	0.0	0.0	0.0	0.0	0.0	0.0	0.0	0.0	0.0	0.0	0.0	0.0	0.0	0.0	0.0	0.0	0.0	0.0	0.0	0.0	0.0	0.0	0.0	0.0	0.0	0.0	0.0	0.0	0.0	0.0	0.0	0.0	0.0	0.0	0.0	0.0	0.0	0.0	0.0	0.0	0.0	0.0	0.0	0.0	0.0	0.0	0.0	0.0	0.0	0.0	0.0	0.0	0.0	0.0	0.0	0.0	0.0	0.0	0.0	0.0	0.0	0.0	0.0	4.79691e-06	0.0	0.0	0.0	0.0	0.0	0.0	0.0	0.0	0.0	0.0	0.0	0.0	0.0	0.0	0.0	0.0	0.0	0.0	0.0	0.0	0.0	0.0	0.0	0.0	0.0	0.0	0.0	0.0	0.0	0.0	0.0	0.0	0.0	0.0	0.0	0.0	0.0	0.0	0.0	0.0	0.0	0.0	0.0	0.0	0.0	0.0	0.0	0.0	0.0	0.0	0.0	0.0	0.0	0.0	0.0
PWY-5654: 2-amino-3-carboxymuconate semialdehyde degradation to 2-hydroxypentadienoate	0.0	0.0	0.0	0.0	0.0	0.0	0.0	0.0	0.0	0.0	0.0	0.0	0.0	0.0	0.0	0.0	0.0	0.0	0.0	0.0	0.0	0.0	0.0	0.0	0.0	0.0	0.0	0.0	0.0	0.0	0.0	0.0	0.0	0.0	0.0	0.0	0.0	0.0	0.0	0.0	0.0	0.0	0.0	0.0	0.0	0.0	0.0	0.0	0.0	0.0	0.0	0.0	0.0	0.0	0.0	0.0	0.0	0.0	0.0	0.0	0.0	0.0	0.0	0.0	1.37075e-06	0.0	0.0	0.0	4.02921e-06	0.0	0.0	0.0	0.0	0.0	0.0	0.0	0.0	0.0	0.0	0.0	0.0	0.0	0.0	0.0	0.0	0.0	0.0	0.0	0.0	0.0	0.0	0.0	0.0	0.0	1.49211e-05	0.0	0.0	0.0	0.0	2.6899e-05	0.0	0.0	0.0	0.0	4.10587e-05	0.0	0.0	0.0	0.0	0.0	0.0	0.0	0.0	1.31837e-06	0.0	0.0	0.0	0.0	0.0	0.0	0.0	0.0	0.0	0.0
PWY-5656: mannosylglycerate biosynthesis I	0.0	0.0	3.42755e-05	0.000147996	0.0	0.0	0.00209669	0.0	1.53309e-05	6.87372e-05	0.0	0.000756988	0.000500715	0.0	3.43308e-05	0.0	3.78978e-05	0.00100197	0.000198888	0.0	0.000165526	0.000255218	0.000858883	0.0	0.0	0.00102744	0.00107318	0.00140158	0.00101038	0.00197226	1.20791e-05	0.0	0.0	0.0	0.0	0.00112429	0.0	0.0	0.000991859	5.17929e-05	0.000210585	0.0	1.17854e-05	0.0	0.0	0.0	0.0	0.000800315	6.50256e-05	0.000472351	0.000220359	7.09225e-05	0.0	8.56258e-05	0.0	0.0	0.0	0.0	0.0	0.0	3.24072e-05	3.07106e-05	0.0	0.000272445	0.0	0.0	9.12711e-05	0.0	1.6303e-05	0.000681881	0.000664709	5.32262e-06	4.39874e-05	0.0	1.80468e-05	6.41428e-05	0.0	9.31873e-06	0.000416461	0.000254669	0.0	0.0	9.50193e-05	0.0	3.00043e-05	2.50348e-06	0.0	0.000125901	0.0	0.0	0.00026144	0.00140181	0.000257581	0.0	2.93091e-05	0.0	0.0	0.00120477	0.000163803	0.000307512	3.74518e-05	0.0	0.000354029	0.0	0.000466403	0.0	0.0	0.0	0.000293471	0.0	5.59235e-05	3.26077e-05	0.0	0.000334516	0.000101866	0.000257102	0.0	0.0	7.41719e-05	0.0	0.000403743	0.000699382	0.0	2.14143e-05
PWY-5659: GDP-mannose biosynthesis	0.00411487	0.00450986	0.00192952	0.00276433	0.00360199	0.00348254	0.00299074	0.00270432	0.00265767	0.00329899	0.00160467	0.0024249	0.00214327	0.00161505	0.00294698	0.00216172	0.0021849	0.00267227	0.00448099	0.00382004	0.00154279	0.00322026	0.00256855	0.00298538	0.00396817	0.00301365	0.00314471	0.00275656	0.00261161	0.00251927	0.00351542	0.00186704	0.00236233	0.00391829	0.00168837	0.0030757	0.00283337	0.00175558	0.0027589	0.00285262	0.00334938	0.00253714	0.00331582	0.00506781	0.00321583	0.00338755	0.00151934	0.00337915	0.00318454	0.00401343	0.00252847	0.00265849	0.00397274	0.00313469	0.0024581	0.00366174	0.0025542	0.00322302	0.00477803	0.00288746	0.00340711	0.00361741	0.003409	0.00286011	0.00228658	0.00196063	0.00212331	0.00366853	0.00310283	0.00173185	0.00320536	0.0032152	0.00467363	0.00264669	0.00192573	0.00359519	0.00292404	0.00294863	0.00258235	0.00217374	0.00349937	0.00249861	0.00189986	0.00237323	0.00316859	0.00315112	0.00318217	0.00226138	0.0022405	0.00426577	0.0016765	0.00440561	0.00509771	0.00337605	0.00224497	0.00304086	0.00227653	0.00379136	0.00222624	0.00191218	0.00258242	0.00349688	0.00387932	0.00231196	0.00203209	0.00108333	0.00238604	0.00406949	0.0029352	0.00394819	0.0045131	0.00213422	0.00253585	0.00134372	0.0026317	0.00248285	0.00326502	0.00220859	0.0033203	0.00266804	0.00321823	0.00380337	0.00394754	0.00183375
PWY-5667: CDP-diacylglycerol biosynthesis I	0.0115057	0.00963509	0.00727614	0.00902703	0.00994552	0.00854264	0.00623165	0.00907657	0.00934792	0.00954537	0.00794017	0.0098481	0.00972529	0.0100969	0.00882918	0.00895591	0.00854205	0.00704157	0.00719178	0.00829904	0.00881847	0.00846331	0.0061928	0.00999966	0.00866797	0.00803847	0.00838463	0.00573779	0.00816782	0.00499581	0.00978593	0.00703131	0.00840289	0.00940402	0.00635031	0.00753266	0.0105068	0.00482837	0.00563568	0.00878183	0.00858471	0.00882766	0.00742939	0.00937207	0.0085584	0.00954384	0.00854893	0.00671261	0.00949797	0.00821696	0.00926742	0.00891179	0.00966287	0.00837288	0.00973647	0.00881669	0.00955481	0.00851063	0.0100091	0.00720364	0.00865224	0.00932547	0.00905025	0.00776637	0.0094942	0.00910232	0.0081133	0.0092645	0.00898984	0.00473123	0.00679772	0.00928562	0.00907631	0.00792124	0.00909261	0.00882833	0.0108174	0.00810795	0.0092073	0.00857695	0.00891813	0.00889061	0.0117326	0.00700719	0.00933049	0.00877631	0.00936016	0.00881332	0.00849814	0.00924343	0.0101269	0.00559128	0.010083	0.010187	0.00792063	0.0088581	0.00849611	0.00731005	0.00850324	0.00765638	0.00868079	0.00880392	0.00899484	0.00764815	0.00595212	0.00451821	0.0122695	0.00926447	0.00914733	0.00868379	0.0097266	0.00900908	0.00911581	0.00569891	0.00815175	0.00755027	0.00807578	0.0073603	0.0093872	0.00864275	0.00956477	0.00619419	0.00972866	0.00660137
PWY-5675: nitrate reduction V (assimilatory)	0.0	0.0	0.000115861	0.000106798	0.0	0.0	0.004642	0.0	1.14808e-05	0.000122992	0.0	0.00120614	0.000574528	0.0	0.000241965	0.0	0.0	0.00156278	0.000572101	0.0	0.000186173	0.000179273	0.00199271	0.0	0.0	0.00135773	0.00146403	0.00200133	0.000956278	0.0046972	5.57316e-05	0.0	0.0	0.0	7.18711e-06	0.00152883	0.0	0.0	0.00208695	8.56482e-05	0.000228969	0.0	1.13417e-05	6.77238e-05	5.33508e-05	2.47907e-05	0.0	0.00104437	0.000107863	0.000616556	6.43685e-05	0.000143928	0.0	0.000233938	0.0	0.0	0.0	0.00011051	0.0	9.82632e-05	2.73506e-05	4.90961e-05	6.33648e-05	0.000347746	0.000253298	0.000185382	0.000226002	0.0	0.000128855	0.0020081	0.000718373	5.00712e-06	3.74464e-05	0.0	4.93351e-05	0.000261404	0.0	2.87803e-05	0.000721833	0.000360295	0.0	0.0	4.58837e-05	0.0	0.0	9.5158e-05	0.0	0.000167069	0.0	0.0	0.000259776	0.00440801	0.000455852	0.0	0.000569267	0.0	2.27117e-05	0.00170238	0.000144961	0.000698211	0.00030186	0.0	0.000212984	0.0	0.00125257	0.0	0.0	9.36986e-06	0.000354508	2.08611e-05	6.31397e-05	0.000159505	1.49527e-05	0.000743761	0.000179147	0.000161269	0.0	1.0117e-05	1.56048e-05	6.29341e-05	0.000633689	0.00164177	0.0	0.000977168
PWY-5676: acetyl-CoA fermentation to butanoate II	0.000801096	0.000523017	0.000409118	0.00146233	0.00060441	0.000592167	0.00051046	0.0018614	0.00106526	0.000906554	8.34711e-05	0.00174513	0.00108046	0.000301735	0.000442347	0.000556202	0.000280816	0.00316547	0.000790631	0.0011663	0.000805976	0.00107855	0.00124946	0.000458692	0.000450832	0.00186278	0.00191603	0.00206702	0.001121	0.00116961	0.000552974	0.000270775	0.00127582	0.000213126	0.000102394	0.0018602	0.000237301	0.0	0.00143665	0.000722221	0.000833214	0.000350311	0.00112368	0.000614468	0.000359608	0.00029251	0.0	0.00109199	0.000584689	0.000990663	8.979e-05	0.000915717	0.000825141	0.00105182	0.000453898	0.000397184	0.000339962	0.000684337	0.000397164	0.00140303	0.000692304	0.000418432	0.00114089	0.000856868	0.000475083	0.00116938	0.000602867	0.000389139	0.000553519	0.00100017	0.000885139	0.000281904	0.000770508	0.000749262	0.000187582	0.000738695	0.000300829	0.000646323	0.00123198	0.00101434	0.00187362	0.000778546	0.000239692	0.0006631	0.000458978	0.000890981	0.00078563	0.000158088	0.000205348	0.000752646	0.000968934	0.00167168	0.00106593	0.000382714	0.0005561779999999	0.000276468	0.000462024	0.00134696	0.000483911	0.00149511	0.000218583	0.000336757	0.00116444	0.000816251	0.000975366	0.000121878	0.000332483	0.00158523	0.00101049	0.00142048	0.000372748	0.000427925	0.000559485	0.000615053	0.000290826	0.000573971	0.000270081	0.000640484	0.000792933	0.000400005	0.00063619	0.000552235	0.000586635	0.000701152
PWY-5677: succinate fermentation to butanoate	8.46697e-05	0.0	0.0	0.000342252	0.0	0.0	5.71655e-05	0.000498368	7.3586e-05	0.000133726	5.99394e-05	0.0	4.30332e-05	4.79807e-05	4.81179e-05	0.0	0.0	0.000548425	4.07685e-05	9.24003e-05	6.62089e-05	7.68327e-05	0.0	0.0	0.0	0.0	5.48064e-05	0.0	0.000141178	0.0	0.0	9.32353e-05	4.213e-05	0.0	0.0	0.0	0.0	0.0	0.0	0.0	0.000152256	0.0	0.000129811	0.000144821	2.53423e-05	0.0	0.0	0.0	0.000102198	0.0	0.0	2.58791e-05	0.0	9.90548e-05	0.0	3.5959e-05	0.0	0.0	8.1239e-05	0.0	2.35328e-05	0.0	6.19514e-05	2.85142e-05	0.0	0.000294571	7.40203e-05	3.40224e-05	0.0	0.0	0.0	0.0	8.92524e-05	0.0	1.50279e-05	4.12247e-05	0.0	0.0	0.0	4.13932e-05	0.0	0.0	0.0	1.00136e-05	0.0	4.67198e-05	2.47487e-05	0.0	0.0	6.38401e-05	0.000220538	0.000323575	0.000280883	0.0	0.0	6.16287e-05	2.18588e-05	0.000318852	4.6967e-05	0.0	0.0	0.0	2.03601e-05	0.0	0.0	0.0	0.0	6.90734e-05	3.24412e-05	0.0	1.7933e-05	0.0	4.99124e-05	0.0	0.0	0.0	0.0	0.00014735	0.0	0.0	0.0001055	0.000103293	0.0	0.0
PWY-5686: UMP biosynthesis I	0.0124184	0.0131701	0.0149575	0.0104174	0.0119779	0.0147764	0.0046777	0.0131443	0.0111345	0.0101626	0.0151572	0.00864254	0.0120564	0.0137863	0.0111978	0.0130239	0.0154017	0.00721415	0.00816674	0.0115193	0.0094592	0.0110671	0.00721853	0.0138508	0.0119792	0.00910368	0.00789817	0.00745708	0.00869319	0.00606054	0.0119232	0.0133883	0.0115882	0.0127214	0.0154516	0.00686877	0.014656	0.0175319	0.0099545	0.0115483	0.0106015	0.0134064	0.0132058	0.0148732	0.0119224	0.0116267	0.0146541	0.00821688	0.0116181	0.00951716	0.0115338	0.0113025	0.01235	0.0114173	0.0131615	0.013494	0.0132748	0.010949	0.0116961	0.0108253	0.0111421	0.0112015	0.0111192	0.00927646	0.0109646	0.0100328	0.0115771	0.0109385	0.0110186	0.00574408	0.00897518	0.011789	0.0113482	0.0106926	0.0121541	0.0105257	0.0140146	0.0131551	0.0112989	0.0113586	0.0150716	0.0121435	0.0133558	0.0128432	0.011609	0.0123305	0.0110004	0.0114991	0.0141639	0.00963901	0.0117972	0.00518896	0.00975293	0.0134279	0.0122661	0.011527	0.0126472	0.00772486	0.0123041	0.0140366	0.0117983	0.0127893	0.0100598	0.0154852	0.0104195	0.0161267	0.0133607	0.0101525	0.0104304	0.00967137	0.0109867	0.0135149	0.0129947	0.0117056	0.010795	0.0120821	0.0137505	0.0108506	0.0114162	0.0104708	0.00959724	0.00650867	0.0117861	0.0104799
PWY-5690: TCA cycle II (plants and fungi)	5.82306e-05	0.000137822	0.000226302	0.000446011	0.0	0.0	0.0	9.45713e-05	9.48394e-05	0.000466519	0.0	9.71116e-05	0.0	0.000240882	0.0	9.3851e-05	0.000314345	0.000178522	0.000344296	7.71433e-05	0.0	0.000174691	7.69851e-05	0.000229545	0.000190219	7.83425e-05	0.000123279	0.0	0.0	6.54464e-05	0.000245601	6.72557e-05	0.0	0.000173421	6.54215e-05	0.00023077	0.000121067	0.000675625	7.56992e-05	0.000126601	0.000208914	0.000174251	0.000163756	0.0	0.000159483	0.000346126	0.000684671	0.0	8.81132e-05	0.000547611	0.000235954	0.00020084	0.000149367	0.000172305	0.000131967	0.000147307	0.000264257	0.000141659	0.000216484	0.000206352	0.000210769	7.00394e-05	0.000230088	0.000110188	0.000373903	5.97559e-05	0.0	0.000307125	0.0	0.0	0.000273198	0.0	0.000200622	0.000121267	0.000508657	0.000432503	0.0	0.0	0.000287877	0.000279608	0.0	0.000188689	0.0	0.000104813	9.50593e-05	0.0	0.000140534	0.000179524	0.000185993	0.000114483	3.93035e-05	0.000207464	7.83552e-05	0.0	0.000215389	0.000102779	9.40888e-05	0.00021898	5.32586e-05	0.000294345	7.72118e-05	2.65754e-05	0.0	0.000288394	0.00012127	0.000272534	7.29199e-05	0.0	6.86088e-05	1.66601e-05	4.23749e-05	0.0	0.0	0.000443913	0.000153705	0.0	0.000185013	0.000136756	0.00033474	0.000204096	0.000156151	3.17192e-05	0.00011998	0.000557641
PWY-5692: allantoin degradation to glyoxylate II	0.0	0.0	0.0	2.24631e-06	0.0	0.0	0.000205247	0.0	0.0	0.0	0.0	0.0	1.17574e-05	0.0	0.0	0.0	0.0	6.67015e-06	1.04875e-05	0.0	0.0	1.29893e-05	0.000131053	0.0	0.0	9.73044e-05	1.77942e-05	2.88606e-05	7.44873e-06	2.39742e-05	0.0	0.0	0.0	0.0	0.0	0.000120548	0.0	0.0	0.0	0.0	6.14508e-06	0.0	0.0	0.0	0.0	0.0	0.0	0.00011237	0.0	5.06403e-05	0.0	0.0	0.0	0.0	0.0	0.0	0.0	0.0	0.0	0.0	0.0	0.0	0.0	6.64784e-06	0.0	0.0	6.44642e-06	0.0	0.0	0.000131984	0.000165441	0.0	0.0	0.0	0.0	1.42204e-05	0.0	0.0	0.0	9.71915e-06	0.0	0.0	0.0	0.0	0.0	0.0	0.0	0.0	0.0	0.0	0.0	0.0	0.0	0.0	0.0	0.0	0.0	7.21734e-05	3.7641e-06	0.0	9.02687e-06	0.0	1.15324e-05	0.0	5.86122e-05	0.0	0.0	0.0	4.87399e-06	0.0	0.0	0.0	0.0	0.0	0.0	1.07949e-05	0.0	0.0	0.0	0.0	1.43091e-05	1.7733e-05	0.0	2.20929e-05
PWY-5695: inosine 5'-phosphate degradation	0.0104907	0.0107187	0.0127077	0.00992076	0.00978226	0.00871523	0.00626765	0.0100897	0.0105969	0.00996263	0.0128449	0.00874656	0.0103683	0.010379	0.00896264	0.00999179	0.0107714	0.00709344	0.00873288	0.0101211	0.0100982	0.0107529	0.00717172	0.0103244	0.011594	0.00889474	0.0084256	0.00836676	0.00845495	0.00728608	0.0091109	0.00973732	0.0096618	0.0112117	0.0118714	0.00733225	0.00887583	0.0124405	0.00830777	0.00898965	0.0100521	0.0108732	0.00910414	0.0082842	0.0102418	0.0100826	0.0124013	0.00685364	0.00957733	0.0087573	0.00959458	0.00996627	0.00918436	0.00959081	0.0107557	0.0108977	0.0100441	0.00909431	0.0108123	0.0084034	0.00984566	0.0104812	0.0101884	0.00934581	0.00882893	0.00782912	0.0115324	0.00976575	0.00915386	0.00542809	0.00813256	0.00947108	0.0105985	0.00935261	0.00872923	0.00936501	0.0105086	0.0104075	0.00994846	0.0101092	0.0116186	0.0104743	0.0102829	0.0105097	0.0102553	0.0102766	0.00948543	0.00910903	0.0107474	0.00975089	0.00984225	0.00669441	0.00962483	0.0126671	0.0103612	0.0115047	0.00928793	0.00758661	0.0099408	0.00873781	0.00926548	0.0118204	0.00998407	0.0110553	0.00923299	0.010721	0.0124107	0.0119168	0.00986104	0.00911694	0.0106392	0.0108822	0.00933046	0.0100937	0.0121877	0.010179	0.0112353	0.00786626	0.0096737	0.00940834	0.00940156	0.00843787	0.011097	0.00980555
PWY-5705: allantoin degradation to glyoxylate III	0.0	0.0	0.0	3.0462e-05	0.0	0.0	0.000730241	0.0	0.0	0.0	0.0	0.000380584	0.00017688	0.0	0.0	0.0	0.0	0.000403673	8.70175e-05	0.0	0.000115991	8.09854e-05	0.000284791	0.0	0.0	0.000320242	0.000374941	0.000488896	0.000232466	0.000381598	4.54867e-06	0.0	0.0	0.0	0.0	0.000364825	0.0	0.0	8.20547e-05	4.16602e-05	7.10514e-05	0.0	0.0	0.0	2.53089e-05	0.0	0.0	0.000278563	0.0	0.000149055	0.0	2.1261e-05	0.0	0.0	0.0	0.0	0.0	0.0	0.0	0.0	0.0	9.15859e-06	0.0	8.34923e-05	0.0	1.25387e-05	1.62352e-05	0.0	0.0	0.000322351	0.000181866	0.0	0.0	0.0	0.0	5.73812e-05	0.0	0.0	0.000106983	6.88245e-05	0.0	0.0	0.0	0.0	0.0	3.80451e-05	0.0	3.05238e-05	0.0	0.0	5.26059e-05	0.000504486	2.19855e-05	0.0	0.0	0.0	0.0	0.000311402	8.19168e-06	0.0	4.26544e-05	0.0	7.23292e-05	0.0	0.000103959	0.0	0.0	0.0	8.8844e-05	0.0	2.28628e-05	0.0	0.0	4.76088e-05	0.0	1.82202e-05	0.0	0.0	9.42375e-06	0.0	0.000114235	0.000327763	0.0	0.000168007
PWY-5723: Rubisco shunt	0.0	0.0	0.000192044	0.000429383	0.0	0.0	0.00383528	0.0	5.15956e-05	0.000470756	0.0	0.00291733	0.0010256899999999	0.0	0.00010542	0.0	0.0	0.00281834	0.000764509	3.02292e-05	0.000702744	0.00059814	0.00318473	0.0	0.0	0.00276146	0.00326309	0.00298008	0.00189536	0.00447137	0.000102776	0.0	0.0	0.0	1.40731e-05	0.00284433	0.0	0.0	0.00249337	0.000229317	0.000649559	0.0	3.07504e-05	0.0	0.000398328	8.23796e-05	0.0	0.00586648	0.000352372	0.00198696	0.000184329	0.0	0.0	0.000124116	0.0	0.0	0.0	0.000109876	0.0	9.92091e-05	9.17214e-05	2.03428e-05	0.0	0.00069241	0.000362215	0.000144415	0.000364497	0.0	0.00014803	0.00291441	0.00151341	0.0	0.000132115	0.0	0.0	0.000591029	0.0	0.0	0.00141626	0.000693465	0.0	0.0	0.000115035	7.17618e-06	0.0	0.000230201	0.0	0.000785223	0.0	0.0	0.000603213	0.00358746	0.000387757	0.0	0.000213079	0.000155395	2.41622e-05	0.00216442	0.000200352	0.000427478	0.000529583	0.0	0.000831751	0.0	0.00180959	5.9672e-05	0.0	0.0	0.000547935	0.0	0.000132771	0.000141726	0.0	0.00116936	0.000368086	0.000161754	0.0	1.70632e-05	0.000177937	5.04782e-05	0.000769445	0.00243248	0.0	0.00167353
PWY-5724: superpathway of atrazine degradation	0.0	0.0	0.0	2.41566e-05	0.0	0.0	0.0	0.0	3.44839e-06	3.84605e-05	0.0	0.0	0.0	0.0	0.0	0.0	0.0	0.0	1.75074e-05	0.0	0.0	0.0	0.0	0.0	0.0	0.0	0.0	0.0	0.0	0.0	0.0	0.0	0.0	0.0	0.0	0.0	0.0	0.0	0.0	1.75388e-05	0.0	0.0	0.0	0.0	0.0	0.0	0.0	0.0	0.0	0.0	0.0	0.0	0.0	0.0	0.0	0.0	0.0	0.0	0.0	0.0	0.0	0.0	0.0	0.0	0.0	2.59931e-05	0.0	0.0	0.0	0.0	0.0	0.0	0.0	0.0	0.0	0.0	0.0	0.0	0.0	0.0	0.0	0.0	0.0	0.0	0.0	0.0	0.0	0.0	0.0	0.0	7.48539e-06	0.0	0.0	0.0	0.0	0.0	0.0	0.0	0.0	0.0	0.0	0.0	0.0	0.0	0.0	0.0	0.0	3.0385e-05	9.60314e-06	0.0	0.0	0.0	0.0	0.0	0.0	0.0	0.0	0.0	0.0	0.0	0.0	0.0	0.0	0.0
PWY-5747: 2-methylcitrate cycle II	0.0	0.0	0.0	4.61702e-05	0.0	0.0	0.000754254	0.0	2.23357e-06	1.14559e-05	0.0	0.000284275	7.34355e-05	0.0	3.9043e-05	0.0	0.0	0.000234958	4.42324e-05	0.0	8.19942e-05	1.46301e-05	0.000345617	0.0	0.0	0.000198521	0.000221551	0.000253436	0.000117056	0.000580978	1.96474e-06	0.0	0.0	0.0	0.0	0.000316285	0.0	0.0	1.56752e-05	1.45511e-05	3.14376e-05	0.0	0.0	0.0	0.0	0.0	0.0	0.000243279	2.60633e-05	0.000141604	0.0	0.0	0.0	0.0	0.0	0.0	0.0	0.0	0.0	0.0	9.27072e-06	0.0	0.0	4.26832e-05	0.0	2.65594e-05	1.72576e-05	0.0	3.03457e-05	0.00058365	0.000111621	0.0	3.57408e-06	0.0	0.0	2.70074e-05	0.0	0.0	1.79653e-05	4.11093e-05	0.0	0.0	0.0	0.0	0.0	4.20769e-06	0.0	0.0	0.0	0.0	3.56911e-05	0.000492046	3.59937e-05	0.0	0.0	0.0	0.0	0.000410423	1.02712e-05	8.82332e-05	0.0	0.0	4.02051e-05	0.0	0.000227812	2.40876e-05	0.0	0.0	2.55702e-05	2.40811e-05	1.06607e-05	2.49644e-05	0.0	0.000111263	5.30638e-05	2.65503e-05	0.0	0.0	1.13597e-05	0.0	7.83715e-05	0.000493223	0.0	0.00040453
PWY-5837: 2-carboxy-1,4-naphthoquinol biosynthesis	8.66474e-05	0.000136553	0.000512552	0.000475726	0.000315401	0.000148604	0.00226949	7.67317e-05	9.56836e-05	0.000270379	0.0	0.00137503	0.000533211	0.0	4.10766e-05	0.0	0.000434168	0.00101008	0.00164322	6.13792e-06	0.000210072	8.83024e-05	0.00126542	0.0	0.0	0.00118829	0.00153142	0.00147729	0.00103052	0.00167835	0.000189711	4.89592e-05	0.0	0.00016932	9.23499e-05	0.00107074	0.0	0.0	0.00100197	0.000595512	0.00028941	0.0	0.000129921	3.02733e-05	0.000161418	0.000149886	0.0	0.00106527	0.000211915	0.000891354	0.00039516	0.0	0.0	0.00015333	3.95069e-05	0.0	5.23317e-05	0.000317911	0.0	0.0	0.000525026	8.99913e-05	0.000232143	0.000952994	0.000273834	0.000206418	0.000519866	0.0	0.000228481	0.00165202	0.0010428	0.0	0.0	0.0	2.22565e-05	0.000472345	0.0	3.20574e-05	0.000356284	0.000530596	0.000179334	4.77619e-05	0.0	0.00027972	3.54255e-05	6.62176e-05	0.000423342	0.000203789	0.0	7.82482e-05	0.000338145	0.00201426	0.000328492	0.0	0.000388049	0.0	6.14909e-05	0.00170959	0.000116634	0.000295892	0.000153229	0.0	0.000298369	0.0	0.00109058	0.000167323	3.69563e-05	0.000353414	0.000413365	0.000461332	0.000110235	8.99759e-05	0.0	0.000513142	9.44953e-05	0.000157029	0.0	0.000178909	0.000131344	0.00080519	0.000666718	0.00187852	0.0	0.00138083
PWY-5838: superpathway of menaquinol-8 biosynthesis I	0.00028924	0.000439924	0.000664393	0.00144282	0.000938552	0.000429714	0.00333359	0.00025507	0.000317777	0.000839686	0.0	0.00264681	0.001463	0.0	0.000137734	0.0	0.00100087	0.00126676	0.00335395	2.10045e-05	0.00058727	0.000292566	0.0024021	0.0	0.0	0.0020792	0.00272668	0.00276501	0.00246027	0.00260078	0.000581235	0.000162599	0.0	0.000525914	0.000298008	0.00238933	0.0	0.0	0.00197345	0.00152735	0.000898196	0.0	0.00042306	8.36287e-05	0.000514718	0.00048371	0.0	0.00230932	0.000667626	0.00202191	0.00114349	0.0	0.0	0.000495465	0.000132767	0.0	0.00017561	0.000932131	0.0	0.0	0.001437	0.000298302	0.000732511	0.00221936	0.000753857	0.000515187	0.00145257	0.0	0.000711687	0.00314151	0.00231989	0.0	0.0	0.0	7.49103e-05	0.00122346	0.0	0.000107875	0.000983298	0.00150614	0.0	0.000160706	0.0	0.000796996	0.000119735	0.00022089	0.00119802	0.000602327	0.0	0.000259648	0.000985515	0.00278524	0.00101918	0.0	0.00112725	0.0	0.000205189	0.00268224	0.00037734	0.000889199	0.000475112	0.0	0.000930885	0.0	0.00212721	0.000493844	0.000125082	0.00107661	0.00121625	0.00132418	0.000366846	0.000298666	0.0	0.00131294	0.000312622	0.000485492	0.0	0.000538373	0.000425222	0.00189982	0.00185263	0.00340238	0.0	0.00295654
PWY-5840: superpathway of menaquinol-7 biosynthesis	0.000264475	0.0	0.00124933	0.00113829	0.000895013	0.000285354	0.00273415	0.000251824	0.000258026	0.00061836	0.0	0.00198078	0.00134482	0.0	0.000119137	0.0	0.000626	0.00124713	0.00113098	2.09206e-05	0.000557079	0.00028261	0.00203157	0.0	0.0	0.00180909	0.0022739	0.00235283	0.00189338	0.00250011	0.000558085	0.000158166	0.0	0.000515024	0.000114871	0.00202179	0.0	0.0	0.00156358	0.00134109	0.000725076	0.0	0.000415227	9.65226e-05	0.000445865	0.000407698	0.0	0.0019814	0.000646497	0.00156822	0.0	0.0	0.0	0.000466705	0.000124523	0.0	0.000166304	0.00082138	0.0	0.0	0.00125101	0.000294281	0.000426323	0.000897454	0.000632077	0.000621384	0.000859686	0.0	0.000299232	0.00281192	0.00166419	0.0	0.0	0.0	7.43518e-05	0.000558609	0.0	0.000106256	0.000953124	0.00119238	0.000461965	0.000134422	0.0	0.000113447	0.000113363	0.000132307	0.000991896	0.00032718	0.0	0.000220882	0.000601304	0.00247473	0.000746432	0.0	0.000948746	0.0	0.000197187	0.00146793	0.000354008	0.000734681	0.0003802	0.0	0.0007469	0.0	0.00157329	0.000453385	0.00012066	0.000916913	0.00061238	0.000434775	0.000230506	0.000264777	0.0	0.000870389	0.0	0.000157011	0.0	0.000455357	0.000291403	0.001375	0.000643439	0.00276712	0.0	0.00110493
PWY-5845: superpathway of menaquinol-9 biosynthesis	0.000286802	0.0	0.000316023	0.000814764	0.000842132	0.00043461	0.00273415	0.000251764	0.000315693	0.000788292	0.0	0.00198078	0.00143816	0.0	0.000137758	0.0	0.0	0.00105516	0.00113098	0.0	0.000671901	0.000286034	0.00203157	0.0	0.0	0.00180909	0.0022739	0.00235283	0.00238557	0.00250011	0.000573357	0.000135552	0.0	0.0	0.000265644	0.00202179	0.0	0.0	0.00156358	0.000619401	0.000861123	0.0	0.000403579	9.95291e-05	0.000296376	0.000345511	0.0	0.0019814	0.000635527	0.00156822	0.00036751	0.0	0.0	0.000297884	0.000123213	0.0	0.000169917	0.000258484	0.0	0.0	0.00129711	0.0	0.00026299	0.000691399	0.000542184	0.000296574	0.000950381	0.0	0.000694712	0.00281192	0.00122529	0.0	0.0	0.0	6.01088e-05	0.000597809	0.0	9.58361e-05	0.00066927	0.00117288	0.000580907	0.000154604	0.0	0.000241097	0.000116242	0.00022034	0.00115284	0.000439974	0.0	0.0	0.000264312	0.00247473	0.000769692	0.0	0.000605601	0.0	0.000201473	0.00146793	0.000366475	0.000721652	0.000398794	0.0	0.000870702	0.0	0.00157329	0.0	2.88654e-05	0.00103487	0.0011448	0.000160761	0.0003665	0.000137764	0.0	0.000646192	0.000303079	0.000363247	0.0	0.000487887	0.000399449	0.001375	0.000643439	0.00276712	0.0	0.00110493
PWY-5850: superpathway of menaquinol-6 biosynthesis	0.0	0.0	0.000316023	0.000814764	0.000433586	0.0	0.00273415	0.0	4.81921e-05	0.00061836	0.0	0.00198078	0.00106141	0.0	5.6149e-05	0.0	0.0	0.00105516	0.00113098	0.0	0.000394872	0.000132811	0.00203157	0.0	0.0	0.00180909	0.0022739	0.00235283	0.00189338	0.00250011	0.0	0.0	0.0	0.0	0.0	0.00202179	0.0	0.0	0.00156358	0.000554016	0.000563764	0.0	0.000243808	0.0	0.000172514	0.0	0.0	0.0019814	0.000278187	0.00156822	0.0	0.0	0.0	0.000297884	4.82504e-05	0.0	0.0	0.000258484	0.0	0.0	7.12693e-05	0.0	0.00026299	0.000691399	0.000542184	0.000296574	0.00083363	0.0	0.00024187	0.00281192	0.00122529	0.0	0.0	0.0	0.0	0.000558609	0.0	5.27553e-05	0.00066927	0.00103093	0.0	0.0	0.0	0.0	6.51288e-05	0.000132307	0.0	0.00032718	0.0	0.0	0.000264312	0.00247473	0.000692404	0.0	0.000264644	0.0	0.0	0.00146793	0.000197727	0.0	0.000188705	0.0	0.000635707	0.0	0.00157329	0.0	2.88654e-05	0.000402238	0.00054301	0.000160761	0.000230506	0.0	0.0	0.000646192	0.0	0.000156698	0.0	0.000292711	0.0	0.001375	0.000643439	0.00276712	0.0	0.00110493
PWY-5855: ubiquinol-7 biosynthesis (early decarboxylation)	0.0	0.0	6.3735e-05	9.3748e-05	0.0	0.0	0.000145298	0.0	1.14859e-05	7.94696e-05	0.0	0.000406033	0.000144528	0.0	7.16635e-05	0.0	0.0	0.000231159	4.88596e-05	0.0	0.000151344	5.59325e-05	0.000198012	0.0	0.0	0.000437216	0.000493312	0.00021179	0.000352744	0.00034002	7.06603e-06	0.0	0.0	0.0	0.0	0.000157297	0.0	0.0	0.000200208	9.97265e-06	0.000107866	0.0	0.0	0.0	0.0	0.0	0.0	0.000235788	1.56685e-05	0.000260411	0.0	0.0	0.0	0.0	0.0	0.0	0.0	0.0	0.0	0.0	5.29807e-05	0.0	0.0	0.000152055	4.33269e-05	4.02009e-05	3.38448e-05	0.0	8.39604e-06	0.000325924	0.000244272	0.0	0.0	0.0	0.0	9.42313e-05	0.0	0.0	0.000119922	8.58507e-05	0.0	0.0	0.0	0.0	0.0	2.40207e-05	0.0	3.35362e-05	0.0	0.0	3.91814e-05	0.000341207	1.08728e-05	0.0	0.000128209	0.0	0.0	0.000247152	4.93166e-05	2.24014e-05	2.02129e-05	0.0	0.00016081	0.0	0.000277687	3.25002e-05	0.0	0.0	0.000112958	0.0	2.10968e-05	5.28023e-06	0.0	8.36571e-05	6.28865e-05	2.26499e-05	0.0	0.0	7.12393e-05	0.0	1.17555e-05	0.000621615	0.0	0.000833625
PWY-5860: superpathway of demethylmenaquinol-6 biosynthesis I	0.0	0.0	0.000213261	0.000560478	0.000296901	0.0	0.00225541	0.0	3.21987e-05	0.000424256	0.0	0.00148653	0.000739781	0.0	3.75618e-05	0.0	0.0	0.000825899	0.000804087	0.0	0.000267932	8.91545e-05	0.00162283	0.0	0.0	0.00133277	0.00173549	0.00188666	0.00139134	0.00209	0.0	0.0	0.0	0.0	0.0	0.00155105	0.0	0.0	0.00113091	0.000382517	0.000385423	0.0	0.000164303	0.0	0.00011598	0.0	0.0	0.00148298	0.000188213	0.0011609	0.0	0.0	0.0	0.000201717	3.22371e-05	0.0	0.0	0.000175237	0.0	0.0	4.77573e-05	0.0	0.000177594	0.00047921	0.000379557	0.000201059	0.000569962	0.0	0.000163259	0.0023991	0.000880772	0.0	0.0	0.0	0.0	0.000390513	0.0	3.52546e-05	0.000468957	0.000712735	0.0	0.0	0.0	0.0	4.35653e-05	8.86321e-05	0.0	0.000221371	0.0	0.0	0.000179137	0.00215172	0.000477084	0.0	0.000178622	0.0	0.0	0.00112411	0.000133332	0.0	0.00012696	0.0	0.000437794	0.0	0.00112362	0.0	1.92673e-05	0.000273525	0.00037113	0.000108463	0.000155041	0.0	0.0	0.000444402	0.0	0.000105377	0.0	0.0001994	0.0	0.00100545	0.000442473	0.00227723	0.0	0.000780605
PWY-5861: superpathway of demethylmenaquinol-8 biosynthesis I	0.000195064	0.000301411	0.000454485	0.00101751	0.000663654	0.000293118	0.00290084	0.000171878	0.000214961	0.000582182	0.0	0.00207405	0.00103753	0.0	9.26036e-05	0.0	0.000689856	0.00102739	0.00274273	1.40187e-05	0.000401963	0.00019805	0.00199077	0.0	0.0	0.00155617	0.00214286	0.00229884	0.00186503	0.00219663	0.000404975	0.000109242	0.0	0.000364094	0.000200418	0.00188467	0.0	0.0	0.00145986	0.00112505	0.000623489	0.0	0.000287393	5.62782e-05	0.000351937	0.000330715	0.0	0.00176422	0.000461287	0.00154613	0.000821714	0.0	0.0	0.000339053	8.90449e-05	0.0	0.00011788	0.000661066	0.0	0.0	0.00106825	0.000202131	0.00050635	0.00168599	0.000538263	0.000353673	0.00101235	0.0	0.000492316	0.00277118	0.0017929	0.0	0.0	0.0	5.03284e-05	0.000907834	0.0	7.22701e-05	0.000705905	0.00105935	0.0	0.000108154	0.0	0.000549172	8.03185e-05	0.000148455	0.000857446	0.000412707	0.0	0.000175829	0.000699664	0.0025178	0.000713533	0.0	0.000792964	0.0	0.00013821	0.00234201	0.000257134	0.000610971	0.000324177	0.0	0.000651053	0.0	0.00155833	0.000334717	8.3835e-05	0.000757515	0.000858083	0.000978627	0.000248053	0.000201354	0.0	0.00093336	0.000211064	0.000332569	0.0	0.00037359	0.00029016	0.00144254	0.00135416	0.00295929	0.0	0.00232096
PWY-5862: superpathway of demethylmenaquinol-9 biosynthesis	0.000193401	0.0	0.000213261	0.000560478	0.000591788	0.000296536	0.00225541	0.000169626	0.000213531	0.000545213	0.0	0.00148653	0.00101881	0.0	9.26194e-05	0.0	0.0	0.000825899	0.000804087	0.0	0.000461666	0.000193561	0.00162283	0.0	0.0	0.00133277	0.00173549	0.00188666	0.0018009	0.00209	0.000399242	9.09522e-05	0.0	0.0	0.000178482	0.00155105	0.0	0.0	0.00113091	0.000429469	0.000596739	0.0	0.00027392	6.70988e-05	0.000200467	0.000234515	0.0	0.00148298	0.000438342	0.0011609	0.000250833	0.0	0.0	0.000201717	8.26011e-05	0.0	0.000114033	0.000175237	0.0	0.0	0.000953579	0.0	0.000177594	0.00047921	0.000379557	0.000201059	0.000652121	0.0	0.000480143	0.0023991	0.000880772	0.0	0.0	0.0	4.03221e-05	0.000419348	0.0	6.41697e-05	0.000468957	0.000815026	0.000395438	0.00010401	0.0	0.000162327	7.79615e-05	0.000148082	0.000822826	0.000299225	0.0	0.0	0.000179137	0.00215172	0.00053233	0.0	0.000415404	0.0	0.000135682	0.00112411	0.000249571	0.000493001	0.000271082	0.0	0.000607035	0.0	0.00112362	0.0	1.92673e-05	0.000726583	0.000804916	0.000108463	0.000247816	9.23168e-05	0.0	0.000444402	0.000204542	0.000247117	0.0	0.000337264	0.000272184	0.00100545	0.000442473	0.00227723	0.0	0.000780605
PWY-5870: ubiquinol-8 biosynthesis (late decarboxylation)	0.0	0.0	0.0	3.41706e-05	0.0	0.0	0.0	0.0	0.0	0.0	0.0	0.0	0.0	0.0	0.0	0.0	0.0	0.0	0.0	0.0	0.0	0.0	0.0	0.0	0.0	0.0	0.0	0.0	0.0	0.0	0.0	0.0	0.0	0.0	0.0	0.0	0.0	0.0	0.0	0.0	0.0	0.0	0.0	0.0	0.0	0.0	0.0	0.0	0.0	0.0	0.0	0.0	0.0	0.0	0.0	0.0	0.0	0.0	0.0	0.0	0.0	0.0	0.0	0.0	0.0	0.0	0.0	0.0	0.0	0.0	0.0	0.0	0.0	0.0	0.0	0.0	0.0	0.0	0.0	0.0	0.0	0.0	0.0	0.0	0.0	0.0	0.0	0.0	0.0	0.0	0.0	0.0	0.0	0.0	0.0	0.0	0.0	0.0	0.0	0.0	0.0	0.0	0.0	0.0	0.0	0.0	0.0	0.0	0.0	0.0	0.0	0.0	0.0	0.0	0.0	0.0	0.0	0.0	0.0	0.0	0.0	0.0	0.0	0.0
PWY-5896: superpathway of menaquinol-10 biosynthesis	0.0	0.0	0.000316023	0.000814764	0.000433586	0.0	0.00273415	0.0	4.81921e-05	0.00061836	0.0	0.00198078	0.00106141	0.0	5.6149e-05	0.0	0.0	0.00105516	0.00113098	0.0	0.000394872	0.000132811	0.00203157	0.0	0.0	0.00180909	0.0022739	0.00235283	0.00189338	0.00250011	0.0	0.0	0.0	0.0	0.0	0.00202179	0.0	0.0	0.00156358	0.000554016	0.000563764	0.0	0.000243808	0.0	0.000172514	0.0	0.0	0.0019814	0.000278187	0.00156822	0.0	0.0	0.0	0.000297884	4.82504e-05	0.0	0.0	0.000258484	0.0	0.0	7.12693e-05	0.0	0.00026299	0.000691399	0.000542184	0.000296574	0.00083363	0.0	0.00024187	0.00281192	0.00122529	0.0	0.0	0.0	0.0	0.000558609	0.0	5.27553e-05	0.00066927	0.00103093	0.0	0.0	0.0	0.0	6.51288e-05	0.000132307	0.0	0.00032718	0.0	0.0	0.000264312	0.00247473	0.000692404	0.0	0.000264644	0.0	0.0	0.00146793	0.000197727	0.0	0.000188705	0.0	0.000635707	0.0	0.00157329	0.0	2.88654e-05	0.000402238	0.00054301	0.000160761	0.000230506	0.0	0.0	0.000646192	0.0	0.000156698	0.0	0.000292711	0.0	0.00173674	0.000643439	0.00276712	0.0	0.00110493
PWY-5897: superpathway of menaquinol-11 biosynthesis	0.000254924	0.000390835	0.00135349	0.00129044	0.000847998	0.000423041	0.00327716	0.000225396	0.000280201	0.000752663	0.0	0.0026755	0.00140416	0.0	0.00012147	0.0	0.000996273	0.0012686	0.00318313	1.83854e-05	0.000596843	0.000257987	0.00231409	0.0	0.0	0.00207311	0.00266381	0.00268175	0.00233868	0.00259386	0.000525436	0.000143959	0.0	0.000472761	0.000267564	0.00225009	0.0	0.0	0.00197664	0.00144596	0.000804135	0.0	0.000376332	8.78307e-05	0.000458525	0.000429209	0.0	0.00222697	0.000595588	0.00190853	0.00103634	0.0	0.0	0.000439233	0.000117034	0.0	0.000154682	0.00085461	0.0	0.0	0.00131038	0.000262868	0.00065313	0.00211297	0.000697392	0.000569124	0.00136821	0.0	0.000638254	0.00300098	0.00218693	0.0	0.0	0.0	6.5878e-05	0.00112874	0.0	9.48608e-05	0.000918231	0.00141283	0.000517927	0.000141154	0.0	0.000726664	0.000105117	0.000194694	0.00110199	0.000544169	0.0	0.000228552	0.000908319	0.00283205	0.000908391	0.0	0.00104049	0.0	0.000180943	0.00262398	0.000335744	0.000817615	0.00042603	0.0	0.000829059	0.0	0.00215856	0.0004634	0.000109904	0.000965177	0.00110542	0.00119104	0.000323288	0.000264581	0.0	0.00126108	0.000276467	0.00044173	0.0	0.000501902	0.000377177	0.00178023	0.00169229	0.00326292	0.0	0.00288118
PWY-5898: superpathway of menaquinol-12 biosynthesis	0.000254924	0.000390835	0.00135349	0.00129044	0.000847998	0.000423041	0.00327716	0.000225396	0.000280201	0.000752663	0.0	0.0026755	0.00140416	0.0	0.00012147	0.0	0.000996273	0.0012686	0.00318313	1.83854e-05	0.000596843	0.000257987	0.00231409	0.0	0.0	0.00207311	0.00266381	0.00268175	0.00233868	0.00259386	0.000525436	0.000143959	0.0	0.000472761	0.000267564	0.00225009	0.0	0.0	0.00197664	0.00144596	0.000804135	0.0	0.000376332	8.78307e-05	0.000458525	0.000429209	0.0	0.00222697	0.000595588	0.00190853	0.00103634	0.0	0.0	0.000439233	0.000117034	0.0	0.000154682	0.00085461	0.0	0.0	0.00131038	0.000262868	0.00065313	0.00211297	0.000697392	0.000569124	0.00136821	0.0	0.000638254	0.00300098	0.00218693	0.0	0.0	0.0	6.5878e-05	0.00112874	0.0	9.48608e-05	0.000918231	0.00141283	0.000517927	0.000141154	0.0	0.000726664	0.000105117	0.000194694	0.00110199	0.000544169	0.0	0.000228552	0.000908319	0.00283205	0.000908391	0.0	0.00104049	0.0	0.000180943	0.00262398	0.000335744	0.000817615	0.00042603	0.0	0.000829059	0.0	0.00215856	0.0004634	0.000109904	0.000965177	0.00110542	0.00119104	0.000323288	0.000264581	0.0	0.00126108	0.000276467	0.00044173	0.0	0.000501902	0.000377177	0.00178023	0.00169229	0.00326292	0.0	0.00288118
PWY-5899: superpathway of menaquinol-13 biosynthesis	0.000254924	0.000390835	0.00135349	0.00129044	0.000847998	0.000423041	0.00327716	0.000225396	0.000280201	0.000752663	0.0	0.0026755	0.00140416	0.0	0.00012147	0.0	0.000996273	0.0012686	0.00318313	1.83854e-05	0.000596843	0.000257987	0.00231409	0.0	0.0	0.00207311	0.00266381	0.00268175	0.00233868	0.00259386	0.000525436	0.000143959	0.0	0.000472761	0.000267564	0.00225009	0.0	0.0	0.00197664	0.00144596	0.000804135	0.0	0.000376332	8.78307e-05	0.000458525	0.000429209	0.0	0.00222697	0.000595588	0.00190853	0.00103634	0.0	0.0	0.000439233	0.000117034	0.0	0.000154682	0.00085461	0.0	0.0	0.00131038	0.000262868	0.00065313	0.00211297	0.000697392	0.000569124	0.00136821	0.0	0.000638254	0.00300098	0.00218693	0.0	0.0	0.0	6.5878e-05	0.00112874	0.0	9.48608e-05	0.000918231	0.00141283	0.000517927	0.000141154	0.0	0.000726664	0.000105117	0.000194694	0.00110199	0.000544169	0.0	0.000228552	0.000908319	0.00283205	0.000908391	0.0	0.00104049	0.0	0.000180943	0.00262398	0.000335744	0.000817615	0.00042603	0.0	0.000829059	0.0	0.00215856	0.0004634	0.000109904	0.000965177	0.00110542	0.00119104	0.000323288	0.000264581	0.0	0.00126108	0.000276467	0.00044173	0.0	0.000501902	0.000377177	0.00178023	0.00169229	0.00326292	0.0	0.00288118
PWY-5910: superpathway of geranylgeranyldiphosphate biosynthesis I (via mevalonate)	0.0	0.0	0.000149262	0.0	0.0	0.0	0.000113657	0.0	0.0	0.0	0.0	0.000111017	0.0	0.0	0.0	0.0	0.0	0.0	0.000234378	0.0	0.0	0.0	0.0	0.0	0.0	0.0	0.0	0.0	0.0	0.0	0.0	5.66183e-05	0.0	0.0	0.0	3.5671e-05	0.0	0.0	0.0	0.000387279	0.0	0.0	3.68089e-05	0.0	0.0	0.0	0.0	0.0	0.0	0.0	0.0	0.0	0.0	0.0	0.0	0.0	0.0	0.0	0.0	0.0	0.000201502	0.000114592	0.0	0.000391398	0.0	0.0	0.0	0.0	4.80935e-05	0.000156913	0.000496902	0.0	0.0	0.00021682	8.50102e-05	0.000144385	0.0	0.0	0.0	0.0	0.0	0.0	7.94703e-05	3.87331e-05	0.0	0.0	0.000125614	0.0	0.0	5.58347e-05	0.0	0.000155121	0.0	0.0	9.91798e-05	0.0	0.0	0.0	0.0	5.7131e-05	0.0	0.0	0.0	0.0	0.000128761	0.000147166	1.41679e-05	8.67384e-05	5.90781e-05	0.000528607	0.0	6.35368e-05	0.0	4.32574e-05	0.0	0.0	0.0	0.0	0.0	0.000298786	0.0	1.99504e-05	0.0	0.0
PWY-5913: partial TCA cycle (obligate autotrophs)	0.0	0.00120409	0.000750966	0.000362096	0.000580445	0.000847774	0.00315258	0.000422265	0.000130938	0.000669094	9.97818e-05	0.00177857	0.00095195	5.4877e-05	0.000924476	0.000689424	0.00021342	0.00139232	0.000621149	0.000702459	0.000433473	0.000494632	0.0023976	0.000405329	0.0003641	0.00186496	0.00174069	0.00212632	0.00127815	0.00346085	0.000811058	0.00103547	0.00056836	0.000236384	0.000243775	0.00183834	4.00823e-05	0.000707984	0.0014641	0.000632281	0.000374329	0.000703591	0.000979629	0.0002431	2.42309e-05	0.000770866	0.000133836	0.00219048	0.000259828	0.000966379	0.000219925	0.00163364	0.000410297	0.000569814	6.54904e-05	8.81387e-05	0.000164699	0.00144865	0.000123866	0.00100712	0.00113421	0.000281501	0.000444247	0.000890779	0.000681606	0.000290725	0.000955032	0.000443575	0.000770074	0.00325445	0.00152424	0.000968138	0.000782904	0.00151134	0.00156612	0.000806086	7.17772e-05	0.000344341	0.0011793	0.000405224	0.000446223	0.000734956	0.000170043	0.000392133	0.00146925	8.39692e-05	0.000848174	0.000419579	4.11584e-05	0.000197102	0.000883866	0.00397629	0.000398565	0.00037522	0.00102627	0.00021449	0.000459338	0.00156416	0.000969626	0.0010369	0.000289172	3.66845e-05	0.00051978	0.000132822	0.00162862	0.000440569	0.000512827	0.0	0.000710639	0.000416172	0.000377961	0.00125017	0.000139696	0.00139426	0.000566215	0.000727242	0.000493048	0.00174334	0.000447065	0.00142647	0.000580712	0.00185922	0.000190996	0.00106404
PWY-5918: superpathway of heme b biosynthesis from glutamate	0.0	0.000220482	0.0	0.000357589	0.000473318	0.000287977	0.0024965	0.000565621	0.000136073	0.000410892	0.000217402	0.0014977	0.000678088	2.97367e-05	7.40821e-05	0.000241594	0.000262621	0.00182996	0.000757204	0.0	0.000784933	0.00030888	0.001473	0.000179283	0.0	0.00141328	0.00140359	0.00160684	0.00108443	0.00237502	0.00013967	0.000118947	6.11784e-05	0.0	3.20609e-05	0.0015242	0.0	0.0	0.000912363	0.000500858	0.000627169	0.000175904	0.000859529	0.000175221	0.000104867	8.47779e-05	0.00018366	0.00128478	0.000269264	0.000892164	0.000219843	0.00014387	0.000186642	0.000287919	3.74503e-05	0.000225825	0.0	0.000168515	0.0	0.000119307	0.000350366	8.59622e-05	0.000201757	0.000793044	0.000281699	0.000223253	0.000386091	0.0	0.000258225	0.00151024	0.00111436	0.0	0.000119421	0.0	0.00010265	0.000453149	0.0	0.000132468	0.000513817	0.000286755	0.00051143	4.63367e-05	0.000115182	5.27652e-05	5.32572e-05	0.000153914	0.000116917	0.000401715	5.73728e-05	0.0	0.000351715	0.00249051	0.000227034	0.0	0.000373951	0.000227418	7.72023e-05	0.00133622	0.000311527	0.000397683	0.000308404	0.0	0.000323551	0.00018652	0.00112667	0.000290859	9.2219e-05	0.000170406	0.000611798	0.000284495	0.000118086	0.000114832	9.09448e-05	0.000485032	0.000450816	0.000241623	0.000248091	9.61988e-05	0.000228782	0.000524813	0.000467148	0.00156709	0.0	0.00118316
PWY-5920: superpathway of heme b biosynthesis from glycine	0.0	0.0	0.0	0.000215399	0.0	0.00012421	0.0020286	0.0	3.36841e-05	0.000278628	0.0	0.000894448	0.000469895	0.0	0.0	0.0	0.0	0.00118646	0.000464696	0.0	0.000272966	0.000151089	0.001016	0.0	0.0	0.000603018	0.000498105	0.00109091	0.000230429	0.00189909	5.36744e-05	0.0	0.0	0.0	1.65023e-05	0.00100551	0.0	0.0	0.000617872	0.000283594	0.000361767	9.00952e-05	8.74595e-06	4.85706e-05	6.48029e-05	0.0	0.0	0.000802416	0.000129525	0.000401681	0.000117434	7.92232e-05	0.0	0.000150924	0.0	0.0	0.0	4.69082e-05	0.0	6.95571e-05	9.23226e-05	2.68465e-05	9.97506e-05	0.000453828	0.000164486	0.0	0.000210713	0.0	0.000126336	0.00120636	0.000628662	0.0	6.30222e-05	0.0	3.81079e-05	0.000184812	0.0	4.17981e-05	0.000302268	0.000164295	6.55643e-05	0.0	5.84719e-05	0.0	0.0	0.0	0.0	0.000125792	0.0	0.0	0.000211418	0.00210671	5.64837e-05	0.0	0.00017719	0.0	2.73245e-05	0.000897559	0.000164251	0.000235519	7.62435e-05	0.0	0.000131088	0.0	0.0008236	4.3767e-05	0.0	0.0	0.000365632	5.86086e-05	5.69947e-05	0.0	0.0	0.000334402	0.000157271	0.000144646	0.0	0.0	6.87119e-05	8.05707e-05	0.000319812	0.00117633	0.0	0.000336098
PWY-5941: glycogen degradation II	0.00661559	0.00842151	0.00698757	0.00622354	0.00921739	0.00793588	0.00536404	0.00771624	0.00661706	0.00578335	0.00519605	0.00683138	0.00609374	0.00991326	0.0100321	0.00994417	0.0101181	0.00894337	0.00538364	0.00898698	0.00445831	0.00813255	0.00636826	0.0107966	0.00667501	0.00760872	0.00724119	0.00583397	0.0052364	0.00798213	0.0108483	0.0110086	0.00839195	0.00958433	0.00870865	0.00687582	0.0151118	0.00870373	0.0082436	0.00816584	0.0064673	0.00865052	0.00689785	0.0176121	0.00932615	0.00913365	0.0061601	0.00702663	0.00776747	0.00862354	0.00850627	0.0101718	0.0118477	0.00838505	0.00782719	0.00546345	0.00942482	0.00978778	0.00755037	0.0101637	0.00914253	0.00811043	0.00731244	0.00738247	0.0129095	0.00810655	0.00713509	0.00743225	0.00901285	0.00449921	0.00537468	0.0106231	0.00782398	0.0112995	0.010846	0.00939518	0.00925485	0.0107896	0.00938766	0.00605376	0.00681103	0.00923957	0.0092578	0.00955582	0.00986028	0.00953429	0.00946555	0.00938813	0.0113545	0.00807959	0.00864726	0.0073530999999999	0.0065238	0.00759716	0.00737633	0.00710283	0.00778271	0.00520108	0.00832796	0.00757938	0.00985218	0.00461127	0.00767809	0.0105445	0.00674999	0.00676048	0.00743345	0.00722229	0.00715328	0.00916854	0.0063886	0.00783759	0.00960231	0.0114498	0.00681718	0.0100865	0.0107838	0.00933973	0.00758287	0.00792148	0.00554117	0.00379573	0.00808185	0.00444289
PWY-5971: palmitate biosynthesis (type II fatty acid synthase)	0.0017795	0.00205167	0.0	0.00247064	0.0	0.0	0.00505539	0.0	0.000981949	0.00473517	0.00126641	0.00554623	0.00384724	0.0	0.00159387	0.00146888	0.0	0.00298911	0.00313248	0.00307545	0.00243405	0.00207651	0.00415018	0.0	0.00213682	0.00463482	0.00536208	0.00474748	0.00480392	0.00308129	0.00157645	0.0	0.00195577	0.0	0.00056145	0.00484352	0.0	0.000959796	0.00418494	0.00319369	0.00251649	0.0	0.0	0.0	0.00123219	0.0	0.0	0.00440332	0.00162035	0.00351616	0.0	0.00260052	0.00131857	0.00320749	0.00111008	0.0	0.00165179	0.00201282	0.0	0.00208084	0.00192214	0.0	0.0	0.00347492	0.00201223	0.000751679	0.00233591	0.000860668	0.00168288	0.00507489	0.00388826	0.00116463	0.000461496	0.0	0.0	0.00247435	0.0	0.00105547	0.00304381	0.00363644	0.0	0.0010878	0.00134465	0.00136651	0.00170889	0.000721874	0.00141269	0.00177031	0.0	9.02805e-05	0.00292278	0.0046662	0.0031902	0.0	0.0	0.0	0.00171587	0.00455644	0.00139442	0.00174484	0.00181984	0.000906821	0.00229575	0.0	0.00372035	0.000260845	0.0	0.0	0.00265924	0.0	0.00146059	0.0015073	0.00045813	0.00262225	0.0	0.00283827	0.00117634	0.00284534	0.0023063	0.00198378	0.00403768	0.00618502	0.0	0.00406499
PWY-5972: stearate biosynthesis I (animals)	0.0	0.0	0.0	0.000101794	0.0	0.0	0.000132378	0.0	3.35659e-06	8.30428e-05	0.0	7.5539e-06	5.4394e-05	0.0	0.0	0.0	0.0	0.000452198	2.34594e-05	0.0	0.0	4.69137e-05	0.000119357	0.0	0.0	0.0	7.61962e-05	0.0	0.000141758	0.0	1.15201e-05	0.0	0.0	0.0	0.0	0.0	0.0	0.0	0.0	0.0	0.00010427	0.0	0.0	0.0	0.0	0.0	0.0	0.0	1.80995e-05	5.62991e-05	0.0	0.0	0.0	3.39531e-05	0.0	0.0	0.0	0.0	0.0	3.54218e-05	1.62776e-05	0.0	0.0	2.31099e-05	0.0	8.81434e-06	5.43656e-05	0.0	0.0	0.0	1.71389e-05	4.63868e-06	5.19761e-06	0.0	0.0	0.000111141	0.0	1.19035e-05	0.0	8.67093e-05	0.0	0.0	0.0	4.09833e-06	0.0	2.1653e-05	0.0	0.0	0.0	0.0	8.15883e-05	0.000456722	8.31781e-05	0.0	0.0	0.0	0.0	0.000566349	0.0	6.94452e-05	2.52929e-05	0.0	6.46906e-05	0.0	6.11394e-05	0.0	0.0	0.0	7.17562e-05	0.0	2.00884e-05	3.74166e-05	0.0	0.0	0.0	0.0	0.0	0.0	0.0	0.0	9.84125e-05	0.000292449	0.0	0.000103607
PWY-5973: cis-vaccenate biosynthesis	0.00970853	0.00838411	0.00660435	0.00772581	0.00707109	0.00760677	0.00440435	0.00766462	0.00922928	0.00766864	0.00591638	0.00670494	0.00744381	0.0079689	0.00558513	0.00661069	0.00614694	0.00257851	0.00895413	0.00757666	0.00852085	0.00789901	0.00474863	0.00783531	0.00897362	0.00535724	0.00597521	0.00537825	0.00677204	0.00264466	0.00656227	0.00633564	0.00489551	0.00686351	0.0066981	0.00559557	0.00427063	0.00677522	0.00578275	0.00793209	0.0078521	0.00854682	0.00765677	0.00293677	0.00595082	0.00662331	0.00709754	0.00590981	0.00731404	0.00585889	0.00811408	0.0066596	0.00619144	0.00741054	0.00664812	0.00838436	0.00678665	0.00676916	0.00885948	0.0070018	0.0070866	0.00847267	0.00790208	0.00787366	0.00606056	0.00780674	0.00655719	0.00905713	0.00603563	0.00622986	0.00673753	0.00652468	0.00857161	0.00604148	0.0053673	0.00565425	0.00761077	0.00774452	0.00608191	0.00901171	0.0107408	0.00668751	0.00719535	0.00662807	0.0069582	0.00886918	0.00704274	0.00758465	0.00780259	0.00748414	0.00721976	0.00422734	0.00881947	0.00753099	0.00805212	0.00884795	0.00933649	0.00631822	0.00709043	0.00437814	0.00770564	0.0101224	0.0075199	0.00745258	0.00664109	0.00554625	0.00902943	0.00964914	0.00832456	0.00670876	0.00983868	0.00860144	0.00508432	0.00569801	0.00872545	0.00701743	0.00806592	0.00659094	0.00804499	0.00753084	0.00846034	0.00744411	0.00788428	0.00856024
PWY-5981: CDP-diacylglycerol biosynthesis III	0.000821466	0.000242421	0.000475556	0.000775038	0.000787266	0.00290219	0.000681207	0.00188965	0.00021478	7.80008e-05	0.00151345	0.000620552	0.000196089	5.35806e-05	0.000109243	0.0021154	0.000382653	0.00124099	0.000596905	0.000226322	0.004176	7.93497e-05	0.000566936	6.37005e-05	0.000181935	0.000744049	0.000535379	0.00057533	0.000300821	0.000629069	8.86161e-05	0.00103729	0.0	0.000597643	0.000232467	0.000968636	0.0	0.0	0.000291891	0.000898391	0.0013634	0.00114634	0.00251931	8.46476e-05	0.000970823	0.000385839	0.0	0.00197392	0.000203944	0.000270619	0.000281827	0.000137416	0.0	0.00069982	8.6307e-05	0.00230089	3.44429e-05	0.00052814	0.000264928	0.0	0.00050463	0.000444155	0.000819846	0.00123347	0.000162756	0.000649611	0.00221249	3.49158e-05	0.000322552	0.000744371	0.00366024	8.08454e-05	4.57906e-05	0.000412183	0.0	0.000473819	0.000659059	0.0	0.000211555	0.000101668	0.0	0.000199567	0.000121721	0.000139938	0.000146054	2.8847e-05	0.000369006	0.000389287	0.00112079	0.00114251	0.000248264	0.00132304	3.79799e-05	0.000207005	0.000375695	0.00357903	0.000101501	0.000585243	0.000146656	0.00183292	0.000302827	0.000124563	0.000582987	0.000289981	0.000528433	0.00117105	2.20716e-05	0.000471974	0.00309301	0.00211985	0.000101836	0.00018395	0.000610806	0.000127331	0.000158547	0.000673711	6.4365e-05	0.00112813	0.000495061	0.000380131	0.000234108	0.000802818	0.000345941	0.00177176
PWY-5989: stearate biosynthesis II (bacteria and plants)	0.00228161	0.00218325	0.00159157	0.00207239	0.0019555	0.00401671	0.00445563	0.00340099	0.000853367	0.00453645	0.000956914	0.00465359	0.00430814	0.0012088	0.00143707	0.00116013	0.000642119	0.00263059	0.00332877	0.00313878	0.00217306	0.00266974	0.00411682	0.00110027	0.00235239	0.00504383	0.00567638	0.00481319	0.00541629	0.00259204	0.00134359	0.00237021	0.00165279	0.00162171	0.000436136	0.00474904	0.000235813	0.000711596	0.00436437	0.00242786	0.00221622	0.00249125	0.00413721	0.000494054	0.00127294	0.00209685	0.000212356	0.00391566	0.00142311	0.00373233	0.00371409	0.00254349	0.00106045	0.00303173	0.00117146	0.0050881	0.00124014	0.00170957	0.00257839	0.00379233	0.00194765	0.00268046	0.00442805	0.00293341	0.00187942	0.00359369	0.00306772	0.00161282	0.00187649	0.00442419	0.00418883	0.00162631	0.00245735	0.0031369	0.00176183	0.00219108	0.00185919	0.000796804	0.00270161	0.00414198	0.00194523	0.001304	0.00129452	0.0018429	0.00206867	0.000685968	0.00145677	0.00214515	0.0010113	7.71408e-05	0.00221675	0.00365341	0.00281308	0.000699682	0.0015462	0.00108627	0.00149138	0.00413811	0.00153027	0.0015591	0.00177098	0.00141207	0.00177852	0.000791622	0.00342756	0.000198905	0.000545371	0.0053897	0.00241725	0.000536499	0.00331215	0.00149802	0.00031191	0.00276693	0.00198954	0.0022318	0.0010111	0.00472902	0.00167106	0.00302698	0.00450679	0.00639541	0.000751233	0.00358383
PWY-5994: palmitate biosynthesis (type I fatty acid synthase)	0.0	0.000262424	0.0	0.0	0.0	0.0	0.0	0.0	4.06705e-05	0.0	0.000210256	1.12671e-05	0.000163892	0.0	0.0	0.0	0.0	0.0	6.23833e-05	0.0	0.0	0.0	0.0	0.0	0.000242455	4.34184e-05	0.0	9.95286e-05	7.48429e-05	0.0	3.65615e-05	0.0	6.44969e-05	0.0	0.0	0.0	0.0	0.0	0.0	3.75625e-05	0.0	0.0	0.0	0.0	0.0	0.0	0.0	0.000114702	0.0	0.0	0.0	0.0	0.000111061	0.000226043	0.0	0.0	0.000109903	9.33733e-05	0.0	0.000997653	3.01115e-05	0.0	0.0	0.0	0.0	0.0	6.37823e-05	0.000354931	3.47886e-05	0.0	0.0	0.000368486	9.34518e-05	0.0	0.0	6.90698e-05	0.0	0.0	0.000170357	0.0	0.0	0.000202186	0.0	7.48445e-05	0.000163049	0.0	0.000170355	0.000220775	0.0	3.68045e-05	0.000241105	0.0	0.0	0.0	0.0	0.0	0.000201939	0.000177344	2.5844e-05	0.0	0.0	2.94121e-05	0.0	0.0	0.0	0.0	0.0	0.0	2.8089e-05	0.0	0.000157809	0.000281119	0.0	0.0	0.0	0.000165636	0.0	0.00055399	0.00010912	0.0	0.0	3.57264e-05	0.0	0.0
PWY-6071: superpathway of phenylethylamine degradation	0.0	0.0	0.0	0.0	0.0	0.0	0.000395631	0.0	0.0	0.0	0.0	0.0	0.0	0.0	0.0	0.0	0.0	0.0	0.0	0.0	0.0	0.0	2.38266e-05	0.0	0.0	0.0	0.0	0.0	0.0	0.000185461	0.0	0.0	0.0	0.0	0.0	0.0	0.0	0.0	0.0	0.0	0.0	0.0	0.0	0.0	0.0	0.0	0.0	0.0	0.0	0.0	0.0	0.0	0.0	0.0	0.0	0.0	0.0	0.0	0.0	0.0	0.0	0.0	0.0	0.0	0.0	0.0	0.0	0.0	0.0	2.5308e-05	2.46888e-05	0.0	0.0	0.0	0.0	0.0	0.0	0.0	0.0	0.0	0.0	0.0	0.0	0.0	0.0	0.0	0.0	0.0	0.0	0.0	0.0	0.000102144	0.0	0.0	0.0	0.0	0.0	0.000170266	0.0	0.0	0.0	0.0	0.0	0.0	2.20636e-05	0.0	0.0	0.0	0.0	0.0	0.0	0.0	0.0	1.82743e-05	0.0	0.0	0.0	0.0	0.0	0.0	1.88901e-05	0.0	0.0	0.0
PWY-6113: superpathway of mycolate biosynthesis	0.0	0.0	0.0	0.0	0.0	0.0	0.0	0.0	0.0	0.0	0.0	0.0	0.0	0.0	0.0	0.0	0.0	0.0	0.0	0.0	0.0	0.0	0.0	0.0	0.0	0.0	0.0	0.0	0.0	0.0	0.0	0.0	0.0	0.0	0.0	0.0	0.0	0.0	0.0	0.0	0.0	0.0	0.0	0.0	0.0	0.0	0.0	0.0	0.0	0.0	0.0	0.0	0.0	0.00037952	0.0	0.0	0.0	0.0	0.0	0.0	0.0	0.0	0.0	0.0	0.0	0.0	0.000182832	0.0	0.00011052	0.0	0.0	0.0	0.0	0.0	0.0	0.0	0.0	0.0	0.0	0.0	0.0	0.0	0.0	0.0	0.0	0.0	0.0	0.0	0.0	0.0	0.0	0.0	0.0	0.0	0.0	0.0	0.0	0.000515886	8.45153e-05	0.0	0.0	0.0	0.0	0.0	0.0	0.0	0.0	0.0	0.0	0.0	0.0	0.0	0.0	0.0	0.0	0.0	0.0	0.0	0.0	0.0	0.0	0.0	0.0	0.0
PWY-6121: 5-aminoimidazole ribonucleotide biosynthesis I	0.00988305	0.010995	0.00781522	0.00872167	0.00975737	0.0116101	0.00485918	0.00983345	0.0100533	0.00884611	0.0100955	0.00676662	0.00924785	0.00895119	0.00905657	0.00938128	0.0095719	0.00715856	0.00832276	0.00961153	0.00781214	0.00977139	0.00692806	0.00873555	0.00896247	0.00631302	0.00643842	0.00649003	0.00845765	0.0055849	0.00995252	0.0081733	0.0107156	0.00999221	0.00793959	0.00666373	0.011121	0.00819283	0.00606399	0.0102993	0.00904164	0.0101101	0.0113311	0.0126351	0.00984703	0.00932331	0.00766927	0.00680073	0.00961623	0.00768789	0.00920304	0.00880702	0.00961351	0.00957943	0.0112535	0.0101722	0.0102658	0.009311	0.0109788	0.00810236	0.00921154	0.00987364	0.0088383	0.00870748	0.00907857	0.00912481	0.0097941	0.00975631	0.009398	0.00616427	0.00884188	0.00938066	0.0101297	0.00878864	0.00969001	0.00880768	0.0113605	0.00941059	0.00915747	0.00980245	0.0124372	0.0091806	0.00893262	0.00818755	0.0091436	0.0090964	0.00907793	0.00835371	0.00922884	0.00934975	0.0097768	0.00553384	0.00989033	0.00988076	0.00934148	0.00985737	0.010233	0.00763892	0.00988305	0.0113581	0.00842931	0.0104017	0.00857403	0.00859452	0.00709458	0.00882315	0.0106463	0.0090385	0.00904396	0.0089662	0.0103501	0.00924916	0.0118756	0.00752408	0.00928187	0.00845271	0.00886027	0.00961982	0.00958791	0.00937973	0.00968199	0.00648543	0.00965385	0.00689377
PWY-6122: 5-aminoimidazole ribonucleotide biosynthesis II	0.0104185	0.0109658	0.0127155	0.00864079	0.00989012	0.0115519	0.00549402	0.00976264	0.0100233	0.00869934	0.0108884	0.0088943	0.00906891	0.011619	0.00928384	0.00944198	0.0121276	0.00780125	0.00823917	0.00969114	0.00746562	0.00959693	0.00733798	0.0114803	0.00874626	0.00852614	0.00773984	0.00714279	0.00854641	0.00606939	0.0100054	0.00974889	0.0108402	0.00964816	0.0130355	0.0071083	0.0119024	0.0142647	0.00976603	0.0106389	0.00878458	0.0111797	0.0114906	0.0128971	0.00985562	0.00911823	0.0128579	0.00673939	0.00939456	0.0075593	0.00889147	0.0087508	0.00949321	0.00943187	0.0115816	0.00981235	0.0100708	0.00941088	0.0109862	0.00945564	0.00916193	0.00978393	0.00854709	0.00944916	0.0092437	0.00922941	0.00972195	0.00964103	0.00926251	0.00647482	0.00911919	0.00925388	0.0101362	0.0089939	0.0100859	0.00877431	0.0112172	0.0107901	0.00953194	0.00963349	0.0120946	0.00887746	0.0116289	0.0117237	0.00935067	0.00999747	0.00884838	0.0109286	0.0111962	0.00910152	0.00961651	0.00591759	0.00998491	0.00965443	0.00917405	0.00967062	0.010443	0.00765166	0.00975866	0.0122153	0.010866	0.0100805	0.00837319	0.012404	0.00986314	0.0147302	0.0103432	0.0089139	0.00891029	0.00902459	0.0103889	0.00910283	0.0119899	0.0089996	0.00997195	0.0095051	0.0115218	0.0101732	0.00938085	0.00952729	0.00970216	0.00679098	0.00944741	0.00932777
PWY-6123: inosine-5'-phosphate biosynthesis I	0.00876576	0.0110771	0.00376414	0.00802749	0.00896082	0.0102832	0.00347999	0.00951315	0.00938054	0.00838663	0.0118753	0.0045258	0.0102208	0.00526584	0.00816426	0.00790475	0.00723584	0.00293309	0.00760763	0.00902007	0.00895596	0.00863611	0.00525691	0.00743062	0.00897954	0.00574037	0.0052281	0.00522253	0.00683544	0.00465807	0.00885223	0.00705466	0.00764824	0.00920735	0.00545575	0.00573325	0.00902204	0.00580501	0.00427843	0.00713941	0.00893656	0.00913363	0.0100308	0.00870344	0.00870546	0.00892652	0.00522812	0.00661428	0.00806385	0.00629423	0.00892396	0.00858669	0.00921874	0.0091159	0.00775426	0.00973731	0.00895594	0.00857607	0.00880315	0.00828253	0.00872713	0.00934863	0.00891868	0.00752405	0.00692829	0.00770617	0.00812516	0.0093366	0.00812171	0.00504786	0.00801441	0.00838091	0.00953329	0.00887972	0.00736285	0.00779341	0.0104375	0.00729532	0.00742352	0.00925092	0.0136598	0.0087017	0.00593118	0.00605997	0.00840548	0.00776358	0.00858178	0.0068769	0.00697615	0.00825844	0.00936863	0.0037278	0.00881396	0.0102029	0.00943327	0.00974592	0.00904965	0.00503619	0.00933196	0.0101418	0.006706	0.0113305	0.00873997	0.00631799	0.00469279	0.00693626	0.0106181	0.00866356	0.00889589	0.00764706	0.00984678	0.0102351	0.00904016	0.00555182	0.00846261	0.00678232	0.00740091	0.00868075	0.00810116	0.00766246	0.00888512	0.00585844	0.00938779	0.00639916
PWY-6124: inosine-5'-phosphate biosynthesis II	0.00831129	0.0108762	0.00326999	0.0076801	0.00859328	0.00990192	0.00332682	0.00911711	0.00905467	0.00806734	0.0117648	0.00414005	0.01007	0.00470433	0.00785648	0.00733948	0.00655183	0.00263346	0.00740723	0.00868541	0.00878439	0.00838166	0.00503738	0.00686377	0.00871906	0.00539827	0.00497147	0.00496286	0.00658706	0.00448143	0.00845549	0.00657899	0.0071288	0.00889613	0.00488233	0.00561832	0.00860462	0.00518286	0.0038623	0.00661895	0.00862361	0.00858502	0.00980199	0.00820755	0.00837556	0.00861902	0.0045796	0.00637933	0.0076468	0.00598671	0.00844576	0.00840719	0.00889711	0.00890532	0.00725836	0.00928386	0.00850388	0.00817483	0.00836917	0.00790228	0.00849711	0.00904382	0.00877921	0.00716913	0.00647839	0.00738832	0.00767618	0.00900921	0.0077888	0.00498615	0.00785437	0.00800459	0.00936648	0.00861092	0.0068988	0.0074417	0.00992852	0.00681166	0.00696943	0.00903059	0.0135854	0.00836334	0.00534511	0.0055041	0.00814522	0.00727543	0.00830478	0.00634924	0.0063816	0.00793084	0.00900413	0.00356729	0.0086008	0.00979374	0.0090318	0.00950795	0.00870127	0.00472263	0.00893179	0.00969778	0.00619783	0.011193	0.00858908	0.00571699	0.00424476	0.0062485	0.0102517	0.00844516	0.00865133	0.00730013	0.0095966	0.00993582	0.00857906	0.00511028	0.00812755	0.00623575	0.00684676	0.00858559	0.0077238	0.00730772	0.00873984	0.00573857	0.00915057	0.0058245
PWY-6125: superpathway of guanosine nucleotides de novo biosynthesis II	0.00600214	0.00400132	0.00459765	0.00320745	0.00466031	0.00289607	0.00372501	0.00312244	0.00663165	0.00565374	0.00538507	0.00194524	0.00284137	0.00643154	0.00345132	0.00350703	0.00362192	0.00150419	0.00793408	0.00127747	0.00684573	0.00558018	0.00328826	0.00419561	0.00720212	0.00181396	0.00261844	0.00286909	0.00456636	0.00304245	0.0037787	0.00336238	0.00268894	0.00507668	0.00300197	0.00370422	0.00146552	0.00237789	0.0023532	0.00547687	0.00724784	0.00299185	0.00298718	0.000939706	0.00410824	0.00450642	0.00691677	0.00402762	0.00415475	0.0037414	0.00658215	0.00363919	0.00228229	0.00462482	0.0037464	0.00486977	0.00494779	0.0045843	0.00673993	0.0041659	0.00403817	0.00665442	0.00630189	0.00507031	0.00709846	0.0068715	0.00467919	0.00564122	0.00334537	0.00390021	0.00614006	0.00420742	0.00475809	0.00535494	0.00523582	0.00442401	0.00284001	0.00349545	0.00447349	0.00685994	0.00176048	0.00402408	0.00519752	0.00472523	0.00460936	0.00537136	0.00392252	0.0050551	0.00373647	0.00765084	0.00160642	0.00223543	0.00670404	0.00578229	0.00374441	0.00431322	0.00598272	0.0049645	0.00466977	0.00245512	0.00455802	0.00530757	0.00424525	0.00287121	0.0037839	0.00232344	0.00568986	0.00659361	0.00489228	0.00245125	0.00603835	0.0049004	0.00360205	0.0025153	0.00753663	0.00260898	0.00332771	0.00372364	0.0073342	0.0065884	0.00749724	0.00689469	0.00621499	0.00741532
PWY-6126: superpathway of adenosine nucleotides de novo biosynthesis II	0.00744413	0.00545557	0.00586476	0.00430407	0.00618321	0.00403479	0.00415813	0.00426279	0.00814504	0.00679273	0.00731716	0.00267644	0.00386503	0.00740937	0.00469724	0.0047341	0.00474163	0.00209038	0.00828971	0.00182413	0.007789	0.00698441	0.00428724	0.00532643	0.00865267	0.00247883	0.00344566	0.00387831	0.00586414	0.00393951	0.00508381	0.00448456	0.00375682	0.00665354	0.0039014	0.00476374	0.0021213	0.00318847	0.00306829	0.0069247	0.00869576	0.00412757	0.00403484	0.00136979	0.00555914	0.00597006	0.00838461	0.00517371	0.00545294	0.00489901	0.00817179	0.00484485	0.0032061	0.00600424	0.00515691	0.00632422	0.0064878	0.00599712	0.00824323	0.00517949	0.00534126	0.00805824	0.00766506	0.00620474	0.00875358	0.00797831	0.00606397	0.00701903	0.00454414	0.00480071	0.00725747	0.00560455	0.00615443	0.00676533	0.00694686	0.00561294	0.00391688	0.0044529	0.00589211	0.00832405	0.00253801	0.00536494	0.006379	0.00551392	0.00613853	0.00616459	0.00511208	0.00591846	0.00483684	0.00864728	0.00228393	0.00294413	0.00772739	0.00772851	0.0050761	0.00545486	0.00755387	0.00614938	0.00618062	0.00344831	0.00549182	0.00691691	0.00547289	0.0038170499999999	0.00456318	0.00308421	0.00767776	0.0076094	0.00618926	0.00334652	0.00739074	0.00637602	0.00493162	0.00343151	0.00839467	0.0034769	0.00433497	0.00486501	0.00886778	0.00768721	0.00834986	0.00676365	0.00800983	0.00834552
PWY-6138: CMP-N-acetylneuraminate biosynthesis I (eukaryotes)	0.0	0.0	0.0	6.53706e-05	3.8659e-05	0.0	0.0	0.0	0.0	0.0	0.0	0.0	0.0	0.0	0.0	0.0	0.0	0.0	0.0	0.0	0.0	0.0	0.0	0.0	0.0	0.0	0.0	0.0	0.0	0.0	0.0	0.0	0.0	0.0	0.0	0.0	0.0	0.0	0.0	0.0	0.0	0.0	0.0	0.0	0.0	0.0	0.0	0.0	0.0	0.0	0.0	0.0	0.0	0.0	0.0	0.000223913	0.0	0.0	0.0	0.0	0.0	0.0	0.0	0.0	0.0	0.0	1.84607e-05	0.0	0.0	0.0	0.0	0.0	0.0	0.0	0.0	0.0	0.0	0.0	0.0	0.0	0.0	0.0	0.0	0.0	0.0	0.0	0.0	0.0	0.0	0.0	0.0	0.0	0.0	0.0	0.0	0.0	0.0	0.0	0.0	0.0	0.0	0.0	0.0	0.0	0.0	0.0	0.0	0.0	0.0	0.0	0.0	0.0	0.0	0.0	0.0	0.0	0.0	0.0	0.0	0.0	0.0	0.0	0.0	0.0
PWY-6143: CMP-pseudaminate biosynthesis	3.87146e-05	0.000372261	0.0	0.00278592	0.0	0.0	3.79977e-05	0.000293795	0.000531459	0.000369819	0.0	0.0	2.59117e-05	0.0	0.000157511	0.0	4.47893e-05	0.0	0.00047029	0.00278601	0.0	0.0	8.72032e-05	0.000346762	0.000696504	0.0	0.0	0.000366451	0.0	0.0	3.41153e-05	0.0	0.00045557	0.000118633	0.0	7.15014e-05	0.0	0.0	0.0	4.27541e-05	0.00022025	0.0	3.12881e-05	0.0	0.000480836	0.0	0.0	0.0	0.0	0.000326372	0.000147914	0.00183651	0.0	0.000811576	7.92086e-05	0.0	0.000195896	0.000258197	0.0	0.00024056	0.0	1.68594e-05	0.0	0.000178599	6.25358e-05	0.0	0.000137396	0.0	4.02487e-05	0.00137729	0.0	0.0	0.00144258	0.0	0.000404272	0.000380654	0.0	0.0	0.000131063	8.20018e-05	0.0	0.0	0.0	0.0	0.0	0.000168836	0.0	0.0	0.0	0.000434232	0.0	0.0	0.0015600499999999	0.000135185	0.0	0.00209404	0.000216804	0.0	0.000199221	0.000293464	0.0	0.0	0.0	0.0	5.23175e-05	4.98517e-05	0.000451429	0.0	0.0	0.000420466	0.00110985	0.0	0.0	0.0	0.0	8.73784e-05	0.0	0.0	0.0	0.00023401	0.0	0.0	0.0	3.66035e-05
PWY-6147: 6-hydroxymethyl-dihydropterin diphosphate biosynthesis I	0.0052816	0.00339349	0.00487097	0.00592357	0.00358119	0.00143466	0.00371267	0.00302521	0.00581531	0.00576846	0.00352787	0.00239159	0.00332876	0.00776775	0.00301041	0.00600218	0.0096135	0.00061962	0.00697827	0.00562323	0.00638327	0.00526503	0.00334738	0.00699944	0.00514706	0.00520483	0.00472662	0.00186639	0.00380868	0.00306653	0.003283	0.00621599	0.00325021	0.00344036	0.0108755	0.00371825	0.00291308	0.0120313	0.00713152	0.00351086	0.00464263	0.00373256	0.00374579	0.000340921	0.0031914	0.0039947	0.00774962	0.00324526	0.00427521	0.00358337	0.00506197	0.00462147	0.00345065	0.00504662	0.00332692	0.00497029	0.00479221	0.00351068	0.00639378	0.00603603	0.00443166	0.00552869	0.00409597	0.00492265	0.00331202	0.00479247	0.00253935	0.00605898	0.00395705	0.00500629	0.00478294	0.00295346	0.00569915	0.00503935	0.00240795	0.00369479	0.00373376	0.0082498	0.0031505	0.00634771	0.00299981	0.00518853	0.00729449	0.00918278	0.00439073	0.00830301	0.00363421	0.00730873	0.00851858	0.00655019	0.0067286	0.00265417	0.00668472	0.00552846	0.00420532	0.00530102	0.00384085	0.00422485	0.00419896	0.00231691	0.00715012	0.00661193	0.00599444	0.0095542	0.00820532	0.00990533	0.00464584	0.00556802	0.00410938	0.00550891	0.007262	0.00310021	0.00266551	0.0073247	0.00754708	0.00588916	0.00833644	0.00217381	0.0037001	0.00473108	0.00662236	0.00539952	0.00440607	0.00583011
PWY-6151: S-adenosyl-L-methionine salvage I	0.00978887	0.00974663	0.0135206	0.00903848	0.00924891	0.00764067	0.00390177	0.00840028	0.00845231	0.00618018	0.00822773	0.00800937	0.00732358	0.0103282	0.0104475	0.00970391	0.0110294	0.0058925	0.00573668	0.0095969	0.0058552	0.00812359	0.0052752	0.0102759	0.00967261	0.00666161	0.00663388	0.00672933	0.00685344	0.00379398	0.00975392	0.00955172	0.01065	0.0103029	0.0111679	0.00559552	0.0115641	0.0113259	0.00695255	0.00949447	0.0070812	0.0111451	0.00519882	0.011287	0.009484	0.0088979	0.0146639	0.00567346	0.00906571	0.00765124	0.00900385	0.0096961	0.0100249	0.00746572	0.0103985	0.00631259	0.0101425	0.00864276	0.0104348	0.00992732	0.0092876	0.00885249	0.00679627	0.00821914	0.00921592	0.00483589	0.00483875	0.0096096	0.00955689	0.00458389	0.00665091	0.00950651	0.00962911	0.00964872	0.00981121	0.00826482	0.0121481	0.00972562	0.00860198	0.0064701	0.0076463	0.00987644	0.0101722	0.00953719	0.0104212	0.0100517	0.00952333	0.00890625	0.0104492	0.00887563	0.00984509	0.00411432	0.00702702	0.0103311	0.00801042	0.00952175	0.0100724	0.00689675	0.00865281	0.00855989	0.00917558	0.00738322	0.00822322	0.0108687	0.00713054	0.0112645	0.00963659	0.00819927	0.00611285	0.00982609	0.00928711	0.0103185	0.011663	0.00985062	0.00819614	0.00935662	0.0110545	0.00847066	0.00927296	0.00840958	0.00563415	0.00536695	0.00988118	0.01032
PWY-6160: 3-dehydroquinate biosynthesis II (archaea)	0.0	0.00012536	0.0	0.0	0.0	0.0	0.0	0.000112845	0.0	0.0	0.000259436	1.20144e-05	1.73852e-05	0.0	0.0	6.67288e-05	0.0	0.0	0.0	0.0	0.0	0.0	0.0	0.0	0.0	0.0	2.66063e-05	1.14174e-05	0.0	6.23887e-05	0.0	0.000126494	7.96004e-05	0.0	0.0	0.0	0.000116764	0.0	0.0	0.0	0.0	0.0	0.0	0.0	0.000218002	0.0	0.0	0.0	0.0	0.000167156	0.0	0.0	0.0	0.0	2.93204e-05	0.0	0.0	0.0	0.0	0.0	0.0	0.0	0.0	0.0	0.0	0.0	0.000148792	3.32046e-05	0.0	0.0	0.0	0.0	0.0	0.0	3.14179e-05	0.0	0.0	0.0	0.0	0.0	0.0	0.0	0.0	0.0	0.0	0.0	0.0	0.0	0.0	0.0	0.0	0.0	0.0	0.0	8.64618e-05	0.0	0.0	0.0	0.000234704	0.000241011	0.0	2.20514e-05	0.0	0.0	0.0	0.0	9.18874e-06	0.0	0.0	0.0	0.0	0.0	6.07704e-05	1.80642e-05	0.0	0.0	0.0	0.0	0.0	0.0	0.0	0.0	0.0	0.0
PWY-6163: chorismate biosynthesis from 3-dehydroquinate	0.0111723	0.0119733	0.0131578	0.00990569	0.0106934	0.0139609	0.00461282	0.0114927	0.0108778	0.00945962	0.0141215	0.00829027	0.0107129	0.0108192	0.0107822	0.0110588	0.0111481	0.00749554	0.00824292	0.00955538	0.00899621	0.010534	0.00705376	0.0099618	0.010862	0.00710147	0.00693723	0.00715365	0.00812639	0.0051116	0.011354	0.010431	0.0123264	0.0127086	0.00994115	0.00683688	0.01344	0.00961822	0.00699564	0.0107128	0.0105214	0.0108746	0.0105716	0.0142798	0.0117468	0.0108496	0.0130145	0.00766435	0.0110036	0.00888666	0.0106779	0.00952097	0.0118323	0.0104076	0.0138458	0.0114283	0.0123498	0.0103243	0.0110346	0.00905346	0.0102496	0.0102184	0.00995945	0.00930242	0.0107415	0.0100046	0.010031	0.0114399	0.0110392	0.00571772	0.00648869	0.0110652	0.0102508	0.00943607	0.0114677	0.0103079	0.0139165	0.00964379	0.01024	0.0101718	0.0147468	0.0107437	0.0106167	0.0102507	0.0116564	0.0106565	0.0103793	0.00973283	0.0100698	0.010469	0.0113261	0.00536347	0.00951256	0.0129001	0.0113734	0.0103474	0.0115426	0.00763075	0.011032	0.0121255	0.00985768	0.0125686	0.0100393	0.0110397	0.00730325	0.0102451	0.013202	0.00983673	0.0102164	0.0094455	0.0107935	0.0112423	0.0132849	0.00832964	0.0101725	0.0105244999999999	0.0107349	0.0111173	0.010717	0.0102586	0.00914465	0.00610355	0.0101732	0.00948798
PWY-6165: chorismate biosynthesis II (archaea)	0.0	0.000327682	0.0	0.0	0.0	0.0	0.0	0.000296053	0.0	0.0	0.000668504	3.19544e-05	4.6216e-05	0.0	0.0	0.000176091	0.0	0.0	0.0	0.0	0.0	0.0	0.0	0.0	0.0	0.0	7.04962e-05	3.03655e-05	0.0	0.000163031	0.0	0.000330023	0.00020994	0.0	0.0	0.0	0.000306229	0.0	0.0	0.0	0.0	0.0	0.0	0.0	0.000562611	0.0	0.0	0.0	0.0	0.00043208	0.0	0.0	0.0	0.0	7.78776e-05	0.0	0.0	0.0	0.0	0.0	0.0	0.0	0.0	0.0	0.0	0.0	0.00038624	8.80948e-05	0.0	0.0	0.0	0.0	0.0	0.0	8.33479e-05	0.0	0.0	0.0	0.0	0.0	0.0	0.0	0.0	0.0	0.0	0.0	0.0	0.0	0.0	0.0	0.0	0.0	0.0	0.0	0.000227242	0.0	0.0	0.0	0.000601471	0.000619397	0.0	5.86142e-05	0.0	0.0	0.0	0.0	2.4465e-05	0.0	0.0	0.0	0.0	0.0	0.000160753	4.79783e-05	0.0	0.0	0.0	0.0	0.0	0.0	0.0	0.0	0.0	0.0
PWY-6167: flavin biosynthesis II (archaea)	0.0	0.00060323	0.0	0.0	0.0	0.0	0.0	0.0	0.0	0.0	0.0	5.79439e-05	5.21317e-05	0.0	0.0	0.00017958	0.0	0.0	0.0	0.0	0.0	0.0	0.0	0.0	0.0	0.0	0.0	0.0	0.0	0.0	0.0	0.000248154	0.000354632	0.0	0.0	0.0	0.0	0.0	0.0	0.0	0.0	0.0	0.0	0.0	0.000406201	0.0	0.0	0.0	0.0	0.0	0.0	0.0	0.0	0.0	4.32369e-05	0.0	0.0	0.0	0.0	0.0	0.0	0.0	0.0	0.0	0.0	0.0	9.02469e-05	0.000190139	0.0	0.0	0.0	0.0	0.0	0.0	0.000124801	0.0	0.0	0.0	0.0	0.0	0.0	0.0	0.0	0.0	0.0	0.0	0.0	0.0	0.0	0.0	0.0	0.0	0.0	0.0	0.0	0.0	0.0	0.0	0.000532301	0.000283818	0.0	8.0879e-05	0.0	0.0	0.0	0.0	3.98196e-05	0.0	0.0	0.0	0.0	0.0	0.0	0.0	0.0	0.0	0.0	0.0	0.0	0.0	0.0	0.0	0.0	0.0
PWY-6168: flavin biosynthesis III (fungi)	0.00175171	0.00124598	0.0	0.00193955	0.00235555	0.00266576	0.00311021	0.00183806	0.00267064	0.00259968	0.0	0.00347262	0.00314523	0.00252868	0.0	0.00140089	0.000523271	0.0032754	0.00513918	0.0	0.00146137	0.00423342	0.0030898	0.00186727	0.0030683	0.00349515	0.00383442	0.00363115	0.00320806	0.00254508	0.00301235	0.00102477	0.0021007	0.000537774	0.00165008	0.00360156	0.0	0.0	0.00334254	0.00220198	0.00508055	0.0023727	0.00292508	0.0	0.000567529	0.00304086	0.00159978	0.00316625	0.00327032	0.00377429	0.00286957	0.00177272	0.00174436	0.002797	0.00105608	0.0026397	0.0	0.002393	0.00158107	0.000925956	0.000664826	0.00298815	0.00326939	0.00333145	0.00119029	0.00448165	0.00386785	0.00499111	0.00216808	0.00258993	0.00421657	0.000770384	0.00223786	0.00201704	0.0004697	0.00187423	0.00143288	0.00142979	0.00292689	0.0034225	0.0	0.00221506	0.00161633	0.0	0.00143772	0.00362453	0.00233731	0.00163652	0.000872944	0.00500232	0.00135466	0.002401	0.00178669	0.00138361	0.00283198	0.00108147	0.00206902	0.00268133	0.00248517	0.00114363	0.00142454	0.00185864	0.00340498	0.00203346	0.00261259	0.0	0.000826429	0.0	0.00267102	0.000537107	0.00339702	0.00112072	0.000646717	0.00181493	0.00407779	0.00237816	0.0	0.0023168	0.00345748	0.00336841	0.00473214	0.00341048	0.0	0.00228376
PWY-6174: mevalonate pathway II (haloarchaea)	0.0	0.0	0.0	0.0	0.0	0.0	0.0	0.0	0.0	0.0	0.0	3.04718e-05	0.0	0.0	0.0	0.0	0.0	0.0	0.0	0.0	0.0	0.0	0.0	0.0	0.0	0.0	1.9468e-05	0.0	0.0	0.0	0.0	0.0	0.0	0.0	0.0	0.0	0.0	0.0	0.0	0.0	0.0	0.0	0.0	0.0	0.0	0.0	0.0	0.0	0.0	0.0	0.0	0.0	0.0	0.0	0.0	0.0	0.0	0.0	0.0	0.0	0.0	0.0	0.0	0.0	0.0	0.0	0.0	0.0	0.0	0.0	0.0	0.0	0.0	0.0	0.0	0.0	0.0	0.0	0.0	0.0	0.0	0.0	0.0	0.0	0.0	0.0	0.0	0.0	0.0	0.0	0.0	0.0	0.0	0.0	5.93863e-05	0.0	0.0	0.0	0.0	4.63665e-05	0.0	0.0	0.0	0.0	0.0	0.0	8.88084e-06	0.0	0.0	0.0	0.0	0.0	0.0	0.0	0.0	0.0	0.0	0.0	0.0	0.0	0.0	0.0	0.0	0.0
PWY-6182: superpathway of salicylate degradation	0.0	0.0	0.0	0.0	0.0	0.0	0.0	0.0	0.0	0.0	0.0	1.45525e-05	0.0	0.0	0.0	0.0	0.0	0.0	0.0	0.0	0.0	0.0	0.000249057	0.0	0.0	0.0	0.0	0.0	0.0	0.0	0.0	0.0	0.0	0.0	0.0	0.0	0.0	0.0	0.0	0.0	0.0	0.0	0.0	0.0	0.0	0.0	0.0	0.0	0.0	5.9537e-05	0.0	0.0	0.0	0.0	0.0	0.0	0.0	0.0	0.0	0.0	0.0	0.0	0.0	0.0	8.72423e-05	0.0	0.0	0.0	0.0	0.000357027	0.0	0.0	0.0	0.0	0.0	0.0	0.0	0.0	0.0	0.0	0.0	0.0	0.0	0.0	0.0	0.0	0.0	0.0	0.0	0.0	0.0	0.0	0.0	0.0	3.15707e-05	4.52108e-05	0.0	0.0	0.0	0.0	0.0	0.0	0.0	0.0	0.000128142	0.0	0.0	0.0	0.0	0.0	0.0	0.0	0.0	0.000116415	0.0	0.0	0.0	0.0	0.0	0.0	0.0	3.71287e-05	0.0	0.0
PWY-6185: 4-methylcatechol degradation (ortho cleavage)	0.0	0.0	2.50969e-05	0.0	0.0	0.0	0.0	0.0	0.0	0.0	0.0	2.21465e-05	0.0	0.0	0.0	0.0	0.0	0.0	3.4498e-05	0.0	7.70562e-06	0.0	0.000248334	0.0	0.0	0.0	0.0	0.0	0.0	0.0	0.0	0.0	0.0	0.0	0.0	0.0	0.0	0.0	0.0	0.0	0.0	0.0	0.0	0.0	0.0	0.0	0.0	0.0	0.0	5.27137e-05	0.0	0.0	0.0	0.0	0.0	0.0	0.0	0.0	0.0	0.0	0.0	0.0	0.0	0.0	0.000100582	0.0	0.0	0.0	0.0	0.000388179	0.0	0.0	0.0	0.0	0.0	0.0	0.0	0.0	0.0	0.0	0.0	0.0	0.0	0.0	0.0	0.0	0.0	0.0	0.0	0.0	0.0	0.0	0.0	0.0	0.0	3.69535e-05	0.0	0.0	0.0	0.0	0.0	0.0	0.0	0.0	0.000116986	0.0	0.0	0.0	0.0	0.0	0.0	0.0	0.0	0.00013887	0.0	0.0	0.0	0.0	0.0	0.0	0.0	9.05515e-05	0.0	0.0
PWY-6210: 2-aminophenol degradation	0.0	0.0	0.0	0.0	0.0	0.0	0.0	0.0	0.0	0.0	0.0	0.0	0.0	0.0	0.0	0.0	0.0	0.0	0.0	0.0	0.0	0.0	0.0	0.0	0.0	0.0	0.0	0.0	0.0	0.0	0.0	0.0	0.0	0.0	0.0	0.0	0.0	0.0	0.0	0.0	0.0	0.0	0.0	0.0	0.0	0.0	0.0	0.0	0.0	0.0	0.0	0.0	0.0	0.0	0.0	0.0	0.0	0.0	0.0	0.0	0.0	0.0	0.0	0.0	1.37075e-06	0.0	0.0	0.0	8.30899e-06	0.0	0.0	0.0	0.0	0.0	0.0	0.0	0.0	0.0	0.0	0.0	0.0	0.0	0.0	0.0	0.0	0.0	0.0	0.0	0.0	0.0	0.0	0.0	0.0	0.0	1.49211e-05	0.0	0.0	0.0	1.06965e-05	2.6899e-05	0.0	0.0	0.0	0.0	4.10587e-05	0.0	0.0	0.0	0.0	0.0	0.0	0.0	0.0	1.31837e-06	0.0	0.0	0.0	0.0	0.0	0.0	0.0	0.0	0.0	0.0
PWY-6215: 4-chlorobenzoate degradation	0.0	0.0	1.61567e-05	0.0	0.0	0.0	0.0	0.0	0.0	0.0	0.0	3.81093e-06	0.0	0.0	0.0	0.0	0.0	0.0	0.0	0.0	0.0	0.0	0.000101808	0.0	0.0	0.0	0.0	0.0	0.0	0.0	0.0	0.0	0.0	0.0	0.0	0.0	0.0	0.0	0.0	0.0	0.0	0.0	0.0	0.0	0.0	0.0	0.0	0.0	0.0	0.0	0.0	0.0	0.0	0.0	0.0	0.0	0.0	0.0	0.0	0.0	0.0	0.0	0.0	0.0	0.0	0.0	0.0	0.0	0.0	0.0002943	0.0	0.0	0.0	0.0	0.0	0.0	0.0	0.0	0.0	0.0	0.0	0.0	0.0	0.0	0.0	0.0	0.0	0.0	0.0	0.0	0.0	1.49304e-05	0.0	0.0	0.0	0.0	0.0	0.0	0.0	0.0	0.0	0.0	0.0	0.0	8.14614e-05	0.0	0.0	0.0	0.0	0.0	0.0	0.0	0.0	1.38076e-05	2.23769e-05	0.0	0.0	0.0	0.0	0.0	0.0	5.61871e-05	0.0	0.0
PWY-621: sucrose degradation III (sucrose invertase)	0.00172166	0.00191787	0.0011978	0.00160467	0.00200894	0.00107838	0.00351616	0.00223004	0.000766859	0.00218831	0.00116586	0.00166674	0.00161939	0.000625678	0.00241434	0.00200955	0.00173097	0.00296944	0.00432522	0.00200527	0.00120293	0.00274111	0.00206953	0.00216275	0.0022073	0.00121012	0.00119565	0.00236739	0.00117403	0.00217481	0.00330252	0.00127971	0.00175198	0.00392926	0.00153032	0.00306011	0.00297238	0.00113473	0.00126866	0.0016675	0.00141839	0.00160606	0.00267472	0.0072697	0.00172456	0.00281662	0.000445743	0.00215292	0.00109826	0.00407234	0.00240543	0.00216296	0.00261924	0.00119688	0.000754654	0.00135725	0.00213835	0.00226557	0.00358517	0.00229244	0.00331842	0.00211021	0.00214442	0.00290477	0.0027015	0.00333242	0.00091992	0.00160538	0.00195409	0.0037486	0.00284488	0.00319677	0.00195349	0.00283219	0.00223343	0.00216506	0.000770311	0.00256842	0.00161228	0.00166098	0.00165195	0.00209094	0.00154527	0.0014519	0.00234726	0.00282384	0.0026449	0.00172388	0.000981023	0.00517746	0.00106459	0.00386923	0.00402754	0.00118743	0.00186336	0.000578526	0.00191547	0.00263255	0.00175076	0.00195675	0.00173893	0.00118074	0.00243542	0.000732996	0.0018286	0.000481447	0.00126418	0.00229247	0.00185085	0.00208628	0.00320399	0.00130094	0.00148874	0.00168119	0.00148519	0.001644	0.00109566	0.00249341	0.00203916	0.00220875	0.00333755	0.00308937	0.00141486	0.00226961
PWY-622: starch biosynthesis	0.0	0.00125262	0.0	0.000193063	0.0	0.000825329	0.0	0.000720709	0.000344699	0.000571402	0.0	0.000504021	0.00163231	6.33056e-05	0.00304027	0.00035324	0.000230881	0.00448659	0.000343756	0.00237398	0.0011202	0.00103187	0.0	0.0	0.000519555	0.0	0.0	9.74571e-05	0.0	0.000135237	0.000472736	0.0	0.000784302	0.0	0.000250633	0.0	0.0	0.000539042	0.000369028	0.0	0.000482383	0.00101414	0.000525274	0.000167544	0.000624569	0.000110759	0.0	0.0	0.0	7.70073e-05	0.000407597	0.000235781	0.000753147	0.000914668	0.0	0.00151722	0.0	0.00236289	0.0	0.00387647	7.93465e-05	0.000284988	0.000324704	4.48893e-05	8.03727e-05	0.0	0.00149198	0.00143575	0.00115047	0.000469194	7.43269e-05	0.00202201	0.000501071	0.00245529	0.000492213	0.000520281	0.0	0.000250831	0.00120858	0.0	0.000696089	0.000533891	0.0	0.00033915	0.000966552	0.0	0.000548587	0.000246595	0.0	3.44869e-05	0.00419243	6.09812e-05	0.0	0.000396421	0.0	0.0	0.000909482	0.00198644	0.000690324	0.000755443	0.000236847	0.0	0.000612899	0.0	0.0	0.000125122	0.000924915	0.000378338	0.000140508	0.00127436	0.000703693	0.00423272	0.0	0.000622871	0.0	0.00101565	0.0	0.00510569	0.000376484	0.0	6.06075e-05	0.000319289	0.0	0.000339955
PWY-6270: isoprene biosynthesis I	0.00582571	0.00328713	0.00308605	0.00492867	0.00468606	0.00442841	0.00393176	0.00633766	0.00550018	0.00678285	0.0053266	0.00490202	0.00509661	0.00508199	0.00599052	0.00455331	0.00374396	0.00443275	0.00637542	0.00337405	0.00791359	0.00505332	0.00417634	0.00373345	0.00626982	0.00412454	0.00439989	0.00435539	0.00526868	0.00501886	0.00479543	0.00557937	0.00515103	0.00503099	0.00401436	0.00485487	0.00394139	0.00336118	0.00333238	0.00710893	0.00541497	0.00354464	0.00449611	0.00841215	0.0041959	0.0052271	0.00580723	0.00465203	0.00439375	0.00514995	0.00610284	0.00543325	0.00555414	0.00551857	0.00608435	0.0051527	0.00589438	0.0051536	0.00472134	0.00527555	0.00410514	0.00483636	0.0051999	0.00560143	0.00524914	0.00697585	0.0058387	0.00538964	0.00519948	0.00457934	0.00556088	0.00625055	0.00327596	0.006239	0.00603905	0.00658911	0.00460415	0.00485678	0.00595401	0.00601424	0.0	0.00449246	0.00554001	0.0055099	0.0037632	0.00621293	0.00642249	0.00522537	0.00532058	0.00711254	0.00538996	0.00381477	0.00753841	0.00515928	0.00491049	0.00544095	0.00443389	0.00336802	0.00582837	0.00479196	0.00531684	0.00406252	0.00610301	0.00600983	0.00452727	0.00520637	0.00391904	0.00519817	0.00510218	0.00462665	0.00714807	0.00507397	0.00425042	0.00357427	0.00695616	0.00584308	0.003823	0.00577762	0.00634753	0.00553153	0.00607634	0.0043239	0.00361543	0.00484973
PWY-6277: superpathway of 5-aminoimidazole ribonucleotide biosynthesis	0.0104185	0.0109658	0.0127155	0.00864079	0.00989012	0.0115519	0.00549402	0.00976264	0.0100233	0.00869934	0.0108884	0.0088943	0.00906891	0.011619	0.00928384	0.00944198	0.0121276	0.00780125	0.00823917	0.00969114	0.00746562	0.00959693	0.00733798	0.0114803	0.00874626	0.00852614	0.00773984	0.00714279	0.00854641	0.00606939	0.0100054	0.00974889	0.0108402	0.00964816	0.0130355	0.0071083	0.0119024	0.0142647	0.00976603	0.0106389	0.00878458	0.0111797	0.0114906	0.0128971	0.00985562	0.00911823	0.0128579	0.00673939	0.00939456	0.0075593	0.00889147	0.0087508	0.00949321	0.00943187	0.0115816	0.00981235	0.0100708	0.00941088	0.0109862	0.00945564	0.00916193	0.00978393	0.00854709	0.00944916	0.0092437	0.00922941	0.00972195	0.00964103	0.00926251	0.00647482	0.00911919	0.00925388	0.0101362	0.0089939	0.0100859	0.00877431	0.0112172	0.0107901	0.00953194	0.00963349	0.0120946	0.00887746	0.0116289	0.0117237	0.00935067	0.00999747	0.00884838	0.0109286	0.0111962	0.00910152	0.00961651	0.00591759	0.00998491	0.00965443	0.00917405	0.00967062	0.010443	0.00765166	0.00975866	0.0122153	0.010866	0.0100805	0.00837319	0.012404	0.00986314	0.0147302	0.0103432	0.0089139	0.00891029	0.00902459	0.0103889	0.00910283	0.0119899	0.0089996	0.00997195	0.0095051	0.0115218	0.0101732	0.00938085	0.00952729	0.00970216	0.00679098	0.00944741	0.00932777
PWY-6282: palmitoleate biosynthesis I (from (5Z)-dodec-5-enoate)	0.00232731	0.00221465	0.0016455	0.00210228	0.0019752	0.00427571	0.00486418	0.00347725	0.000856649	0.0045621	0.000979199	0.00601362	0.00480269	0.00120418	0.00141721	0.00115791	0.000637798	0.00270705	0.00331669	0.0031228	0.00219239	0.00267699	0.00427259	0.00109566	0.00236236	0.00497001	0.00577215	0.00492267	0.00538794	0.00280514	0.001354	0.00232314	0.00167383	0.00164732	0.000433684	0.00475489	0.000237023	0.000705358	0.00418482	0.00252092	0.00224373	0.00257881	0.00423181	0.000490237	0.00128308	0.00210676	0.000212488	0.00417893	0.00143171	0.00386182	0.00375888	0.00251794	0.00106363	0.0030604	0.00124758	0.00519746	0.00125598	0.00170772	0.00255491	0.0036974	0.00194109	0.00265751	0.00440561	0.00296179	0.00194537	0.003873	0.00308888	0.00162996	0.00188082	0.00460426	0.00410205	0.00162432	0.00242891	0.00309981	0.00177292	0.00223331	0.0019428	0.000793883	0.00278428	0.00430389	0.00199577	0.00130572	0.00129252	0.00180407	0.00206909	0.000520997	0.0014688	0.00213668	0.00100658	6.2255e-05	0.00250773	0.00443299	0.00280473	0.000706097	0.00156774	0.00109532	0.00153255	0.00417864	0.00155663	0.0016101	0.00176269	0.00142068	0.00180788	0.000786979	0.00334798	0.000176042	0.000552617	0.00539893	0.00245935	0.000542142	0.00332851	0.00153082	0.000312837	0.00270608	0.00200933	0.00225288	0.00100417	0.00493434	0.00167518	0.00302725	0.00453044	0.00622889	0.000750734	0.00366422
PWY-6284: superpathway of unsaturated fatty acids biosynthesis (E. coli)	0.000126405	0.000192937	0.0	0.000460925	0.0	0.0	0.00301579	0.0	0.000120181	0.00100978	0.000311181	0.00157163	0.000435984	0.0	0.000236507	0.000323111	0.0	0.00131822	0.000411158	0.000395255	0.000420629	0.000157376	0.0012923	0.0	0.000192375	0.00144947	0.0016119	0.00168623	0.000915434	0.00203275	0.000269542	0.0	0.000416084	0.0	0.000105721	0.0020241	0.0	0.000248442	0.00126459	0.00119637	0.000433584	0.0	0.0	0.0	0.000117207	0.0	0.0	0.001552	0.000223005	0.000549853	0.0	0.000358777	0.000237832	0.000490574	9.20296e-05	0.0	0.000448173	0.000360821	0.0	0.000137856	0.000270192	0.0	0.0	0.00092217	0.000301793	4.12095e-05	0.000191178	4.42504e-05	0.000199429	0.00253004	0.00072846	7.66061e-05	2.35907e-05	0.0	0.0	0.000445045	0.0	0.000236218	0.000608341	0.000428162	0.0	8.20234e-05	0.00014876	0.00013533	0.00013742	0.000575233	0.000188211	0.000178936	0.0	6.91285e-05	0.000649055	0.00251544	0.000578271	0.0	0.0	0.0	0.000317564	0.00186439	0.000151268	0.000277072	0.000211464	5.18069e-05	0.000587575	0.0	0.0012319	0.000233003	0.0	0.0	0.00038146	0.0	9.01554e-05	0.000178747	0.000170632	0.00042327	0.0	0.00108969	0.000162247	0.000190831	0.00109519	0.000160258	0.000467552	0.00260227	0.0	0.00113277
PWY-6285: superpathway of fatty acids biosynthesis (E. coli)	0.0	0.0	0.0	0.000660511	0.0	0.0	0.00373758	0.0	0.0	0.00112457	0.0	0.00253171	0.000818114	0.0	0.0	0.0	0.0	0.00189317	0.000754985	0.0	0.000745071	0.000303645	0.00202648	0.0	0.0	0.00228339	0.00254648	0.00254416	0.00159	0.00246982	0.00048226	0.0	0.0	0.0	0.00018664	0.00290891	0.0	0.0	0.0020085	0.0	0.000773149	0.0	0.0	0.0	0.0	0.0	0.0	0.00236598	0.000391016	0.000993445	0.0	0.000320563	0.0	0.000536814	0.0	0.0	0.0	0.0	0.0	0.000270861	0.000496464	0.0	0.0	0.00145569	0.000549682	8.20045e-05	0.000369534	0.0	0.000373827	0.00330693	0.00126554	0.0	4.71161e-05	0.0	0.0	0.000703403	0.0	0.000259716	0.00088275	0.000800338	0.0	0.0	0.0	0.000258164	0.0	0.000316188	0.000348076	0.000340676	0.0	0.0	0.000959008	0.00326169	0.000643316	0.0	0.0	0.0	0.000561441	0.00270656	0.000286177	0.000427372	0.000389059	0.0	0.000955653	0.0	0.00190303	0.00025817	0.0	0.0	0.00060342	0.0	0.000177727	0.000334951	0.000248203	0.000759315	0.0	0.00112902	0.0	0.0	0.00107376	0.000310885	0.000827229	0.00349648	0.0	0.00183266
PWY-6292: superpathway of L-cysteine biosynthesis (mammalian)	0.00102671	0.00329621	0.000714944	0.000158173	0.00259818	0.00213135	7.41467e-05	0.00158833	0.000590464	0.000701794	0.000996452	0.00107604	0.000247071	0.000894	0.0017414	0.00194178	0.00203595	0.000665791	0.000210508	0.00175589	0.000153562	0.00159565	0.00060597	0.00183816	0.00116074	0.0012339	0.00117176	0.00111427	0.000272874	0.000310728	0.00237529	0.00252437	0.000960075	0.00327996	0.00127742	0.00107952	0.00294164	0.00136282	0.0012348	0.00164061	0.00198942	0.00138784	0.00011222	0.00338293	0.00188264	0.00227245	0.000578962	0.00121625	0.00206065	0.00204267	0.00232941	0.00211095	0.00233205	0.0014492	0.00182969	0.000849646	0.00198591	0.00183086	0.000822066	0.00192704	0.00265668	0.00103534	4.9683e-05	0.00150056	0.00235213	0.0	0.001838	0.00124003	0.00167455	0.000747545	0.00125929	0.00224113	0.00171589	0.00201367	0.00205527	0.00245413	0.00236547	0.00178941	0.00221214	0.000708702	0.00395976	0.00230549	0.00119594	0.00119895	0.00242173	0.000266507	0.00191492	0.00179302	0.00161222	0.00158925	0.000519635	0.000439033	0.000928943	0.00248266	0.00166519	0.00170947	0.00104987	5.72854e-05	0.00208494	0.00126385	0.00181625	0.000556435	0.00159369	0.00134178	0.00069758	0.00101327	0.00164377	0.000204421	0.00193777	0.00072567	0.00077872	0.00119922	0.00287795	0.0004698	0.00142894	0.00164646	0.00134163	0.00030624	0.00144231	0.0016455	0.000271955	8.66615e-05	0.00232482	0.000889136
PWY-6293: superpathway of L-cysteine biosynthesis (fungi)	0.0	8.40378e-05	0.0	0.000119684	0.0	0.0	0.000170584	0.0	3.87167e-05	0.000152307	0.0	0.000794744	0.000318098	0.0	5.54697e-05	0.0	0.0	0.000701385	0.00012859	0.0	0.000180213	0.000116939	0.000651459	0.0	6.40152e-05	0.000871284	0.000900315	0.000452656	0.000429981	0.000555774	0.0	0.0	0.0	0.0	0.0	0.000996883	0.0	0.0	0.000586595	0.000444464	0.000212699	0.00013264	5.78124e-05	0.0	0.0	2.66871e-05	0.0	0.000853511	6.97705e-05	0.000466098	0.0	0.0	0.0	7.95522e-05	4.77897e-05	0.0	0.0	5.05989e-05	0.0	0.0	0.0	1.65499e-05	0.0	0.000208971	0.000268537	0.0	0.00016181	2.04897e-05	0.0	0.000700477	0.000749322	2.35746e-05	3.69119e-05	0.0	0.0	0.000145113	0.0	0.0	0.00021591	0.000253936	0.0	3.97463e-05	0.0	2.69435e-05	0.0	4.73172e-05	0.0	0.000147546	0.0	0.000810386	0.00051982	0.000694984	7.11518e-05	0.0	0.000126949	0.0	0.0	0.00013284	3.45215e-05	0.000206141	0.000182258	1.67953e-05	0.000179688	0.0	0.000458158	0.000187323	0.0	0.0	0.000233011	0.000188139	4.04529e-05	2.93823e-05	0.00010255	0.000283455	0.000168504	0.000404731	0.0	0.000334554	0.000262132	0.0	0.000249965	0.000168053	0.0	0.00029612
PWY-6305: superpathway of putrescine biosynthesis	0.00135179	0.00243318	0.000838833	0.000655048	0.00350032	0.00375892	0.00199048	0.0029183	0.00102514	0.00305489	0.00148911	0.0022492	0.00210101	0.00132021	0.00185691	0.00166717	0.00132022	0.00179929	0.000916075	0.000908946	0.000757294	0.00337209	0.00254855	0.00162683	0.00211302	0.00239469	0.00269592	0.00152876	0.00221083	0.00216015	0.00290539	0.0014526	0.00163042	0.00260322	0.000770228	0.00218409	0.000488514	0.00101212	0.00152166	0.00157418	0.00115007	0.00187829	0.00276505	0.00144877	0.0022046	0.00208115	0.000997631	0.00206629	0.00218543	0.00189923	0.00181678	0.00170713	0.00191174	0.00287319	0.00105427	0.00318612	0.00227954	0.00193992	0.00140733	0.0012245	0.00311779	0.0016955	0.00327511	0.00183421	0.00173212	0.00165076	0.00220924	0.00123443	0.00351125	0.00254	0.00115761	0.00291446	0.00259869	0.00254613	0.00145256	0.001486	0.00147588	0.00185122	0.00118109	0.0012416	0.0040716	0.000420897	0.00159779	0.00129628	0.00260773	0.000964962	0.00208404	0.00134218	0.00236743	0.000878323	0.00188149	0.00225583	0.00156231	0.00145094	0.00160107	0.00169648	0.00178193	0.00266161	0.00240957	0.00086948	0.00145945	0.00206577	0.00185174	0.00214719	0.00217003	0.000991468	0.00206044	0.00298238	0.00262646	0.00132578	0.00110671	0.00134805	0.00212745	0.00152329	0.00219516	0.00146055	0.00228178	0.00195034	0.00206034	0.00153225	0.0027339	0.00189632	0.00231968	0.00153764
PWY-6317: D-galactose degradation I (Leloir pathway)	0.00426691	0.00531877	0.00505913	0.00370914	0.00588971	0.00511721	0.00330339	0.00547638	0.00417063	0.00401891	0.00335402	0.00477792	0.00441898	0.00713225	0.00587201	0.00554843	0.00586165	0.00619231	0.00239403	0.00514863	0.00277141	0.00603646	0.00414461	0.007601	0.00440595	0.00457662	0.0046387	0.00396301	0.00309583	0.00450913	0.00709943	0.00611716	0.00516225	0.00637123	0.00937052	0.00453062	0.00925234	0.00662093	0.00609649	0.00622303	0.00381007	0.00755612	0.00393696	0.00979208	0.00591723	0.00557062	0.00728823	0.00438318	0.00589857	0.00592239	0.00608657	0.005485	0.00742821	0.00539217	0.00481529	0.00394654	0.00640567	0.00609613	0.00553146	0.00519956	0.00566701	0.00583131	0.00501101	0.00505325	0.00802774	0.00523493	0.00433599	0.00551522	0.00549658	0.00269431	0.00492506	0.00721359	0.0044293	0.00740525	0.00619677	0.00667562	0.00583814	0.00789842	0.00702146	0.00398014	0.00369486	0.00620248	0.00550029	0.00897398	0.00572817	0.00653955	0.00678355	0.0065902	0.00532172	0.00663969	0.00512572	0.00497998	0.0041364	0.00876266	0.00460818	0.00442549	0.0053934	0.00420982	0.00552475	0.00496766	0.00716319	0.00281984	0.00472423	0.00564568	0.00608341	0.00590448	0.0085518	0.0041651	0.00428543	0.00637963	0.00175001	0.00506128	0.00575741	0.0085406	0.00390876	0.00647197	0.00838788	0.00760798	0.00536459	0.00545167	0.00325462	0.00315416	0.00516257	0.00460869
PWY-6318: L-phenylalanine degradation IV (mammalian, via side chain)	0.0	0.0	0.0	6.35144e-05	0.0	0.0	5.99242e-05	0.0	0.0	0.0	0.0	1.7608e-05	0.0	0.0	0.0	0.0	0.0	0.000253947	0.0	0.0	0.0	0.0	0.00013604	0.0	0.0	0.0	0.0	2.63173e-05	3.61516e-05	3.23718e-05	0.0	0.0	0.0	0.0	0.0	0.0	0.0	0.0	0.0	9.73379e-06	0.0	0.0	0.0	0.0	0.0	0.0	0.0	0.0	3.00651e-05	0.0	0.0	0.0	0.0	2.25882e-05	0.0	0.0	0.0	0.0	0.0	0.0	0.0	0.0	0.0	5.66025e-06	0.0	0.0	0.0	0.0	0.0	0.000236984	1.55835e-05	0.0	0.0	0.0	0.0	0.0	0.0	0.0	0.0	9.69986e-06	0.0	0.0	0.0	0.0	0.0	0.0	0.0	0.0	0.0	0.0	3.25764e-05	0.000273531	2.90435e-05	0.0	3.24501e-05	0.0	0.0	0.000215075	0.0	0.0	0.0	0.0	0.0	0.0	0.000106145	0.0	0.0	0.0	0.0	0.0	0.0	0.0	0.0	5.54144e-05	0.0	0.0	0.0	0.0	0.0	0.0	5.78707e-05	0.000168778	0.0	0.000200446
PWY-6328: L-lysine degradation X	0.0	0.0	0.0	6.34797e-05	0.0	0.0	0.000805244	0.0	0.0	0.0	0.0	1.17044e-06	0.0	0.0	0.0	0.0	0.0	0.000299015	7.99868e-05	0.0	0.0	0.0	0.000331111	0.0	0.0	0.0	0.0	0.000469214	0.0	0.000309816	0.0	0.0	0.0	0.0	0.0	0.000420072	0.0	0.0	4.11181e-05	2.10886e-05	0.0	0.0	1.48861e-05	0.0	0.0	0.0	0.0	0.000323229	0.0	0.0	0.0	0.0	0.0	2.75264e-05	0.0	0.0	0.0	0.0	0.0	0.0	0.0	0.0	0.0	0.0	0.0	0.0	0.000254479	0.0	2.20554e-05	3.56784e-05	4.29283e-05	0.0	0.0	0.0	0.0	0.0	0.0	0.0	8.0645e-05	0.0	0.0	0.0	0.0	0.0	0.0	0.0	0.0	0.0	0.0	0.0	6.90507e-05	0.000103951	0.0	0.0	0.0	0.0	0.0	0.0	2.88246e-05	1.77457e-05	5.09778e-05	0.0	1.6875e-05	0.0	4.42469e-05	0.0	0.0	0.0	0.0	2.2958e-05	0.0	0.0	0.0	9.98046e-06	0.0	0.0	0.0	0.0	0.0	0.0	5.43986e-05	0.000245091	0.0	0.0
PWY-6349: CDP-archaeol biosynthesis	0.0	0.000228923	0.0	0.0	0.0	0.0	0.0	8.14022e-05	0.0	0.0	0.000233522	1.41836e-05	0.0	0.0	0.0	5.99752e-05	0.0	0.0	0.0	0.0	0.0	0.0	0.0	0.0	0.0	0.0	0.0	0.0	0.0	2.1081e-05	0.0	9.50144e-05	0.000108415	0.0	0.0	0.0	0.000119978	0.0	0.0	0.0	0.0	0.0	0.0	0.0	0.000162369	1.8465e-05	0.0	0.0	0.0	0.0	0.0	0.0	0.0	0.0	2.19597e-05	0.0	0.0	0.0	0.0	0.0	0.0	0.0	0.0	0.0	0.0	0.0	8.90786e-05	0.0	0.0	0.0	0.0	0.0	0.0	0.0	2.98541e-05	0.0	0.0	0.0	0.0	0.0	0.0	0.0	0.0	0.0	2.57128e-05	0.0	0.0	0.0	0.0	0.0	0.0	0.0	0.0	0.0	0.0	0.0	0.0	0.0	0.000186878	0.000129141	0.0	2.15286e-05	0.0	0.0	0.0	0.0	7.45869e-06	0.0	0.0	0.0	0.0	0.0	0.0	0.0	0.0	0.0	0.0	0.0	0.0	0.0	0.0	0.0	0.0	0.0
PWY-6350: archaetidylinositol biosynthesis	0.0	0.000212683	0.0	0.0	0.0	0.0	0.0	0.0	0.0	0.0	0.000209389	1.21926e-05	0.0	0.0	0.0	5.11492e-05	0.0	0.0	0.0	0.0	0.0	0.0	0.0	0.0	0.0	0.0	0.0	0.0	0.0	1.53904e-05	0.0	7.30643e-05	7.80015e-05	0.0	0.0	0.0	0.000103054	0.0	0.0	0.0	0.0	0.0	0.0	0.0	0.000155742	0.0	0.0	0.0	0.0	0.0	0.0	0.0	0.0	0.0	2.01057e-05	0.0	0.0	0.0	0.0	0.0	0.0	0.0	0.0	0.0	0.0	0.0	6.48614e-05	0.0	0.0	0.0	0.0	0.0	0.0	0.0	2.42572e-05	0.0	0.0	0.0	0.0	0.0	0.0	0.0	0.0	0.0	0.0	0.0	0.0	0.0	0.0	0.0	0.0	0.0	0.0	0.0	0.0	0.0	0.0	0.0	0.000164199	0.000111859	0.0	1.78837e-05	0.0	0.0	0.0	0.0	0.0	0.0	0.0	0.0	0.0	0.0	0.0	0.0	0.0	0.0	0.0	0.0	0.0	0.0	0.0	0.0	0.0	0.0
PWY-6353: purine nucleotides degradation II (aerobic)	0.0012415	0.000882921	0.000840654	0.00202534	0.00153888	0.000573842	0.00482702	0.00148927	0.000574673	0.00185679	0.000743158	0.0028036	0.00185017	0.000507438	0.00173221	0.000947056	0.00100369	0.00549462	0.00360722	0.00113302	0.00243666	0.00167558	0.00300706	0.00115972	0.00120101	0.002478	0.00300675	0.00490065	0.00275724	0.00490223	0.00292595	0.000766921	0.00225665	0.00134148	0.000629454	0.00277053	0.00107532	0.000540459	0.00337631	0.00254805	0.00277725	0.000452517	0.00103518	0.00159796	0.000796176	0.00137525	0.00062277	0.00192843	0.00212208	0.00240331	0.00127247	0.00118548	0.00226569	0.00157226	0.0010997	0.00109965	0.00100903	0.00191676	0.00114291	0.000730963	0.000795134	0.00120687	0.00124911	0.0023519	0.00134246	0.00159643	0.00135207	0.00117164	0.00105655	0.00329914	0.00253137	0.00129098	0.00129267	0.00109467	0.0010391	0.00238909	0.00105449	0.00162119	0.00321743	0.00185241	0.000801449	0.00116556	0.000954343	0.0014644	0.0013313	0.00187336	0.0017464	0.00101275	0.000919344	0.0013415	0.0029797	0.00481961	0.00182452	0.000722226	0.00166529	0.000516449	0.000809836	0.00432305	0.001187	0.00257146	0.00118895	0.000220904	0.00266785	0.00113382	0.00217733	0.000423859	0.00141076	0.00229999	0.00143015	0.00299667	0.000938194	0.000833813	0.00127198	0.00158447	0.000913754	0.00217394	0.000392179	0.00103191	0.00214783	0.00124014	0.00230484	0.00325396	0.0016511	0.0020685
PWY-6385: peptidoglycan biosynthesis III (mycobacteria)	0.011148	0.0117843	0.0144927	0.0109702	0.00979201	0.0124519	0.00575973	0.0116938	0.0117793	0.00958743	0.0167435	0.00856219	0.0102369	0.0132552	0.0104606	0.0131649	0.0140895	0.00751035	0.00831352	0.0110685	0.0093677	0.00995132	0.00736509	0.0117664	0.0113383	0.00910104	0.00801655	0.00787928	0.0087108	0.00709823	0.0102174	0.0133506	0.0135084	0.0119185	0.0145327	0.00744443	0.0135728	0.0150699	0.0105951	0.0109029	0.0105147	0.0123179	0.0112473	0.0106963	0.0134959	0.0104684	0.0151214	0.00762329	0.0107059	0.00801531	0.0103122	0.0106117	0.0102276	0.0101678	0.0165235	0.0119913	0.0122719	0.0105913	0.0106906	0.010062	0.00964603	0.0101278	0.00971348	0.00896292	0.0107085	0.00997845	0.0106928	0.0106951	0.0107621	0.0059557	0.00859654	0.0105572	0.0105793	0.0093086	0.0120982	0.00932421	0.0124355	0.011807	0.010269	0.0105975	0.0127247	0.0109793	0.0127161	0.0122092	0.0112366	0.011846	0.00980584	0.0112513	0.0130003	0.00968873	0.0111617	0.00647629	0.00976613	0.0124896	0.0123169	0.0112111	0.011543	0.00777946	0.0112775	0.0129954	0.0111948	0.0121753	0.00975436	0.0134995	0.0105731	0.0147381	0.0126928	0.00961596	0.0102931	0.00916452	0.0109607	0.0125796	0.0131821	0.0110133	0.0115707	0.0116497	0.0128138	0.00997543	0.0101142	0.00954541	0.00947964	0.00661405	0.0108683	0.00933663
PWY-6386: UDP-N-acetylmuramoyl-pentapeptide biosynthesis II (lysine-containing)	0.0115572	0.0127691	0.0148153	0.010963	0.0108551	0.0131592	0.00550611	0.0118497	0.0120311	0.0100702	0.0176238	0.00884641	0.0106637	0.013804	0.0115039	0.0137333	0.0155564	0.00726141	0.00805527	0.0108379	0.00869238	0.0101491	0.00732528	0.0129537	0.0117452	0.00932552	0.00816806	0.00783753	0.00872434	0.00659751	0.0107916	0.0141142	0.0144367	0.0124609	0.0159209	0.00753325	0.0146921	0.0160957	0.0111489	0.0113182	0.0106551	0.012781	0.0114095	0.0128982	0.014459	0.0112762	0.0155311	0.00743014	0.0112596	0.00870973	0.0105999	0.0107777	0.0109657	0.0106384	0.0167455	0.0120276	0.0131851	0.011343	0.0110989	0.0104741	0.0102128	0.0104838	0.0100388	0.00948167	0.0112849	0.00993511	0.0107207	0.0106817	0.0115825	0.00570869	0.00882875	0.0114023	0.0106257	0.0102986	0.0125005	0.00993751	0.0138644	0.0127833	0.0105118	0.0108811	0.0131753	0.0115247	0.013418	0.0133475	0.0121018	0.0121472	0.0104155	0.0125113	0.0139294	0.00981352	0.0117902	0.0059707	0.00951191	0.0129136	0.0129793	0.0112784	0.0118604	0.00762261	0.0120514	0.0135462	0.0125079	0.0124573	0.00965112	0.0147505	0.010789	0.0160591	0.0129798	0.00968427	0.0104415	0.00883723	0.0110419	0.0131805	0.0141273	0.0119873	0.0118944	0.0122647	0.0140432	0.0114138	0.0107243	0.0099804	0.00960031	0.00644788	0.0115675	0.00938053
PWY-6387: UDP-N-acetylmuramoyl-pentapeptide biosynthesis I (meso-diaminopimelate containing)	0.0114389	0.0124198	0.0150498	0.0108577	0.0105549	0.0130192	0.0055164	0.0117683	0.011902	0.00993769	0.0171958	0.00878895	0.0106398	0.0138952	0.0113325	0.0137102	0.01539	0.00726003	0.00816377	0.0108062	0.00927523	0.0100919	0.00721869	0.01291	0.0114967	0.00929305	0.00804192	0.00761936	0.00856534	0.00685855	0.0106688	0.0139995	0.0138889	0.0122626	0.015937	0.0072631	0.0144892	0.0160947	0.0109522	0.0111041	0.010533	0.0127172	0.0114443	0.0124751	0.0141324	0.0110913	0.0155951	0.00774503	0.0111139	0.00852298	0.0104494	0.0105507	0.0107812	0.0105046	0.0165814	0.0120715	0.0129892	0.0112109	0.0109237	0.0103423	0.0100876	0.0104219	0.00999023	0.00933221	0.0112161	0.00993931	0.0109893	0.0106361	0.0113007	0.00570664	0.00872132	0.0112169	0.0104802	0.0100459	0.012289	0.00981302	0.0137734	0.0127747	0.0104701	0.0106853	0.0129958	0.0113619	0.0133349	0.0133881	0.0118213	0.0120562	0.0102423	0.0124202	0.0138307	0.00977086	0.0116501	0.00627573	0.0096123	0.0132118	0.0128477	0.0111854	0.0117334	0.00759684	0.0118648	0.0133605	0.0125627	0.0122311	0.00963336	0.0145882	0.0108607	0.0159997	0.0128378	0.00976818	0.0104158	0.00891292	0.0108246	0.0130319	0.0140573	0.0119221	0.0117286	0.0122186	0.0139244	0.0112613	0.0104919	0.00987398	0.00952848	0.00645866	0.0114995	0.00943784
PWY-6396: superpathway of 2,3-butanediol biosynthesis	0.0	0.0	0.0	0.0	0.0	0.0	0.000303502	0.0	0.0	0.0	0.0	7.32303e-06	2.92321e-05	0.0	3.57081e-05	0.0	0.0	0.0	7.24541e-05	0.0	0.0	0.0	0.0	0.0	0.0	0.0	0.0	0.0	0.0	0.0	0.0	0.0	0.0	0.0	0.0	0.0	0.0	0.0	0.0	1.19106e-05	0.0	0.0	0.0	7.43133e-05	0.0	0.0	0.0	0.0	0.0	0.0	0.0	0.0	0.0	0.0	0.0	0.0	0.0	0.0	0.0	0.0	0.0	0.0	0.0	1.53926e-05	0.0	0.0	0.0	0.0	2.55407e-05	0.000142811	0.0	1.10071e-05	0.0	0.0	0.0	0.0	0.0	0.0	0.0	0.0	0.0	0.0	0.0	2.15008e-05	0.0	0.0	0.0	0.0	0.0	7.729e-06	0.0	0.000299521	0.0	0.0	0.0	0.0	0.0	8.71698e-05	0.0	0.0	0.0	0.0	0.0	0.0	0.000177774	0.0	0.0	0.000106082	3.91084e-05	0.0	0.0	0.0	0.0	0.0	0.0	0.0	0.0	2.78333e-05	0.0	0.0	0.0	0.0	0.0	0.0
PWY-6415: L-ascorbate biosynthesis V (euglena, D-galacturonate pathway)	0.0	4.73419e-05	0.0	0.0	0.0	0.0	0.0	0.0	0.0	0.0	0.000163583	7.10821e-05	0.0	0.000119209	0.0	0.000291734	0.0	0.0	0.0	0.0	0.000160415	0.00051887	0.0	0.0	0.0	0.0	0.0	0.0	9.08217e-05	5.76408e-05	0.0	0.000169462	0.00014998	0.000117853	9.28623e-05	0.000115937	0.000124939	0.000194901	0.0	0.0	0.0	0.0	0.0	0.0	0.000119999	0.000218398	0.0	0.0	0.0	0.0	0.000100126	6.62511e-05	0.0	0.000161669	5.84183e-05	0.0	0.000258114	0.0	0.0	0.0	0.0	0.0	0.0	0.000195423	0.0	0.0	0.000202687	0.0	0.0	0.0	2.40378e-05	0.0	0.0	9.20896e-05	0.0	0.0	0.0	0.0	0.0	0.0	0.0	0.0	0.0	0.0	0.0	0.0	0.0	0.0	0.0	0.0	0.0	0.0	0.0	0.0	0.00039406	0.0	0.0	0.0	0.0002351	0.0	0.0	0.0	0.0	0.0	7.12574e-05	0.0	0.0	0.0	0.0	0.0	0.0	8.57796e-05	0.0	4.83373e-05	0.0	0.0	0.0	0.0	0.0	0.0	0.0	0.0	0.0	0.0
PWY-6435: 4-hydroxybenzoate biosynthesis III (plants)	0.0	0.0	0.000144814	0.0	0.0	0.0	0.0	0.0	9.3017e-06	0.0	0.0	0.0	0.0	0.0	7.42827e-05	4.05776e-05	0.0	0.0	0.0	0.0	0.0	3.32847e-05	0.0	4.00981e-05	0.0	0.0	0.0	0.0	9.39157e-06	0.0	1.44066e-05	0.0	0.000195425	0.0	0.0	0.0	0.0	0.0	0.0	0.0	0.0	0.0	0.0	0.0	0.0	0.0	0.0	0.0	0.0	0.0	0.0	0.0	0.000117763	0.0	0.0	0.0	0.0	0.000351976	0.0	0.0	0.0	0.0	0.0	0.000394671	0.0	0.0	0.0	0.0	0.000110428	0.0	0.0	0.0	0.000175045	0.0	0.0	0.0	0.0	0.0	0.0	0.0	0.0	5.8359e-05	0.0	0.0	7.10446e-05	0.0	3.38325e-05	0.0	0.0	0.0	0.0	0.0	0.0	0.0	0.0	0.0	0.0	0.0	0.0	0.0	0.0	0.0	0.0	0.0	0.0	0.0	9.85813e-06	1.01014e-05	0.0	0.0	0.0	0.0	0.0	0.0	0.0	0.0	0.0	0.00021902	0.0	0.0	0.0	0.0	0.0	0.0
PWY-6467: Kdo transfer to lipid IVA III (Chlamydia)	0.0	0.0	0.0	0.0	0.0	0.0	0.0	0.0	0.0	0.0	0.0	0.0	0.0	0.0	0.0	0.0	0.0	0.0	0.0	0.0	0.0	0.0	0.0	0.0	0.0	0.0	0.0	0.0	0.0	0.000567449	0.0	0.0	0.0	0.0	0.0	0.0	0.0	0.0	0.0	0.0	0.0	0.0	0.0	0.0	0.0	0.0	0.0	0.0	0.0	0.0	0.0	0.0	0.0	0.0	0.0	0.0	0.0	0.0	0.0	0.0	0.0	0.0	0.0	0.0	0.0	0.0	0.0	0.0	0.0	0.0	0.0	0.0	0.0	0.0	0.0	0.0	0.0	0.0	0.0	0.0	0.0	0.0	0.0	0.0	0.0	0.0	0.0	0.0	0.0	0.0	0.0	0.0	0.0	0.0	0.0	0.0	0.0	0.0	0.0	0.0	0.0	0.0	0.0	0.0	0.0	0.0	0.0	0.0	0.0	0.0	0.0	0.0	0.0	0.0	0.0	0.0	0.0	0.0	0.0	0.0	0.0	0.0	0.0	4.19861e-05
PWY-6470: peptidoglycan biosynthesis V (&beta;-lactam resistance)	0.00174596	0.00157386	0.00143801	0.00240652	0.00379374	0.00142154	0.00132701	0.00263418	0.00111739	0.00184179	0.00125898	0.00174674	0.000173284	0.00160179	0.000845383	0.000878338	0.000757801	0.00153626	0.00108343	0.000614546	0.0	0.00165077	0.00134419	0.000671407	0.000414357	0.000776332	0.000731002	0.000781434	0.00117345	0.000228944	0.00179388	0.000610549	0.000876363	0.000773585	0.000310314	0.000579389	0.0016466	0.0009643	0.000605908	0.00231534	0.00112128	0.000758772	0.00121331	0.000860668	0.00140082	0.00241373	0.000411169	0.00136726	0.00154625	0.000415782	0.00215352	0.00137709	0.00104293	0.00152352	0.000810278	0.000278779	0.00294714	0.00222975	0.00118027	0.00111419	0.00186703	0.00454538	0.000647398	0.00303991	0.00186902	0.000575409	0.00146016	0.00131471	0.000888283	0.000795874	0.00138099	0.00243006	0.00133773	0.0021888	0.000550713	0.00208361	0.00168411	0.00218605	0.0013064	0.00207126	0.000466412	0.00104381	0.00184095	0.00178941	0.00147097	0.000286052	0.00124104	0.00167572	0.00134898	0.00203544	0.00124696	0.00136927	0.000961992	0.00137842	0.000454278	0.00173683	0.00218433	0.000314491	0.00227478	0.000853987	0.00190567	0.00191828	0.00104487	0.00166607	0.000890763	9.51706e-05	0.00113692	0.00215687	0.000753343	0.00387224	0.000129477	0.000873478	0.00139427	0.000644392	0.00159295	0.00246416	0.0013005	0.00146827	0.00277918	0.0026261	0.00270494	0.000747964	0.00156377	0.0
PWY-6471: peptidoglycan biosynthesis IV (Enterococcus faecium)	0.0	0.0	0.0	0.0	0.0	0.0	0.0	0.0	1.83402e-05	0.0	0.0	1.04423e-05	0.0	0.0	0.0	0.0	0.0	0.0	0.000125209	0.0	0.0	0.0	0.0	0.0	0.0	0.0	0.0	0.0	0.0	0.0	0.0	0.0	0.0	0.0	0.0	0.0	0.0	0.0	0.0	0.00129702	0.0	0.0	0.0	0.0	0.000362786	0.0	0.0	0.0	0.0	0.0	0.0	0.0	0.0	0.0	0.0	0.0	9.61291e-05	0.000357343	0.0	0.0	0.0	0.0	0.0	0.0	0.0	0.0	0.000298323	0.0	0.0	0.0	0.0	0.0	0.0	0.0	0.0	0.0	0.0	0.0	0.0	0.0021808	0.0	0.0	0.0	0.0	0.0	0.0	0.0	0.0	0.0	0.000129608	0.00107249	0.000707835	4.65679e-05	0.0	0.000170256	0.0	0.0	0.000123102	0.0	0.0	0.0	0.0	0.0	0.0	0.0	0.0	0.0	0.000822212	0.0	0.0	0.0	0.0	0.0	0.0	0.0	0.0	0.0	0.0	0.0	0.0	0.0	0.0	0.0	0.0
PWY-6478: GDP-D-glycero-&alpha;-D-manno-heptose biosynthesis	6.44682e-05	0.0	0.0	5.70749e-06	0.0	0.0	8.81217e-05	0.000136505	7.79975e-06	0.000243404	0.0	2.08353e-05	0.000186498	0.0	0.0	0.0	0.0	0.0	0.0	0.0	0.000654622	0.0001528	0.0	0.000124724	0.000125207	8.2301e-05	0.0	0.0	0.000139854	0.0	5.5324e-05	2.79794e-05	2.58699e-05	0.0	0.0	7.59825e-05	0.0	0.0	0.0	7.53359e-05	0.0	0.0	0.000239389	0.0	3.53062e-05	3.2014e-05	0.0	0.0	0.0	0.0	0.0	6.26466e-05	3.49513e-05	5.17623e-05	0.0	0.0	4.45231e-05	0.0	0.000100893	0.0	3.93179e-05	0.0	0.000300899	4.26488e-05	0.0	0.00183606	0.0	4.16375e-05	1.62704e-05	4.87954e-05	0.0	0.0	1.36934e-05	0.0	2.80114e-05	2.44653e-05	0.0	6.58759e-05	0.0	0.000265974	0.0	8.98179e-05	0.000118665	7.78318e-06	0.0	0.000422595	9.22529e-05	0.0	0.0	0.000821139	0.0	0.0	0.000133676	0.0	0.0	0.0	0.0	0.0	5.50372e-05	0.0	0.0	0.0	0.000331852	0.0	4.69357e-05	0.0	0.0	0.0	9.41831e-05	0.0	0.0	0.0	0.0	0.0	0.000420823	0.0	0.0	0.000263297	0.0	3.39033e-05	0.00025334	8.49607e-05	0.000378822	0.0
PWY-6507: 4-deoxy-L-threo-hex-4-enopyranuronate degradation	0.00148505	0.00179	0.000714161	0.000852352	0.0026969	0.00171829	0.00181298	0.000862711	0.000854436	0.0010151	0.000491429	0.00152577	0.00141928	0.000567008	0.00171558	0.00169423	0.00162086	0.00178784	0.00111244	0.000843572	0.0017434	0.00124706	0.00123641	0.00158379	0.00130732	0.00264896	0.00177356	0.00159973	0.00205818	0.00192549	0.00263698	0.00113948	0.00058481	0.00240592	0.000842812	0.00129136	0.00130828	0.000937263	0.00217355	0.000711458	0.00118774	0.000541347	0.000826343	0.00226005	0.000810654	0.000873441	0.000916843	0.00162666	0.001952	0.00188491	0.00113506	0.000956014	0.00211533	0.000481471	0.000879442	0.000970491	0.000573986	0.00109053	0.000463684	0.0011428	0.00182369	0.00102526	0.00071913	0.00103874	0.00152374	0.000897549	0.00137539	0.000584899	0.00135463	0.00215929	0.000755181	0.00168411	0.00154047	0.0013313	0.00112894	0.00187368	0.00148732	0.00124545	0.000991389	0.000783303	0.00298601	0.000938923	0.00029526	0.000714637	0.00118051	0.00150025	0.00152728	0.00119446	0.000692444	0.000521871	0.000812275	0.00137084	0.000453779	0.00125373	0.00116754	0.001328	0.000664841	0.00175546	0.000933585	0.00111086	0.00119731	0.000680012	0.00134714	0.000987234	0.00165101	0.000598177	0.000942403	0.000653377	0.00168068	0.000514474	0.00103705	0.00059305	0.00119935	0.000972892	0.00125879	0.00154002	0.000817135	0.000256529	0.000963356	0.00109145	0.000576739	0.00167041	0.00172227	0.00102598
PWY-6518: bile acids epimerization	0.0	0.0	0.0	1.95833e-05	0.0	0.0	0.0	0.0	0.0	5.59565e-05	0.0	0.0	0.0	0.0	0.0	0.0	0.0	0.0	0.0	0.0	0.0	0.0	0.0	0.0	0.0	0.0	0.0	0.0	0.0	0.0	0.0	0.0	0.0	0.0	0.0	0.0	0.0	0.0	0.0	0.0	0.0	0.0	0.0	0.0	0.0	0.0	0.0	0.0	0.0	0.0	0.0	0.0	0.0	0.0	0.0	0.0	0.0	0.0	0.0	0.0	0.0	0.0	0.0	0.0	0.0	8.03649e-05	0.0	0.0	0.0	0.0	0.0	0.0	0.0	0.0	0.0	0.0	0.0	0.0	0.0	0.0	0.0	7.91172e-05	0.0	0.0	0.0	0.0	0.0	0.0	0.0	2.9459e-05	3.92738e-05	0.0	4.49511e-05	0.0	0.0	0.0	0.0	0.0	0.0	0.0	0.0	0.0	0.0	0.0	0.0	0.0	0.0	2.44006e-05	0.0	0.0	5.98744e-06	0.0	0.0	0.0	0.0	0.0	0.0	1.54998e-05	0.0	0.0	0.0	0.0	0.0	0.0
PWY-6519: 8-amino-7-oxononanoate biosynthesis I	0.00257716	0.00236335	0.00101062	0.0023668	0.00219752	0.00236192	0.00418824	0.00349049	0.00101655	0.00439151	0.00106255	0.00377263	0.00478329	0.00130821	0.00159407	0.00127739	0.000719289	0.0022829	0.00359087	0.00337339	0.00239901	0.0029272	0.00398001	0.00122597	0.00259166	0.00315107	0.00458624	0.00406074	0.00531912	0.00287978	0.00155737	0.00218135	0.00178285	0.00176497	0.000504502	0.00461312	0.000276592	0.000788808	0.00323997	0.00256594	0.00249118	0.00245172	0.00383638	0.000191992	0.00145008	0.00232599	0.000252637	0.00388779	0.00189903	0.00372928	0.00374585	0.00280537	0.00122616	0.00314613	0.0013496	0.00452683	0.00140318	0.00179551	0.00282116	0.00375583	0.00216425	0.00289938	0.00443455	0.00292848	0.00205487	0.00372671	0.0029708	0.00188237	0.00214999	0.00463916	0.00420299	0.00179402	0.0027275	0.00323079	0.00180541	0.00226119	0.00212263	0.000894647	0.00267545	0.00422701	0.00211151	0.00183169	0.0013822	0.00190247	0.0022711	0.000595879	0.00168272	0.002108	0.00112792	6.92279e-05	0.00281236	0.00393789	0.00318006	0.00083151	0.00170487	0.00128331	0.00170623	0.00373053	0.00169594	0.00159658	0.00183432	0.00163662	0.00258667	0.000873758	0.00298463	0.000220929	0.000645678	0.00534416	0.00252854	0.000644328	0.00378369	0.00170441	0.00037238	0.0020346	0.00219912	0.00217046	0.00113167	0.00302093	0.0018801	0.00306931	0.0047151	0.00571502	0.000883527	0.00353769
PWY-6527: stachyose degradation	0.00368538	0.00457317	0.00598545	0.00229999	0.0047795	0.00120229	0.00356311	0.00347697	0.0023808	0.00248561	0.00311131	0.00499885	0.00348601	0.00649409	0.0045157	0.00516209	0.00578564	0.0060851	0.0023659	0.00203377	0.00237668	0.00434638	0.00408208	0.0064022	0.00290237	0.00441978	0.00461374	0.00385223	0.00224706	0.00416217	0.00501444	0.00484099	0.00399439	0.00585848	0.00475479	0.00336789	0.01106	0.00435732	0.00464813	0.00556674	0.00281502	0.0086704	0.00202002	0.00731195	0.00360093	0.00490318	0.00563671	0.00269595	0.00537755	0.00559263	0.00485906	0.00387783	0.00579024	0.00338971	0.0042112	0.0033993	0.00520435	0.00381264	0.00410619	0.00311809	0.00387123	0.00499073	0.0025789	0.00465517	0.00775472	0.00421762	0.00376419	0.00338505	0.0042029	0.00273165	0.00555133	0.00640835	0.00279383	0.00222859	0.00519694	0.00564822	0.00394323	0.00626578	0.00584062	0.00276312	0.00164819	0.00470188	0.00503099	0.00559245	0.00318365	0.00528322	0.00513292	0.00592962	0.00486677	0.00453895	0.00459113	0.00496398	0.00262688	0.00931724	0.00360624	0.00204829	0.00412912	0.00452425	0.00255413	0.00480871	0.00627115	0.00229148	0.00315331	0.0050046	0.00475214	0.00520835	0.0104532	0.00309357	0.00315802	0.00501486	0.00104875	0.00250445	0.0029609	0.010594	0.00339122	0.00634478	0.00600521	0.0034435	0.00501132	0.00486423	0.00220851	0.00275264	0.00395357	0.00491794
PWY-6531: mannitol cycle	0.000114809	0.0	4.81315e-05	0.000489678	0.000117542	0.000404216	0.00272281	0.000213418	0.000113045	0.000900671	0.0	0.000999715	0.000733135	6.40645e-05	0.000504972	7.55651e-05	5.98692e-05	0.00151967	0.000469126	0.0	0.000387906	0.00047966	0.000992428	7.39973e-05	9.56214e-05	0.000856135	0.000944474	0.00184664	0.000746997	0.00267675	0.000165371	0.000225631	0.000242799	0.000323397	9.4581e-05	0.00167099	0.0	0.000154426	0.000695045	0.000161934	0.000302412	0.000307031	0.000213433	0.000145009	3.01198e-05	0.000244561	0.0	0.00122697	0.000161234	0.0006797	0.000111212	0.000340547	0.000137728	0.00024581	6.00536e-05	0.000212217	0.0	0.000142475	0.000214193	0.000153468	8.958e-05	0.000279376	0.000628123	0.00074604	0.000257542	0.00020453	0.000315195	0.000296706	0.000107116	0.00108629	0.0013756	5.06783e-05	0.000145083	0.000189157	5.65004e-05	0.00052876	0.000124359	0.000123539	0.000811705	0.000602787	0.0	0.000172618	1.4886e-05	0.000209745	0.000128979	0.000345629	0.000243456	0.000282987	0.0	0.0	0.000414059	0.00270384	0.00128208	6.87866e-05	3.2442e-05	0.000166007	3.67139e-05	0.00123799	0.000121902	0.00054851	0.000322626	0.000220174	0.000936951	0.0	0.000929903	9.61856e-05	4.38697e-05	0.0	0.000346941	5.39863e-05	0.00017343	0.000175994	7.89885e-05	0.000368626	0.000503514	0.000422062	0.0	0.000662869	0.000235395	0.000308836	0.00139923	0.00122172	0.0	0.000698348
PWY-6545: pyrimidine deoxyribonucleotides de novo biosynthesis III	0.0	5.45472e-05	8.75666e-05	0.000168263	0.000349596	0.000777107	0.00164084	0.000158701	0.000306391	0.000303845	0.0	0.00123611	0.000793022	0.000134108	0.000269337	0.000165549	0.000104798	0.00106093	0.000728529	6.89063e-06	6.66746e-05	0.000384394	0.00165914	0.000469996	0.0010579	0.0011736	0.0015466	0.0017202	0.00141564	0.00213372	0.000131568	0.000219657	0.0	0.0	4.01339e-05	0.00178633	6.96713e-05	0.0	0.00118658	0.00101379	0.000340251	0.00115699	0.00010203	0.000866659	9.24832e-05	0.000363555	0.0	0.00181967	0.00104584	0.00114057	0.00059444	1.31067e-05	0.000697869	0.000386403	0.000249815	0.0	7.3658e-05	0.000403866	0.000396366	0.000141642	0.00041594	0.000562626	0.0	0.000817735	0.000359724	0.000369319	0.000357544	0.000166526	0.000244183	0.000874929	0.00296331	0.000216464	0.0	0.000398491	0.000547261	0.000536248	0.000136907	0.000921337	0.000405178	0.000532202	0.000224401	0.000432052	0.000190513	0.000397214	0.000202546	0.000225439	0.000423104	0.00160784	0.000389866	0.000737211	0.000348756	0.00144366	0.000392277	0.0	0.00288847	0.0	4.4779e-05	0.00150318	0.00010377	0.000934001	0.000402936	9.91783e-05	0.000505169	0.000727335	0.0014682	0.00145908	0.00120348	0.000711933	0.00105994	0.00130763	0.00026772	0.000134979	9.18508e-05	0.000860326	0.000383149	0.000412831	0.000615242	0.0	0.00043025	0.000135619	0.000721158	0.00159214	0.0	0.000676059
PWY-6549: L-glutamine biosynthesis III	9.64428e-05	0.00134006	0.00134026	0.00071471	0.000700998	0.000734948	0.00129288	0.000727432	0.000384514	0.000965494	0.00025516	0.00235636	0.000960008	0.000349543	0.000902438	0.00120311	0.000530647	0.00203062	0.000569266	0.000694327	0.000439036	0.000665984	0.000703322	0.000995499	0.000415717	0.00253961	0.00177091	0.00251097	0.00105935	0.000883087	0.00126829	0.00161258	0.0010114	0.000548759	0.000624045	0.00101635	0.000210263	0.00128362	0.00226221	0.000961622	0.000613067	0.00144788	0.000845668	0.000632435	0.000248027	0.00111086	0.000997758	0.00109083	0.000431384	0.00112345	0.0005048	0.00129596	0.000905239	0.000833696	0.000225906	0.000164772	0.000417535	0.00145289	0.00032891	0.000987794	0.00120144	0.000431496	0.000590102	0.00135349	0.0012824	0.000475098	0.00140024	0.000662673	0.000982983	0.000231771	0.00120392	0.00140818	0.000841014	0.0015213	0.00199973	0.0012439	0.000198734	0.000745911	0.00173581	0.000643458	0.000959188	0.000943455	0.000333804	0.000659508	0.00119173	0.000102922	0.00123836	0.000729812	0.000302678	0.000397017	0.0010169	0.00156361	0.000495727	0.0005861729999999	0.00117487	0.000440556	0.000867114	0.00136038	0.00150151	0.0012364	0.000611318	9.47027e-05	0.000854802	0.000460332	0.00194587	0.000722653	0.00084708	0.0	0.000694311	0.000626678	0.000418854	0.00145226	0.000361268	0.00183475	0.000969222	0.000986762	0.000959334	0.00163306	0.000656635	0.000547778	0.000584717	0.000836757	0.000441189	0.00140506
PWY-6562: norspermidine biosynthesis	0.0	0.0	0.0	0.0	0.0	0.0	0.0	0.0	0.0	0.0	0.0	8.79955e-05	0.0	0.0	0.0	0.0	0.0	0.0	2.20309e-05	0.0	0.0	0.0	0.000348776	0.0	0.0	0.0	0.0	0.0	2.69586e-05	8.56065e-06	0.0	0.0	0.0	0.0	2.75174e-05	0.0	0.0	0.0	0.0	0.0	0.0	0.0	0.0	0.0	0.0	0.0	0.0	7.56078e-05	0.0	6.02746e-05	0.0	0.0	0.0	0.0	0.0	0.0	0.0	0.0	0.0	0.0	0.0	0.0	0.0	0.0	5.44011e-05	0.0	0.0	0.0	0.0	0.000628195	1.13013e-05	0.0	0.0	0.0	0.0	0.0	0.0	0.0	0.0	0.0	0.0	0.0	0.0	0.0	0.0	0.0	0.0	0.0	0.0	0.0	0.0	0.0	0.0	0.0	7.99045e-05	4.33213e-05	0.0	0.0	0.0	0.0	0.0	0.0	0.0	0.0	0.000266481	0.0	0.0	0.0	0.0	2.19456e-05	0.0	0.0	0.0	0.000284913	4.67386e-05	0.0	0.0	0.0	0.0	0.0	0.0	0.000376363	0.0	0.0
PWY-6565: superpathway of polyamine biosynthesis III	0.0	0.0	0.0	0.0	0.0	0.0	0.0	0.0	0.0	0.0	0.0	0.0	0.0	0.0	0.0	0.0	0.0	0.0	0.0	0.0	0.0	0.0	0.0	0.0	0.0	0.0	0.0	0.0	2.77055e-05	0.0	0.0	0.0	0.0	0.0	0.0	0.0	0.0	0.0	0.0	0.0	0.0	0.0	0.0	0.0	0.0	0.0	0.0	0.0	0.0	0.0	0.0	0.0	0.0	0.0	0.0	0.0	0.0	0.0	0.0	0.0	0.0	0.0	0.0	0.0	0.0	0.0	0.0	0.0	0.0	0.0	0.0	0.0	0.0	0.0	0.0	0.0	0.0	0.0	0.0	0.0	0.0	0.0	0.0	0.0	0.0	0.0	0.0	0.0	0.0	0.0	0.0	0.0	0.0	0.0	0.0	0.0	0.0	0.0	0.0	0.0	0.0	0.0	0.0	0.0	0.0	0.0	0.0	0.0	0.0	0.0	0.0	0.0	0.0	0.0	0.0	0.0	0.0	0.0	0.0	0.0	0.0	0.0	0.0	0.0
PWY-6572: chondroitin sulfate degradation I (bacterial)	0.000221013	0.000153978	0.0	0.000408909	0.000364966	0.000154499	0.000187123	0.000216365	0.000262216	0.000568536	0.0	5.29892e-05	0.000352803	0.000128411	0.0	0.0	0.0	0.0	0.00194349	0.0	0.0	0.000298931	2.53845e-05	0.000230397	0.000793456	0.000106897	0.000106148	0.000123495	0.000488625	0.0	0.000197812	0.000145425	0.0	0.000253382	0.0	0.000744618	0.0	0.0	8.24528e-05	0.000406946	0.0	0.000269422	0.000676135	0.0	0.000289511	0.000225752	0.000155833	0.000168331	0.000438691	0.000877565	0.00074611	0.000255657	0.000274905	0.00054159	0.000198713	0.0	5.78465e-05	0.00026581	0.000318236	0.000345409	0.000162696	0.0	0.000481981	0.000457851	0.000194307	0.00357081	0.000113238	0.000536582	0.000380189	0.00045544	0.000424039	0.00014343	0.0	0.0	5.4465e-05	9.79469e-05	6.5694e-05	0.000288543	0.0	0.000695594	0.0	0.000310711	0.000254933	0.0	5.60303e-05	0.00111328	0.000246426	8.30562e-05	0.000150751	0.00143671	0.0	0.0	0.000548421	0.0	0.000102717	0.000245256	0.00015759	0.0	7.76777e-05	0.000136843	5.45794e-05	0.000437175	0.00131086	0.000169819	6.09858e-05	6.93372e-05	0.0	0.0	0.000421785	0.0	0.0	0.0	0.000103797	3.61018e-05	0.00119741	0.000160056	0.000189985	0.000607628	6.47203e-05	0.000298898	0.000507544	0.0	0.0	0.000167235
PWY-6588: pyruvate fermentation to acetone	0.000222466	4.48454e-05	8.07114e-05	0.00069716	0.0	0.000256858	0.000219787	0.00148514	0.000789713	0.000227786	0.000581279	0.000416774	0.000436755	7.02635e-05	0.000100954	0.000391181	0.000228571	0.00150761	0.00063986	0.000421536	6.44867e-05	0.000551718	0.000463648	0.000107699	0.0	0.000612584	0.000613304	0.000197264	0.0004463	0.000117883	0.000228154	0.000292861	0.000352908	0.0	9.11755e-06	0.000310623	0.000145541	0.0	6.47641e-05	0.000111363	0.000373333	0.00141868	0.0018206	0.000203324	0.000268308	2.34456e-05	0.0	0.00023414	0.000178505	0.000194619	0.000220369	0.000272202	0.000345106	0.000496893	0.000263115	0.000488876	8.9715e-05	0.000173973	7.12921e-05	0.0	0.000117285	6.42022e-05	9.43429e-05	0.000323492	6.21927e-05	0.000461954	0.00025437	0.000129121	0.000206191	0.000360719	0.000285399	0.000141314	0.000172299	0.0	3.94806e-05	0.000194782	0.0	0.000168645	0.00024913	0.000416868	0.000282798	0.000188211	9.08835e-05	0.000112687	0.00020713	6.50694e-05	0.000336607	7.00036e-05	5.5571e-05	4.32543e-05	0.000537402	0.000327474	0.00019326	0.000232521	0.0	0.000129353	7.23718e-05	0.000832272	0.000161378	0.00130605	7.98384e-05	9.89212e-05	0.000375515	6.96944e-05	0.000176743	0.0	0.000176175	0.000158385	0.00053671	0.000128124	0.000106436	0.00011468	0.000351696	7.12284e-05	0.000106519	9.49027e-05	0.0	0.000273198	8.60202e-05	0.0	0.000273733	0.000221969	0.00016592	0.000239931
PWY-6590: superpathway of Clostridium acetobutylicum acidogenic fermentation	0.000710259	0.000173868	0.000820052	0.00085672	0.000473608	0.000645608	0.000178656	0.00130877	0.000308454	0.000658275	0.000188005	0.00036284	0.000818391	0.000435063	0.000909692	0.00114485	0.000701499	0.00166738	0.000181319	0.000412368	0.00011343	0.000993114	0.00105356	0.000668365	0.000484505	9.90688e-05	0.000234323	0.000216725	0.000606744	0.000129531	0.000662932	0.000894475	0.00148961	0.000849896	0.00043464	5.23426e-05	0.000875374	0.000375063	0.000361595	0.000576484	0.00049304	0.00093166	0.00106349	0.00130409	0.00100717	0.000457713	0.000176392	0.000666732	0.000905212	0.000126077	0.000805889	0.000722057	0.000931784	0.000961976	0.000688245	0.0	0.000620656	0.00112177	0.000566125	0.000665336	0.000641331	0.000295773	0.00103613	0.0010894	0.000588526	0.000530675	0.000985022	0.000466185	0.00109947	0.0	0.000412205	0.000950736	0.00077221	0.0003149	0.00064109	0.00112884	0.000814365	0.000733805	0.000445152	0.000765121	0.000982656	0.000817319	0.00116171	0.000698531	0.00112562	0.000282231	0.000736511	0.000640769	0.000912303	9.72969e-05	0.000511915	0.000748086	0.000577143	0.000635875	0.000981239	0.000684212	0.000622363	0.0010562	0.000763553	0.00102445	0.000517869	0.000296768	0.000757425	0.000569924	0.000171937	0.000263627	0.000396467	0.000519131	0.000332547	0.000626905	0.000156866	0.000729264	0.000913015	0.000458687	0.000954809	0.000908035	0.000398924	0.000722759	0.000572322	0.000322403	0.000497716	0.000277176	0.000737024	0.0
PWY-6595: superpathway of guanosine nucleotides degradation (plants)	0.000117705	0.0	5.88921e-05	0.000259061	0.000290575	0.0	3.54454e-05	0.000138954	0.000285842	0.000442772	0.000292886	7.82058e-05	0.000406395	8.45815e-05	0.000456057	0.000207162	0.000208401	0.000252889	0.000215313	0.000557949	0.000399941	0.000239995	0.000206105	8.98617e-05	0.000316074	6.42039e-05	7.91831e-05	0.000264692	0.000161683	9.16548e-05	0.000656398	0.000253867	0.00037021	0.000113063	0.000263175	0.000232392	6.342e-05	0.000201718	4.67164e-05	0.000551612	0.00016459	0.0	0.000237177	5.30377e-05	0.000369127	0.000138697	0.0	0.000385007	0.000192191	0.000599548	5.67097e-05	0.000156398	0.000501386	0.000237887	0.000156206	0.0	3.81657e-05	0.00066041	0.000168227	0.000464832	0.000177486	0.00028183	9.81403e-05	0.000460536	0.000185621	0.000199328	0.000359902	0.000144694	0.000479084	5.83373e-05	0.00113273	0.000335525	0.000599567	0.000281432	0.000335259	4.42868e-05	0.000198575	0.000220233	0.000341864	0.0	0.000442279	6.78319e-05	3.63317e-05	9.47551e-05	0.000308887	0.000125761	0.000474541	0.000130352	0.000254389	7.5439e-05	2.59167e-05	0.000378747	1.18858e-05	0.000239537	0.000576831	0.000181696	0.00024988	0.000510959	0.000151145	0.000286545	0.000270551	0.0001244	0.0	0.000307303	9.07587e-05	0.000196605	0.000247482	0.000158958	0.000265779	0.000593139	0.000183107	0.000135697	0.000240413	8.95931e-05	0.000251137	0.000493083	0.000184418	0.000284584	0.00022982	0.0	0.0	0.000137163	0.0	2.46631e-05
PWY-6606: guanosine nucleotides degradation II	0.000679819	0.000373475	0.000359119	0.00111782	0.000761173	0.000307174	0.00366424	0.000822075	0.000419326	0.000984683	0.000514577	0.00139655	0.000882756	0.000271808	0.000951704	0.000429526	0.00044395	0.00377657	0.00208562	0.000713457	0.00139857	0.00092258	0.00179136	0.000575993	0.000601332	0.00116567	0.00149502	0.00275332	0.00140984	0.0030159	0.00163821	0.000405933	0.00125165	0.00063816	0.000315642	0.00135948	0.000539861	0.000272444	0.00186122	0.00145904	0.00158261	0.00023638	0.000546232	0.000904126	0.000497016	0.000721991	0.000278871	0.000877473	0.00105439	0.00117964	0.000711647	0.00064934	0.0012813	0.000858238	0.000521386	0.00058849	0.000525508	0.00101835	0.000553719	0.000747984	0.000408875	0.000651145	0.000690889	0.00127776	0.000720282	0.00085049	0.000737705	0.000650638	0.000550491	0.0020151	0.00138406	0.000718968	0.000705797	0.000602934	0.000489863	0.00125858	0.000526023	0.000799828	0.00170745	0.000959876	0.000604859	0.000545628	0.000504969	0.000741817	0.000693092	0.00102716	0.000970726	0.000523575	0.000484051	0.000670579	0.00169887	0.00332474	0.000977092	0.00034934	0.000830975	0.000280997	0.000422084	0.00268414	0.00061255	0.00141433	0.00060391	0.000222711	0.00150655	0.00061322	0.00110972	0.000325864	0.000728784	0.00126407	0.000695004	0.00179666	0.000499316	0.000454375	0.000609272	0.000796792	0.000450986	0.00110871	0.000223321	0.00053033	0.00118924	0.000673329	0.00129164	0.00166088	0.000865542	0.00103711
PWY-6607: guanosine nucleotides degradation I	0.000117059	0.0	5.94042e-05	0.000261171	0.000308325	0.0	3.55079e-05	0.000138251	0.000256483	0.000465108	0.000514577	7.91723e-05	0.000446873	8.29149e-05	0.000466199	0.000229088	0.000232131	0.000255184	0.000218561	0.000545767	0.000402665	0.000239633	0.000208524	9.17234e-05	0.0003372	6.50739e-05	8.01525e-05	0.000270532	0.000165326	9.21816e-05	0.000684187	0.000251594	0.000372317	0.000116542	0.000315642	0.000242251	6.4283e-05	0.000212481	4.69145e-05	0.000563865	0.000165673	0.0	0.000241255	5.28443e-05	0.000497016	0.000140631	0.0	0.000436343	0.000198324	0.000668363	5.63751e-05	0.000154988	0.000507015	0.000239387	0.000164126	0.0	3.83068e-05	0.00071093	0.000176501	0.000415869	0.000174066	0.000281478	9.73663e-05	0.000480409	0.000187568	0.000204267	0.000353727	0.000142652	0.000508972	5.86168e-05	0.00128251	0.000325415	0.000705797	0.000275577	0.000379811	4.4506e-05	0.000207886	0.000229914	0.000353371	0.0	0.000429401	6.94038e-05	3.63777e-05	9.63018e-05	0.00032102	0.000126363	0.000476256	0.000133132	0.000256662	7.58798e-05	2.59484e-05	0.000386148	1.18984e-05	0.000263345	0.000639398	0.000170209	0.000257133	0.000524328	0.000154577	0.00029163	0.000285498	0.000107017	0.0	0.000302215	9.20197e-05	0.000325864	0.000254788	0.00016017	0.000283842	0.000593779	0.000182982	0.000132765	0.000256709	9.09409e-05	0.000269913	0.000526215	0.000191504	0.000278339	0.000232624	0.0	0.0	0.000139932	0.0	2.47167e-05
PWY-6608: guanosine nucleotides degradation III	0.00188437	0.00150427	0.000660746	0.00206285	0.00140679	0.0010586	0.00626765	0.00217671	0.00139995	0.0014549	0.00230082	0.00400394	0.00215286	0.00103883	0.00165185	0.00107618	0.00130206	0.00684812	0.00354829	0.00141088	0.00259068	0.00211948	0.00256381	0.000953517	0.000944035	0.00435722	0.00469669	0.00836676	0.0033103	0.00728608	0.00242643	0.00103789	0.00239936	0.00130715	0.000576463	0.00469876	0.000841179	0.00047074	0.00383938	0.00228666	0.00245876	0.000637757	0.00102913	0.00281967	0.000776729	0.00117821	0.000686168	0.00457396	0.0021923	0.00304125	0.00269039	0.001868	0.00232494	0.0016882	0.00102744	0.00136542	0.000950481	0.00153829	0.00102939	0.000962564	0.00129461	0.00151817	0.00226024	0.00195364	0.00132225	0.00125152	0.00211202	0.00230023	0.000921198	0.00373367	0.00237364	0.002526	0.00107517	0.00182328	0.00103043	0.00219475	0.000828196	0.00149704	0.00338594	0.00154275	0.000849465	0.00121081	0.00106484	0.00120106	0.00107796	0.00184399	0.00202532	0.000821172	0.001032	0.00119534	0.00244066	0.00669441	0.00148545	0.000581715	0.00146644	0.00169408	0.000777676	0.00459411	0.000938784	0.00201299	0.000939391	0.000511869	0.00231849	0.00173012	0.00222535	0.000551926	0.00114413	0.0020628	0.00139331	0.00349632	0.00118362	0.00182985	0.00121549	0.00134378	0.000723185	0.00197666	0.000358343	0.00154118	0.00191763	0.00153753	0.00202338	0.00533309	0.00129792	0.00152774
PWY-6609: adenine and adenosine salvage III	0.0101551	0.0132518	0.0144298	0.0108232	0.0114375	0.0140473	0.00487468	0.0119155	0.0106259	0.00999863	0.0205991	0.0083432	0.00963476	0.0111819	0.00979075	0.0145187	0.0147731	0.0081895	0.00792364	0.00909262	0.00768648	0.0106495	0.00767833	0.0125725	0.0138459	0.00913711	0.0079133	0.00813013	0.00879082	0.00701523	0.0113309	0.0145699	0.0177174	0.0135697	0.0138388	0.00753871	0.0185217	0.0146367	0.00853586	0.00987366	0.00975036	0.0139796	0.0103963	0.0133829	0.0145904	0.0124364	0.0126092	0.00747543	0.0119826	0.00982789	0.0112773	0.0110907	0.0109697	0.0101679	0.0175856	0.0109647	0.0127602	0.0108001	0.0108377	0.0074873	0.0104171	0.0104902	0.0103839999999999	0.00908584	0.0107105	0.00921703	0.011994	0.00962117	0.0116335	0.0055366	0.00786832	0.0112794	0.010784	0.00945216	0.0139417	0.00965357	0.0145851	0.0119862	0.0105915	0.0105728	0.0131353	0.011654	0.0106214	0.01171	0.0128636	0.0108353	0.0100276	0.0106954	0.0120742	0.0105445	0.0117866	0.00645806	0.0101757	0.0183374	0.0127815	0.00968624	0.0091493	0.00832762	0.012451	0.0140121	0.0113087	0.0127138	0.0101013	0.0137379	0.00877058	0.0118903	0.0162627	0.00993825	0.00863494	0.00956008	0.010229	0.0116161	0.015272	0.014319	0.0110616	0.0126152	0.0121557	0.00868147	0.0105246	0.00967354	0.00880603	0.00619156	0.0106396	0.00865524
PWY-6612: superpathway of tetrahydrofolate biosynthesis	0.000165174	0.0	0.0008053	0.000340552	0.0	0.000101015	0.00162682	0.0	9.47566e-05	0.00035786	0.0	0.00115424	0.000345262	0.0	0.000103034	0.000155306	0.000415168	0.00116763	0.00205872	0.0	0.000515777	0.000164614	0.00051532	0.000189834	0.000237336	0.000846352	0.000675488	0.000859873	0.000459714	0.00134079	0.000304575	8.71966e-05	0.000360993	0.0	0.000105588	0.00100069	0.0	0.0	0.000395618	0.00110521	0.000167558	0.0	5.7412e-05	0.000131978	0.000121986	0.000406625	0.0	0.00099349	0.000198974	0.000592121	0.000436985	0.000153951	0.0	0.000242412	2.24191e-05	0.000383087	0.000122374	0.000471046	0.0	0.000151778	0.00110453	0.00054445	0.000821447	0.00157165	0.000148286	0.000139615	0.000147755	9.66149e-05	0.0005119	0.00116881	0.00133512	0.000141332	0.0	0.000338929	2.85371e-05	0.000517817	0.000126368	0.000313358	0.000460338	0.00012619	0.0	0.000257988	0.000338598	0.000533962	0.000156274	0.000664826	0.000855527	0.00019959	6.90672e-05	0.000314767	0.000225563	0.00196973	0.000430475	0.0	6.56827e-05	0.0	0.000234182	0.00166902	0.000139329	0.000454872	0.00024873	1.52247e-05	0.000411674	0.0	0.00111554	0.000335204	8.49323e-05	0.00068594	0.000492219	0.000737858	8.25843e-05	0.0	0.000161301	0.000292039	0.0	0.000587269	0.0	0.00030876	0.000361602	0.000436894	0.000358774	0.000712357	0.0	0.000510351
PWY-6628: superpathway of L-phenylalanine biosynthesis	0.00258097	0.00523905	0.00317304	0.00141159	0.00505012	0.0056772	0.00232358	0.00225742	0.0037443	0.0029194	0.00346263	0.00289914	0.00339447	0.0032578	0.00629337	0.00357556	0.00290736	0.00365344	0.00232206	0.005136	0.00146933	0.00238785	0.0035583	0.00387571	0.00330908	0.00315695	0.00295723	0.00341745	0.00324724	0.001907	0.00556943	0.00395318	0.00348826	0.00482392	0.00265962	0.00233683	0.00330367	0.00353818	0.0016647	0.0039019	0.00280599	0.00268424	0.00343778	0.0026654	0.00435998	0.00337395	0.00262414	0.00343087	0.00417903	0.0040121	0.00268708	0.00456592	0.00381454	0.00317764	0.00195665	0.00409669	0.00277726	0.00573104	0.00275209	0.00541364	0.00494	0.00437118	0.00149193	0.00407032	0.00398301	0.00352895	0.00271049	0.00214349	0.00408647	0.0024181	0.00236627	0.00420277	0.00491299	0.00509655	0.00488417	0.005482	0.00354956	0.00319017	0.00410959	0.00174701	0.00760094	0.00394729	0.00240566	0.0022927	0.00543343	0.000631217	0.00397361	0.00419949	0.00252275	0.00372717	0.00347082	0.00240578	0.000535408	0.0037337	0.00417108	0.00290847	0.00355413	0.00210949	0.00383768	0.00305096	0.00408168	0.00695434	0.00299677	0.00267391	0.00207854	0.0014554	0.00338386	0.00176286	0.00397967	0.00391667	0.00358337	0.00430666	0.00318582	0.00321521	0.0036975	0.00401285	0.00275958	0.00691143	0.00490161	0.00498226	0.00149185	0.00205026	0.00336092	0.00264894
PWY-6630: superpathway of L-tyrosine biosynthesis	0.00195326	0.00218304	0.00336503	0.00124102	0.00389928	0.00257613	0.00147474	0.00143172	0.00181878	0.00264312	0.00241303	0.00239635	0.00246959	0.00101148	0.00423569	0.00226674	0.00340067	0.00320375	0.00206078	0.00430865	0.00139522	0.00157563	0.00322597	0.00145721	0.00185853	0.00156233	0.00207216	0.00195486	0.00160795	0.00137658	0.00394209	0.00280437	0.0021665	0.00290263	0.00236077	0.00183195	0.00208351	0.00186295	0.00106573	0.00292283	0.00124023	0.00248068	0.00322254	0.00055021	0.00344377	0.00269013	0.00250194	0.0021326	0.00345117	0.00263003	0.00166488	0.00142208	0.00338423	0.00232778	0.00292226	0.00111332	0.00230213	0.00455435	0.00229932	0.00260509	0.00334681	0.00335743	0.00140237	0.00341167	0.0029065	0.00326802	0.00198921	0.0017506	0.00302305	0.00217586	0.00168234	0.00233035	0.00284247	0.00215074	0.00253005	0.00376294	0.00208561	0.002353	0.00260972	0.00160395	0.0046589	0.0017801	0.000522183	0.00122352	0.00262168	0.000458674	0.0026675	0.00226005	0.00137869	0.0023508	0.00272268	0.00167299	0.000452467	0.00201463	0.00270284	0.00232032	0.00247501	0.0019031	0.00283476	0.00169376	0.00224783	0.0034212	0.0017514	0.00137572	0.00179999	0.0024954	0.0024938	0.00149529	0.00313243	0.00364636	0.00146138	0.00259058	0.00247036	0.00143378	0.00174182	0.0022569	0.000911301	0.00265274	0.00199196	0.00342133	0.00117698	0.00157823	0.00293941	0.00152519
PWY-6641: superpathway of sulfolactate degradation	0.0	0.0	0.0	0.0	0.0	0.0	0.0	0.0	0.0	0.0	0.0	0.0	0.0	0.0	0.0	0.0	0.0	0.0	0.0	0.0	0.0	0.0	0.0	0.0	0.0	0.0	0.0	0.0	0.0	0.0	0.0	0.0	0.0	0.0	0.0	0.0	0.0	0.0	0.0	0.0	0.0	0.0	0.0	0.0	0.0	0.0	0.0	0.0	0.0	0.0	0.0	0.0	0.0	0.0	0.0	0.0	0.0	0.0	0.0	0.0	0.0	0.0	0.0	0.0	0.0	0.0	0.0	0.0	0.0	0.0	0.0	0.0	0.0	0.0	0.0	0.0	0.0	0.0	0.0	0.0	0.0	0.0	0.0	0.0	0.0	0.0	0.0	0.0	0.0	0.0	0.0	0.0	0.0	0.0	0.0	0.0	0.0	0.0	0.0	0.0	0.0	0.0	0.0	0.0	0.0	0.0	0.0	0.0	0.0	0.0	0.0	0.0	0.0	2.67208e-05	0.0	0.0	0.0	0.0	0.0	0.0	0.0	0.0	0.0	0.0
PWY-6690: cinnamate and 3-hydroxycinnamate degradation to 2-hydroxypentadienoate	0.0	0.0	0.0	8.29422e-05	0.0	2.94938e-05	0.00165265	0.0	0.0	0.0	0.0	1.92798e-05	1.36406e-05	0.0	0.0	0.0	0.0	0.000911364	0.000170081	0.0	0.0	0.0	0.00137516	0.0	0.0	1.69278e-05	0.0	0.000970276	0.0	0.00152507	1.33983e-05	0.0	0.0	0.0	7.6703e-06	0.00106984	0.0	0.0	0.000601149	5.82148e-05	0.0	0.0	5.01447e-06	0.0	9.25027e-06	0.0	0.0	0.000795221	3.74668e-05	3.71118e-05	0.0	0.0	0.0	3.40445e-05	0.0	0.0	0.0	0.0	0.0	0.0	0.0	6.35917e-06	1.83497e-05	0.0	0.000124936	0.0	0.0	0.0	0.0	0.00121195	0.000131066	0.0	3.6146e-05	0.0	0.0	8.90923e-05	0.0	0.0	0.000199982	5.9568e-05	0.0	0.0	0.0	0.0	0.0	0.0	0.0	0.000101646	0.0	0.0	0.000126206	0.00135291	7.29213e-05	0.0	6.00721e-05	0.0	0.0	0.000618183	4.11965e-05	0.000248529	8.00686e-05	0.0	0.000132018	0.0	0.00058415	0.0	0.0	0.0	2.44283e-05	0.0	0.0	2.37127e-05	0.0	0.000276223	0.0	0.0	0.0	0.0	0.0	0.0	0.00022859	0.000805811	0.0	0.000107987
PWY-6700: queuosine biosynthesis I (de novo)	0.0106569	0.0107678	0.0151161	0.0106118	0.00893231	0.0118301	0.00496625	0.00908638	0.0102246	0.00700259	0.0149196	0.00655003	0.00873374	0.0146877	0.00881816	0.0121883	0.0130386	0.00536369	0.00818129	0.00888602	0.00880987	0.00786763	0.0060097	0.0126641	0.00979354	0.00926735	0.00728625	0.0062499	0.00762316	0.00536575	0.00949908	0.0135472	0.0133274	0.0100231	0.0166216	0.00649929	0.0138397	0.0144279	0.010395	0.00963027	0.00960972	0.0115322	0.00817823	0.0110443	0.0127925	0.00925804	0.0159574	0.0074538	0.0101885	0.00761597	0.00914446	0.0098966	0.00997402	0.00792345	0.0148867	0.00848287	0.0100132	0.00853832	0.00921681	0.00846357	0.0093492	0.00845589	0.00831875	0.00720436	0.0104557	0.00750319	0.00721369	0.0098824	0.00935041	0.00613704	0.00644209	0.00958669	0.00953222	0.00828835	0.012026	0.00854763	0.0122395	0.0129195	0.00866987	0.00783482	0.00857727	0.0103564	0.0132803	0.0129883	0.0106497	0.0124027	0.00884608	0.0119401	0.0147241	0.00874132	0.00983927	0.00422926	0.00874349	0.0132853	0.00987485	0.0108663	0.00806654	0.00547393	0.0104694	0.0115039	0.011706	0.0102274	0.0089449	0.011655	0.0104659	0.0126792	0.00863187	0.00810806	0.00810081	0.0080814	0.0104946	0.0114612	0.0133818	0.0144558	0.0111975	0.0109869	0.0138462	0.00683711	0.00892813	0.00898966	0.00715894	0.00564966	0.0103868	0.00948665
PWY-6703: preQ0 biosynthesis	0.00830003	0.00509444	0.0064819	0.00569955	0.00463047	0.00506136	0.00332832	0.00578994	0.00775032	0.00643852	0.00650247	0.00390353	0.00593883	0.00784928	0.00484657	0.00460982	0.00395623	0.00142066	0.00675871	0.00515518	0.00781389	0.00696939	0.00401849	0.00388104	0.00631053	0.00343637	0.00387262	0.0033339	0.00666464	0.00224335	0.00516016	0.00414453	0.00405199	0.00673284	0.00478787	0.00386168	0.0026295	0.00453135	0.0071126	0.00526983	0.00665601	0.00584029	0.00544918	0.00152455	0.00454882	0.00466917	0.00769776	0.0041996	0.00596254	0.0040504	0.00550974	0.00479278	0.00439583	0.00498368	0.0048235	0.00829406	0.00694894	0.0054857	0.0073354	0.00482483	0.00518234	0.00744408	0.00571339	0.00456666	0.00410898	0.00454258	0.00544492	0.0065165	0.00559636	0.00500243	0.0052306	0.004288	0.00704408	0.00562529	0.00400061	0.00485188	0.00722822	0.00548913	0.00481337	0.00942698	0.009243	0.00581428	0.00453119	0.00846543	0.00555096	0.00636099	0.00598589	0.00493113	0.00575756	0.00688105	0.00654617	0.00253283	0.00865253	0.00588242	0.00876192	0.00755948	0.00784654	0.00372748	0.00530129	0.00424779	0.00458011	0.00836677	0.00663438	0.00571789	0.00795272	0.00453322	0.00963923	0.00683347	0.00581372	0.00513531	0.00946486	0.00867465	0.00453451	0.00790328	0.00820886	0.00594464	0.0097332	0.00389586	0.00614592	0.0057485	0.00643388	0.00516895	0.0052181	0.00645129
PWY-6708: ubiquinol-8 biosynthesis (early decarboxylation)	0.0	0.0	0.0	3.65475e-05	0.0	0.0	0.000131839	0.0	0.0	0.0	0.0	0.00022886	1.04777e-05	0.0	0.0	0.0	0.0	0.00023865	1.09985e-05	0.0	1.38546e-05	0.0	0.000171793	0.0	0.0	0.000274679	0.000294831	0.000247168	0.000192555	0.000164586	0.0	0.0	0.0	0.0	0.0	0.000152514	0.0	0.0	0.0	1.24732e-05	0.0	0.0	0.0	0.0	0.0	0.0	0.0	0.000141515	0.0	9.92062e-05	0.0	0.0	0.0	0.0	0.0	0.0	0.0	0.0	0.0	0.0	0.0	0.0	0.0	7.72424e-05	0.0	0.0	1.1833e-05	0.0	0.0	9.32668e-05	0.000126044	0.0	0.0	0.0	0.0	4.11621e-05	0.0	0.0	0.0	5.393e-05	0.0	0.0	0.0	0.0	0.0	6.65028e-06	0.0	0.0	0.0	0.0	3.59194e-05	0.0	0.0	0.0	0.0	0.0	0.0	0.000185087	2.09196e-05	0.0	0.0	0.0	5.78097e-05	0.0	6.54585e-05	0.0	0.0	0.0	8.93576e-05	0.0	3.3651e-06	0.0	0.0	0.0	0.0	0.0	0.0	0.0	0.0	0.0	0.0	0.000260882	0.0	0.0
PWY-6731: starch degradation III	0.00366521	0.00249699	0.000523817	0.00311591	0.00208987	0.000650967	0.00387209	0.00305409	0.00325519	0.00289524	0.00115033	0.00151359	0.00206304	0.00160025	0.00269702	0.0023252	0.000834301	0.00135958	0.00288031	0.00485051	0.00480103	0.00312269	0.00157173	0.00285909	0.0027087	0.00078692	0.00118933	0.00229871	0.00249279	0.0028384	0.00260457	0.00216612	0.0026345	0.00210567	0.000819305	0.00366857	0.0017417	0.00107154	0.000793839	0.00276102	0.00333939	0.00219616	0.00285766	0.00309628	0.00376296	0.00261403	0.0013326	0.00209064	0.00338602	0.00276762	0.00344001	0.00559386	0.00520142	0.00407865	0.00220984	0.00187471	0.00272441	0.00204581	0.00400201	0.00463808	0.00371581	0.0041717	0.00319842	0.00208914	0.00240702	0.00199852	0.00267161	0.00440974	0.00405208	0.00443435	0.0013291	0.0035338	0.00401048	0.00349356	0.00196147	0.00286589	0.00307824	0.00256833	0.00218581	0.00248572	0.00243104	0.00428509	0.00209991	0.00171736	0.00342682	0.00381976	0.00375345	0.00197683	0.00213896	0.00461772	0.00319965	0.00252295	0.00421572	0.00236774	0.00151287	0.00414955	0.00277163	0.00152856	0.00251731	0.00226554	0.00194238	0.00182486	0.00441957	0.00173005	0.00143123	0.000910957	0.00258873	0.00321912	0.00239736	0.00595965	0.00360567	0.00270405	0.00304578	0.000948291	0.00344923	0.00174951	0.00315758	0.00162128	0.00181661	0.00243544	0.00188069	0.00121607	0.00373927	0.00139243
PWY-6748: nitrate reduction VII (denitrification)	0.0	0.0	0.0	0.0	0.0	0.0	0.0	0.0	0.0	0.0	0.0	3.09989e-06	0.0	0.0	0.0	0.0	0.0	0.0	0.0	0.0	0.0	0.0	0.0	0.0	0.0	0.0	0.0	0.0	0.0	0.0	0.0	0.0	0.0	0.0	0.0	0.0	0.0	0.0	0.0	0.0	0.0	0.0	0.0	0.0	0.0	0.0	0.0	0.0	0.0	0.0	0.0	0.0	0.0	0.0	0.0	0.0	0.0	0.0	0.0	0.0	0.0	0.0	0.0	0.0	0.0	0.0	0.0	0.0	0.0	0.0	0.0	0.0	0.0	0.0	0.0	0.0	0.0	0.0	0.0	0.0	0.0	0.0	0.0	0.0	0.0	0.0	0.0	0.0	0.0	0.0	0.0	0.0	0.0	0.0	0.0	0.0	0.0	0.0	0.0	0.0	0.0	0.0	1.04126e-05	0.0	0.0	0.0	0.0	0.0	0.0	6.61024e-06	0.0	0.0	0.0	0.0	0.0	0.0	0.0	0.0	0.0	0.0	0.0	0.0	0.0	0.0
PWY-6749: CMP-legionaminate biosynthesis I	0.0	0.0001145	2.51766e-05	0.000120111	0.0	0.0	0.000158401	0.000174576	0.000232525	0.000856181	0.0	4.56752e-05	0.000201694	0.0	0.0	0.0	0.0	0.0	0.0	0.0	2.97446e-05	0.000687345	0.0	0.000123228	0.000533331	9.66872e-05	0.0	0.0	0.000247197	0.0	0.0	8.8248e-05	9.41479e-05	0.000249366	0.0	0.000655778	0.0	0.0	0.0	0.0013591	5.63291e-05	0.000161302	0.000183469	0.0	0.0	0.0	8.32769e-05	0.000236239	0.000125988	0.00158468	0.000433966	0.0	0.0	0.0	0.0	0.0	0.0	0.0	0.000223606	0.0	0.0	0.0	0.0	0.00215066	6.09537e-05	0.00406557	0.00121872	0.0	0.000384268	0.0	1.54455e-05	7.23618e-05	0.0	0.0	5.76436e-05	0.0	0.000137753	7.33077e-05	0.0	0.0043441	0.0	0.0	0.000168133	8.23834e-06	0.0	0.00126547	0.000142876	0.0	0.000129487	0.00123632	1.48726e-05	4.00948e-05	0.000411131	0.0	0.000214636	0.0	0.0	7.77861e-05	6.41681e-05	0.0	0.000936582	0.0	0.0	0.000115676	0.0	0.0	0.0	0.0	0.000251429	7.94282e-05	0.0	0.0	9.44535e-05	1.98452e-05	0.00135505	0.0	0.0	0.0	7.40843e-05	0.000117411	0.000735336	0.0	0.0	0.000192057
PWY-6763: salicortin biosynthesis	0.0	0.0	0.0	0.0	0.0	0.0	0.0	0.0	0.0	0.0	0.0	6.66743e-06	0.0	0.0	2.82673e-05	0.0	0.0	0.0	0.0	0.0	0.0	0.0	0.000302815	0.0	0.0	0.0	0.0	0.0	0.0	0.0	0.0	0.0	0.0	0.0	0.0	0.0	0.0	0.0	0.0	0.0	0.0	0.0	0.0	0.0	0.0	0.0	0.0	0.0	0.0	3.99828e-05	0.0	0.0	0.0	0.0	0.0	0.0	0.0	0.0	0.0	0.0	0.0	0.0	0.0	0.0	6.54765e-05	0.0	0.0	0.0	0.0	0.00046567	0.0	0.0	0.0	0.0	0.0	0.0	0.0	0.0	0.0	0.0	0.0	0.0	0.0	0.0	0.0	0.0	0.0	0.0	0.0	0.0	0.0	0.0	0.0	0.0	0.0	0.0	0.0	0.0	0.0	0.0	0.0	0.0	0.0	0.0	0.000155901	0.0	0.0	0.0	0.0	0.0	0.0	0.0	0.0	0.000146038	0.0	0.0	0.0	0.0	0.0	0.0	0.0	6.81349e-05	0.0	0.0
PWY-6797: 6-hydroxymethyl-dihydropterin diphosphate biosynthesis II (Methanocaldococcus)	0.0	0.0	0.0	0.0	0.0	0.0	0.0	0.0	0.0	0.0	0.0	0.0	0.0	0.0	0.0	0.0	0.0	0.0	4.31897e-05	0.0	0.0	0.0	0.0	0.0	0.0	0.0	0.0	0.0	0.0	0.0	0.0	0.0	0.0	0.0	0.0	0.0	0.0	0.0	0.0	0.0	0.0	0.0	0.0	0.0	0.0	0.0	0.0	0.0	0.0	0.0	0.0	0.0	0.0	0.0	0.0	0.0	0.0	0.0	0.0	0.0	0.0	0.0	0.0	0.0	0.0	0.0	0.0	0.0	0.0	0.0	0.0	0.0	0.0	0.0	0.0	0.0	0.0	0.0	0.0	0.0	0.0	0.0	0.0	0.0	0.0	0.0	0.0	0.0	0.0	0.0	0.0	0.000236779	0.0	0.0	0.0	0.0	0.0	0.0	0.0	0.0	0.0	0.0	0.0	0.0	0.0	0.0	0.0	0.000188206	0.0	0.0	0.0	0.0	0.0	0.0	0.0	0.0	0.0	0.0	0.0	0.0	0.0	0.0	0.0	0.0
PWY-6803: phosphatidylcholine acyl editing	0.0	0.0	9.774e-05	0.000208899	0.0	0.000167388	0.00431829	0.0	2.89826e-05	0.000130048	0.0	0.00114723	0.000450011	1.51193e-05	0.000119985	1.47139e-05	0.0	0.0015634	0.000680719	0.0	0.000415676	0.000130903	0.00221535	0.0	0.0	0.00149513	0.00157137	0.00183747	0.000940454	0.0033737	7.19514e-05	0.0	0.000125923	0.0	3.60978e-05	0.00258214	0.0	0.0	0.00287796	0.000123458	0.000332924	0.0	1.96045e-05	0.000107381	2.8148e-05	2.07907e-05	0.00011632	0.0027771	0.000469807	0.000713223	0.000288712	3.19736e-05	6.06047e-05	0.000135564	1.86166e-05	0.0	0.0	0.0	0.0	2.42236e-05	5.61433e-05	1.47932e-05	3.7891e-05	0.000315083	0.000261514	6.84758e-05	0.000154736	0.0	0.000159312	0.00279679	0.000786803	1.53833e-05	6.78108e-05	0.0	1.14253e-05	0.000283986	0.0	9.2519e-05	0.000686114	0.000703656	0.0	1.44012e-05	2.34354e-05	0.0	4.19756e-05	8.5145e-05	0.0	0.0013355	0.0	0.0	0.000259366	0.00303752	0.000216071	0.0	0.000424858	0.000187604	1.39163e-05	0.0025558	0.000121507	0.000916596	0.000677449	0.0	0.000216263	3.101e-05	0.00212313	8.05949e-05	0.0	0.0	0.000228783	3.96032e-05	5.5813e-05	0.000136337	0.0	0.00160803	0.000274482	0.000190709	0.0	1.18561e-05	8.54898e-05	9.93589e-05	0.00121221	0.00177409	0.0	0.000586459
PWY-6807: xyloglucan degradation II (exoglucanase)	0.0	0.0	0.0	0.00114033	0.0	0.000642128	4.94761e-05	0.000390192	7.98101e-05	0.00159163	0.000191947	3.39001e-05	0.000393741	0.000115385	0.0	0.000221927	0.0	0.0	0.0	0.0	0.0	0.0	0.0	0.000155462	0.000224008	0.000184511	0.0	9.20005e-05	0.0	0.0	0.000461587	0.000526062	0.0	0.0	0.000238298	0.000528722	0.0	0.000194313	0.0	0.000133905	0.000281843	0.0	0.00018512	0.0	0.0	0.000297453	0.000201352	0.0	0.00027571	0.0	0.0	0.00140528	0.0	0.000353305	1.8251e-05	0.000337171	0.0	0.0	0.0	0.000174269	0.000155434	0.00014224	0.0	0.0	0.0	0.0	0.0	0.000586987	5.13644e-05	0.0	0.0	0.000304112	0.0	0.0	0.0	0.000496466	0.0	0.000215118	0.0	0.000269259	0.0	0.0	0.000356025	0.0	0.0	0.0	0.000237211	0.000222277	0.0	0.0	0.000582005	0.0	0.0	0.000194071	0.0	0.0	7.43896e-05	0.000149137	1.78321e-05	0.0	0.00019196	0.0	0.00270534	0.0	0.0	0.0	0.000137456	0.0	0.000243844	0.0	0.00467217	0.0	0.0	3.8454e-05	0.000786168	0.000167387	0.0	0.000383886	0.0	0.000766053	6.73328e-05	0.0	0.0	0.000164271
PWY-6823: molybdopterin biosynthesis	0.00300471	0.00416878	0.00207789	0.00170365	0.0044781	0.00278678	0.00132012	0.00304502	0.0030005	0.00195929	0.00240743	0.00286801	0.00132793	0.00379124	0.00352783	0.00268612	0.00377218	0.00484357	0.00159272	0.00196028	0.00132579	0.00272383	0.00220948	0.00415487	0.00146877	0.00212544	0.00215249	0.00235143	0.00172422	0.00191187	0.00555123	0.0035215	0.00338226	0.00383223	0.00207144	0.00209672	0.00657794	0.00239157	0.00191131	0.00364473	0.00309162	0.00201775	0.000885959	0.00670935	0.00466704	0.00378534	0.0027782	0.00163205	0.00288188	0.00324212	0.00275818	0.00297935	0.00576541	0.0032569	0.00372139	0.00254446	0.00372786	0.00239607	0.00305467	0.00248604	0.00379365	0.00195736	0.00271432	0.00278443	0.00445379	0.00360741	0.00126849	0.00300612	0.00228573	0.0010923	0.001406	0.00482004	0.00276588	0.0048118	0.00416064	0.00494605	0.00416919	0.00300344	0.00315699	0.00200686	0.00241892	0.00371506	0.00278702	0.00273433	0.00296275	0.00298724	0.0047136	0.00467115	0.00228241	0.00366311	0.0037885	0.00175777	0.00252394	0.00191447	0.00295862	0.00249126	0.00275448	0.00316478	0.00236011	0.00284066	0.00448167	0.00112558	0.00229744	0.00292546	0.00150588	0.00168227	0.00206017	0.00230702	0.00267104	0.00256192	0.000955377	0.00140858	0.00427204	0.00143732	0.00231587	0.00260671	0.00205113	0.00159298	0.00530809	0.00449108	0.00164235	0.00161623	0.00269162	0.00217646
PWY-6834: spermidine biosynthesis III	0.0	0.0	0.0	0.0	0.0	0.0	0.0	0.0	0.0	0.0	0.0	0.0	0.0	0.0	0.0	0.0	0.0	0.0	0.0	0.0	0.0	0.0	0.0	0.0	0.0	0.0	0.0	0.0	0.0	0.0	0.0	0.0	0.0	0.0	0.0	0.0	0.0	0.0	0.0	0.0	0.0	0.0	0.0	0.00151472	0.0	0.0	0.0	0.0	0.0	0.0	0.0	0.0	0.0	0.0	0.0	0.0	0.0	0.0	0.0	0.0	0.0	0.0	0.0	0.0	0.0	0.0	0.0	0.0	0.0	0.0	0.0	0.0	0.0	0.0	0.0	0.0	0.0	0.0	0.0	0.0	0.0	0.0	0.0	0.0	0.0	0.0	0.0	0.0	0.0	0.0	0.0	0.0	0.0	0.0	0.0	0.0	0.0	0.0	0.0	0.0	0.0	0.0	0.0	0.0	0.0	0.0	0.0	0.0	0.0	0.0	0.0	0.0	0.0	0.0	0.0	0.0	0.0	0.0	0.0	0.0	0.0	0.0	0.0	0.0
PWY-6859: all-trans-farnesol biosynthesis	0.00168924	0.000763934	0.000215283	0.00107137	0.00121396	0.0	0.00137615	0.000615481	0.00160003	0.00135094	0.000692803	0.00041336	0.000419212	0.000546599	0.00109786	0.000832631	0.000628178	0.00130727	0.00316381	0.0	0.000451747	0.00154261	0.00106193	0.000874069	0.00153997	0.000668502	0.0011426	0.000724662	0.00103245	0.000128876	0.00108322	0.000451954	0.00023124	0.00105952	0.000447793	0.00135564	0.0002542	0.000433899	0.000621388	0.00138792	0.00159315	0.000426324	0.000819418	3.04281e-05	0.000620319	0.00117245	0.000393918	0.000958242	0.000814459	0.00128338	0.00194348	0.00113348	0.000528548	0.0014172	0.000168378	0.00125371	0.00124051	0.000850511	0.00152832	0.00134263	0.00109895	0.00149261	0.00152057	0.00174954	0.000824996	1.19268e-05	0.00092326	0.00142794	0.000790158	0.000847719	0.00302687	0.00154596	0.000908112	0.00206113	0.000399287	0.00166769	0.000669168	0.000946431	0.000509266	0.000795855	0.0	0.00112874	0.00107837	0.00129314	0.000836007	0.00135941	0.000798708	0.00119332	0.00110051	0.0032134	0.000320169	0.000109388	0.00283742	0.00096238	0.000924713	0.0011096	0.000996926	0.00113746	0.000672497	0.000277999	0.00122764	0.00104398	0.00102077	0.00068098	0.000464247	0.000222302	0.000632392	0.00183301	0.00140697	0.000604974	0.001849	0.00013163	0.000637139	0.000400365	0.000966668	0.00048343	0.000819036	0.00034669	0.00196567	0.00190264	0.0022165	0.00211761	0.00101317	0.00140034
PWY-6876: isopropanol biosynthesis (engineered)	2.05318e-05	0.0	0.0	5.87688e-05	0.0	4.51767e-05	0.0	8.29209e-05	7.26475e-06	0.0	0.0	6.28235e-05	0.000210494	0.0	0.0	4.55538e-05	0.0	0.000708998	0.0	5.58337e-05	0.0	0.0	0.0	0.0	4.94036e-05	0.0	0.0	0.0	8.79611e-05	8.89036e-05	4.58011e-05	6.40555e-05	5.03844e-05	0.0	0.0	8.57243e-05	0.0	0.0	0.0	0.0	3.32862e-05	0.0	0.0	0.0	3.6165e-05	0.0	0.0	0.0	3.05101e-05	0.0	0.0	2.43531e-05	3.29348e-05	0.0	1.18781e-05	0.0	0.0	0.000157479	0.0	0.0	0.0	1.27319e-05	8.87588e-05	0.000213144	0.0	0.000196494	0.0	1.60935e-05	7.095e-05	0.0	0.0	1.01594e-05	5.04799e-05	0.000105945	3.17129e-05	5.28063e-05	0.0	0.0	0.0	0.0	0.000195851	0.0	0.0	1.50991e-05	0.0	3.58522e-05	0.0	0.0	0.0	3.46813e-05	9.6496e-05	0.0	7.33333e-05	0.0	0.0	0.0	9.0458e-06	0.000408435	4.13388e-05	0.000169544	0.0	1.60516e-05	0.0	0.0	0.0	0.0	1.27409e-05	8.83728e-05	2.10683e-05	0.0	0.0	4.38295e-05	0.000332592	1.21729e-05	0.0	0.0	4.97776e-05	9.10842e-05	0.0	0.0	8.20562e-05	6.38401e-05	5.25816e-05	0.0
PWY-6895: superpathway of thiamine diphosphate biosynthesis II	0.00104963	0.000355071	0.00276271	0.00261203	0.000765945	0.00138904	0.00340605	0.00251701	0.00160492	0.00091227	0.00122924	0.00371944	0.00201256	0.000139954	0.00195922	0.00300511	0.00192036	0.00246146	0.00128167	0.000715994	0.00123855	0.0014049	0.00383044	0.000302349	0.0	0.00394645	0.00380176	0.00429283	0.00267726	0.00277745	0.00120387	0.00338097	0.00042446	0.000685351	0.000557886	0.00370139	0.0	0.00227383	0.00469674	0.00190978	0.00158302	0.0	0.000636633	0.00257666	0.00139363	0.000674377	0.000684556	0.00468436	0.0023992	0.00341829	0.00203	0.0017798	0.00108917	0.00210126	0.00057862	0.00127817	0.0027278099999999	0.000322966	0.00158485	0.0010987	0.00101795	0.00192678	0.000485058	0.00285623	0.00143538	0.000333052	0.000953395	0.000613696	0.00301156	0.00373717	0.00299073	0.00153951	0.000893232	0.000292748	0.00236638	0.00308775	0.00166775	0.00204524	0.00349622	0.00319524	0.0	0.00159038	0.000559204	0.000955029	0.000427519	0.000617689	0.00167668	0.00170737	0.00134933	0.00351852	0.00320346	0.00308438	0.00368807	0.000989766	0.00197211	0.00252543	0.00123747	0.00332596	0.00114292	0.00284442	0.00200961	0.0008715	0.00176716	0.0006656	0.00468849	0.000396323	0.00122767	0.0	0.00406233	0.000658895	0.00112934	0.000652312	0.000833045	0.0031558	0.000997107	0.00222357	0.00206321	0.00151673	0.00288518	0.00168306	0.00248679	0.0034898	0.00143324	0.00181012
PWY-6897: thiamine diphosphate salvage II	0.00629311	0.00605265	0.0069838	0.00603752	0.00580454	0.00450445	0.00288341	0.00554794	0.00627597	0.00476596	0.00357988	0.00403463	0.00367972	0.00862891	0.00523841	0.00633668	0.00845147	0.00281747	0.00432663	0.00671293	0.00614056	0.0058278	0.00375906	0.00823509	0.00509063	0.00506744	0.00496001	0.00385306	0.00422457	0.00245713	0.00553461	0.00667726	0.00476465	0.00582761	0.0111991	0.00446013	0.00512847	0.0113258	0.00713129	0.00518946	0.00579113	0.00594142	0.00619345	0.00350797	0.00571799	0.00661789	0.00792678	0.00444807	0.00590594	0.00507675	0.00590601	0.00580082	0.00623935	0.00646352	0.0057782	0.00694499	0.00609426	0.00543983	0.00640183	0.00623961	0.0057779	0.00582935	0.00476642	0.00508506	0.0049621	0.00497987	0.004384	0.00649063	0.00583064	0.0038663	0.00478968	0.00484315	0.00631781	0.00507267	0.00439019	0.00519567	0.00573784	0.00873804	0.00559334	0.00563554	0.00584552	0.00575465	0.00792403	0.00883667	0.00539781	0.00764331	0.00565846	0.00714348	0.00798134	0.00550313	0.00426436	0.00261388	0.00660396	0.00522624	0.00577095	0.00702779	0.00528284	0.00373889	0.00552652	0.00331503	0.00720358	0.00652683	0.00613911	0.00913563	0.00769561	0.0104809	0.00645985	0.00556481	0.00584508	0.00503135	0.00611333	0.00484264	0.00540183	0.00658667	0.00658532	0.00620686	0.00841692	0.005063	0.0059191	0.00567525	0.00484549	0.0037297	0.0063742	0.00482085
PWY-6901: superpathway of glucose and xylose degradation	0.00422135	0.00391149	0.00136113	0.00452111	0.00431308	0.00354898	0.00427656	0.00370819	0.00451164	0.00442638	0.00280483	0.0034352	0.00370657	0.00262422	0.0047239	0.0034685	0.00196232	0.00428403	0.00499587	0.00425588	0.00532645	0.00456385	0.00411721	0.00288074	0.00506583	0.00334741	0.00412294	0.00382347	0.00425615	0.0041274	0.0041347	0.00340135	0.00402061	0.00353167	0.00226459	0.00408896	0.00202026	0.00249235	0.00284023	0.0039435	0.00401478	0.00278289	0.00390944	0.00105351	0.0033142	0.00465892	0.00201155	0.00403876	0.0042316	0.00428531	0.00469771	0.00462626	0.00414557	0.00442323	0.00269896	0.00388633	0.00371302	0.00426999	0.00546705	0.0050108	0.00400624	0.00520581	0.00408155	0.00359381	0.00305176	0.00348132	0.00479617	0.00483726	0.00417039	0.00446966	0.00415415	0.00466215	0.0042311	0.00475853	0.00405303	0.00385397	0.0036247	0.00328867	0.00323714	0.0041989	0.00217635	0.0046787	0.00314113	0.00318141	0.00449902	0.00395067	0.00454627	0.00297737	0.00337611	0.00472893	0.00331038	0.00451505	0.00499883	0.00374901	0.00328669	0.00376962	0.00401256	0.00501917	0.00439315	0.00356196	0.00301129	0.00420381	0.00431817	0.00298708	0.00300433	0.00196231	0.00331813	0.00501753	0.00405812	0.00400947	0.00402507	0.00428288	0.00338536	0.00336332	0.00344762	0.00305931	0.0035548	0.00519759	0.00486987	0.00420127	0.00398526	0.00455312	0.00441852	0.00297004
PWY-6902: chitin degradation II (Vibrio)	0.00376725	0.00159186	7.45314e-05	0.00531354	0.0022601	0.00014788	0.000876018	0.00184762	0.00126413	0.00172805	0.00155562	0.0008331	0.00114071	0.000535095	0.00178323	0.00132912	0.000384785	0.000321228	0.00426844	0.00479371	8.75043e-05	0.00213496	0.00175394	0.00146166	0.00335357	0.00127054	0.00145086	0.00100796	0.00180803	0.00201353	0.00101263	0.0007429	0.000883717	0.00102239	0.000637301	0.00193844	0.000259927	0.000270338	0.000304564	0.00154786	0.00159884	0.00100922	0.00107865	0.000785854	0.00184789	0.00213569	0.000380351	0.00143309	0.00211397	0.0038497	0.00248204	0.00380446	0.00336544	0.00233058	0.000957158	0.00121111	0.00170117	0.00114926	0.00267184	0.00284149	0.00271856	0.00273538	0.00197182	0.00141996	0.00107623	0.0064905	0.00225875	0.00382811	0.000601074	0.00434612	0.00269101	0.00171064	0.0018833	0.00260857	0.000900585	0.00145866	0.00153891	0.001617	0.00109674	0.00266036	0.000175462	0.000782014	0.0010246	0.00122334	0.00260237	0.00317281	0.00124234	0.00106813	0.00139201	0.00580715	0.0015653	0.00172612	0.00482208	0.000893458	0.00160171	0.00351837	0.00102411	0.00209702	0.000744934	0.00255453	0.00109021	0.00175001	0.00338278	0.000437316	0.000901957	0.000211103	0.00105773	0.00228972	0.00149696	0.00462593	0.00245899	0.000247616	0.00152198	0.000693916	0.00156395	0.00102967	0.00132822	0.00190755	0.00196161	0.00249442	0.00273694	0.001787	0.00214206	0.00306635
PWY-6906: chitin derivatives degradation	0.000242408	0.00146912	9.31531e-05	0.000521397	0.000993292	0.0	0.000734349	0.000550677	0.00011549	0.00185062	0.0	0.000214493	0.00075187	0.000422934	0.000141932	0.00026273	0.0	0.0	0.000690348	5.17896e-05	0.0	0.00102871	0.00133082	0.000798975	0.00184019	0.0	0.000609797	0.0017665	0.00141049	0.000157197	0.000677976	0.00059679	0.000424861	0.000994019	0.000480161	0.00247676	0.000359509	0.000196579	0.000496333	0.00067557	0.0019388	0.000636828	0.000653604	0.0	0.000681663	0.000607751	0.000441321	0.000251637	0.00241113	0.00178617	0.00160962	0.00137879	0.00134049	0.000694715	0.000361009	0.00110778	0.000417742	0.000698603	0.00145567	0.00171519	0.00245799	0.00142283	0.0	0.000798049	0.000624972	0.0	0.00181309	0.000186708	0.00232273	0.00427737	0.000420305	0.000660867	0.00379446	0.000510867	0.000699868	0.00108172	0.000116802	0.000438716	0.000577851	0.000379685	0.0	0.00127821	0.000303531	0.000275578	0.000401579	0.000127642	0.00160508	0.000646836	0.000341505	3.03382e-05	0.00103534	8.00302e-05	0.00101313	0.0013026	0.000314273	0.000681756	0.00111901	0.0	0.00124641	0.000887976	0.000730309	0.000197263	0.00533562	0.000149293	0.000395864	0.000539147	0.000837598	0.000552312	0.000719194	0.000761171	0.00456808	0.00051012	0.000248471	0.000456226	0.00160219	0.000402159	0.00146988	0.00048775	0.000907576	0.00091825	0.000925273	0.0	0.00182717	0.000807267
PWY-6920: 6-gingerol analog biosynthesis (engineered)	0.0	0.0	0.0	0.0	0.0	0.0	0.0	0.0	7.15914e-06	0.0	0.0	0.0	0.0	0.0	5.4896e-05	0.0	0.0	0.0	0.0	0.0	0.0	2.53035e-05	0.0	0.0	0.0	0.0	0.0	0.0	6.9726e-06	0.0	9.63577e-06	0.0	0.000173111	0.0	0.0	0.0	0.0	0.0	0.0	0.0	0.0	0.0	0.0	0.0	0.0	0.0	0.0	0.0	0.0	0.0	0.0	0.0	8.07232e-05	0.0	0.0	0.0	0.0	0.0	0.0	0.0	0.0	0.0	0.0	0.0	0.0	0.0	0.0	0.0	0.0	0.0	0.0	0.0	9.03725e-05	0.0	0.0	0.0	0.0	0.0	0.0	0.0	0.0	0.0	0.0	0.0	0.0	0.0	2.16419e-05	0.0	0.0	0.0	0.0	0.0	0.0	0.0	0.0	0.0	0.0	0.0	0.0	0.0	0.0	0.0	0.0	0.0	0.0	0.0	0.0	7.67723e-06	0.0	0.0	0.0	0.0	0.0	0.0	0.0	0.0	0.0	0.000241611	0.0	0.0	0.0	0.0	0.0	0.0
PWY-6922: L-N&delta;-acetylornithine biosynthesis	0.0	0.0	5.33781e-05	6.92577e-05	0.0	0.0	9.37179e-05	0.000373831	0.000301913	0.000278268	0.0	0.000239955	0.000133652	0.0	0.000146026	0.0	9.34952e-05	0.000849668	0.000178137	0.0	6.21281e-05	8.12839e-05	0.000546739	0.0	0.000146219	0.0001812	0.0002049	0.00108241	0.000367734	0.000105075	1.90734e-05	8.5692e-05	6.7898e-05	0.0	9.7782e-05	0.000558038	0.0	0.0	0.000204966	0.000158732	0.000241141	0.0	0.0	0.0	9.52631e-05	8.61064e-05	0.0	0.000116459	0.000220121	0.000190607	0.0	3.14545e-05	0.0	0.000145874	0.0	0.0	0.0	0.0	0.0	0.0	7.45253e-05	8.37462e-05	6.6074e-05	2.20344e-05	0.000180252	0.000205709	1.21174e-05	5.60247e-05	0.000109671	0.000602732	7.84509e-05	6.60389e-05	0.000118719	0.000122205	3.35574e-05	0.000203718	0.0	2.3533e-05	0.000304246	0.000146835	0.0	0.000101893	0.000189171	0.0	0.0	8.47771e-05	0.0	4.19896e-05	0.0	0.0	0.000216606	0.000354973	0.000285402	0.000179534	0.000201085	2.95677e-05	0.0	0.000119429	0.000137704	5.03034e-05	0.0	0.0	8.24264e-05	0.00014327	0.00041067	4.82951e-05	2.19824e-05	0.0	9.74851e-05	1.2378e-05	0.0	5.52051e-05	0.000191212	0.000170842	0.000170285	0.000151011	0.0	0.0	0.000209172	0.000119521	0.000149889	0.0013576	0.000136499	0.00140617
PWY-6936: seleno-amino acid biosynthesis (plants)	0.00134103	0.00296125	0.00513247	0.00153102	0.0026595	0.00182924	0.00423367	0.00203553	0.00265941	0.00349842	0.00337973	0.00446667	0.00264264	0.00122958	0.00397872	0.00177595	0.00255762	0.0051335	0.00300915	0.00292901	0.0048426	0.00212956	0.00414099	0.0020817	0.00236289	0.0040568	0.00359409	0.00276978	0.00421375	0.00403548	0.00309101	0.0027931	0.0044008	0.00307576	0.00156359	0.00366348	0.00130181	0.00261097	0.00285913	0.00371964	0.00339558	0.00479058	0.00117954	0.00397532	0.00237166	0.00349356	0.00112189	0.00453688	0.00243316	0.00468834	0.00252625	0.00305386	0.003097	0.00251083	0.00373079	0.00189435	0.00307797	0.00421829	0.00364599	0.00329031	0.00390854	0.00230062	0.00119064	0.00379715	0.0045543	0.00192777	0.0026115	0.00132702	0.00364074	0.00446269	0.00294796	0.00282961	0.00251373	0.00306803	0.00462813	0.00446474	0.00347201	0.00219949	0.0046223	0.00124654	0.00121477	0.00385823	0.00243571	0.0026838	0.00321328	0.00315243	0.00526345	0.00152968	0.00274818	0.00416791	0.00283105	0.00430882	0.00215211	0.00305012	0.00319662	0.00417458	0.00307282	0.00465782	0.00298588	0.00222991	0.00189581	0.00094367	0.00220892	0.00150989	0.00355969	0.00180758	0.00168335	0.00268308	0.00242814	0.00451653	0.00249424	0.00290797	0.00396057	0.00267696	0.0015785	0.0031893	0.00158113	0.00511743	0.00247001	0.00429071	0.00241517	0.00321394	0.00163825	0.00282871
PWY-6953: dTDP-3-acetamido-&alpha;-D-fucose biosynthesis	0.000717476	0.0	0.0	5.7055e-05	0.0	0.0	1.7247e-05	0.000262971	0.0	0.000203833	0.0	4.47154e-06	0.0	0.0	0.0	0.000170109	0.0	0.0	0.0	5.77605e-06	0.0133686	0.0	0.0	8.31574e-05	0.0	0.0	0.0	6.24698e-05	0.0	0.0	1.86876e-05	5.52673e-05	0.0	0.0	0.0	0.0	0.0	0.0	0.0	0.0	2.10926e-05	0.0	7.06288e-06	0.0	0.0	0.0	0.0	0.0	6.06195e-05	0.00016875	0.0	8.83412e-05	0.0	0.0	0.0	0.0	0.0	0.0	0.0	0.0	0.0	0.0	0.0	0.0	0.0	0.00241407	0.000994899	0.0	0.0	0.0	0.0	0.0	0.0	0.0	0.0	0.0	0.0	0.0	0.0	3.87771e-05	0.0	0.000283436	0.0	0.0	0.0	0.0	0.0	0.0	0.0	0.0	0.0	0.0	1.79325e-05	0.0	0.0	0.0	0.0	0.0	0.0	0.0	0.0	0.0	0.0	0.0	0.0	0.0	0.0	0.0	0.0	0.0	4.7187e-05	0.0	0.0	0.0	0.0	0.0	0.0	0.0	0.0	0.0	0.0	0.000418827	0.000351754	0.0
PWY-6961: L-ascorbate degradation II (bacterial, aerobic)	0.0	0.0	0.0	0.000245152	0.0	4.20782e-05	0.00222259	0.0	2.14438e-05	0.000335861	0.0	0.00155649	0.00044133	0.0	0.000149381	0.0	0.0	0.00168806	0.000390617	0.0	0.000570394	0.000179431	0.00159588	0.0	0.0	0.00149937	0.00145487	0.00156521	0.000858122	0.00250782	7.01465e-05	0.0	0.0	0.0	0.0	0.00182202	0.0	0.0	0.000178384	5.15013e-05	0.00028772	0.0	8.78742e-05	2.52607e-05	3.61764e-05	3.71205e-05	2.90431e-05	0.00134461	8.5298e-05	0.000872748	0.0	2.60465e-05	4.16002e-05	2.10425e-05	0.0	0.0	0.0	4.46359e-05	3.96204e-05	4.68793e-05	6.87147e-05	1.51647e-05	0.00015368	0.000384856	0.0	0.000139352	0.000102197	0.0	0.000127738	0.000987337	0.000652007	0.0	7.67486e-05	3.68094e-05	3.05094e-05	0.000194551	0.0	0.000122564	0.00051108	0.00040328	0.0	4.41434e-05	3.11534e-05	0.0	0.0	7.86281e-05	0.0	0.000121833	0.0	3.83398e-06	0.000288063	0.001763	8.42346e-05	0.0	0.000249752	0.00017175	2.03798e-05	0.00125116	0.000227907	0.000207137	0.000229782	1.57621e-05	0.000362955	0.0	0.000961529	2.22667e-05	6.0224e-06	0.0	0.000293521	4.70978e-05	5.91068e-05	4.77183e-05	0.0	0.000322028	5.66135e-05	8.40396e-05	0.0	3.14388e-05	5.69768e-05	0.0	0.000424333	0.00171637	0.0	0.00057706
PWY-6969: TCA cycle V (2-oxoglutarate synthase)	0.000821255	0.00187981	0.00145838	0.000966209	0.00246118	0.00140351	0.00277213	0.00262203	0.00197617	0.00205035	0.00468536	0.00186193	0.00329459	0.000586557	0.00211447	0.0015469	0.000947324	0.00152161	0.000491	0.00185472	0.000426008	0.0013498	0.00333727	0.0013521	0.00123877	0.00217044	0.00202874	0.00255719	0.00209153	0.003052	0.00136406	0.00125545	0.00148321	0.00183135	0.00120001	0.00186448	0.0013116	0.00106047	0.00194968	0.00188787	0.00141519	0.00286376	0.00504435	0.00101793	0.00170914	0.00198163	0.00289399	0.00289375	0.00245904	0.00178159	0.00149864	0.00209149	0.00111046	0.000907061	0.00107117	0.0008346439999999	0.00138518	0.00269524	0.00122955	0.000705453	0.00192938	0.00328271	0.00060632	0.00127495	0.00179272	0.00157516	0.00142402	0.000712737	0.00198022	0.00338953	0.00108707	0.0019316	0.00217196	0.00151199	0.00179827	0.00112415	0.001558	0.00124119	0.00203933	0.00102941	0.00184416	0.000828638	0.000495978	0.00053236	0.00187756	0.000328617	0.00222499	0.000661123	0.00101883	0.000140675	0.00070071	0.00336873	0.000802451	0.00144553	0.00182329	0.00107368	0.00163599	0.00123717	0.00280506	0.00190054	0.000713619	0.00268911	0.0013836	0.00119384	0.00164474	0.00061034	0.00147079	0.0	0.00115835	0.000306043	0.00143073	0.00262731	0.00253177	0.00151181	0.00117424	0.000689273	0.00124494	0.00146505	0.00094941	0.00202563	0.000608329	0.00149706	0.00095975	0.00075887
PWY-6992: 1,5-anhydrofructose degradation	0.000110836	0.0	5.51642e-05	1.20698e-06	0.0	0.000636758	0.000346419	0.000286591	0.0	0.00145064	0.0	6.30545e-06	0.000661781	0.0	0.0	0.000126582	0.0	0.000100262	8.84798e-06	0.0	0.00148488	0.000381391	6.14909e-05	0.0	0.000168691	0.0	0.0	0.000187603	4.05492e-05	0.000612104	6.99436e-06	0.000128385	0.0	0.0	4.30671e-05	0.000250359	0.0	0.0	0.000220662	3.32938e-06	0.00131445	0.0	0.000258762	0.0	0.000103877	5.47279e-05	0.0	0.000390003	0.0	0.0	0.000145504	0.000176375	0.00011066	0.0	0.0	0.000408665	0.0	0.0	0.0	0.0	0.000234345	0.0	0.0	0.000684628	0.0	0.0	0.00035673	7.89556e-05	3.63945e-06	0.000761003	5.56461e-06	0.0	3.36447e-05	0.0	0.0	2.01167e-05	0.0	4.6904e-05	0.0	3.15835e-05	0.0	0.000495503	0.0	7.65069e-05	0.0	0.0	0.000217331	0.0	0.0	0.0	3.12383e-05	0.000676749	0.000339817	0.0	0.0	0.0	0.0	0.000134315	0.00118243	2.07487e-05	9.16233e-05	0.0	0.0	0.0	0.000254205	0.0	0.0	0.0	0.000262083	0.0	0.000119534	0.00012669	0.0	6.05584e-05	0.0	0.0	0.0	0.000413228	0.0	0.0	0.000206481	0.000687574	0.000688546	0.0
PWY-7000: kanamycin biosynthesis	0.0	0.0	0.0	0.0	0.0	0.0	0.0	0.0	0.0	0.0	0.0	0.0	0.0	0.0	0.0	0.0	0.0	0.0	0.0	0.0	0.0	0.0	0.0	0.0	3.38829e-05	0.0	0.0	0.0	0.0	0.0	0.0	0.0	0.0	0.0	0.0	0.0	0.0	0.0	0.0	0.0	0.0	0.0	0.0	0.0	3.33592e-05	0.0	0.0	0.0	0.0	0.0	0.0	0.0	0.0	0.0	0.0	0.0	0.0	0.0	0.0	0.0	0.0	0.0	0.0	0.0	0.0	0.0	0.0	0.0	0.0	0.0	0.0	0.0	0.0	0.0	0.0	1.63274e-05	0.0	0.0	0.0	0.0	0.0	0.0	0.0	0.0	0.0	0.0	0.0	0.0	0.0	0.0	0.0	0.0	0.0	0.0	0.0	0.0	0.0	0.0	0.0	0.0	0.0	0.0	0.0	0.0	0.0	0.0	0.0	0.0	0.0	1.77536e-05	0.0	0.0	0.0	0.0	0.0	0.0	0.0	0.0	0.0	0.0	0.0	0.0	0.0	0.0
PWY-7013: (S)-propane-1,2-diol degradation	0.000135199	0.0	0.0	0.000624576	0.0	6.06314e-05	8.71558e-05	0.000346318	0.000324397	0.000335429	0.0	0.000199395	9.07078e-05	0.000201477	0.000336285	0.00015411	9.63624e-05	0.00227916	8.42292e-05	0.000279652	0.000550563	0.000360424	0.00252032	0.0	9.0405e-05	4.5357e-05	1.71006e-05	0.0	0.000179242	0.00237891	9.66061e-05	0.0	0.000283502	4.09373e-05	1.66416e-05	3.35226e-05	0.0	0.0	0.0	0.000914124	0.000296108	0.000304925	0.000883416	0.00042175	0.000156074	0.0	0.000160612	0.000893754	0.000151612	0.000519632	0.000265445	0.000230635	0.000442763	0.000225855	0.000112064	0.000173522	0.000116224	0.000151233	0.00022248	0.0	2.13272e-05	0.000117896	0.000325644	0.000218048	0.00102176	0.000860161	5.99422e-05	0.000315616	0.000196431	0.00342183	0.00171753	0.000504687	8.05886e-05	0.000465853	3.67752e-05	0.000901794	0.000143645	0.000296817	0.000235461	0.000329698	0.000270856	0.000255429	0.000207377	0.000243916	0.00018941	0.000332678	0.000401662	0.0	0.000238041	0.000379063	0.000410464	0.000510269	0.000409725	0.0	0.00058971	0.000647744	0.000365809	0.000817712	0.000231383	9.48963e-05	0.0	8.04661e-05	6.98153e-05	0.00039193	0.00143072	0.000761614	8.57744e-05	0.000336776	0.000287084	0.000241165	0.000129414	0.000105765	0.000391846	0.00103175	0.000359049	0.00010125	0.0	0.000901537	0.000358373	0.000259634	0.000505315	0.00239167	0.000136462	0.000768208
PWY-702: L-methionine biosynthesis II	0.000951984	0.00142135	0.00153427	0.000899732	0.00107667	0.0007448999999999	0.00266283	0.000722592	0.000542649	0.00113427	0.000496521	0.00249275	0.00228251	0.000554511	0.000619316	0.000691173	0.000652866	0.00223512	0.00166749	0.00273995	0.000991098	0.00108044	0.00196548	0.000718637	0.000430726	0.00230142	0.00192419	0.00123443	0.00159254	0.00308191	0.0019897	0.000417886	0.00146855	0.000461374	0.000376278	0.00204311	0.000451619	0.000370551	0.00170697	0.00122687	0.000686228	0.000645855	0.00113956	0.00077334	0.000559578	0.00110957	0.00078118	0.00156646	0.000812244	0.00163489	0.000813651	0.000611019	0.00126627	0.00131419	0.00034542	0.000530393	0.0015923	0.0020509	0.0011546	0.00343317	0.00154847	0.00105303	0.00129749	0.0021052	0.00133215	0.000712985	0.000917917	0.000824087	0.0019477	0.00250417	0.00173828	0.00172347	0.000707535	0.00176377	0.00051882	0.00213809	0.000758677	0.000743884	0.00144702	0.000783652	0.000801604	0.00172613	0.000830242	0.00124397	0.00130864	0.000945782	0.00206275	0.00101102	0.000925732	0.00143907	0.00192714	0.00356411	0.000716118	0.000240893	0.000997927	0.000967549	0.00220174	0.00213366	0.000464913	0.00144792	0.000958622	0.000316624	0.00122717	0.00054906	0.00157905	0.000571574	0.00157653	0.00176148	0.00116783	0.00306383	0.000596577	0.00243675	0.000760503	0.00127863	0.000625114	0.00157243	0.000265666	0.00624981	0.00119387	0.00108443	0.00105291	0.00180106	0.000843675	0.00099662
PWY-7031: protein N-glycosylation (bacterial)	0.0	0.0	0.0	0.000125304	0.0	0.0	0.0	0.0	0.0	0.0	0.0	0.0	0.0	0.0	0.0	0.0	0.0	0.0	0.0	7.90609e-06	0.0	0.0	0.0	0.0	0.0	0.0	0.0	0.0	0.0	0.0	0.0	0.0	0.0	0.0	0.0	2.88153e-05	0.0	0.0	0.0	0.0	0.0	0.0	9.29043e-05	0.0	0.0	0.0	0.0	0.0	0.0	0.0	0.0	0.0	0.0	0.0	0.0	0.0	0.0	0.0	0.0	0.0	0.0	0.0	0.0	0.0	0.0	0.0	0.00078614	0.0	1.19855e-05	0.0	0.0	0.0	0.0	0.0	0.0	0.0	0.0	0.0	6.72467e-05	0.0	0.0	0.0	0.0	0.0	0.0	0.0	0.0	0.0	0.0	0.0	0.0	0.0	0.0	0.0	0.0	0.0	0.0	0.0	2.5249e-05	0.0	0.0	0.0	0.0	0.0	0.0	0.0	0.0	0.0	0.0	5.91323e-05	0.0	0.0	0.0	0.0	0.0	0.0	0.0	0.0	0.0	0.0	0.0	0.0	0.0	0.0
PWY-7039: phosphatidate metabolism, as a signaling molecule	0.0	0.0	0.0	1.26741e-05	0.0	0.0	0.0	0.0	0.0	0.0	0.0	1.67109e-05	0.000163081	0.0	0.0	0.0	0.0	4.91288e-06	0.0	0.0	0.000110021	0.0	1.99348e-05	0.0	0.0	0.0	0.0	0.0	0.000264023	0.0	1.17541e-05	0.0	0.0	0.0	0.0	0.0	0.0	0.0	0.0	0.0	0.000115811	0.0	0.0	0.0	0.0	0.0	0.0	0.0	0.0	0.0	0.0	0.0	0.0	2.22616e-05	0.0	0.0	0.0	0.0	0.0	0.0	0.0	0.0	0.0	0.0	0.0	0.0	0.0	0.0	0.0	0.00029126	0.0	0.0	0.0	0.0	0.0	4.76479e-05	0.0	0.0	0.0	0.0	0.0	0.0	0.0	0.0	0.0	0.0	0.0	0.0	0.0	0.0	0.000100457	0.0	0.0	0.0	0.0	0.0	0.0	0.0	0.000105868	0.0	0.0	0.0	0.000124105	0.0	3.06319e-05	0.0	0.0	0.0	0.0	0.0	0.0	0.0	0.0	0.0	0.0	0.0	0.0	0.0	0.0	0.0	0.00015506	3.2935e-05	0.0	0.0
PWY-7094: fatty acid salvage	0.0	0.0	9.27313e-05	7.2543e-05	0.0	0.0	0.000474695	0.0	1.75711e-06	0.000123726	0.0	0.000804258	0.000233327	0.0	5.91538e-05	0.0	0.0	0.000630422	0.000167639	0.0	0.000288606	7.02634e-05	0.000566518	0.0	0.0	0.000652838	0.000638674	0.000718788	0.000683224	0.000596269	4.50527e-06	0.0	0.0	0.0	0.0	0.000438422	0.0	0.0	0.000387826	2.63079e-05	4.72324e-05	0.0	0.0	0.0	0.0	0.0	0.0	0.000512831	5.56658e-05	0.000476955	0.0	1.52363e-05	0.0	0.0	0.0	0.0	0.0	0.0	0.0	7.92129e-05	6.95625e-05	0.0	6.25964e-05	0.000220214	4.99261e-05	3.86755e-05	7.87105e-05	2.21729e-05	2.45566e-05	0.000544375	0.00031783	0.0	6.63952e-06	0.0	0.0	0.000135466	0.0	0.0	0.0003383	7.19498e-05	0.0	0.0	4.20754e-05	0.0	0.0	6.85499e-05	0.0	9.95865e-05	0.0	0.0	9.20192e-05	0.000449337	0.0	0.0	0.0	0.0	1.84127e-05	0.000406961	0.00010599	6.65529e-05	0.000104253	0.0	0.000359158	0.0	0.000374529	0.0	0.0	1.44593e-05	0.000214202	2.2116e-05	1.99134e-05	0.0	0.0	5.52284e-05	0.0	0.000116182	0.0	0.0	0.000160615	0.0	5.83792e-05	0.00103824	0.0	0.000300875
PWY-7111: pyruvate fermentation to isobutanol (engineered)	0.00451196	0.00574636	0.00661327	0.00464139	0.00634145	0.00397952	0.00682025	0.00528939	0.00657295	0.00735326	0.00467101	0.00872902	0.00689022	0.00411257	0.00721819	0.00503562	0.00477556	0.00960644	0.00755162	0.00606888	0.00506696	0.00655399	0.00836409	0.0045181	0.00552658	0.00789689	0.0078826	0.00711536	0.00755863	0.00760868	0.00711924	0.00604688	0.00649523	0.00622238	0.00437588	0.00717739	0.00740607	0.00595228	0.0070933	0.00706118	0.00445453	0.00690416	0.00871141	0.00733302	0.00560725	0.00651027	0.0032725	0.00729805	0.00648259	0.00687317	0.00523514	0.00509816	0.00745829	0.00740856	0.00652006	0.00636128	0.00802097	0.00765403	0.00610074	0.00848197	0.00651391	0.00670674	0.00717085	0.00716125	0.00611345	0.00529579	0.00466578	0.00492041	0.00703689	0.00596804	0.00618648	0.00652792	0.00545394	0.00762869	0.00696205	0.00831494	0.00503742	0.00609252	0.00838569	0.00825209	0.00663535	0.00663315	0.00506713	0.00461919	0.00694977	0.00506933	0.00681747	0.00657124	0.00466399	0.00623908	0.00798444	0.00844782	0.00436784	0.00454669	0.00681894	0.00504198	0.00625826	0.00922424	0.00690773	0.00549825	0.00651502	0.00525128	0.0055933	0.00559221	0.00662265	0.0051472	0.00736244	0.00575664	0.00671234	0.00912128	0.00524937	0.00788442	0.00636876	0.00551554	0.00431546	0.00733109	0.00516895	0.00926841	0.00615059	0.00635665	0.00585954	0.00648828	0.00457492	0.00797414
PWY-7115: C4 photosynthetic carbon assimilation cycle, NAD-ME type	0.000580959	0.00131912	0.00108106	0.000167008	0.00143332	0.000864018	0.0021208	0.000414878	0.000500396	0.000330831	0.000300557	0.0014466	0.000893536	0.000174122	0.00301488	0.00111676	0.000472346	0.00070748	0.000649849	0.00213701	0.000374242	0.000834658	0.00154034	0.00029349	0.000755468	0.00147454	0.00146141	0.00126757	0.000863384	0.00210071	0.00118313	0.00193327	0.000751804	0.000256054	0.000422875	0.000698325	0.00036921	0.00102325	0.00141789	0.000794454	0.000516279	0.000896339	0.000983515	0.000132593	9.14435e-05	0.00139502	0.0	0.00142075	0.00120509	0.000861412	0.0	0.00203913	0.000720296	0.00106928	0.000140606	0.000416214	0.000401722	0.0011815	0.000213009	0.00335037	0.00132264	0.000480099	0.00014397	0.000516489	0.00049648	0.000529523	0.000956966	0.000996843	0.0013985	0.00198845	0.000766156	0.0018058	0.00098132	0.00217102	0.00162144	0.000581353	0.000474742	0.00062858	0.00103674	0.000597794	0.000275261	0.00153533	0.000421945	0.000702668	0.00173812	5.64438e-05	0.00152033	0.000818755	0.000114772	2.80848e-05	0.00136268	0.00155729	0.000307463	0.000600968	0.00111055	1.41141e-05	0.000736198	0.00135424	0.00096132	0.00125614	0.000624496	0.000609339	0.000445133	0.000176963	0.00123023	0.00033562	0.000388934	0.000206461	0.00054643	0.000561031	0.000547588	0.0019757	0.000255219	0.00125195	0.000106693	0.000945058	0.00105405	0.00216835	0.00102554	0.00202877	0.00039513	0.00166105	0.000379216	0.00111312
PWY-7117: C4 photosynthetic carbon assimilation cycle, PEPCK type	0.0	0.00183669	0.00116153	0.000673041	0.000899486	0.00108015	0.00409757	0.000674748	0.000612561	0.0010809	0.000159308	0.00231089	0.0013153	8.65368e-05	0.00340354	0.00114252	0.000355882	0.00164469	0.00152581	0.00330672	0.000883549	0.00112639	0.00336138	0.000622193	0.000721045	0.00243008	0.00228794	0.00301688	0.0019167	0.00445046	0.0014413	0.00186125	0.000855891	0.000357466	0.000376378	0.00291228	5.91322e-05	0.00117577	0.0022376	0.0010573	0.000617361	0.00117098	0.00150013	0.000265723	0.0	0.00125069	0.0	0.00279003	0.000532364	0.0014414	0.000343977	0.00289247	0.000648633	0.00109405	9.79554e-05	0.000186236	0.000248468	0.00266615	0.000193551	0.00451353	0.00187093	0.000610502	0.000958775	0.00171158	0.000983968	0.000356051	0.00143904	0.000944261	0.00150592	0.00391371	0.00308022	0.00169452	0.00154292	0.00321958	0.00216225	0.00152222	0.00010784	0.000611354	0.00162982	0.000654156	0.000413816	0.00174183	0.000309237	0.000829081	0.00261489	0.000190219	0.00154025	0.000823951	6.25546e-05	0.0013462	0.00233607	0.00411542	0.000589858	0.00061981	0.00149565	0.000386705	0.000776953	0.00255848	0.00129975	0.00175817	0.000538153	5.8361e-05	0.000954559	0.000200674	0.00234492	0.000820128	0.000862076	0.000451187	0.00141053	0.0023196	0.0010862	0.00293854	0.000202481	0.00220781	0.00100506	0.00191007	0.000890537	0.00352486	0.000944872	0.00224596	0.0011351	0.00283392	0.000326439	0.00222222
PWY-7118: chitin deacetylation	0.0	0.0	0.000110092	0.000265507	0.0	3.57777e-05	0.00283532	0.0	2.75892e-05	0.00022964	0.0	0.00121139	0.000661137	0.0	4.97317e-05	0.0	0.0	0.00129731	0.000511638	0.0	0.000284671	0.000121178	0.00144098	0.0	0.0	0.00118985	0.0011417	0.00104435	0.000741445	0.00375348	2.78293e-05	0.0	0.0	0.0	3.18635e-05	0.00125648	0.0	0.0	0.000947493	0.000223314	0.000192205	0.0	2.35317e-05	6.66592e-05	2.16365e-05	5.00838e-05	0.0	0.00102716	0.000158931	0.000683136	3.69255e-05	7.75968e-05	0.0	7.42609e-05	0.0	0.0	0.0	0.000108925	0.0	6.78031e-05	7.5809e-05	0.000128127	0.0	0.00040232	0.00020682	0.000195803	0.000423747	1.68349e-05	7.36967e-05	0.00207685	0.000575363	1.43494e-05	7.17262e-05	0.0	5.09404e-05	0.000302214	0.0	6.41059e-05	0.000553252	0.000289838	0.0	0.0	2.96784e-05	0.0	0.0	3.59067e-05	0.0	0.000121752	0.0	0.0	0.000458527	0.00247534	0.000113665	0.0	0.000311115	9.89287e-05	1.53592e-05	0.000973162	0.000236885	0.000380367	0.000162125	0.0	0.000199188	0.0	0.00102278	1.77351e-05	0.0	0.0	0.000274842	1.00221e-05	4.98369e-05	9.67654e-05	0.0	0.000602049	0.000131861	9.95226e-05	5.15567e-05	6.81018e-06	4.15818e-05	0.0	0.000319663	0.00153118	0.0	0.00107937
PWY-7159: 3,8-divinyl-chlorophyllide a biosynthesis III (aerobic, light independent)	0.0	0.0	0.0	0.000109595	0.0	0.0	2.9883e-05	0.0	1.13729e-05	0.0	0.0	1.7121e-05	4.86297e-05	0.0	0.0	0.0	0.0	0.0	0.0	0.0	0.0	0.0	0.0	0.0	0.0	0.0	0.0	3.20592e-05	0.0	0.0	0.0	0.0	0.0	0.0	0.0	0.0	0.0	0.0	0.0	0.0	0.0	0.0	2.02932e-05	0.0	0.0	0.0	0.0	0.0	2.1758e-05	0.0	0.0	0.0	0.0	5.08042e-05	0.0	0.0	0.0	0.0	0.0	0.0	0.0	0.0	0.0	0.0	0.0	0.0	0.000286741	0.0	1.99715e-05	0.0	0.0	0.0	0.0	0.0	0.0	0.0	0.0	0.0	0.0	0.0	0.0	0.0	0.0	0.0	0.0	0.0	0.0	0.0	0.0	0.0	0.0	2.81929e-05	2.66667e-05	0.0	0.0	0.0	0.0	3.22e-05	2.79912e-05	0.0	0.0	0.0	0.0	0.0	0.0	0.0	0.0	0.0	1.08007e-05	3.27423e-05	0.0	0.0	0.0	0.0	0.0	0.0	0.0	0.0	0.0	0.0	0.0	0.0	0.0	0.0
PWY-7165: L-ascorbate biosynthesis VIII (engineered pathway)	0.0	0.0	0.0	1.46416e-05	0.0	0.0	4.35979e-05	0.0	0.0	0.0	0.0	5.74021e-06	0.0	0.0	0.0	0.0	0.0	0.0	0.0	0.0	0.0	0.0	0.000570997	0.0	0.0	0.0	0.0	0.0	0.0	0.0	0.0	0.0	0.0	0.0	0.0	0.0	0.0	0.0	0.0	0.0	0.0	0.0	0.0	0.0	0.0	0.0	0.0	0.0	0.0	0.000269479	0.0	0.0	0.0	0.0	0.0	0.0	0.0	0.0	0.0	0.0	0.0	0.0	0.0	0.0	0.0	0.0	0.0	0.0	0.0	0.000455152	0.0	0.0	0.0	0.0	0.0	0.0	0.0	0.0	0.0	0.0	0.0	0.0	0.0	0.0	0.0	0.0	0.0	0.0	0.0	0.0	0.0	0.0	0.0	0.0	0.0	0.0	0.0	3.25452e-05	0.0	0.0	0.0	0.0	0.0	0.0	0.000297984	0.0	0.0	0.0	0.0	0.0	0.0	0.0	0.0	7.85499e-05	0.0	0.0	0.0	0.0	0.0	0.0	0.0	0.0	0.0	0.0
PWY-7184: pyrimidine deoxyribonucleotides de novo biosynthesis I	0.0	5.45543e-05	8.7542e-05	0.000169037	0.000350992	0.000782487	0.0020366	0.000159001	0.000308811	0.000307019	0.0	0.00122552	0.000824264	0.000134147	0.00027029	0.000165499	0.000104766	0.00112254	0.00111192	6.89276e-06	6.74226e-05	0.000389969	0.00174625	0.000467125	0.00107125	0.00117129	0.00156812	0.00174826	0.00148436	0.00230531	0.000131736	0.000219664	0.0	0.0	4.01206e-05	0.00188692	6.96535e-05	0.0	0.00116341	0.00102345	0.000342408	0.001148	0.000102201	0.000864978	9.24894e-05	0.000365307	0.0	0.00184928	0.00106768	0.00115168	0.000599603	1.31079e-05	0.000699679	0.000390224	0.000250085	0.0	7.37044e-05	0.000405647	0.000399721	0.000141996	0.000417614	0.000586459	0.0	0.000826657	0.00035883	0.000372768	0.000359343	0.000167588	0.000244931	0.00226741	0.00463481	0.000217182	0.0	0.000399427	0.000548895	0.000537949	0.000137014	0.000920218	0.000407081	0.000540347	0.000226313	0.00043425	0.000190709	0.000396324	0.000202817	0.000225819	0.000427616	0.00161181	0.00038935	0.000751445	0.000353979	0.00185602	0.000401683	0.0	0.00306848	0.0	4.48363e-05	0.00190637	0.00010387	0.000940691	0.000403455	9.93704e-05	0.000512715	0.000725101	0.00146886	0.00144781	0.00120428	0.000752142	0.00109006	0.00134652	0.00027319	0.00013535	9.1869e-05	0.000855713	0.000386073	0.000412446	0.000616143	0.0	0.000434242	0.000135941	0.000822909	0.0021576	0.0	0.000682626
PWY-7187: pyrimidine deoxyribonucleotides de novo biosynthesis II	0.0	0.0	0.000377402	9.35608e-05	0.000108259	0.0	0.00137446	0.0	0.0	0.0	0.0	0.000846846	0.000348511	0.0	6.74731e-05	0.0	8.62997e-05	0.000794034	0.000252825	0.0	0.000149443	0.0	0.000843206	0.0	0.0	0.000679997	0.000863016	0.00113045	0.000626465	0.00131897	5.15977e-05	0.0	0.0	0.0	4.80034e-05	0.000930612	0.0	0.0	0.000576731	9.64488e-05	0.000133237	0.0	0.0	0.0	0.0	0.0	0.0	0.00100569	7.904e-05	0.00057913	0.00015016	0.0	0.0	0.0	0.0	0.0	0.0	0.0	0.0	0.0	0.000169084	4.07581e-05	0.0	0.000379103	0.000117341	0.000115371	0.000118713	0.0	0.000108409	0.00127479	0.000474507	0.0	0.0	0.0	0.0	0.000165698	0.0	0.0	0.000158131	0.000178448	0.0	0.0	0.0	7.7264e-05	0.0	4.33e-05	0.000198975	0.000245541	0.0	0.0	0.00013621	0.00116425	0.000122548	0.0	0.000144607	0.0	0.0	0.000599416	7.22533e-05	0.0	0.000192366	0.0	0.000198575	0.0	0.000750728	0.0	0.0	0.0	0.000247016	7.90034e-05	3.61922e-05	0.0	0.0	0.000642556	0.0	0.00012501	0.0	0.0	0.0	9.58211e-05	0.000253241	0.00122988	0.0	0.000439393
PWY-7196: superpathway of pyrimidine ribonucleosides salvage	0.0	0.0	0.0	0.0	0.0	0.0	0.0	0.0	2.37516e-05	0.0	0.0	0.0	0.0	0.0	0.00073359	0.000158075	0.0	0.0	0.000498315	0.0	0.0	0.000329964	0.0	0.000197059	0.0	0.0	6.42531e-05	0.0	0.0	0.000102349	0.000147067	0.0	0.000801191	0.0	0.0	0.0	0.0	0.0	6.43602e-05	0.0	0.0	0.0	0.0	0.000171818	0.0	0.0	0.0	0.0	0.0	0.0	0.0	0.0	0.000318946	0.0	0.0	0.0	0.0	0.00114562	0.0	0.0	6.1972e-05	0.0	0.0	0.0	6.99662e-05	0.0	0.000169293	0.0	0.00052226	0.0	0.000106169	0.0	0.000655154	0.0	0.0	0.0	0.0	0.0	0.0	0.0	0.0	0.000235889	0.0	5.45184e-05	0.000507283	0.0	0.000287554	0.0	0.0	7.17831e-05	0.000678276	0.000613556	0.0	0.0	0.0	0.0	0.0	0.0	0.0	0.000197735	0.0	2.18341e-05	0.0	0.0	0.0	0.0	0.0	0.00109477	0.0	0.000435565	0.0	0.0	0.0	0.000197781	0.0	0.000356054	0.0	0.00105551	0.0	0.0	0.0	2.45593e-05	0.0	0.0
PWY-7197: pyrimidine deoxyribonucleotide phosphorylation	0.00263365	0.00257011	0.00253643	0.00182191	0.00292182	0.00181437	0.00213819	0.001951	0.00441993	0.00347082	0.00366272	0.00112297	0.00172748	0.00313257	0.00218279	0.00213312	0.002195	0.000839346	0.00247139	0.000760658	0.00348495	0.00278981	0.00209318	0.00213616	0.00475703	0.00104887	0.00148947	0.0017665	0.00259685	0.00194656	0.00221477	0.00210116	0.0017044	0.00321873	0.00165951	0.00207056	0.000882849	0.00135373	0.00122912	0.00331101	0.00416468	0.00190868	0.00187078	0.000550356	0.00270844	0.00283515	0.00289803	0.00264493	0.00244093	0.00227858	0.00278516	0.00219519	0.00127527	0.0030146	0.00244337	0.00322266	0.00303901	0.00309833	0.00289042	0.00261381	0.00241571	0.00345396	0.00391898	0.00307965	0.00448188	0.00337412	0.00303225	0.003061	0.00205806	0.00236742	0.00360355	0.00250596	0.00282161	0.00336125	0.00368322	0.00280143	0.00169647	0.00199045	0.00276607	0.00465629	0.00103534	0.00247013	0.00220664	0.00234792	0.00294747	0.00123665	0.00234796	0.0028341	0.00215783	0.00228514	0.000929557	0.00132915	0.00266768	0.00387679	0.00232071	0.00254596	0.0039825	0.00281846	0.00305996	0.0015009	0.00255845	0.00343453	0.002385	0.00166224	0.00198223	0.00143601	0.00384052	0.0036787	0.00325301	0.00141476	0.00233364	0.00324676	0.0021713599999999	0.00154571	0.00397241	0.00158295	0.00188574	0.0024124	0.00439874	0.0038035	0.0038794	0.00219487	0.00385618	0.00236665
PWY-7198: pyrimidine deoxyribonucleotides de novo biosynthesis IV	6.41904e-05	0.00240103	0.000569642	0.000900561	0.000278202	0.00152178	0.000677871	0.00139739	0.00162214	0.00166077	0.00132126	0.000369683	0.000944834	0.000216698	0.0027744	0.00118065	0.000152463	0.00116801	0.00107668	0.00117062	0.00182756	0.00117078	0.000322961	0.000823699	0.00124841	0.0011894	0.000496891	0.000452471	0.000839146	0.000295691	0.00126965	0.0020459	0.00136954	0.00104205	0.00047657	9.29342e-05	0.000441714	0.00129365	0.000672517	0.000677283	0.000301954	0.00104107	0.00166438	0.000887927	0.00185436	0.00163519	0.00108234	0.000452634	0.000889811	0.000952645	0.000522999	0.00240442	0.00059173	0.00158787	0.000225699	0.000869357	0.000275879	0.00273676	0.00031531	0.00323938	0.00130601	0.00046594	0.00137805	0.000988219	0.000877372	0.00179554	0.00266274	0.000924578	0.00162986	0.000778669	0.00435845	0.0017535	0.0013786	0.0026527	0.00271254	0.000986105	0.000107931	0.00134427	0.000997941	0.000455576	0.0010088	0.00196995	0.000519818	0.000920277	0.00268463	0.000351124	0.000946597	0.00014297	0.000375931	0.000597884	0.00126407	0.00122599	0.000793452	0.000740554	0.00301402	0.000122965	0.000588369	0.00250013	0.00232835	0.00130371	0.000169318	0.00072207	0.000457663	0.000606748	0.000660996	0.00139055	0.00140186	0.000601145	0.000902647	0.00143988	0.00104535	0.00303053	0.000345953	0.00159853	0.000304404	0.00109371	0.0014171	0.00295794	0.000485341	0.000922185	0.000718234	0.000906052	0.000492332	0.000355384
PWY-7199: pyrimidine deoxyribonucleosides salvage	0.00866309	0.00851576	0.010128	0.00878865	0.00810576	0.00878002	0.00332922	0.00859149	0.00803344	0.00720794	0.0156276	0.00569906	0.00733551	0.00913096	0.00744673	0.0101255	0.0108365	0.00375618	0.00744764	0.00689996	0.00615102	0.00781657	0.0049602	0.00831671	0.00936577	0.00693635	0.00579659	0.0062532	0.00669454	0.00574917	0.00764835	0.0100067	0.0111583	0.00834899	0.0106748	0.00565659	0.0126427	0.0103231	0.0063576	0.00740438	0.00776475	0.0108212	0.00621775	0.00802695	0.00905039	0.00838697	0.00925424	0.00545639	0.00823755	0.00667488	0.00857758	0.00827429	0.00807118	0.00812092	0.0114958	0.00766594	0.00976618	0.00690442	0.00803827	0.00616195	0.00733164	0.0079606	0.00883387	0.00673869	0.00752173	0.00658663	0.00906588	0.00786004	0.00787571	0.00440417	0.00635665	0.00728649	0.00894274	0.00740248	0.00884193	0.00596803	0.0090998	0.00885003	0.00685245	0.00793845	0.00885534	0.00771396	0.00893638	0.00914561	0.00864855	0.00991899	0.00734946	0.00862031	0.00962075	0.00825349	0.00672579	0.00348471	0.00846072	0.0125754	0.00833841	0.00848502	0.00742798	0.00548503	0.00785827	0.0109128	0.00886877	0.00971917	0.00822979	0.00961179	0.00748772	0.0101989	0.0110163	0.00834492	0.00686891	0.0073015	0.00978343	0.00842461	0.00975182	0.010567	0.00924967	0.0085917	0.00947917	0.00541877	0.00791522	0.00642698	0.00797168	0.00525426	0.00823879	0.00638479
PWY-7200: superpathway of pyrimidine deoxyribonucleoside salvage	0.0	0.0	0.000182287	0.0	0.0	0.0	0.0	0.0	2.22969e-05	0.0	0.0	2.19489e-05	9.19751e-05	5.93185e-05	0.0	0.0	0.0	0.0	0.0	0.0	0.0	0.0	0.0	0.0	0.000297095	0.0	0.0	0.0	4.1258e-05	0.0	0.0	0.0	0.00016754	0.0	7.31299e-05	0.0	0.0	0.0	0.0	0.0	0.0	0.0	0.0	0.0	0.0	0.0	0.0	0.0	0.0	0.0	0.0	0.0	0.0	0.0	9.13816e-05	0.0	0.0	0.0	0.0	0.0	0.0	3.58302e-05	0.0	0.0	0.0	0.0	0.0	0.0	0.0	0.0	0.0	8.27407e-05	0.0	0.0	0.0	0.0	0.0	9.58901e-05	0.0	0.000138363	0.0	0.000149387	0.0	0.0	0.0	0.0	0.0	0.0	0.0	0.0	0.0	0.0	0.0	0.0	0.0	0.0	6.15745e-05	0.0	6.66561e-05	0.0	0.0	0.0	0.0	0.0	0.0	0.0	0.0	0.0	0.0	0.0	2.83744e-05	0.0	0.0	0.00145016	0.0	0.0	0.0	0.0	0.0	0.0	0.0	0.0	0.0	0.0
PWY-7204: pyridoxal 5'-phosphate salvage II (plants)	0.0	0.0	0.0	0.000315542	0.0	0.0	0.00174139	0.0	0.0	0.000179349	0.0	0.000739544	0.000355351	0.0	0.0	0.0	0.0	0.00105837	0.000268618	1.18415e-05	0.000129238	9.29128e-05	0.000891	0.0	0.0	0.000904801	0.00109692	0.00121646	0.000727114	0.00164392	1.28251e-05	0.0	0.0	0.0	0.0	0.0010871	0.0	0.0	0.000635994	0.00012898	0.000146075	0.0	0.000127981	0.0	0.0	0.0	0.0	0.00130879	6.6052e-05	0.00053074	0.0	4.24405e-05	0.0	3.7107e-05	0.0	0.0	3.32986e-05	0.0	0.0	0.0	0.0	0.0	0.0	0.000275597	0.0	3.40264e-05	0.00115508	0.0	4.40686e-05	0.00107563	0.000484842	0.0	5.38871e-05	0.0	0.0	0.000101659	0.0	0.0	0.000415294	0.000229636	0.0	0.0	0.0	0.0	0.0	4.31933e-05	0.0	7.61424e-05	0.0	0.0	0.000245335	0.000882946	0.000115164	0.0	0.0	0.0	0.0	0.000727014	3.97279e-05	0.000202388	0.00012848	0.0	0.000242933	0.0	0.000609553	0.000101773	0.0	0.0	0.000313108	0.0	4.0245e-05	0.0	0.0	0.000191301	0.0	0.0	0.0	0.0	6.38266e-05	0.0	0.000327066	0.00120727	0.0	0.000305899
PWY-7208: superpathway of pyrimidine nucleobases salvage	0.00491537	0.00352178	0.00441241	0.00271765	0.0040454	0.00260682	0.0029363	0.00276466	0.00564027	0.00470329	0.00503547	0.00169959	0.00243622	0.00583211	0.00304106	0.00310968	0.00327191	0.00191206	0.00495707	0.00110013	0.00561216	0.00453642	0.00291381	0.00368479	0.00615635	0.00153622	0.00220179	0.00251002	0.00385757	0.00266721	0.00326976	0.00306133	0.00245746	0.0045314	0.0026819	0.00296471	0.00130314	0.00211905	0.00198633	0.00489247	0.00551555	0.00276254	0.002618	0.000820677	0.00378991	0.0039823	0.00639005	0.00347586	0.00367055	0.00324218	0.0054987	0.00314939	0.00199895	0.00409731	0.00352814	0.00433331	0.00441071	0.00416412	0.00526807	0.00342043	0.00342557	0.00538895	0.00550774	0.00450502	0.00687882	0.00586242	0.00411816	0.00453542	0.00301259	0.00318586	0.00549125	0.00375899	0.00377024	0.00455081	0.00512583	0.00383252	0.00246994	0.00307544	0.00380778	0.00539291	0.00146659	0.00356386	0.00462927	0.00427925	0.0040501	0.00453717	0.00350302	0.00464742	0.00332201	0.00604695	0.00136976	0.00201513	0.00451466	0.00525467	0.00325642	0.0034585	0.00525395	0.00418124	0.00428426	0.00219429	0.00414321	0.00420921	0.0031541	0.00256176	0.00325181	0.00218567	0.00509572	0.00522874	0.0041574	0.00214328	0.00377293	0.00428914	0.00313872	0.002244	0.00605565	0.00234189	0.00292763	0.00328709	0.00636275	0.005451	0.00518394	0.00336972	0.00511846	0.00565652
PWY-7209: superpathway of pyrimidine ribonucleosides degradation	0.0	0.000379819	4.48636e-05	0.0	5.0292e-05	0.000313854	9.87973e-05	0.000252324	0.000235616	0.000133741	0.0	0.0	0.0	3.25707e-05	0.00023207	0.000242884	0.0	0.000128729	3.86462e-05	0.000281554	5.63362e-05	0.000149985	0.000157695	7.50378e-05	0.00013273	0.000305082	0.000255947	0.000289166	0.000116694	0.000661685	0.000251309	0.000129751	0.000313877	0.0	3.45878e-05	0.000133319	0.0	0.0	0.000279462	0.000285541	0.0	0.000595677	0.000494729	4.1779e-05	6.91374e-05	0.00030753	0.0	0.000314255	0.0	4.00669e-05	0.0	0.000301015	9.95096e-05	0.000354912	0.0	8.85887e-05	8.91325e-05	0.000434285	0.0	8.06124e-05	0.000458259	0.0	0.0	6.85119e-05	0.00011673	0.0	0.000421899	0.000111715	0.000335274	0.000248982	0.000449356	0.000574962	0.000164946	0.000679676	0.000200458	0.000352671	0.0	0.000168768	0.000363708	0.0	7.48245e-05	0.000386091	0.0	7.00176e-05	0.000414704	7.77638e-06	0.000334294	0.0	0.0	0.0	5.18734e-06	0.000488818	3.75906e-05	8.7276e-05	0.0	3.30958e-05	7.46576e-05	0.000183937	0.000549338	0.00032783	0.0	0.0	0.0	8.73374e-05	0.000129053	0.000140067	7.75496e-05	0.000107973	0.000285964	0.00013364	0.00018971	0.000457574	3.84391e-05	0.000505853	0.0	0.000192065	0.000152001	0.000910205	0.0	0.000193911	3.86161e-05	0.000100654	0.0	0.0
PWY-7210: pyrimidine deoxyribonucleotides biosynthesis from CTP	0.0	6.0424e-05	9.66631e-05	4.06847e-05	0.000382556	0.000818893	0.000546088	0.000174584	0.000339123	0.000336167	0.0	0.000468776	0.0	0.000147996	0.000295005	0.000181865	0.000115576	2.43124e-05	0.0011387	7.6484e-06	0.0	0.000422319	7.75345e-05	0.000501102	0.00114958	0.000100283	0.000627948	4.7598e-05	3.4267e-05	0.000171983	0.000144878	0.000240432	0.0	0.0	4.44003e-05	0.0	7.65222e-05	0.0	0.0	0.000672082	8.69589e-05	0.00118207	0.000112674	0.000931088	0.000102266	0.000397397	0.0	0.000259838	0.00109715	0.00116125	0.0	0.0	0.000709279	0.00042496	0.000273769	0.0	8.15548e-05	0.000442377	0.000433221	0.000156516	0.000450697	0.000632229	0.0	0.000879254	0.000272793	0.0	0.000392752	0.000184361	0.000267129	0.000986131	0.004299	0.00023742	0.0	0.000435132	0.000596488	0.000117672	0.000150381	0.000949674	3.3529e-05	0.000476793	0.0	0.000469036	0.0	0.000427969	0.000222999	0.000241878	0.000459662	0.0	0.000420053	0.000786285	0.0	0.00130412	0.0	0.0	0.00326942	0.0	4.9725e-05	0.00144454	3.66829e-05	0.000178266	0.0	0.000109899	0.000156943	0.000754276	0.000167122	0.00139794	0.00128622	0.000806203	0.0	0.00128458	0.000296773	0.0	0.0	0.0	0.000421696	0.00044161	0.000649015	0.0	0.0	0.000150172	8.46277e-05	0.000143859	0.0	8.98759e-05
PWY-7211: superpathway of pyrimidine deoxyribonucleotides de novo biosynthesis	0.0	0.000102051	0.000166245	0.000313635	0.000629291	0.000306883	0.00085955	0.000297637	0.000546741	0.000390651	0.0	0.00129647	0.00127456	0.000242582	0.000488844	0.000300792	0.000162111	0.00153129	0.00141868	1.37037e-05	0.000126095	0.000666169	0.00182371	0.000673689	0.000993206	0.000175598	0.00107413	0.000668109	0.0013742	0.000507925	0.000253275	0.000337582	0.0	0.0	5.44423e-05	7.43661e-05	0.00013455	0.0	0.000820175	0.00140849	0.000539197	0.00058794	0.000183845	0.000821389	0.000176504	0.000542292	0.0	0.00183801	0.00156489	0.00140284	0.000989098	2.59858e-05	0.00105536	0.000679636	0.000364775	0.0	0.000141798	0.000697325	0.000687828	0.000265242	0.00065556	0.000997463	0.0	0.0013074	0.000616336	0.000598205	0.000470416	0.000307231	0.000431416	0.00145268	0.0027696	0.000392087	0.0	0.00071932	0.000618327	0.000868447	0.000256407	0.00130805	0.00066992	0.000809726	0.000403494	0.000715424	0.000324341	0.000634757	0.000362659	0.00039324	0.000759219	0.00133426	0.000640385	0.00114773	0.000619955	0.00183178	0.000680924	0.0	0.00131073	0.0	8.7404e-05	0.00178045	0.000196629	0.000984222	0.000636831	0.000190061	0.000821796	0.00105373	0.000564119	0.000869527	0.00151738	0.00127096	0.0012557	0.00150052	0.000417738	0.000248709	0.000175152	0.000536143	0.0	0.000642294	0.000710054	0.0	0.000706729	0.00024296	0.000588315	0.000375087	0.0	0.000156401
PWY-7220: adenosine deoxyribonucleotides de novo biosynthesis II	0.00468247	0.00286645	0.00315762	0.00230472	0.00352667	0.00197118	0.00326229	0.00218273	0.0053879	0.00452466	0.00381872	0.00135653	0.00200691	0.00447345	0.00250393	0.00245132	0.00243325	0.00104352	0.00748879	0.000850695	0.00568246	0.00443092	0.00255973	0.00286264	0.00581865	0.00123563	0.00187004	0.00214477	0.00372478	0.00237275	0.00274725	0.00228135	0.00183431	0.00377371	0.00195797	0.00300644	0.000959105	0.00154143	0.00158553	0.00419186	0.00614823	0.00202664	0.0021035	0.000614802	0.00292845	0.00336264	0.00493944	0.00315411	0.00304836	0.00279362	0.00538708	0.00261811	0.00157219	0.00348561	0.00260761	0.00365817	0.00363827	0.00342635	0.00550434	0.00299862	0.00299386	0.00547441	0.00509023	0.00393696	0.00577656	0.00563084	0.00348612	0.00437804	0.00238782	0.00342771	0.00512171	0.00311468	0.00364521	0.00418658	0.00385469	0.00328018	0.00193491	0.00234638	0.00335481	0.0057894	0.0011863	0.00291773	0.00366306	0.00313913	0.00344094	0.00375438	0.00286451	0.00348702	0.00254634	0.00658965	0.00108118	0.00172642	0.00560996	0.00420257	0.00266419	0.00306718	0.0046539	0.00420272	0.00346794	0.00166441	0.00312056	0.00398109	0.00319019	0.00190624	0.00264139	0.00147945	0.00414433	0.00528036	0.00369243	0.00171783	0.00480709	0.00362299	0.00248926	0.00167526	0.00575378	0.00173866	0.00222583	0.00269775	0.00621755	0.00532388	0.00667807	0.00633338	0.00498636	0.0061884
PWY-7221: guanosine ribonucleotides de novo biosynthesis	0.0110968	0.0124397	0.0152835	0.0103353	0.0103695	0.0152807	0.00512758	0.0124121	0.0109038	0.0103692	0.0161995	0.00856202	0.0108717	0.0164345	0.010563	0.0136114	0.0172395	0.00768033	0.00900439	0.0114169	0.0111325	0.010187	0.00684065	0.0153009	0.0122201	0.0107987	0.00881194	0.007455	0.00798227	0.00656987	0.0106754	0.0150783	0.0127852	0.0121115	0.0206316	0.00667348	0.0160177	0.0221838	0.0142926	0.0111503	0.0106045	0.0147098	0.0115658	0.0140394	0.0127809	0.0106318	0.0162057	0.00769374	0.0104372	0.0088711	0.0105707	0.0106502	0.0102796	0.0105332	0.0134047	0.0116418	0.0122819	0.0107466	0.0110287	0.0126397	0.00995038	0.0105083	0.0105847	0.00986488	0.0101816	0.0105768	0.012058	0.0106818	0.0108746	0.00527198	0.00959095	0.0104304	0.0102887	0.00998405	0.0118541	0.0109237	0.0143445	0.0162336	0.0108547	0.0103399	0.0127609	0.0113791	0.0155324	0.0186808	0.0112768	0.0152549	0.0103749	0.0143066	0.0156823	0.0103403	0.0117516	0.00483781	0.00974254	0.0153693	0.0128103	0.0135113	0.011404	0.00779637	0.0114028	0.0144731	0.014877	0.0123326	0.0101502	0.0172865	0.0132303	0.0202775	0.0148158	0.0114108	0.0111819	0.00956876	0.0109257	0.0122876	0.0154114	0.0160823	0.0144058	0.0153714	0.0171399	0.0114278	0.0102515	0.0107282	0.00966758	0.00799479	0.0109768	0.0107388
PWY-7222: guanosine deoxyribonucleotides de novo biosynthesis II	0.00468247	0.00286645	0.00315762	0.00230472	0.00352667	0.00197118	0.00326229	0.00218273	0.0053879	0.00452466	0.00381872	0.00135653	0.00200691	0.00447345	0.00250393	0.00245132	0.00243325	0.00104352	0.00748879	0.000850695	0.00568246	0.00443092	0.00255973	0.00286264	0.00581865	0.00123563	0.00187004	0.00214477	0.00372478	0.00237275	0.00274725	0.00228135	0.00183431	0.00377371	0.00195797	0.00300644	0.000959105	0.00154143	0.00158553	0.00419186	0.00614823	0.00202664	0.0021035	0.000614802	0.00292845	0.00336264	0.00493944	0.00315411	0.00304836	0.00279362	0.00538708	0.00261811	0.00157219	0.00348561	0.00260761	0.00365817	0.00363827	0.00342635	0.00550434	0.00299862	0.00299386	0.00547441	0.00509023	0.00393696	0.00577656	0.00563084	0.00348612	0.00437804	0.00238782	0.00342771	0.00512171	0.00311468	0.00364521	0.00418658	0.00385469	0.00328018	0.00193491	0.00234638	0.00335481	0.0057894	0.0011863	0.00291773	0.00366306	0.00313913	0.00344094	0.00375438	0.00286451	0.00348702	0.00254634	0.00658965	0.00108118	0.00172642	0.00560996	0.00420257	0.00266419	0.00306718	0.0046539	0.00420272	0.00346794	0.00166441	0.00312056	0.00398109	0.00319019	0.00190624	0.00264139	0.00147945	0.00414433	0.00528036	0.00369243	0.00171783	0.00480709	0.00362299	0.00248926	0.00167526	0.00575378	0.00173866	0.00222583	0.00269775	0.00621755	0.00532388	0.00667807	0.00633338	0.00498636	0.0061884
PWY-7228: superpathway of guanosine nucleotides de novo biosynthesis I	0.00664806	0.00467874	0.0052502	0.00381232	0.00530286	0.00350425	0.00410739	0.00372974	0.0073028	0.00636312	0.00624651	0.00234457	0.00340465	0.00714734	0.00407585	0.00419869	0.00428477	0.00184378	0.00836049	0.00158784	0.00761602	0.00625252	0.00375123	0.0048953	0.00795209	0.00222521	0.00311547	0.00335294	0.00511647	0.0035283	0.00438446	0.0039888	0.00322973	0.0057683	0.00359799	0.00418895	0.00181718	0.00289628	0.00287223	0.00613401	0.00786223	0.00357375	0.00357984	0.00117858	0.00479456	0.00515497	0.0076832	0.00454087	0.00474933	0.00428902	0.00724155	0.00423014	0.00273691	0.00528244	0.00439832	0.0056015	0.00566353	0.00522554	0.00741766	0.00485627	0.00463105	0.00725613	0.00695843	0.00567482	0.00747661	0.00746755	0.0054688	0.00630435	0.00394558	0.00427768	0.00674109	0.00482622	0.0054334	0.00598396	0.00588269	0.00505943	0.00343818	0.00412659	0.00515738	0.00749239	0.00217979	0.00467611	0.00595478	0.00541761	0.00531364	0.00608296	0.00450347	0.00567901	0.00440596	0.00823448	0.00198485	0.0026121	0.00728985	0.00669866	0.0044314	0.00507868	0.00665736	0.00552916	0.00535231	0.00299558	0.00520478	0.00608036	0.00488862	0.00344955	0.00444046	0.00276844	0.0065629	0.00736316	0.00558263	0.00293578	0.00673335	0.00563957	0.00434367	0.00306011	0.00829541	0.00313078	0.003957	0.00438324	0.00784914	0.00722105	0.00801563	0.00738617	0.00691989	0.00796208
PWY-7229: superpathway of adenosine nucleotides de novo biosynthesis I	0.00886777	0.00735237	0.00737221	0.00589514	0.00787901	0.00582498	0.00474293	0.00594665	0.00959267	0.00815961	0.00971972	0.00380712	0.00540634	0.0086227	0.00642318	0.00658143	0.00635649	0.00307822	0.00882597	0.00280824	0.0090364	0.0084817	0.00543752	0.006885	0.0101423	0.00361159	0.00467268	0.00519667	0.00719915	0.00509932	0.00671968	0.00610213	0.00536786	0.00841059	0.00530962	0.00592866	0.00328728	0.00453429	0.00429893	0.00843972	0.00996138	0.00579635	0.00562009	0.00218023	0.00743757	0.00766183	0.00993781	0.00640802	0.0069587	0.00627075	0.00965134	0.00638487	0.00458539	0.00761317	0.00703321	0.00810201	0.00829205	0.00760955	0.0096856	0.00661746	0.00687523	0.00932211	0.00902636	0.00745447	0.00973953	0.00906132	0.00794169	0.00847283	0.00619394	0.00562868	0.00839709	0.00724229	0.0077872	0.00821733	0.00868752	0.00705262	0.00562082	0.00586288	0.0076274	0.00965666	0.0039102	0.00707249	0.00791402	0.00669939	0.00799085	0.00732896	0.00654275	0.00702148	0.00641305	0.00962751	0.00346764	0.00388797	0.00876189	0.010155	0.00694822	0.00712799	0.00911994	0.0073758	0.00795145	0.00507724	0.00672906	0.00882447	0.00699733	0.00528523	0.00579549	0.00421306	0.0100723	0.00891333	0.00774267	0.00468826	0.00883701	0.00818195	0.00699796	0.00492745	0.00954872	0.00481269	0.00583928	0.00646681	0.0100107	0.00883607	0.00918559	0.00721155	0.00976112	0.00925421
PWY-7234: inosine-5'-phosphate biosynthesis III	0.00179006	0.0059446	0.0013449	0.00119434	0.00235318	0.00522607	0.00255531	0.00451215	0.00401306	0.00452075	0.00343707	0.00269049	0.00434424	0.00171423	0.004968	0.00166392	0.000842647	0.00238982	0.00112448	0.00567854	0.00146996	0.00324319	0.00372055	0.00167736	0.00317307	0.00220494	0.00276799	0.00381355	0.00241794	0.00285184	0.00265821	0.00320152	0.00352056	0.0033857	0.00194377	0.00248247	0.000988257	0.0026772	0.00232542	0.00255933	0.00156586	0.00293698	0.00476881	0.00284363	0.00276531	0.00376547	0.00117215	0.00286265	0.00205981	0.00191348	0.0024518	0.00335948	0.00267284	0.00501007	0.00435608	0.00574321	0.00465839	0.00497058	0.00244832	0.00443978	0.00380799	0.00305488	0.00495034	0.00392145	0.00176294	0.00187362	0.00392276	0.00223908	0.00413448	0.00361713	0.00498784	0.00264231	0.00387219	0.0036832	0.00311857	0.0026595	0.00238937	0.00283517	0.00391411	0.00547097	0.00739809	0.00365789	0.00118537	0.00117413	0.0040975	0.000535612	0.00313573	0.00186342	0.00174932	0.00151954	0.00139739	0.00307339	0.00259015	0.00428263	0.00483743	0.00178955	0.00230824	0.00168121	0.00395712	0.00126075	0.00195873	0.00568456	0.00245828	0.00183103	0.00272555	0.00290688	0.0066203	0.00418211	0.00402335	0.0034021	0.00182872	0.00513864	0.00197818	0.00421504	0.00394254	0.00356948	0.00245605	0.00519059	0.00245376	0.00252413	0.00438408	0.00335085	0.00344366	0.00220257
PWY-7237: myo-, chiro- and scyllo-inositol degradation	0.00412761	0.00367854	0.00722927	0.00662566	0.0040602	0.00199779	0.00177156	0.00280689	0.00339294	0.00460548	0.00208576	0.00466488	0.00167476	0.00801099	0.00414212	0.00465784	0.00673298	0.00248808	0.0121308	0.00583169	0.00497399	0.00352267	0.00204213	0.00609555	0.00586096	0.00472975	0.00324718	0.00394411	0.00257278	0.00185176	0.00501316	0.00570223	0.00344976	0.00366643	0.0083484	0.00265112	0.00512532	0.0092184	0.00535838	0.0031892	0.00310571	0.00452551	0.00339595	0.00492349	0.00250831	0.0038381	0.00635786	0.00207433	0.00339558	0.00317773	0.00438651	0.00515488	0.00556819	0.00473086	0.00439318	0.00374153	0.0036504	0.00342184	0.00424757	0.00401119	0.003257	0.00328774	0.00433839	0.00422395	0.00475116	0.0116272	0.00468755	0.0060114	0.002958	0.0043782	0.00264914	0.00574147	0.00339738	0.00330185	0.00413503	0.00427809	0.00356709	0.00641292	0.00400643	0.00261949	0.00350468	0.0035208	0.00592587	0.0068921	0.00307099	0.00510333	0.00427392	0.00718541	0.00727162	0.0072306	0.00259889	0.00243671	0.00628504	0.00209497	0.00232117	0.00448976	0.00315783	0.000983196	0.00273054	0.00280976	0.00695042	0.00432226	0.00769416	0.00779182	0.00541689	0.00797622	0.00182896	0.00307177	0.00321578	0.00555079	0.00523856	0.00192188	0.00323956	0.00501995	0.00535312	0.00583611	0.00657297	0.00265413	0.00336389	0.00446674	0.00390466	0.00187982	0.00360515	0.00364664
PWY-7238: sucrose biosynthesis II	0.00809941	0.0150193	0.00837239	0.0116611	0.0141953	0.014933	0.00558408	0.0110184	0.010048	0.0082616	0.0141185	0.00776082	0.00816	0.0106957	0.0138643	0.0125071	0.0111138	0.0113672	0.00572246	0.0137539	0.00396823	0.0109526	0.00869261	0.0125905	0.0127264	0.00775297	0.00844713	0.00855689	0.00800637	0.00907101	0.0141223	0.0128555	0.0157323	0.0147773	0.00876223	0.00870019	0.0225537	0.0084745	0.00840997	0.0107023	0.00817574	0.011593	0.00864204	0.0211707	0.0142684	0.0140139	0.00617348	0.00982784	0.0132807	0.012132	0.0124449	0.0145868	0.0172799	0.0115032	0.0153746	0.0100998	0.0129558	0.0135981	0.00989797	0.0118984	0.0142398	0.0102699	0.0111595	0.00773482	0.0133152	0.0116204	0.0104873	0.0101688	0.0140272	0.00441219	0.00491875	0.0155447	0.0124309	0.0143775	0.0164736	0.012225	0.0147449	0.0114624	0.0113836	0.00879117	0.0112751	0.0137152	0.0103569	0.00980405	0.0164097	0.0100013	0.0119458	0.0100603	0.0126808	0.00905274	0.011064	0.00807004	0.00766739	0.0178984	0.010689	0.0102616	0.0119877	0.00743421	0.0125996	0.0144341	0.0103143	0.0128564	0.0104563	0.0108762	0.00678663	0.00661403	0.014408	0.00951508	0.0107019	0.0119185	0.00931095	0.0107359	0.0183053	0.0131699	0.00816245	0.0117224	0.0115744	0.0112808	0.0113197	0.0104571	0.0065869	0.00406353	0.0139885	0.00498779
PWY-7242: D-fructuronate degradation	0.00146702	0.00235607	0.000708287	0.000675253	0.00257395	0.00185754	0.00182904	0.00110322	0.000846341	0.00135372	0.000490288	0.00152262	0.00117707	0.000817797	0.00176707	0.00168437	0.00161637	0.00158501	0.00103037	0.000826426	0.000673296	0.00129353	0.00109246	0.00334219	0.00128761	0.0023846	0.00176296	0.00155432	0.00155367	0.00179879	0.00314939	0.00175695	0.000576554	0.00254706	0.0011921	0.00127133	0.00267592	0.00100857	0.00204334	0.000707842	0.00191376	0.00109786	0.000816244	0.00273802	0.00120402	0.00190115	0.00091968	0.00173808	0.00191719	0.00191355	0.00181192	0.00193547	0.00287574	0.00084672	0.00109509	0.000960956	0.000945209	0.0010674	0.000736426	0.00111886	0.0023579	0.00100926	0.000751685	0.0012083	0.0019846	0.000589155	0.00139356	0.000982737	0.00133165	0.00131778	0.000768305	0.00164712	0.0015144	0.00171723	0.00178985	0.00218642	0.00216653	0.00136316	0.00189447	0.000936851	0.00305063	0.00118745	0.000721872	0.000839655	0.0017669	0.00149755	0.00147685	0.00148252	0.000991153	0.000519022	0.000792088	0.00134014	0.000747648	0.00137248	0.00116723	0.00130171	0.000662194	0.00161572	0.00170661	0.000888209	0.00163235	0.000671402	0.00176619	0.00118843	0.00117721	0.000979476	0.00106675	0.000651908	0.00172133	0.00080496	0.00245065	0.000590579	0.00223874	0.000706732	0.00129127	0.00150979	0.000928098	0.000257815	0.0010786	0.00111371	0.000943412	0.00156509	0.00211745	0.00114956
PWY-7245: superpathway of NAD/NADP - NADH/NADPH interconversion (yeast)	0.0	0.0	0.0	1.55508e-05	0.0	0.0	0.0	0.0	0.0	0.0	0.0	0.0	0.0	0.0	0.0	0.0	0.0	0.0	0.0	0.0	0.0	0.0	0.0	0.0	0.0	0.0	0.0	0.0	0.0	0.0	0.0	0.0	0.0	0.0	0.0	0.0	0.0	0.0	0.0	0.0	0.0	0.0	0.0	0.0	0.0	0.0	0.0	0.0	0.0	0.000127902	0.0	0.0	0.0	0.0	0.0	0.0	0.0	0.0	0.0	0.0	0.0	0.0	0.0	0.0	0.0	0.0	0.0	0.0	0.0	0.0	0.0	0.0	0.0	0.0	0.0	0.0	0.0	0.0	0.0	0.0	0.0	0.0	0.0	0.0	0.0	0.0	0.0	0.0	0.0	0.0	0.0	0.0	0.0	0.0	0.0	0.0	0.0	0.0	0.0	0.0	0.0	0.0	0.0	0.0	4.40297e-05	0.0	0.0	0.0	0.0	0.0	0.0	0.0	0.0	0.0	0.0	0.0	0.0	0.0	0.0	0.0	0.0	0.0	0.0	0.00018379
PWY-724: superpathway of L-lysine, L-threonine and L-methionine biosynthesis II	0.0077923	0.00830564	0.00578286	0.00802191	0.00822238	0.00827254	0.00459177	0.00772903	0.00805334	0.00728047	0.00818377	0.00544476	0.00722649	0.00670573	0.00823201	0.00765899	0.00672476	0.00625876	0.00646004	0.00842977	0.00800731	0.00813669	0.00577277	0.00724938	0.00808689	0.00495753	0.00564744	0.00568114	0.00667545	0.00474483	0.00809667	0.00837519	0.00907882	0.00819996	0.00688937	0.00601551	0.00825988	0.00593042	0.00557722	0.00735621	0.00751123	0.00619267	0.00697597	0.00821723	0.00861074	0.00803032	0.00600692	0.00562631	0.00838242	0.00644485	0.00752653	0.00860326	0.00842633	0.00797211	0.00787747	0.00728628	0.00849124	0.0081252	0.0086858	0.00844671	0.00793748	0.00795613	0.00762534	0.0066376	0.00712542	0.00747159	0.0079885	0.00819478	0.00801692	0.0050986	0.00640511	0.00835267	0.00856253	0.00797898	0.00856651	0.00752723	0.00893467	0.00742748	0.00716409	0.00677315	0.00908614	0.0083959	0.00693829	0.00648036	0.00854939	0.00674472	0.00812224	0.00690946	0.006655	0.00786488	0.00753773	0.00463301	0.00770652	0.00808741	0.00764925	0.00830985	0.0077506	0.00711184	0.00810495	0.00876746	0.0068118	0.00849539	0.0072756	0.00616188	0.00532415	0.00616114	0.0069663	0.00758582	0.00708324	0.00712903	0.00740992	0.0078499	0.00901192	0.00605943	0.00764565	0.00693507	0.00767196	0.00799431	0.0077007	0.00747328	0.00672711	0.00528055	0.0079057	0.00614712
PWY-7254: TCA cycle VII (acetate-producers)	0.0	0.0	0.000282263	0.000208954	0.0	0.0	0.000147054	0.0	2.05712e-05	0.000326304	0.000152253	0.000799936	0.00104608	0.0	0.000242815	0.0	0.0	0.0	0.0	0.0	0.0002234	0.000430689	0.00231832	0.0	0.0	9.98704e-05	0.000964969	0.000445997	0.00109092	0.000454485	3.99074e-05	0.0	0.0	0.0	0.0	0.000828485	0.0	0.0	0.000147243	0.00026596	0.000429351	0.0	1.63628e-05	5.78171e-05	4.69304e-05	0.0	0.000241967	0.00199065	0.000217695	0.000553574	0.0	8.73376e-05	0.0	9.90998e-05	5.194e-05	0.0	0.0	7.62911e-05	8.96064e-05	0.000116217	7.91767e-05	0.0	0.0	0.000419936	0.0004855	0.000181276	0.000379522	0.0	0.000243774	0.000303625	0.000354033	0.0	0.00021369	0.0	4.08339e-05	0.000224799	0.0	0.0	0.000442996	0.000387464	0.0	0.0	6.54637e-05	0.0	7.49127e-05	6.52415e-05	9.30495e-05	0.000251978	0.0	0.0	0.00012483	4.58415e-05	4.73678e-05	0.0	0.000360969	0.000231943	1.77872e-05	0.000406958	0.000332242	0.000639933	0.000211198	0.0	0.0	0.0	0.000181366	0.0	0.0	0.0	0.000476795	0.000121431	0.000110591	0.000282892	0.0	0.000620032	0.000316108	0.000263913	0.0	3.47358e-05	0.000145896	0.00041895	0.000161734	0.000180627	0.0	0.00039561
PWY-7268: cytosolic NADPH production (yeast)	0.0	0.0	0.0	5.2829e-05	0.0	0.0	0.0	0.0	0.0	0.0	0.0	0.0	0.0	0.0	0.0	0.0	0.0	0.0	0.0	0.0	0.0	0.0	0.0	0.0	0.0	0.0	0.0	0.0	0.0	0.0	0.0	0.0	0.0	0.0	0.0	0.0	0.0	0.0	0.0	0.0	0.0	0.0	0.0	0.0	0.0	0.0	0.0	0.0	0.0	0.000136175	0.0	0.0	0.0	0.0	0.0	0.0	0.0	0.0	0.0	0.0	0.0	0.0	0.0	0.0	0.0	0.0	0.0	0.0	0.0	0.0	0.0	0.0	0.0	0.0	0.0	0.0	0.0	0.0	0.0	0.0	0.0	0.0	0.0	0.0	0.0	0.0	0.0	0.0	0.0	0.0	0.0	0.0	0.0	0.0	0.0	0.0	0.0	0.0	0.0	0.0	0.0	0.0	2.5357e-05	0.0	3.45359e-05	0.0	0.0	0.0	0.0	0.0	0.0	0.0	0.0	0.0	0.0	0.0	0.0	0.0	0.0	0.0	0.0	0.0	0.0	0.000203594
PWY-7269: mitochondrial NADPH production (yeast)	0.0	0.0	0.0	3.53037e-05	0.0	0.0	0.00123413	0.0	0.0	3.65512e-05	0.0	4.37968e-05	0.0	0.0	5.36207e-05	0.0	0.0	0.000110181	0.00014749	0.0	3.51145e-05	1.10582e-05	0.000403737	0.0	0.0	0.0	0.0	0.000258723	0.0	0.000456925	0.0	0.0	0.0	0.0	0.0	0.000252952	0.0	0.0	0.000188695	5.39722e-06	0.0	0.0	0.0	0.0	0.0	0.0	0.0	0.000388982	1.10557e-05	0.000213372	0.0	0.0	0.0	0.0	0.0	0.0	0.0	0.0	0.0	0.0	5.42718e-05	0.0	0.0	0.0	0.000151804	0.0	0.0	0.0	1.10252e-05	0.000720058	4.1212e-05	0.0	0.0	0.0	0.0	0.0	0.0	0.0	0.0	4.07363e-05	0.0	0.0	0.0	0.0	0.0	0.0	0.0	4.05373e-05	0.0	0.0	3.00444e-05	0.000357072	5.47696e-06	0.0	0.0	0.0	0.0	0.000339341	1.12783e-05	8.07552e-05	2.76578e-05	0.0	1.69346e-05	0.0	0.000490294	3.09213e-06	0.0	0.0	0.0	1.8794e-05	0.0	0.0	0.0	0.000207602	0.000189473	0.0	0.0	0.0	0.0	0.0	3.48243e-05	0.000527066	0.0	0.000280164
PWY-7279: aerobic respiration II (cytochrome c) (yeast)	0.0	0.0	0.0	0.0	0.0	0.0	7.68697e-06	0.0	0.0	0.0	0.0	0.0	0.0	0.0	0.0	0.0	0.0	0.0	0.0	0.0	0.0	0.0	0.0	0.0	0.0	0.0	0.0	0.0	0.0	0.0	0.0	0.0	0.0	0.0	0.0	0.0	0.0	0.0	0.0	0.0	0.0	0.0	0.0	4.33444e-05	0.0	0.0	0.0	0.0	0.0	0.0	0.0	0.0	0.0	0.0	0.0	0.0	0.0	0.0	0.0	0.0	0.0	0.0	0.0	9.17177e-06	0.0	0.0	0.0	0.0	0.0	0.0	0.0	0.0	0.0	0.0	0.0	0.0	0.0	0.0	0.0	0.0	0.0	0.0	0.0	0.0	0.0	0.0	0.0	0.0	0.0	0.0	0.0	0.0	0.0	0.0	0.0	0.0	0.0	0.0	0.0	0.0	0.0	0.0	0.0	0.0	0.0	0.0	0.0	4.36312e-05	0.0	5.15917e-05	0.0	0.0	0.0	0.0	0.0	0.0	0.0	0.0	0.0	0.0	0.0	0.0	0.0	0.0
PWY-7282: 4-amino-2-methyl-5-diphosphomethylpyrimidine biosynthesis II	0.00384373	0.00346538	0.00216667	0.00658872	0.00401639	0.00280864	0.00277734	0.00350623	0.00452827	0.00396589	0.00326439	0.00294936	0.0028284	0.0026024	0.00517983	0.00442794	0.00191542	0.00298362	0.00399792	0.00640638	0.0011734	0.00463613	0.00375364	0.00284335	0.00422585	0.0036223	0.00374704	0.00309728	0.00307464	0.0029441	0.00393522	0.00347091	0.00346827	0.00371204	0.00295474	0.00388764	0.00145253	0.00206908	0.00234999	0.00303914	0.00466882	0.00339094	0.00481281	0.000319299	0.00386042	0.00501191	0.00183432	0.00380801	0.00496226	0.00351867	0.00318517	0.00553669	0.00449931	0.004204	0.00342241	0.00432451	0.00245463	0.00329289	0.00384132	0.0045101	0.00457085	0.0041576	0.0043649	0.00362886	0.00220475	0.00348478	0.00292893	0.00629296	0.0046984	0.00420075	0.00406802	0.00310881	0.0054735	0.00413594	0.00325308	0.00412528	0.00374821	0.00300028	0.0028394	0.00298182	0.00322837	0.00556647	0.00261026	0.00275123	0.00390683	0.00568047	0.00465513	0.00197897	0.00333858	0.0049198	0.0021603	0.00221227	0.00587623	0.00403197	0.00237653	0.00542854	0.00383747	0.00221814	0.00402658	0.0029739	0.00199451	0.0051826	0.0059722	0.00365471	0.00301394	0.00242313	0.00296018	0.00316478	0.00385899	0.00630317	0.00557128	0.00263124	0.00468646	0.00206043	0.00472533	0.00271479	0.00297643	0.00216829	0.00286944	0.0037726	0.00415443	0.00243796	0.00521315	0.00344728
PWY-7286: 7-(3-amino-3-carboxypropyl)-wyosine biosynthesis	0.0	0.000248664	0.0	0.0	0.0	0.0	0.0	0.0	0.0	0.0	0.000207606	1.63939e-05	9.33746e-06	0.0	0.0	0.0	0.0	0.0	0.0	0.0	0.0	0.0	0.0	0.0	0.0	0.0	0.0	0.0	0.0	2.09914e-05	0.0	3.46895e-05	8.17139e-05	0.0	0.0	0.0	0.000109348	0.0	0.0	0.0	0.0	0.0	0.0	0.0	0.000200765	0.0	0.0	0.0	0.0	5.74021e-05	0.0	0.0	0.0	0.0	0.0	0.0	0.0	0.0	0.0	0.0	0.0	1.57943e-05	0.0	0.0	0.0	0.0	7.61319e-05	3.8659e-05	0.0	0.0	0.0	0.0	0.0	0.0	1.89176e-05	0.0	0.0	0.0	0.0	0.0	0.0	0.0	0.0	0.0	0.0	0.0	0.0	0.0	0.0	0.0	0.0	0.0	0.0	0.0	7.68779e-05	0.0	0.0	0.0	0.000221016	0.000143298	0.0	2.2428e-05	0.0	0.0	0.0	0.0	6.29176e-06	0.0	0.0	0.0	0.0	0.0	2.46908e-05	2.07551e-05	0.0	0.0	0.0	0.0	0.0	0.0	0.0	0.0	0.0	0.0
PWY-7294: D-xylose degradation IV	0.0	0.0	2.82557e-05	0.0	0.0	0.0	0.0	0.0	0.0	0.0	0.0	0.000141814	0.0	0.0	0.0	0.0	0.0	0.000270011	0.0	0.0	0.0	5.39786e-05	0.0	0.0	0.0	0.0	0.0	0.0	0.0	0.0	1.22217e-05	0.0	0.0	0.0	0.0	0.0	0.0	0.0	0.000524847	3.46868e-05	0.0	0.0	0.0	0.0	0.0	0.0	0.0	0.0	0.0	3.4042e-05	0.0	2.47272e-05	0.0	0.0	0.0	0.0	0.0	0.0	0.0	0.0	2.42481e-05	0.0	0.0	0.000191909	0.0	6.78494e-05	4.31363e-05	0.0	6.34186e-05	0.0	3.27797e-05	0.0	0.0	0.0	0.0	0.0	0.0	0.0	7.23568e-05	4.09977e-05	0.0	0.0	0.0	0.0	0.0	0.0	0.0	0.0	0.0	0.0	0.0	0.0	0.0	0.0	0.0	0.0	0.0	8.00884e-05	4.91496e-05	0.0	0.0	0.0	0.0	0.0	8.55046e-05	0.0	0.0	0.0	3.93579e-05	0.0	2.09817e-05	0.0	0.0	0.0	0.0	3.61568e-05	0.0	0.0	7.0308e-05	0.0	0.0	0.0	0.0	0.0
PWY-7312: dTDP-&beta;-D-fucofuranose biosynthesis	0.00170384	0.0	0.0	0.0	0.000540181	0.0	3.01641e-05	0.0	0.00264123	0.0	0.0	2.42055e-05	0.000367439	0.000138675	0.00149723	0.0	0.0	0.0	0.0	0.0	0.0	0.000837665	0.0	0.000188921	0.000452488	0.000134721	0.000157116	0.0	0.00203452	0.0	0.000795759	0.0	0.0	0.0	2.1028e-05	4.75917e-05	0.0	0.000507028	8.12883e-05	6.37147e-05	0.0	0.0	0.0	0.0	0.0	0.0	0.000558107	0.000663308	0.00102051	0.000213855	0.0	0.0	0.0	0.0	0.000117931	0.0	0.000231501	6.60078e-05	0.0	0.0	0.000538857	0.0	0.0	0.0	0.0	0.0	0.0	0.0	0.000866964	0.0	0.0	0.000565561	0.000394435	0.0	4.20217e-05	7.76027e-05	0.000270817	0.0	0.0	0.000133555	0.00326754	0.0	0.0	0.0	0.000353242	0.00266278	0.000617667	0.000146871	3.65033e-05	0.0	0.0	0.0	0.0	0.000315095	0.000141383	0.000649412	0.000184775	0.000229373	0.0	0.0	0.00017201	3.96585e-05	0.00125437	0.0	0.000110705	3.87173e-05	0.0	0.000739533	0.000455077	0.0	0.00529143	0.0	2.99794e-05	2.02455e-05	0.000447189	0.0	0.000212548	0.0	2.76377e-05	0.000204915	0.0	0.0	0.0	0.000101136
PWY-7315: dTDP-N-acetylthomosamine biosynthesis	0.0	0.0	0.000116564	0.00424425	0.0	0.0	0.00181785	0.0	8.38544e-06	0.000147419	0.0	0.000927619	0.000378775	0.00154725	0.00148266	4.93958e-05	0.000111101	0.000723061	0.000882367	1.00382e-05	0.000241	0.000103152	0.00107042	0.000293894	0.0	0.00096479	0.000929431	0.00131932	0.000488985	0.00149421	0.00036077	0.000207142	0.000983894	0.0	0.000498281	0.000738285	0.0	0.0	0.00108759	5.35457e-05	0.0017371	0.000376614	0.000302087	6.15814e-05	0.000647501	9.21644e-05	0.0	0.000980698	4.02916e-05	0.000717998	0.000118078	0.000405673	0.000415958	0.000102228	7.31295e-05	0.000727876	0.00175647	0.00037164	0.0001101	0.00021451	0.000288301	0.00118272	8.34794e-05	0.000217925	0.000329473	0.00122924	0.00162345	0.000707103	0.000137445	0.00304989	0.000380653	0.00253926	5.68681e-05	0.0	0.000890418	0.000687923	0.00129612	0.00017019	0.000269761	0.000210698	0.0	2.51183e-05	0.0	0.000240351	2.97802e-05	0.000631943	0.00069339	0.000996132	6.69617e-05	0.0	0.000223348	0.00145059	0.00272172	0.0	0.000208538	0.00363698	0.000424397	0.00087749	0.000151747	0.000204683	0.00141925	1.05367e-05	0.000189839	0.000172728	0.000827824	1.9694e-05	8.52332e-05	1.17218e-05	0.000133716	5.58163e-05	0.0019384	0.0	0.000247277	0.000413005	0.000238633	0.00016964	0.000208695	0.000438407	0.0	9.71027e-05	0.000409873	0.00101803	0.0023863	0.00036313
PWY-7316: dTDP-N-acetylviosamine biosynthesis	5.72416e-05	0.0	0.0	9.34412e-06	0.0	0.000133205	3.23321e-05	0.000232378	1.40443e-05	0.00129116	0.0	5.80614e-06	0.000504122	0.0	0.0	0.000144242	0.0	1.27075e-05	0.0	0.0	5.14511e-05	0.000268836	0.0	3.47793e-05	0.000210426	0.0	0.0	7.51882e-05	0.0	1.31353e-05	0.0	5.4972e-05	0.0	0.0	0.0	6.10754e-05	0.0	0.0	0.0	0.0	0.00117295	0.0	0.000224527	0.00224952	0.000224458	7.05321e-05	0.0	0.000144422	2.73877e-05	0.000225245	0.000806341	8.95064e-05	0.0	0.0	0.0	0.0	5.43745e-05	0.0	0.0	0.0	0.0	0.0	0.0	9.25147e-05	3.86754e-05	0.00149085	7.13769e-06	4.63506e-05	0.0	0.000520857	0.0	0.0	6.26785e-05	0.0	0.0	0.0	0.0	0.000106819	0.0	0.0	0.0	0.000353191	0.0	6.57897e-05	0.0	0.0	0.000220081	0.0	0.0	0.0	0.0	7.42738e-05	0.000224663	0.0	0.0	0.0	0.0	0.000101575	4.47181e-05	0.0	0.0	0.0	0.0	0.0	0.000353412	0.0	0.0	0.0	0.000153104	2.10184e-05	0.000124988	0.0	0.0	0.0	0.0	0.0	0.0	0.000417347	0.0	0.0	6.12137e-05	0.000554565	0.000848917	1.48866e-05
PWY-7317: superpathway of dTDP-glucose-derived O-antigen building blocks biosynthesis	0.000132775	0.0	0.0	0.0	0.0	0.0	0.0	0.0	0.0	0.0	0.0	0.0	0.0	0.0	0.0	0.0	0.0	0.0	0.0	0.0	0.0	0.0	0.0	7.10794e-05	0.0	0.0	0.0	0.0	0.0	0.0	0.0	0.0	0.0	0.0	0.0	0.0	0.0	0.0	0.0	0.0	0.0	0.0	0.0	0.0	0.0	0.0	0.0	0.0	0.0	0.0	0.0	0.0	0.0	0.0	0.0	0.0	0.0	0.0	0.0	0.0	0.0	0.0	0.0	0.0	0.0	0.0	0.0	0.0	0.0	0.0	0.0	0.0	0.0	0.0	0.0	0.0	0.0	0.0	0.0	0.0	0.0	0.0	0.0	0.0	0.0	0.0	0.0	0.0	0.0	0.0	0.0	0.0	0.0	0.0	0.0	0.0	0.0	0.0	0.0	0.0	0.0	0.0	0.0	0.0	0.0	0.0	0.0	0.0	0.0	0.0	0.0	0.0	0.0	0.0	0.0	0.0	0.0	0.0	0.0	0.0	0.0	0.0	0.0	0.0
PWY-7323: superpathway of GDP-mannose-derived O-antigen building blocks biosynthesis	0.0028156	0.0022175	0.00123416	0.00197572	0.00299136	0.00242336	0.00273801	0.00278142	0.00212322	0.0030478	0.00157914	0.00213437	0.0021338	0.00117756	0.00263319	0.00219296	0.00230645	0.00205435	0.00231006	0.000905829	0.00136139	0.00298464	0.00240285	0.0030937	0.0027373	0.00283059	0.0029705	0.00249403	0.00219264	0.00231138	0.0034906	0.001767	0.00201553	0.00290252	0.00166985	0.00290887	0.00232154	0.00121167	0.002301	0.00251361	0.0025537	0.0026338999999999	0.0031302	0.00361331	0.00199014	0.00316673	0.000477633	0.00306337	0.0032112	0.00357534	0.00180699	0.00255116	0.00268535	0.0031291	0.00154687	0.00261865	0.00213561	0.00220504	0.00350519	0.00121473	0.00306879	0.00338039	0.00361986	0.0025552	0.00206315	0.00143964	0.00177275	0.00334403	0.00295322	0.00160244	0.0026259	0.00291054	0.00440361	0.00239873	0.00141666	0.00261098	0.00244209	0.00307214	0.00255146	0.00163671	0.00215737	0.0024456	0.00141005	0.00210186	0.00294705	0.00245427	0.00290132	0.00228324	0.00217899	0.00281899	0.00124715	0.00361065	0.00188906	0.00234527	0.00218398	0.00240424	0.00219971	0.00148057	0.00213543	0.00184521	0.00235582	0.00343255	0.00310731	0.00230376	0.00181087	0.00104123	0.00123202	0.00427242	0.0026542	0.00278142	0.0025123	0.00101909	0.00196028	0.00137018	0.00195952	0.00257955	0.00185702	0.00158574	0.00268904	0.00204221	0.0025731	0.00307989	0.0037825	0.00129124
PWY-7328: superpathway of UDP-glucose-derived O-antigen building blocks biosynthesis	0.00229084	0.00201382	0.00240026	0.00176153	0.00265048	0.00212267	0.00285472	0.00324464	0.00278778	0.00199121	0.00144065	0.00361607	0.00269382	0.0027103	0.00202001	0.00174198	0.00262703	0.00372306	0.00330655	0.00207216	0.00191217	0.00126428	0.00290193	0.0010944	0.000533346	0.00387656	0.00346875	0.00256861	0.00254683	0.00142253	0.0017993	0.00124625	0.00256594	0.00158737	0.0013673	0.00338816	0.00534397	0.00134626	0.00300356	0.00291001	0.00209935	0.00501428	0.00210939	0.00396644	0.00172018	0.00167915	0.00325109	0.00261692	0.00198649	0.00244966	0.000802937	0.00148259	0.00106305	0.00219501	0.00222302	0.00195935	0.0022646	0.00192873	0.00149282	0.00207752	0.00165975	0.00247916	0.00259929	0.0032928	0.00303119	0.00249284	0.00185065	0.00149508	0.00182026	0.00232126	0.00550675	0.00205608	0.0011283	0.00193551	0.00349931	0.00280721	0.00204275	0.00118777	0.00338193	0.0021963	0.00122738	0.00217466	0.00246545	0.00154275	0.00132	0.00107425	0.00216283	0.00213471	0.00119693	0.00188107	0.00320568	0.0022018	0.000954984	0.00313945	0.00249998	0.00146489	0.00308027	0.00272684	0.0026553	0.00188979	0.00244579	0.00082062	0.00137015	0.00171202	0.00344712	0.00556581	0.00337204	0.001869	0.00184541	0.00392226	0.00142671	0.00219743	0.00274198	0.00582509	0.00223935	0.00214174	0.00109321	0.00451	0.00306613	0.00264484	0.00179292	0.00244882	0.00131903	0.00289403
PWY-7332: superpathway of UDP-N-acetylglucosamine-derived O-antigen building blocks biosynthesis	0.0	0.0	0.0	0.0	0.0	0.0	0.0	0.000268681	0.0	0.0	0.0	0.0	0.000118102	0.0	0.0	0.0	0.0	0.0	0.0	0.0	0.0	0.0	0.0	0.0	0.0	0.0	0.0	0.0	0.0	0.0	0.0	0.0	0.0	0.0	0.0	0.0	0.0	0.0	0.0	0.000127788	0.000104081	0.0	0.0	0.0	0.0	0.0	0.0	0.0	0.0	0.0	0.000392543	0.0	0.0	0.0	0.0	0.0	0.0	0.0	0.0	0.0	0.0	0.0	0.0	0.0	0.0	0.0	0.00021166	0.0	0.0	0.0	0.0	0.0	0.0	0.0	0.0	6.98973e-05	0.0	0.0	0.0	0.0	0.0	0.0	0.0	0.0	0.0	0.0	0.0	0.0	0.0	0.0	0.0	0.0	0.0	0.0	0.0	0.0	0.0	0.0	0.0	0.0	0.0	0.0	0.0	0.0	0.0	0.0	0.0	0.0	0.0	0.0	0.0	0.0	0.0	0.0	0.0	0.0	0.0	0.0	0.0	0.0	0.0	0.0	0.0	0.0
PWY-7340: 9-cis, 11-trans-octadecadienoyl-CoA degradation (isomerase-dependent, yeast)	0.0	0.0	0.0	9.77055e-05	0.0	0.0	0.00015011	0.0	1.34234e-05	0.000106123	0.0	8.84996e-06	6.97732e-05	0.0	3.42241e-05	0.0	0.0	0.000822893	2.68983e-05	0.0	0.0	9.04862e-05	0.00014918	0.0	0.0	0.0	9.05884e-05	0.0	0.000181737	0.0	5.66627e-06	0.0	0.0	0.0	0.0	0.0	0.0	0.0	0.0	0.0	0.00011314	0.0	0.0	0.0	0.0	0.0	0.0	0.0	2.40824e-05	7.15022e-05	0.0	7.13017e-06	0.0	2.99565e-05	0.0	0.0	0.0	0.0	0.0	0.0	1.75275e-05	0.0	6.66771e-05	2.728e-05	2.11475e-05	3.24971e-05	8.64408e-05	0.0	0.0	0.0	2.02103e-05	0.0	3.15274e-05	0.0	0.0	0.000162665	0.0	0.0	0.0	0.000122533	0.0	0.0	0.0	0.0	0.0	2.09655e-05	1.48781e-05	0.0	0.0	0.0	0.000169921	0.000448972	5.3665e-05	0.0	0.0	8.37572e-05	0.0	0.000599706	5.24015e-05	9.81328e-05	2.68773e-05	0.0	8.60974e-05	0.0	7.23053e-05	0.0	0.0	0.0	0.000143118	3.86797e-05	2.74719e-05	2.09791e-05	0.0	0.0	4.99729e-05	0.0	0.0	0.0	0.0	0.0	0.000120118	0.000340222	0.0	0.000158738
PWY-7345: superpathway of anaerobic sucrose degradation	0.00268096	0.00290665	0.00201959	0.00261508	0.00309457	0.00185664	0.00485578	0.00254929	0.00203184	0.00318585	0.00221219	0.00341386	0.00304931	0.00160555	0.00316079	0.00255187	0.00238732	0.00321421	0.00461425	0.00419375	0.00223918	0.00298141	0.0038417	0.00268488	0.00340091	0.00295116	0.00290319	0.00401412	0.00269471	0.00488604	0.00288597	0.00254682	0.00330501	0.00256339	0.00138323	0.0044386	0.00262226	0.00174014	0.00263449	0.00308141	0.00292871	0.00324336	0.00359195	0.00144593	0.00272098	0.00292067	0.00146228	0.00318376	0.00207791	0.0036536	0.00316904	0.00379489	0.0029415	0.00243901	0.00212582	0.00247856	0.00248064	0.0026101	0.00299197	0.00403233	0.00396957	0.00234547	0.00316117	0.00368293	0.00327654	0.00275105	0.00183562	0.00285465	0.00309986	0.00479507	0.00377948	0.00257253	0.0027892	0.0042248	0.00369007	0.00300525	0.00195737	0.00192182	0.00260089	0.00206783	0.00141562	0.00351762	0.00255696	0.00184329	0.0039418	0.00168244	0.00300751	0.00184783	0.00157847	0.00451931	0.00239226	0.00474594	0.00214044	0.00232833	0.00270951	0.00163993	0.00205741	0.00360007	0.00333208	0.00347843	0.00168021	0.00238656	0.00294205	0.00117127	0.00324023	0.00133365	0.00223483	0.00260956	0.00303432	0.00422651	0.00288505	0.00283398	0.00281961	0.00316029	0.00226827	0.00266989	0.00216067	0.00253639	0.002361	0.00275178	0.00305218	0.0040104	0.00298835	0.00273252
PWY-7356: thiamine diphosphate salvage IV (yeast)	0.000262714	0.00087902	0.00101472	0.00145965	0.00117267	0.000766396	0.000375719	0.00144964	0.000558445	0.000189325	0.0010946	0.00046403	0.000784735	0.000323069	0.00127967	0.00199083	0.00126177	0.0	0.000225521	0.0021781	6.63277e-05	0.000702012	0.00105683	0.000699422	0.000417889	0.000921172	0.000291048	0.000681073	0.00037551	0.00084168	0.00158014	0.00266748	0.00151874	0.000602288	0.000461656	0.000678349	0.00086367	0.00151488	0.000269327	0.00107087	0.00166531	0.00105115	0.00122617	0.000403892	0.00108511	0.00096697	0.000221613	0.00111568	0.000419889	0.00121698	0.000219239	0.00137658	0.000757052	0.0012256	0.00154619	0.000874851	0.00117794	0.00161623	0.000312778	0.00133309	0.00104554	0.000585725	0.000363818	0.000802507	0.000724903	0.000120853	0.000668283	0.000515681	0.00106766	0.00119405	0.000491939	0.0008719	0.000775012	0.00228856	0.00201662	0.000744638	0.000691629	0.000879296	0.000581408	0.00106192	6.5163e-05	0.00158686	0.000835855	0.0010107	0.00141477	0.000122869	0.0011754	0.000239078	0.000381318	0.000216412	0.00157865	0.000661212	0.000217266	0.000495354	0.001551	0.000389423	0.00029479	0.000167837	0.00051025	0.000528339	0.000528734	0.000159352	0.000315929	0.00102028	0.000537675	0.00097451	0.000782835	0.000448979	0.000897155	0.0013469	0.000449658	0.00100596	0.000221581	0.00119987	0.000692659	0.000708344	0.000877815	0.00121029	0.000352036	0.000604765	0.000541084	0.000432536	0.000389599	0.000382129
PWY-7357: thiamine phosphate formation from pyrithiamine and oxythiamine (yeast)	0.00548875	0.00602317	0.00631002	0.0063498	0.00626029	0.00420409	0.00240482	0.00527759	0.00564819	0.00372286	0.00296139	0.00372603	0.0029982	0.00827307	0.00681355	0.00678122	0.00811764	0.00375732	0.00352881	0.00678233	0.00538322	0.00522878	0.00360433	0.00875361	0.00430332	0.00472696	0.00460145	0.00376385	0.00369113	0.00217747	0.00676623	0.00666517	0.00477988	0.0061361	0.0108585	0.00424183	0.00715115	0.0105671	0.00681729	0.00583389	0.00550959	0.00550176	0.00547801	0.00590221	0.00610618	0.00708957	0.00682749	0.00459015	0.00602943	0.00640706	0.00603998	0.00718665	0.00830232	0.00604656	0.00567818	0.00606645	0.00614517	0.00557849	0.00601999	0.00684233	0.00644849	0.00525439	0.00381108	0.00459843	0.00635452	0.00506959	0.00394548	0.0062905	0.00565299	0.00345672	0.00446856	0.00705002	0.00575177	0.00661217	0.00617217	0.00633882	0.00568014	0.00835975	0.00582273	0.00464715	0.00487042	0.00601838	0.00778995	0.00862626	0.00532158	0.00676998	0.00622954	0.00756019	0.00748482	0.00555476	0.00432467	0.00230925	0.00595213	0.00470223	0.00501765	0.00683414	0.00466599	0.00387005	0.00540365	0.00391568	0.00747254	0.00538106	0.00622431	0.00865669	0.00671741	0.00975571	0.00531948	0.00453485	0.00561435	0.00644428	0.00525785	0.00420091	0.00667999	0.00595999	0.00588946	0.0059858	0.00744345	0.00495873	0.00619406	0.00616701	0.00378133	0.00312657	0.00646431	0.00401331
PWY-7371: 1,4-dihydroxy-6-naphthoate biosynthesis II	0.0	8.12499e-05	3.79281e-05	0.000323495	0.000245767	0.0	0.0	0.0	0.000161962	0.000258568	0.000470859	2.67131e-05	6.03413e-05	0.000684698	8.49528e-05	0.0	6.39392e-05	0.0	0.0	0.000526289	0.000262585	0.0	0.000185519	0.0	0.000213823	1.84491e-05	0.000186456	0.0	5.85584e-05	0.0	8.28601e-05	0.0	0.000243048	0.0	1.18614e-05	5.97357e-05	0.000262517	0.000523497	0.0	5.19715e-05	0.000178399	0.0	8.97995e-05	0.0	0.0	0.0	0.000309919	0.00011339	0.000148778	0.0	0.0	7.01194e-05	9.32662e-05	4.2269e-05	0.000650484	0.00081917	0.000170545	0.000131887	0.00011228	0.0	0.0	9.51163e-05	0.0	8.40513e-05	7.78906e-05	0.0	3.57982e-05	0.0	0.0	0.00016227	0.0	6.08243e-05	0.0	0.0	6.75283e-05	0.000159897	0.0	0.0	0.000615529	0.000524112	0.0	0.000128893	0.0	0.0	3.18204e-05	0.0	0.0	0.000294117	4.28447e-05	0.000245452	0.0	0.0	0.0	0.0	9.36634e-05	0.000133558	7.0163e-05	2.48802e-05	2.97843e-05	0.000103991	0.00038406	7.15695e-05	0.0	0.000142794	0.0	4.71645e-05	0.0	0.0	0.000458819	1.59137e-05	0.0	0.0	0.000121656	0.00023641	0.000264803	0.0	0.0	0.000262682	0.000660495	0.000704039	0.000381239	0.0	0.00074161	0.0
PWY-7374: 1,4-dihydroxy-6-naphthoate biosynthesis I	0.0	0.0	0.0	0.0	0.0	0.0	0.0	0.0	0.0	0.0	0.0	0.0	1.41215e-05	0.0	0.0	0.0	0.0	0.0	0.0	0.0	0.0	0.0	0.0	0.0	0.0	0.0	0.0	0.0	1.81624e-05	0.0	0.0	0.0	0.0	0.0	0.0	0.0	0.0	0.0	0.0	0.0	0.0	0.0	0.0	0.0	0.0	0.0	0.0	0.0	0.0	0.0	0.0	0.0	0.0	0.0	0.0	0.0	0.0	0.0	0.0	0.0	0.0	0.0	0.0	0.0	0.0	0.0	0.0	0.0	0.0	0.0	0.0	0.0	0.0	0.0	0.0	0.0	0.0	0.0	0.0	0.0	0.0	0.0	0.0	0.0	0.0	0.0	0.0	0.0	0.0	0.0	0.0	0.0	0.0	0.0	0.0	0.0	0.0	0.0	0.0	0.0	0.0	0.0	0.0	0.0	0.0	0.0	0.0	0.0	2.93468e-05	0.0	0.0	0.0	0.0	0.0	0.0	0.0	0.0	0.0	0.0	0.0	0.0	0.0	0.0	0.0
PWY-7383: anaerobic energy metabolism (invertebrates, cytosol)	0.0011073	0.00201256	0.00145492	0.00348664	0.00236546	0.00630863	0.000799161	0.00279429	0.00116173	0.00148104	0.00500665	0.00121805	0.00264754	0.000835012	0.00201658	0.00375165	0.00220068	0.000955651	0.0	0.0024297	0.0034422	0.000454028	0.00162751	0.000360269	0.00116638	0.000702637	0.00121827	0.00114026	0.00155822	0.00167022	0.00098189	0.0036675	0.00396528	0.00181861	0.000916341	0.00124551	0.00311334	0.0014781	0.00113323	0.00182923	0.00216722	0.0023687	0.0055595	0.0021361	0.0041875	0.00179478	0.000519583	0.00295138	0.00188261	0.00114917	0.00203214	0.00153773	0.000781361	0.0017784	0.00237925	0.00308847	0.00143786	0.00230463	0.00146416	0.000675318	0.000665521	0.00184548	0.00170555	0.000572235	0.000848338	0.0015561	0.00381698	0.00119933	0.00172525	0.0	0.000385291	0.00201255	0.000783843	0.000892135	0.00302876	0.00062112	0.00325975	0.0010788	0.00105663	0.000951933	0.000755768	0.00161924	0.000993216	0.000488588	0.00194816	0.000103056	0.000350796	0.000133557	0.00142224	0.000112248	0.00129219	0.000985192	0.000381828	0.00230008	0.00229157	0.00405195	0.000802703	0.000903692	0.00319363	0.00333431	0.000256715	0.00314471	0.00100557	0.000722266	0.000303219	0.000551579	0.00187421	0.000231605	0.00359862	0.000965292	0.000345647	0.00247578	0.00279978	0.00127659	0.000720673	0.00178388	0.0011227	0.00262229	0.0	0.000568535	0.000626934	0.000331344	0.00227131	0.000834536
PWY-7384: anaerobic energy metabolism (invertebrates, mitochondrial)	0.0	0.0	0.0	6.57953e-06	0.0	0.0	0.000189568	0.0	0.0	0.0	0.0	0.0	0.0	0.0	0.0	0.0	0.0	0.000187319	9.95708e-06	0.0	0.0	0.0	0.000137704	0.0	0.0	0.0	0.0	0.000164663	0.0	0.0	0.0	0.0	0.0	0.0	0.0	0.000129925	0.0	0.0	3.6801e-05	7.69801e-06	0.0	0.0	0.0	0.0	0.0	0.0	0.0	0.000303904	8.78231e-06	0.0	0.0	0.0	0.0	9.63411e-06	0.0	0.0	0.0	0.0	0.0	0.0	0.0	0.0	0.0	0.0	0.0	0.0	0.0	0.0	0.0	0.000243747	0.000108138	0.0	0.0	0.0	0.0	0.0	0.0	0.0	2.58276e-05	1.57457e-05	0.0	0.0	0.0	0.0	0.0	0.0	0.0	3.70024e-05	0.0	0.0	0.0	0.0	0.0	0.0	0.0	0.0	0.0	0.000197498	7.43057e-06	3.43734e-05	0.0	0.0	0.0	0.0	0.000183234	0.0	0.0	0.0	0.0	0.0	0.0	0.0	0.0	8.67413e-06	0.0	0.0	0.0	0.0	0.0	0.0	1.92257e-05	0.000211644	0.0	0.0
PWY-7385: 1,3-propanediol biosynthesis (engineered)	0.0	0.0	0.0	0.000197914	0.0	5.50387e-05	0.000181406	0.0	8.3744e-06	3.52699e-05	0.0	0.000205321	9.82079e-05	0.0	0.0	0.0	0.0	0.00228494	0.000117444	0.0	0.000302671	0.00017116	0.00116686	0.0	0.0	0.000118312	0.000170807	0.000341094	0.000283691	0.000261511	1.34708e-05	0.0	0.0	0.0	0.0	0.000254817	0.0	0.0	0.000406393	0.000207038	0.000134148	0.0	0.0	0.0	4.67908e-05	0.0	0.0	0.000327819	0.000235828	0.000471925	0.0	0.0	0.0	0.000256556	0.0	0.0	0.0	1.48576e-05	0.0	2.19141e-05	0.0	4.34145e-05	0.0	0.000223207	0.0	0.000116359	3.64384e-05	0.0	8.52621e-06	0.000974054	0.000139728	1.05878e-05	4.80775e-05	0.0	4.66777e-06	0.000302662	0.0	1.36064e-05	0.000134142	0.000134153	0.0	0.0	7.0546e-05	0.0	0.0	6.09043e-05	0.0	0.000160518	0.0	0.0	0.000468214	0.000486919	0.000121583	0.0	0.0	8.85784e-05	0.0	0.000679854	7.78944e-05	0.000228779	0.000153523	0.0	0.000205379	0.0	0.000743188	0.0	0.0	0.0	0.000189469	7.2311e-06	5.20066e-05	2.54819e-05	0.0	0.000252479	0.0	0.0	0.0	0.0	0.00011467	2.66408e-05	0.000511864	0.00100294	0.0	0.000318314
PWY-7388: octanoyl-[acyl-carrier protein] biosynthesis (mitochondria, yeast)	0.0	0.0	7.04241e-05	0.0	0.0	0.0	0.00201453	0.0	0.0	0.0	0.0	0.0	0.0	0.0	0.0	0.0	0.0	6.65405e-05	0.0	0.0	0.0	0.0	0.0001532	0.0	0.0	0.0	0.0	0.0	0.0	0.001504	0.0	0.0	0.0	0.0	0.0	5.63126e-05	0.0	0.0	0.0	0.0	0.0	0.0	0.0	0.0	0.0	0.0	0.0	0.0	0.000119424	0.0	0.0	0.0	0.00013731	0.0	0.0	0.0	0.0	0.0	0.0	0.0	0.0	0.0	0.000301041	0.0	0.000164842	0.0	0.0	0.0	0.0	0.00160208	0.0	3.42503e-05	0.0	0.0	0.0	0.0	0.0	0.0	0.0	0.0	0.0	0.0	0.0	4.64013e-05	0.0	0.0	0.0	0.0	0.0	2.62609e-05	0.0	0.00108398	6.29568e-05	0.0	0.0	9.45294e-05	0.0	0.0	0.0	0.0	0.0	1.44441e-05	0.0	0.0	7.06112e-05	0.0	0.0	0.0	0.0	0.0	0.0	0.0	0.0	0.00022213	0.0	0.00033814	0.0	9.03579e-05	0.0	0.00146317	0.0	1.11259e-05	0.0	0.0
PWY-7389: superpathway of anaerobic energy metabolism (invertebrates)	0.0	0.0	0.0	1.04902e-05	0.0	0.0	0.000268275	0.0	0.0	0.0	0.0	0.0	0.0	0.0	0.0	0.0	0.0	0.000259163	0.0	0.0	0.0	0.0	0.000210885	0.0	0.0	0.0	0.0	0.000244884	0.0	0.0	0.0	0.0	0.0	0.0	0.0	0.000188753	0.0	0.0	5.8612e-05	1.24582e-05	0.0	0.0	0.0	0.0	0.0	0.0	0.0	0.000448538	1.42253e-05	0.0	0.0	0.0	0.0	1.5598e-05	0.0	0.0	0.0	0.0	0.0	0.0	0.0	0.0	0.0	0.0	0.0	0.0	0.0	0.0	0.0	0.0	0.000149499	0.0	0.0	0.0	0.0	0.0	0.0	0.0	4.13383e-05	2.52868e-05	0.0	0.0	0.0	0.0	0.0	0.0	0.0	5.12539e-05	0.0	0.0	0.0	0.0	0.0	0.0	0.0	0.0	0.0	0.000282366	1.20392e-05	5.52493e-05	0.0	0.0	0.0	0.0	0.000216127	0.0	0.0	0.0	0.0	0.0	0.0	0.0	0.0	1.40351e-05	0.0	0.0	0.0	0.0	0.0	0.0	3.03956e-05	0.000245796	0.0	0.0
PWY-7391: isoprene biosynthesis II (engineered)	0.0	0.0	0.0	0.0	0.0	0.0	0.0	0.0	0.0	0.0	0.0	4.55599e-05	0.0	0.0	0.0	0.0	0.0	0.0	0.0	0.0	0.0	0.0	0.0	0.0	0.0	0.0	0.0	0.0	0.0	0.0	0.0	0.0	0.0	0.0	0.0	0.0	0.0	0.0	0.0	0.0	0.0	0.0	0.0	0.0	0.0	0.0	0.0	0.0	0.0	0.0	0.0	0.0	0.0	0.0	0.0	0.0	0.0	0.0	0.0	0.0	0.0	0.0	0.0	0.0	0.0	0.0	0.0	0.0	0.0	0.0	0.0	0.0	0.0	0.0	0.0	0.0	0.0	0.0	0.0	0.0	0.0	0.0	0.0	0.0	0.0	0.0	0.0	0.0	0.0	0.0	0.0	0.0	0.0	0.0	0.0	0.0	0.0	0.0	0.0	0.0	0.0	0.0	0.0	0.0	0.0	0.0	8.64141e-06	0.0	0.0	0.0	0.0	3.50722e-05	0.0	0.0	0.0	0.0	0.0	0.0	0.0	0.0	0.0	0.0	0.0	0.0
PWY-7392: taxadiene biosynthesis (engineered)	0.00330964	0.00187489	0.000529406	0.00212749	0.00258455	0.0	0.00166732	0.0012995	0.00321919	0.00257801	0.00146629	0.000769984	0.00072311	0.00117345	0.00237725	0.00181285	0.00154091	0.00228311	0.00490329	0.0	0.000801158	0.00320434	0.00195778	0.00200437	0.00312513	0.00116774	0.0021935	0.00149923	0.00182899	0.000268873	0.00235285	0.000996478	0.000594425	0.00247443	0.00107266	0.00224915	0.000684563	0.000967177	0.00101102	0.00265341	0.00320032	0.000990771	0.00163516	8.84548e-05	0.00139254	0.00247478	0.000829235	0.00154368	0.00186356	0.00272067	0.00367529	0.00229463	0.0012853	0.00282086	0.000447971	0.00272629	0.00260856	0.00175399	0.00333734	0.00274403	0.0023553	0.00313209	0.00302701	0.00312732	0.00181691	3.51154e-05	0.0018025	0.00291074	0.00177858	0.000927193	0.00437456	0.00322196	0.00215828	0.00380351	0.000920462	0.00326299	0.00150622	0.00207211	0.0011644	0.00153327	0.0	0.00250242	0.00223308	0.00261155	0.00189359	0.00259813	0.00164168	0.00248058	0.0023546	0.00522284	0.00028107	0.000237054	0.00480561	0.0021753	0.00198159	0.00227666	0.00217567	0.00244763	0.00146493	0.000741351	0.00250838	0.00242003	0.00214864	0.00150215	0.000942765	0.000507892	0.00149174	0.00369788	0.00275921	0.00119752	0.00344322	0.000292221	0.00153196	0.000942791	0.00199358	0.00112824	0.00185683	0.000722373	0.00376705	0.00358118	0.00405305	0.00355651	0.00242174	0.00276648
PWY-7396: butanol and isobutanol biosynthesis (engineered)	0.0	0.0	0.0	0.0	0.0	0.0	0.0	0.0	0.0	0.0	0.0	0.0	0.0	0.0	3.47036e-05	0.0	0.0	0.0	0.0	0.0	0.0	0.0	0.000246685	0.0	0.0	0.0	0.0	0.0	0.0	0.0	0.0	0.0	0.0	0.0	0.0	0.0	0.0	0.0	0.0	0.0	0.0	0.0	0.0	0.0	0.0	0.0	0.0	0.0	0.0	5.55951e-05	0.0	0.0	0.0	0.0	0.0	0.0	0.0	0.0	0.0	0.0	0.0	0.0	0.0	0.0	2.43585e-05	0.0	0.0	0.0	0.0	0.000326713	0.0	0.0	0.0	0.0	0.0	0.0	0.0	0.0	0.0	0.0	0.0	0.0	0.0	0.0	0.0	0.0	0.0	0.0	0.0	0.0	0.0	0.0	0.0	0.0	0.0	0.0	0.0	0.0	0.0	0.0	0.0	0.0	0.0	0.0	0.00011594	0.0	0.0	0.0	0.0	0.0	0.0	0.0	0.0	8.77988e-05	0.0	0.0	0.0	0.0	0.0	0.0	0.0	0.0	0.0	0.0
PWY-7399: methylphosphonate degradation II	0.0	0.0	0.0	4.79542e-05	0.0	0.0	0.0	0.0	0.0	7.69233e-05	0.0	0.0	0.0	0.0	0.0	0.0	0.0	7.35452e-05	2.70599e-05	0.0	0.0	0.0	0.0	0.0	0.0	0.0	0.0	0.0	0.0	0.0	0.0	0.0	0.0	0.0	0.0	0.0	0.0	0.0	0.0	0.0	0.0	0.0	0.0	0.0	0.0	0.0	0.0	0.0	0.0	0.0	0.0	0.0	0.0	0.0	0.0	0.0	0.0	0.0	0.0	0.0	0.0	0.0	0.0	0.0	0.0	5.95428e-05	0.0	0.0	0.0	0.0	0.0	0.0	0.0	0.0	0.0	0.0	0.0	0.0	0.0	0.0	0.0	0.0	0.0	0.0	0.0	0.0	0.0	0.0	0.0	0.0	0.0	0.0	3.50065e-05	0.0	0.0	0.0	0.0	3.7092e-05	0.0	0.0	0.0	0.0	0.0	0.0	0.0	0.0	6.40689e-06	0.0	2.01507e-05	0.0	0.0	0.0	0.0	0.0	0.0	0.0	0.0	0.0	0.0	0.0	1.34129e-05	2.88159e-05	0.0	0.0
PWY-7400: L-arginine biosynthesis IV (archaebacteria)	0.0043628	0.00679263	0.00310611	0.00638467	0.00630216	0.00964963	0.0040717	0.00838255	0.00502978	0.00622967	0.00473317	0.00582634	0.0065061	0.00480078	0.00391236	0.00615886	0.00218277	0.0071005	0.00294581	0.008313	0.00487338	0.00582281	0.00519656	0.00565383	0.00569038	0.0055903	0.00546295	0.00605369	0.00492735	0.00528149	0.00441393	0.00657126	0.00824649	0.00744981	0.00269499	0.00515168	0.00468405	0.00199853	0.00574487	0.00627056	0.00511051	0.00653126	0.00718861	0.00472755	0.00806243	0.00645539	0.00302002	0.00654978	0.00793966	0.00651186	0.00712872	0.00729251	0.00883688	0.00726045	0.00654512	0.00764167	0.00521628	0.00583658	0.00547513	0.00619037	0.00701034	0.00533455	0.00712281	0.00555091	0.00602933	0.00443867	0.00662282	0.00645325	0.00715049	0.0032195599999999	0.00412948	0.00614034	0.00605678	0.0062474	0.00560399	0.00688448	0.0072731	0.00544663	0.00654856	0.00403762	0.00289393	0.0074433	0.00515556	0.00383388	0.00739922	0.00395255	0.00578901	0.00444201	0.00452305	0.00469502	0.00593737	0.00434013	0.00406288	0.00532609	0.00556389	0.0072527	0.00533077	0.00577534	0.00671042	0.00688297	0.00483668	0.00723483	0.0054906	0.00394974	0.00399587	0.00407501	0.0055678	0.00571622	0.00654019	0.00605703	0.00335042	0.00637252	0.00805069	0.00472872	0.00465821	0.00622988	0.0049613	0.00818669	0.00531202	0.00499299	0.00458879	0.00356185	0.00761879	0.00485525
PWY-7409: phospholipid remodeling (phosphatidylethanolamine, yeast)	0.0	0.0	0.0	5.00343e-05	0.0	0.0	0.000302434	0.0	3.8185e-06	6.57932e-05	0.0	0.000341749	0.000136233	0.0	0.0	0.0	0.0	0.000168512	0.0	0.0	0.0001556	4.44524e-05	0.000349398	0.0	0.0	0.000458292	0.00057016	0.000207993	0.000288091	0.00035283	0.0	0.0	0.0	0.0	0.0	0.000372602	0.0	0.0	4.61883e-05	0.0	6.78776e-05	0.0	0.0	0.0	0.0	0.0	0.0	0.000265738	0.0	0.000154151	0.0	0.0	0.0	0.0	0.0	0.0	0.0	0.0	0.0	0.0	0.0	0.0	0.0	0.000100327	0.0	2.52569e-05	4.63693e-05	0.0	0.0	0.000201257	0.00013584	0.0	2.5489e-05	0.0	0.0	8.38409e-05	0.0	0.0	0.000105198	5.83583e-05	0.0	0.0	0.0	0.0	0.0	1.42799e-05	0.0	0.0	0.0	0.0	3.53675e-05	4.22198e-05	0.0	0.0	0.0	0.0	0.0	0.000140624	3.7594e-05	0.0	0.0	0.0	0.000122972	0.0	9.7156e-05	0.0	0.0	0.0	9.44274e-05	0.0	7.75638e-06	0.0	0.0	5.39812e-05	0.0	0.0	0.0	0.0	2.88999e-05	0.0	0.0	0.000151624	0.0	0.000174918
PWY-7413: dTDP-6-deoxy-&alpha;-D-allose biosynthesis	0.0	0.0	0.0	0.0	0.0	0.0	0.0	0.0	0.0	0.0	0.0	0.0	3.31378e-05	0.0	0.0	0.0	0.0	0.0	0.0	0.0	0.0	0.0	0.0	0.0	0.0	0.0	0.0	0.0	0.0	0.0	0.0	0.0	0.0	0.0	0.0	0.0	0.0	0.0	0.0	0.0	0.0	0.0	0.0	0.0	0.0	0.0	0.0	0.0	0.0	0.0	0.0	0.0	0.0	0.0	0.0	0.0	0.0	0.0	0.0	0.0	0.0	0.0	0.0	0.0	0.0	0.0	0.0	0.0	0.0	0.0	0.0	0.0	0.0	0.0	0.0	0.0	0.0	0.0	0.0	0.0	0.0	0.0	0.0	0.0	0.0	0.0	0.0	0.0	0.0	0.0	0.0	0.0	0.0	0.0	0.0	0.0	0.0	0.0	0.0	0.0	0.0	0.0	0.0	0.0	0.0	0.0	0.0	0.0	0.0	0.0	0.0	0.0	0.0	0.0	0.0	0.0	0.0	0.0	0.0	0.0	0.0	0.0	0.0	0.0
PWY-7434: terminal O-glycans residues modification (via type 2 precursor disaccharide)	0.0	0.0	6.1253e-05	0.0	0.000618699	0.0	1.85319e-05	0.0	3.31994e-06	0.0	0.0	3.20862e-05	0.0	0.0	1.54909e-05	0.0	0.0	0.0	0.0	0.0	0.0	0.0	0.0001107	0.0	0.0	2.67245e-05	2.2455e-05	0.0	0.0	0.0	0.0	0.000105871	0.0	0.0	0.0	0.0	0.0	0.0	0.0	2.90847e-05	1.14437e-05	0.0	0.0	0.0	2.358e-05	2.48375e-05	0.0	0.0	0.0	0.0	0.0	0.0	0.0	0.0	0.0	0.0	0.0	0.0	0.000706114	0.0	5.79136e-05	3.77191e-05	2.5809e-05	0.000145768	1.81969e-05	0.0	2.97888e-05	0.0	1.66015e-05	4.6575e-05	0.000172816	0.0	0.0	3.54881e-05	0.0	3.13225e-05	0.0	0.0	0.0	0.0	0.0	0.0	3.16345e-05	1.38706e-05	9.90747e-05	0.000108529	3.26085e-05	3.78815e-05	0.0	1.95669e-06	0.0	0.0	0.0	0.000299868	0.0	0.0	0.0	0.0	0.0	0.0	4.88046e-05	6.58189e-05	0.0	0.0	7.29046e-06	0.0	0.0	0.0	1.34195e-05	0.0	0.0	1.91162e-05	5.10001e-05	1.79752e-05	0.000240821	0.0	0.0	3.10384e-05	0.0	0.000216939	5.65773e-05	8.6298e-06	0.0	0.0
PWY-7446: sulfoquinovose degradation I	0.0	0.0	2.29324e-05	2.53329e-05	0.0	0.0	0.000825932	0.0	0.0	0.0	0.0	0.00021725	5.71975e-05	0.0	0.0	0.0	0.0	0.000324496	6.22868e-05	0.0	0.0	0.0	0.000108686	0.0	0.0	0.0	0.0	0.000370671	0.0	0.000358794	0.0	0.0	0.0	0.0	0.0	0.00016729	0.0	0.0	0.000122155	2.37028e-05	0.0	0.0	0.0	0.0	0.0	0.0	0.0	0.00041348	2.41149e-05	3.70466e-05	0.0	0.0	0.0	0.0	0.0	0.0	0.0	0.0	0.0	0.0	2.57152e-05	0.0	0.0	0.0	0.0	0.0	0.0	0.0	3.5237e-05	0.000257166	4.35695e-05	0.0	0.0	0.0	0.0	3.33528e-05	0.0	0.0	9.07787e-05	3.41271e-05	0.0	0.0	0.0	0.0	0.0	0.0	0.0	3.8529e-05	0.0	0.0	4.90315e-05	0.000478481	2.85365e-05	0.0	0.0	0.0	0.0	7.35728e-05	2.23577e-05	4.37726e-05	2.77479e-05	0.0	3.12357e-05	0.0	0.000219502	0.0	0.0	0.0	4.69488e-05	0.0	0.0	1.37968e-05	0.0	6.95317e-05	0.0	0.0	0.0	0.0	0.0	0.0	0.0	0.000643034	0.0	0.000148631
PWY-7456: &beta;-(1,4)-mannan degradation	0.00215336	0.00334177	0.00179634	0.0018882	0.00334992	0.00181672	0.00152062	0.00247054	0.00148078	0.00278365	0.00130757	0.00219143	0.00196015	0.000692496	0.00170806	0.00175008	0.000942496	0.000565633	0.00174452	0.0038704	0.0014053	0.00207766	0.00228443	0.00243217	0.00207089	0.00154104	0.00150019	0.00201229	0.00160523	0.000659313	0.00240149	0.00138405	0.0020875	0.00331826	0.00114165	0.00239316	0.00246694	0.000854651	0.000575236	0.00200272	0.00205952	0.00238497	0.00244533	0.00419258	0.00269255	0.00288642	0.000372715	0.00226684	0.00301942	0.00349848	0.00139195	0.00265006	0.0036103	0.00280045	0.00187096	0.00288845	0.00179025	0.00236461	0.00275928	0.000992507	0.00318431	0.00286974	0.00298749	0.00203852	0.00195743	0.0010778	0.00125609	0.00307942	0.00227697	0.00163201	0.00104088	0.00237999	0.00396941	0.00196763	0.00178279	0.00273257	0.00258816	0.00229767	0.00216985	0.00125827	0.000827656	0.0022988	0.00101309	0.00124655	0.00280713	0.00170702	0.00280699	0.00106528	0.00138819	0.00207267	0.0016616	0.000540783	0.00154802	0.00194582	0.00209478	0.00217546	0.00182305	0.000273802	0.00213935	0.0016909	0.00111694	0.0030377	0.00296259	0.00124707	0.00124192	0.00066045	0.0020642	0.00293242	0.00209451	0.00413596	0.00186688	0.00190722	0.00231504	0.000933421	0.00151019	0.00167923	0.00149303	0.00176159	0.00179862	0.00156888	0.00193386	0.00183465	0.00384324	0.000847251
PWY-7527: L-methionine salvage cycle III	0.0	0.0	0.0	0.0	0.0	0.0	0.0	0.0	0.0	0.0	0.0	2.17105e-05	0.0	0.0	0.0	0.0	0.0	0.0	0.0	0.0	0.0	0.0	0.0	0.0	0.0	0.0	0.0	0.0	0.0	0.0	0.0	0.0	0.0	0.0	0.0	0.0	0.0	0.0	0.0	0.0	0.0	0.0	0.0	0.0	0.0	0.0	0.0	0.0	0.0	0.0	0.0	0.0	0.0	0.0	0.0	0.0	0.0	0.0	0.0	0.0	0.0	0.0	0.0	0.0	0.0	0.0	0.0	0.0	0.0	0.0	0.0	0.0	0.0	0.0	0.0	0.0	0.0	0.0	0.0	0.0	0.0	0.0	0.0	0.0	0.0	0.0	0.0	0.0	0.0	0.0	0.0	0.0	0.0	0.0	0.0	0.0	0.0	0.0	0.0	0.0	0.0	0.0	0.0	0.0	0.0	0.0	0.0	0.0	0.0	0.0	0.0	0.0	0.0	0.0	0.0	0.0	0.0	0.0	0.0	0.0	0.0	0.000142303	0.0	0.0
PWY-7560: methylerythritol phosphate pathway II	0.0055758	0.00299861	0.00864293	0.00458938	0.00443773	0.00407237	0.00431521	0.00598275	0.00513372	0.00657116	0.0048618	0.00526527	0.00473887	0.0106844	0.0057046	0.00832598	0.0123379	0.00570172	0.00621639	0.00308233	0.00777586	0.00473948	0.00404187	0.00968672	0.00591762	0.00764239	0.00604281	0.00431888	0.00504658	0.00511075	0.00453802	0.00894244	0.00476129	0.00468597	0.0140948	0.00481677	0.00660751	0.0137475	0.00925233	0.00689248	0.00512927	0.0071792	0.00414356	0.00860739	0.0038603	0.00494305	0.0109609	0.00446492	0.00406938	0.00497225	0.00583695	0.0051522	0.00527809	0.00521634	0.00568048	0.00477023	0.00553625	0.00480734	0.00438377	0.00498393	0.0038394	0.0045173	0.00488535	0.00553899	0.00502052	0.00676023	0.00547267	0.005068	0.00486215	0.00471581	0.00560651	0.00596992	0.00300124	0.00602178	0.00570497	0.00648009	0.00424129	0.0105104	0.00569859	0.00572899	0.0	0.00416285	0.0105458	0.0119405	0.00344945	0.00937234	0.00615974	0.0100698	0.0104825	0.00694203	0.00503328	0.00394176	0.00735351	0.00469949	0.00457275	0.00509222	0.00409724	0.00316597	0.00549237	0.00439312	0.0102075	0.00370372	0.00591083	0.0111434	0.00939974	0.0135664	0.00353574	0.00489881	0.00481291	0.00439156	0.00682678	0.00468591	0.00390009	0.0105432	0.00717049	0.00915442	0.0113526	0.00545728	0.006105	0.00527378	0.00582287	0.0042207	0.00332399	0.00599251
PWY-7616: methanol oxidation to carbon dioxide	0.0	0.0	2.08108e-05	1.29692e-05	0.0	0.0	7.87166e-05	0.0	0.0	3.49048e-05	0.0	2.97349e-05	1.02671e-05	0.0	0.0	0.0	0.0	0.0	2.71385e-05	0.0	0.0	0.0	5.14076e-05	0.0	0.0	1.40405e-05	1.65177e-05	0.0	1.64919e-05	0.000114343	0.0	0.0	0.0	0.0	0.0	5.67915e-06	0.0	0.0	0.000113496	0.0	0.0	0.0	0.0	0.0	0.0	0.0	0.0	0.0	8.54781e-06	0.0	0.0	0.0	0.0	0.0	0.0	0.0	0.0	0.0	0.0	0.0	0.0	0.0	0.0	4.81929e-06	2.58587e-05	0.0	2.43905e-05	0.0	0.0	0.000342019	1.10797e-05	0.0	0.0	0.0	0.0	0.0	0.0	0.0	0.0	2.16105e-05	0.0	0.0	0.0	0.0	0.0	3.0365e-06	0.0	0.0	0.0	0.0	0.0	0.000223336	0.0	0.0	0.0	0.0	0.0	4.25977e-05	1.46271e-05	1.40299e-05	8.84195e-06	0.0	0.0	0.0	4.79698e-05	0.0	0.0	0.0	0.0	1.3382e-05	0.0	0.0	0.0	8.57745e-05	0.0	0.0	0.0	0.0	0.0	0.0	6.75703e-06	7.35483e-05	0.0	5.35166e-05
PWY-7663: gondoate biosynthesis (anaerobic)	0.00889332	0.00774596	0.00573439	0.0071906	0.00637588	0.00687328	0.00634812	0.00688961	0.00852782	0.0071382	0.00516967	0.00619	0.00689693	0.00716864	0.00502669	0.00594337	0.00529931	0.00575236	0.00839891	0.0071004	0.00839865	0.00718715	0.00483481	0.00700519	0.00840783	0.00550235	0.00645718	0.00537696	0.00627971	0.00514469	0.0059126	0.00571497	0.00434794	0.0061319	0.00587125	0.00516056	0.00366687	0.00586805	0.00512077	0.00716782	0.00726628	0.00771031	0.00701432	0.00244739	0.00539246	0.00598823	0.00613528	0.00537454	0.00664778	0.0052641	0.00723757	0.00608546	0.00555559	0.00673625	0.00603686	0.0075468	0.00604186	0.00617994	0.00795862	0.00639108	0.00643341	0.00767517	0.00719364	0.00732318	0.0054128	0.00707388	0.0061153	0.00846298	0.00541806	0.0063383	0.00616527	0.00583153	0.00792428	0.00538842	0.00472505	0.00503102	0.00690259	0.00696119	0.00542375	0.00825495	0.0102354	0.00602621	0.00633262	0.00579782	0.00629659	0.00810984	0.00652457	0.00686585	0.00694519	0.00676262	0.00667948	0.00609138	0.00815325	0.00684729	0.00747857	0.00830872	0.00865955	0.00573455	0.00661085	0.00379331	0.00691417	0.00958782	0.00706152	0.00657869	0.00596499	0.00473662	0.00831711	0.00881689	0.00776849	0.00634364	0.00928338	0.00809905	0.00447596	0.0050759	0.00810142	0.00632155	0.00722863	0.00595263	0.0072896	0.00676559	0.00782298	0.00678831	0.00710858	0.00766301
PWY-7664: oleate biosynthesis IV (anaerobic)	0.00259941	0.00248376	0.00183239	0.00234201	0.00221067	0.00455835	0.0049823	0.00379028	0.000984413	0.00484755	0.00110953	0.0059909	0.00503846	0.00136543	0.00159101	0.00130959	0.000730178	0.0029637	0.0036242	0.00338659	0.0024564	0.00296562	0.00445672	0.00124645	0.00263884	0.00492695	0.00582746	0.00498035	0.00554865	0.0029848	0.00153617	0.00252612	0.00185742	0.00185671	0.00049947	0.00490437	0.000274571	0.00080559	0.00426397	0.00278846	0.00250014	0.00283879	0.00453651	0.000562387	0.00144859	0.00234879	0.000246525	0.00439732	0.00162266	0.00410808	0.00409236	0.00276988	0.00121463	0.00335958	0.00141456	0.00552577	0.00142618	0.00191748	0.00284011	0.00394807	0.00217582	0.00294395	0.00474786	0.00323864	0.00217104	0.00420303	0.00335171	0.00184484	0.00209775	0.00479694	0.0043166	0.00182774	0.00270793	0.00335812	0.00197703	0.00247814	0.00218672	0.000908366	0.00305285	0.00467442	0.00226559	0.00147975	0.00145657	0.00199267	0.00230839	0.000537562	0.00166337	0.00237107	0.00114589	6.61602e-05	0.00278514	0.0046482	0.00310094	0.000812081	0.00177217	0.00125186	0.00201106	0.0044127	0.00175459	0.00178203	0.00197082	0.00161709	0.00203172	0.000899125	0.00355384	0.000251277	0.000638192	0.0057276	0.00273931	0.000624869	0.0036622	0.00173342	0.000361921	0.00288433	0.00225438	0.00247518	0.00114344	0.00511167	0.00189425	0.00333346	0.0048426	0.00628586	0.000862549	0.00394274
PWY-7688: dTDP-&alpha;-D-ravidosamine and dTDP-4-acetyl-&alpha;-D-ravidosamine biosynthesis	0.000942621	0.0	0.0	9.93413e-05	0.000204162	0.0	5.10948e-05	0.000360882	1.88295e-05	0.000608905	0.0	6.55929e-06	9.58231e-05	0.0	0.0	0.000221739	0.0	0.0	0.0	1.29783e-05	0.0185295	0.0	0.0	0.000133447	0.0	0.0	0.0	0.000108265	0.0	3.28414e-05	3.93478e-05	7.68024e-05	0.0	0.0	0.0	0.000506781	0.0	0.0	0.0	0.000761751	4.01271e-05	0.0	1.13865e-05	0.0	0.000152271	0.0	0.0	7.70355e-05	9.06721e-05	0.000541577	0.00205334	0.000113037	0.0	4.37872e-05	4.58657e-05	0.000292671	4.45819e-05	0.000108016	0.0	0.0	0.0	4.84614e-05	0.0	0.0	0.0001523	0.00284931	0.00159387	0.0	0.0	0.0	2.29331e-05	0.0	0.0	0.0	0.0	4.03013e-05	0.0	0.0	0.0	0.00184613	0.0	0.000383025	0.0	0.0	0.0	0.0	0.0	0.0	0.0	2.7353e-05	0.0	0.0	3.2212e-05	0.0	0.0	0.0	1.93803e-05	0.0	0.0	0.0	0.0	0.0	0.0	0.00012067	0.0	0.0	0.0	0.0	0.000140016	0.0	0.000113162	0.0	0.0	0.0	0.0	4.38558e-05	0.0	0.000136482	0.0	0.000717169	5.35344e-05	0.000554417	0.00042241	3.47207e-05
PWY-7723: bacterial bioluminescence	0.0	0.0	0.0	0.0	0.0	0.0	0.0	0.0	0.0	0.0	0.0	4.32811e-05	0.0	0.0	0.0	0.0	0.0	0.0	3.87703e-05	0.0	0.0	0.0	0.0	0.0	0.0	0.0	0.0	0.0	0.0	0.0	0.0	0.0	0.0	0.0	0.0	0.0	0.0	0.0	0.0	6.27959e-05	0.0	0.0	0.0	0.0	0.0	0.0	0.0	0.0	0.0	0.0	0.0	0.0	0.0	0.0	0.0	0.0	0.0	0.0	0.0	0.0	4.18944e-05	0.0	0.0	8.7825e-05	0.0	0.0	0.0	0.0	2.09077e-05	0.000417129	5.18628e-05	0.0	0.0	0.0	0.0	9.77889e-05	0.0	0.0	0.0	0.0	0.0	0.0	0.0	0.0	0.0	0.0	0.0	0.0	0.0	0.0	0.0	0.000270621	0.0	0.0	0.0	0.0	0.0	0.0	0.0	4.05681e-05	0.0	0.0	0.0	0.0	0.0	0.0	0.0	0.0	0.0	0.0	0.0	0.0	0.0	7.52259e-05	0.0	0.0	0.0	0.0	0.0	0.0	4.33937e-05	0.000148911	0.0	0.0
PWY-7731: superpathway of photosynthetic hydrogen production	0.0	0.0	0.0	0.0	0.0	0.0	0.0	0.0	0.0	0.0	0.0	2.76249e-06	0.0	0.0	0.0	0.0	0.0	0.0	0.0	0.0	0.0	0.0	0.0	0.0	0.0	0.0	0.0	0.0	0.0	0.0	0.0	0.0	0.0	0.0	0.0	0.0	0.0	0.0	0.0	0.0	0.0	0.0	0.0	0.0	0.0	0.0	0.0	0.0	0.0	0.0	0.0	0.0	0.0	0.0	0.0	0.0	0.0	0.0	0.0	0.0	0.0	0.0	0.0	0.0	0.0	0.0	0.0	0.0	0.0	0.0	0.0	0.0	0.0	0.0	0.0	0.0	0.0	0.0	0.0	0.0	0.0	0.0	0.0	0.0	0.0	0.0	0.0	0.0	0.0	0.0	0.0	0.0	0.0	0.0	0.0	0.0	0.0	0.0	0.0	0.0	0.0	0.0	0.0	0.0	0.0	0.0	8.23976e-06	0.0	0.0	0.0	0.0	0.0	0.0	0.0	0.0	0.0	0.0	0.0	0.0	0.0	0.0	0.0	0.0	0.0
PWY-7754: bile acid 7&alpha;-dehydroxylation	0.0	0.0	0.0	0.0	0.0	0.0	0.0	0.0	0.0	4.25953e-05	0.0	0.0	0.0	0.0	0.0	0.0	0.0	0.0	0.0	1.24467e-05	0.0	0.0	0.0	0.0	0.0	0.0	0.0	0.0	0.0	0.0	0.0	0.0	0.0	0.0	0.0	0.0	0.0	0.0	0.0	0.0	0.0	0.0	2.62031e-05	0.0	0.0	0.0	0.0	0.0	0.0	0.0	0.0	0.0	0.0	0.0	0.0	0.0	0.0	0.0	0.0	0.0	0.0	0.0	0.0	0.0	0.0	0.000118324	0.0	0.0	0.0	0.0	0.0	0.0	0.0	0.0	0.0	0.0	0.0	0.0	0.0	0.0	0.0	0.0	0.0	0.0	0.0	0.0	0.0	0.0	0.0	5.38092e-06	0.0	0.0	0.0	0.0	0.0	0.0	0.0	0.0	0.0	0.0	0.0	0.0	0.0	0.0	0.0	0.0	0.0	0.0	0.0	0.0	0.0	0.0	0.0	0.0	0.0	0.0	0.0	0.0	0.0	0.0	0.0	7.55888e-06	0.0	0.0
PWY-7761: NAD salvage pathway II (PNC IV cycle)	0.000667123	0.00243258	0.00258718	0.0029546	0.00234004	0.00280423	0.00267484	0.00147479	0.00236639	0.000516004	0.000321383	0.00304737	0.00164984	0.00332853	0.00167178	0.00330756	0.00231211	0.0024534	0.00194207	0.000748	0.000583434	0.000504704	0.00311088	0.00349745	0.00327385	0.00290297	0.0030182	0.00282726	0.00202514	0.00311159	0.00199533	0.00359849	0.00363487	0.0014124	0.00232574	0.00253991	0.00245878	0.00235265	0.00294345	0.00207403	0.00208199	0.0036316	0.00390565	0.000814389	0.00288508	0.0020253	0.00126509	0.00211628	0.000506489	0.00167721	0.00221785	0.00123426	0.000277652	0.000915822	0.0027	0.00146415	0.00280167	0.00255141	0.000792716	0.00116894	0.00142468	0.00147664	0.00103815	0.0029441	0.00126817	0.00179067	0.00218661	0.00174656	0.00244418	0.00281446	0.00247735	0.00221704	0.000690949	0.001035	0.00282586	0.00146996	0.00230084	0.00325241	0.00164651	0.00204667	0.000265414	0.00149084	0.00317452	0.00296384	0.00226051	0.00284208	0.000939333	0.00309905	0.00215729	0.0011964	0.000988684	0.00298215	0.000920994	0.00287465	0.0024783	0.00114265	0.00164852	0.00203077	0.00313496	0.00202405	0.00342803	0.00225096	0.000972466	0.00264914	0.00237451	0.00135468	0.00128665	0.00163445	0.00195243	0.00269226	0.000223524	0.00141546	0.00358331	0.0021682	0.00226548	0.00328263	0.00335285	0.00148724	0.00194764	0.00239712	0.00116882	0.00208128	0.00290457	0.00245192
PWY-7783: plasmalogen degradation	0.0	0.0	0.0	0.0	0.0	0.0	0.0	0.0	0.0	0.0	0.0	3.6696e-05	0.0	0.0	2.16486e-05	0.0	0.0	0.0	0.0	0.0	0.0	0.0	0.0	0.0	0.0	0.0	0.0	0.0	0.0	0.0	1.27443e-05	0.0	0.0	0.0	0.0	0.0	0.0	0.0	0.0	0.0	0.0	0.0	0.0	4.17708e-05	0.0	0.0	0.0	0.0	0.0	0.0	0.0	0.0	0.0	0.0	0.0	0.0	0.0	0.0	0.0	0.0	0.0	0.0	0.0	0.0	0.0	0.0	0.0	0.0	0.0	0.0	0.0	0.0	0.0	0.0	0.0	0.0	0.0	0.0	0.0	0.0	0.0	0.0	0.0	0.0	0.0	0.0	0.0	0.0	0.0	0.0	0.0	0.0	0.0	0.0	0.0	0.0	0.0	0.0	0.0	0.0	0.0	0.0	0.0	0.0	0.0	0.0	0.0	0.0	0.0	0.0	0.0	0.0	0.0	0.0	0.0	0.0	0.0	0.0	6.62076e-05	0.0	1.15631e-05	0.0	0.0	0.0
PWY-7784: reductive acetyl coenzyme A pathway II (autotrophic methanogens)	0.0	0.0	0.0	0.0	0.0	0.0	0.0	0.0	0.0	0.0	0.0	0.0	0.0	0.0	0.0	0.0	0.0	0.0	0.0	0.0	0.0	0.0	0.0	0.0	0.0	0.0	0.0	0.0	0.0	0.0	0.0	0.0	0.0	0.0	0.0	0.0	0.0	0.0	0.0	0.0	0.0	0.0	0.0	0.0	0.0	0.0	0.0	0.0	0.0	0.0	0.0	0.0	0.0	0.0	0.0	0.0	0.0	0.0	0.0	0.0	0.0	0.0	0.0	0.0	0.0	0.0	0.0	0.0	0.0	0.0	0.0	0.0	0.0	0.0	0.0	0.0	0.0	0.0	0.0	0.0	0.0	0.0	0.0	0.0	0.0	0.0	0.0	0.0	0.0	0.0	0.0	0.0	0.0	0.0	0.0	0.0	0.0	0.0	0.0	0.0	0.0	0.0	0.0	0.0	0.0	0.0	2.43252e-05	0.0	0.0	0.0	0.0	0.0	0.0	0.0	0.0	0.0	0.0	0.0	0.0	0.0	0.0	0.0	0.0	0.0
PWY-7790: UMP biosynthesis II	0.0124184	0.0131701	0.0149575	0.0104174	0.0119779	0.0147764	0.0046777	0.0131443	0.0111345	0.0101626	0.0151572	0.00864254	0.0120564	0.0137863	0.0111978	0.0130239	0.0154017	0.00721415	0.00816674	0.0115193	0.0094592	0.0110671	0.00721853	0.0138508	0.0119792	0.00910368	0.00789817	0.00745708	0.00869319	0.00606054	0.0119232	0.0133883	0.0115882	0.0127214	0.0154516	0.00686877	0.014656	0.0175319	0.0099545	0.0115483	0.0106015	0.0134064	0.0132058	0.0148732	0.0119224	0.0116267	0.0146541	0.00821688	0.0116181	0.00951716	0.0115338	0.0113025	0.01235	0.0114173	0.0131615	0.013494	0.0132748	0.010949	0.0116961	0.0108253	0.0111421	0.0112015	0.0111192	0.00927646	0.0109646	0.0100328	0.0115771	0.0109385	0.0110186	0.00574408	0.00897518	0.011789	0.0113482	0.0106926	0.0121541	0.0105257	0.0140146	0.0131551	0.0112989	0.0113586	0.0150716	0.0121435	0.0133558	0.0128432	0.011609	0.0123305	0.0110004	0.0114991	0.0141639	0.00963901	0.0117972	0.00518896	0.00975293	0.0134279	0.0122661	0.011527	0.0126472	0.00772486	0.0123041	0.0140366	0.0117983	0.0127893	0.0100598	0.0154852	0.0104195	0.0161267	0.0133607	0.0101525	0.0104304	0.00967137	0.0109867	0.0135149	0.0129947	0.0117056	0.010795	0.0120821	0.0137505	0.0108506	0.0114162	0.0104708	0.00959724	0.00650867	0.0117861	0.0104799
PWY-7791: UMP biosynthesis III	0.0124184	0.0131701	0.0149575	0.0104174	0.0119779	0.0147764	0.0046777	0.0131443	0.0111345	0.0101626	0.0151572	0.00864254	0.0120564	0.0137863	0.0111978	0.0130239	0.0154017	0.00721415	0.00816674	0.0115193	0.0094592	0.0110671	0.00721853	0.0138508	0.0119792	0.00910368	0.00789817	0.00745708	0.00869319	0.00606054	0.0119232	0.0133883	0.0115882	0.0127214	0.0154516	0.00686877	0.014656	0.0175319	0.0099545	0.0115483	0.0106015	0.0134064	0.0132058	0.0148732	0.0119224	0.0116267	0.0146541	0.00821688	0.0116181	0.00951716	0.0115338	0.0113025	0.01235	0.0114173	0.0131615	0.013494	0.0132748	0.010949	0.0116961	0.0108253	0.0111421	0.0112015	0.0111192	0.00927646	0.0109646	0.0100328	0.0115771	0.0109385	0.0110186	0.00574408	0.00897518	0.011789	0.0113482	0.0106926	0.0121541	0.0105257	0.0140146	0.0131551	0.0112989	0.0113586	0.0150716	0.0121435	0.0133558	0.0128432	0.011609	0.0123305	0.0110004	0.0114991	0.0141639	0.00963901	0.0117972	0.00518896	0.00975293	0.0134279	0.0122661	0.011527	0.0126472	0.00772486	0.0123041	0.0140366	0.0117983	0.0127893	0.0100598	0.0154852	0.0104195	0.0161267	0.0133607	0.0101525	0.0104304	0.00967137	0.0109867	0.0135149	0.0129947	0.0117056	0.010795	0.0120821	0.0137505	0.0108506	0.0114162	0.0104708	0.00959724	0.00650867	0.0117861	0.0104799
PWY-7805: (aminomethyl)phosphonate degradation	0.0	0.0	0.0	5.93172e-05	0.0	0.0	0.00112526	0.0	1.42988e-05	6.88616e-05	0.0	0.00025053	8.35924e-05	0.0	0.0	0.0	0.0	0.000594357	6.68863e-05	0.0	0.0	0.0	0.000428372	0.0	0.0	0.0	0.000491369	0.000438669	0.000273754	0.000300022	0.0	0.0	0.0	0.0	0.0	0.000569396	0.0	0.0	0.000123199	4.0592e-05	0.000125251	0.0	0.0	0.0	0.0	0.0	0.0	0.000427862	0.0	0.00014578	0.0	0.0	0.0	0.0	0.0	0.0	0.0	0.0	0.0	0.0	0.0	0.0	0.0	1.0107e-05	0.0	6.1956e-05	4.03921e-05	0.0	0.0	0.00012495	0.000220134	0.0	3.07074e-05	0.0	0.0	2.56331e-05	0.0	0.0	9.17146e-05	8.51148e-05	0.0	0.0	0.0	0.0	0.0	3.05622e-05	0.0	0.0	0.0	0.0	6.6589e-05	6.60435e-05	0.0	0.0	0.0	0.0	0.0	0.000312581	4.07141e-05	0.0	0.0	0.0	8.8364e-05	0.0	9.94485e-05	0.0	0.0	0.0	8.54359e-05	0.0	3.00632e-05	0.0	0.0	4.8018e-05	0.0	0.0	0.0	0.0	0.0	0.0	0.0	0.000240064	0.0	0.0
PWY-7807: glyphosate degradation III	0.0	0.0	0.0	6.14942e-05	0.0	0.0	0.00113974	0.0	2.08956e-05	0.000131038	0.0	0.000505509	0.000176596	0.0	0.0	0.0	0.0	0.000623696	7.07811e-05	0.0	0.0	5.33904e-05	0.000436518	0.0	0.0	0.0	0.000505675	0.000435636	0.00026934	0.00028311	0.0	0.0	0.0	0.0	0.0	0.0005623	0.0	0.0	0.000113624	5.38339e-05	0.000149684	0.0	0.0	0.0	0.0	0.0	0.0	0.000432461	0.0	0.000163326	0.0	0.0	0.0	0.0	0.0	0.0	0.0	0.0	0.0	0.0	0.0	0.0	0.0	0.000132522	0.0	8.10388e-05	4.11993e-05	0.0	0.0	0.000118596	0.000215063	0.0	4.26115e-05	0.0	0.0	0.000123328	0.0	0.0	0.00013139	0.000111817	0.0	0.0	0.0	0.0	0.0	4.87854e-05	0.0	0.0	0.0	0.0	6.73329e-05	5.913e-05	0.0	0.0	4.56082e-05	0.0	0.0	0.000310222	3.99404e-05	7.17785e-05	0.0	0.0	8.40601e-05	0.0	9.12647e-05	0.0	0.0	0.0	9.55464e-05	0.0	4.21264e-05	0.0	0.0	4.82872e-05	0.0	0.0	0.0	0.0	0.000116819	0.0	0.0	0.000237213	0.0	2.95904e-05
PWY-7820: teichuronic acid biosynthesis (B. subtilis 168)	0.0	0.0	0.0	1.42089e-05	0.0	0.0	0.0	9.84435e-05	0.0	6.98715e-05	0.0	0.0	0.0	0.0	0.0	0.0	0.0	1.94371e-05	0.0	0.0	0.0	0.000287443	0.0	0.0	0.0	2.67618e-05	0.0	0.0	0.000273547	0.0	0.0	0.0	0.0	0.0	0.0	3.0376e-05	0.0	0.0	0.0	3.5464e-05	0.0	0.0	0.0	0.0	1.48419e-05	0.0	0.0	0.0	0.0	0.0	0.0	0.0	0.0	0.0	0.0	0.0	0.0	0.0	0.0	0.0	0.0	4.81936e-06	0.0	0.0	0.0	0.0	0.0	0.0	0.0	0.0	2.00953e-05	0.0	0.0	0.0	0.0	0.0	0.0	0.0	0.0	0.0	0.0	0.0	0.0	0.0	0.0	0.0	4.17706e-05	0.0	0.0	0.0	0.0	0.0	0.0	0.0	0.0	0.0	0.0	0.0	0.0	0.0	0.0	0.0	0.0	0.0	0.0	0.0	0.0	0.0	0.0	0.0	0.0	0.0	0.0	2.07835e-05	0.0	0.0	0.0	0.0	0.0	0.0	0.0	0.0	0.0	3.932e-05
PWY-7851: coenzyme A biosynthesis II (eukaryotic)	0.00974077	0.0103265	0.010557	0.0083015	0.00859086	0.0109102	0.00351573	0.00978121	0.00983418	0.00848755	0.00831404	0.00668588	0.00930435	0.00890584	0.00858915	0.00741268	0.00700123	0.00594945	0.00719567	0.00923231	0.0073258	0.008534	0.005138	0.00835921	0.00920674	0.00483398	0.00530077	0.00572507	0.00670905	0.00337252	0.00901418	0.0074642	0.0104878	0.0109415	0.00711941	0.00570515	0.00926108	0.00658353	0.00522331	0.00889205	0.0085741	0.00964263	0.00962671	0.010109	0.00951947	0.00913414	0.0108466	0.0057154	0.00936155	0.00725959	0.00824237	0.00888186	0.00965505	0.00879124	0.0115424	0.0102692	0.0105072	0.00933766	0.0087573	0.00837522	0.00910219	0.00786493	0.00878146	0.00786877	0.00964237	0.00812085	0.00717453	0.00927355	0.00931012	0.00462557	0.00679973	0.00859081	0.00935354	0.00780868	0.00906298	0.0087511	0.0110819	0.00794855	0.00812585	0.00938253	0.0126178	0.00959009	0.00812807	0.00598313	0.00967646	0.00780969	0.00897783	0.00742632	0.00786187	0.00846756	0.00962882	0.00442376	0.00858175	0.0116416	0.00976538	0.00893314	0.0105858	0.00605971	0.00960905	0.00655783	0.00731036	0.0109754	0.00819371	0.00754245	0.00514434	0.00765338	0.0111362	0.00826576	0.00850638	0.00812314	0.00942562	0.0103478	0.0101826	0.0066715	0.00870637	0.00770013	0.00821346	0.00788632	0.00893289	0.00809764	0.00844894	0.00548709	0.00891515	0.00721081
PWY-7858: (5Z)-dodecenoate biosynthesis II	0.0	0.0	0.000906978	0.000118454	0.000185372	0.0	0.00200589	0.0	0.0	0.000158753	0.0	0.00118587	0.000263895	0.0	0.0	0.0	0.000328101	0.000901192	0.000315242	0.0	0.000355915	6.99394e-05	0.00186789	0.0	0.0	0.00140359	0.00145308	0.00130637	0.000672668	0.00160956	0.000168802	0.0	0.0	0.0	6.04692e-05	0.00148424	7.51137e-05	0.0	0.000894923	0.0	0.000240984	0.0	0.0	0.000145575	0.0	0.000132175	0.00010124	0.000878824	8.87892e-05	0.000367282	0.000103264	3.5269e-05	0.0	6.84159e-05	0.0	0.0	0.0	0.0	0.0	7.85873e-05	0.000345717	0.000124996	0.000187004	0.000394944	0.000222874	9.1959e-05	9.43518e-05	0.0	0.000244484	0.00138058	0.000540435	0.0	3.11861e-05	0.000145825	0.0	0.000146567	0.0	3.57435e-05	0.00016653	0.000386898	9.73281e-05	0.0	0.0	0.000306255	0.0	3.77378e-05	0.000612329	0.000166796	0.0	0.0	0.000196021	0.00153175	8.63003e-05	0.0	0.000592855	0.000213344	0.00134604	0.0010237	0.000158948	8.06674e-05	9.21631e-05	0.0	0.000268467	0.000238549	0.00117779	0.000163223	2.1565e-05	0.0	0.000115149	0.000112072	8.60874e-05	0.000155269	7.12571e-05	0.000324729	0.000237643	0.000179219	0.0	0.0	0.000177494	0.000147414	0.000184599	0.00122141	0.0	0.00142515
PWY-7873: D-erythronate degradation II	0.0	0.0	0.0	0.0	0.0	0.0	0.000373179	0.0	0.0	0.0	0.0	0.000175446	0.0	0.0	0.0	0.0	0.0	0.0	5.85579e-05	0.0	0.0	0.0	0.0001167	0.0	0.0	0.000144904	0.000116988	0.0	8.48956e-05	0.00026136	0.0	0.0	0.0	0.0	0.0	2.42061e-05	0.0	0.0	0.0	0.0	0.0	0.0	0.0	0.0	0.0	0.0	0.0	0.000245191	0.0	2.80468e-05	0.0	0.0	0.0	0.0	0.0	0.0	0.0	0.0	0.0	0.0	0.0	0.0	0.0	0.0	0.0	0.0	0.0	0.0	0.0	9.36341e-05	9.86321e-05	0.0	0.0	0.0	0.0	0.0	0.0	0.0	0.0	3.72452e-05	0.0	0.0	0.0	0.0	0.0	0.0	0.0	0.0	0.0	0.0	0.0	6.86694e-05	0.0	0.0	0.0	0.0	0.0	0.000191392	0.0	0.0	9.24532e-06	0.0	2.96741e-05	0.0	9.83704e-05	0.0	0.0	0.0	0.0	0.0	0.0	0.0	0.0	2.54984e-05	0.0	0.0	0.0	0.0	0.0	0.0	2.13496e-05	0.0	0.0	0.0
PWY-7874: L-threonate degradation	0.0	0.0	0.0	0.0	0.0	0.0	0.000542168	0.0	0.0	1.48794e-05	0.0	0.000183382	4.26713e-05	0.0	0.0	0.0	0.0	0.0	5.85579e-05	0.0	0.0	0.0	0.000173562	0.0	0.0	0.000186501	0.000149876	0.0	0.000105372	0.000435588	0.0	0.0	0.0	0.0	0.0	5.57819e-05	0.0	0.0	0.0	0.0	2.14297e-05	0.0	0.0	0.0	0.0	0.0	0.0	0.000245191	1.59917e-05	3.67896e-05	0.0	0.0	0.0	0.0	0.0	0.0	0.0	0.0	0.0	0.0	0.0	0.0	0.0	3.26919e-05	0.0	0.0	2.08529e-05	0.0	0.0	0.00014482	0.000101674	0.0	0.0	0.0	0.0	3.34791e-05	0.0	0.0	0.0	3.72452e-05	0.0	0.0	0.0	1.19111e-05	0.0	1.0557e-05	2.65582e-05	0.0	0.0	0.0	0.0	0.000227529	0.0	0.0	1.76527e-05	0.0	0.0	0.000191392	0.0	0.0	1.72471e-05	0.0	2.96741e-05	0.0	9.83704e-05	0.0	0.0	0.0	2.38917e-05	0.0	5.35604e-06	0.0	0.0	3.70044e-05	0.0	0.0	0.0	0.0	0.0	0.0	4.57847e-05	0.0	0.0	4.56092e-05
PWY-7883: anhydromuropeptides recycling II	0.000683902	0.000475616	0.000615982	2.93801e-05	0.000492723	0.0	0.000792026	0.000199351	0.00109123	0.000135675	0.000234264	0.000765298	0.000494579	0.000464652	0.000562364	0.000132518	0.000185802	0.000155512	0.00024991	0.000576078	0.000369649	0.000543259	0.000733528	0.000514301	0.0	0.000488389	0.000581406	0.000124146	0.000720386	0.000524789	0.000682253	0.0	8.22239e-05	0.000416026	0.000385331	0.000738779	9.88877e-05	0.000158687	0.000206467	0.00052312	0.000897315	0.0	5.06842e-05	0.0	6.18374e-05	0.000287842	0.000419155	0.000250838	0.000173342	0.000641729	0.000357606	0.000188822	0.000495124	0.000532833	0.000473498	0.000182698	0.000389798	0.000435556	0.000199142	0.0	0.00068591	0.000326157	0.000853484	0.0011822	0.000463304	0.000496597	6.52523e-05	0.000573626	0.000331358	0.00118088	0.000388575	0.000310117	0.000348908	0.0	0.000465652	0.000372457	0.0	4.97591e-05	0.000455874	0.000383455	0.000150978	0.000729408	0.00056419	0.000347	0.0	0.000299061	0.000942357	0.000377139	0.000160651	0.0	4.65243e-05	0.000462751	1.0657e-05	0.0	0.000378627	0.000549998	0.00122693	0.000286586	0.000341309	2.42629e-05	0.000312188	0.0	0.000352203	0.000480475	0.000605033	0.000759661	0.00018912	0.000805565	0.000412712	3.62058e-05	0.000112219	0.000379098	0.000154751	0.000243143	0.000955603	3.20955e-05	0.000230173	0.000189492	0.000727931	0.000524189	0.000520195	0.000854953	0.000419897	0.000906205
PWY-7942: 5-oxo-L-proline metabolism	0.0	0.00075209	3.19875e-05	0.000100558	0.000262101	8.4324e-05	0.000513599	0.0	0.0	0.000144509	0.0	0.000551278	0.000163343	0.0	0.000195301	0.0	0.0	0.000990291	0.000196641	0.0	0.000113713	6.84989e-05	0.000949173	0.0	0.0	0.000589023	0.000470298	0.000800757	0.000362643	0.00129578	3.9373e-05	0.0	0.000131098	0.0	0.0	0.000815018	0.0	0.0	0.000439222	6.92415e-05	0.000147119	0.0	3.85292e-05	0.000114817	0.000727066	2.37457e-05	0.0	0.000702324	4.83106e-05	0.000381544	0.0	0.0	0.0	0.000109092	0.0	0.0	0.0	0.0	0.0	0.0	0.000572844	0.0	0.0	0.000146256	0.000183772	0.000107734	0.000275183	0.0	0.000142876	0.00118248	0.000453548	1.26471e-05	9.49042e-05	0.0	1.81386e-05	0.00014285	0.0	0.0	0.000412697	6.82767e-05	0.000296168	0.0	0.0	0.0	0.0	3.95622e-05	0.0	0.00010398	0.0	0.0	0.000155195	0.00123593	0.000147596	0.0	0.00122515	0.000126699	0.0	0.00079687	0.000686245	0.000320017	8.97677e-05	0.00143338	0.000176652	0.0	0.000649181	7.60681e-05	0.000540928	0.0	0.000130978	0.0	2.4893e-05	0.0	0.0	0.000724301	0.00022396	8.17176e-05	0.0	0.0	4.90168e-05	0.0	0.000284796	0.000874594	0.0	0.000235715
PWY-7948: 4-oxopentanoate degradation	0.0	0.0	0.0	0.0	0.0	0.0	0.0	0.0	0.0	0.0	0.0	0.0	0.0	0.0	0.0	0.0	0.0	0.0	0.0	0.0	0.0	0.0	0.0	0.0	0.0	0.0	0.0	0.0	0.0	2.051e-05	0.0	0.0	0.0	0.0	0.0	0.0	0.0	0.0	0.0	0.0	0.0	0.0	0.0	0.0	0.0	0.0	0.0	0.0	0.0	0.0	0.0	0.0	0.0	0.0	0.0	0.0	0.0	0.0	0.0	0.0	0.0	0.0	0.0	0.0	0.0	0.0	0.0	0.0	0.0	0.0	0.0	0.0	0.0	0.0	0.0	0.0	0.0	0.0	0.0	0.0	0.0	0.0	0.0	0.0	0.0	0.0	0.0	0.0	0.0	0.0	0.0	0.0	0.0	0.0	0.0	0.0	0.0	0.0	0.0	0.0	0.0	0.0	0.0	0.0	0.0	0.0	0.0	0.0	0.0	0.0	0.0	0.0	0.0	0.0	0.0	0.0	0.0	0.0	0.0	0.0	0.0	0.0	0.0	0.0
PWY-7953: UDP-N-acetylmuramoyl-pentapeptide biosynthesis III (meso-diaminopimelate containing)	0.0111005	0.0116118	0.014236	0.0107767	0.00966113	0.0122405	0.00537181	0.0116714	0.0117229	0.00966157	0.0171805	0.00855555	0.0100511	0.0128207	0.0102818	0.0129529	0.0132663	0.00703109	0.00797687	0.0100002	0.00917574	0.00980674	0.0073412699999999	0.0111265	0.0113034	0.00799543	0.00756694	0.00756109	0.0084094	0.00682553	0.00995368	0.0131381	0.0138866	0.0115242	0.0139678	0.00726102	0.013096	0.0146576	0.0100016	0.0107758	0.0104396	0.0122236	0.011432	0.0100893	0.0136557	0.0102709	0.0146852	0.00769482	0.0106257	0.00800198	0.00995243	0.00952978	0.00997108	0.0101536	0.0165851	0.0120192	0.01196	0.0104829	0.0105945	0.00946614	0.00927547	0.0101586	0.00961484	0.00883592	0.0104134	0.00970641	0.0105813	0.0102633	0.0107091	0.00557165	0.00774516	0.0103886	0.0100974	0.00843617	0.0118682	0.00913907	0.0120731	0.0113589	0.0101626	0.0106385	0.012469	0.0108795	0.0125672	0.0117149	0.010955	0.011218	0.00956187	0.0109004	0.0127606	0.00957835	0.0111046	0.00631369	0.00938075	0.0121227	0.0121671	0.0110054	0.0115841	0.00749428	0.0110639	0.0127365	0.0106367	0.0122151	0.00923418	0.0130409	0.00982604	0.0141928	0.0125595	0.00964375	0.0104861	0.00879561	0.010502	0.0123397	0.0130826	0.0106857	0.0111238	0.0113339	0.0123045	0.00973576	0.00996111	0.0094194	0.00948661	0.00634109	0.0105498	0.00864256
PWY-7977: L-methionine biosynthesis IV	0.011128	0.00985292	0.0108385	0.00815995	0.00883325	0.00806019	0.00622441	0.00918297	0.009773	0.00933532	0.00779415	0.00753664	0.00907082	0.01207	0.00865639	0.0104647	0.0113161	0.00583903	0.00812873	0.00893142	0.0102881	0.00891513	0.00648807	0.0112292	0.00948466	0.00767461	0.00692785	0.00690101	0.00759058	0.00638838	0.0078287	0.00932355	0.0072519	0.00898975	0.0124541	0.00651077	0.00874653	0.0139489	0.00882339	0.00879052	0.00904502	0.00954572	0.00888231	0.00788127	0.00852103	0.00780199	0.012438	0.00702927	0.00877363	0.00699186	0.00861233	0.00873609	0.00762354	0.00879677	0.00853705	0.00995107	0.0102426	0.00800927	0.0097438	0.00926777	0.00824519	0.00927933	0.00853932	0.00857309	0.00664823	0.00718662	0.00843678	0.00911442	0.00829812	0.00703484	0.00756257	0.00839521	0.00969232	0.00870096	0.00705969	0.00831569	0.00806293	0.0103543	0.00868276	0.00903902	0.0129098	0.00853829	0.0100366	0.0128428	0.00772048	0.0115947	0.00839478	0.0111854	0.01206	0.00923174	0.00982937	0.00583505	0.00909525	0.00914508	0.0102158	0.0104992	0.00781336	0.00597027	0.00842977	0.00894889	0.010482	0.0113306	0.008484	0.0126152	0.0096299	0.0116778	0.0106299	0.00870716	0.00925747	0.00693393	0.010841	0.00928798	0.00734515	0.0101981	0.0103849	0.00928209	0.0121227	0.00764331	0.00810345	0.0073977	0.00900322	0.00658675	0.00927437	0.00846105
PWY-7992: superpathway of menaquinol-8 biosynthesis III	0.0	0.00020981	8.77428e-05	0.000810858	0.000598006	0.0	0.0	0.0	0.000412539	0.000637662	0.000967504	7.02954e-05	0.000155651	0.00127196	0.000215858	0.0	0.0001616	0.0	0.0	0.0012324	0.000460514	0.0	0.000455628	0.0	0.000537323	4.87662e-05	0.00046505	0.0	0.000153016	0.0	0.000210619	0.0	0.000586041	0.0	3.13802e-05	0.000155912	0.00053966	0.0009875	0.0	0.000134988	0.000452612	0.0	0.000231286	0.0	0.0	0.0	0.000681375	0.000289085	0.000377955	0.0	0.0	0.000182869	0.000240827	0.000111236	0.00129792	0.00172543	0.000428337	0.000328828	0.000290222	0.0	0.0	0.000246484	0.0	0.000217042	0.000196825	0.0	9.40438e-05	0.0	0.0	0.000406746	0.0	0.000158119	0.0	0.0	0.000171433	0.000395468	0.0	0.0	0.00117269	0.00114747	0.0	0.000330187	0.0	0.0	8.39889e-05	0.0	0.0	0.000702547	0.000112418	0.00060867	0.0	0.0	0.0	0.0	0.000239607	0.000345252	0.000182038	6.55618e-05	7.83489e-05	0.000264317	0.000879398	0.000187825	0.0	0.000345609	0.0	0.00011978	0.0	0.0	0.00106349	4.22061e-05	0.0	0.0	0.000312405	0.000553422	0.000647565	0.0	0.0	0.000546211	0.00142462	0.00147463	0.000918364	0.0	0.00163584	0.0
PWY-8004: Entner-Doudoroff pathway I	0.00214018	0.00247907	0.000900975	0.00146942	0.002637	0.00270507	0.00319493	0.0015063	0.00150156	0.00295383	0.00144611	0.0019897	0.00205299	0.00166753	0.0028424	0.00189799	0.00106503	0.00208359	0.00303088	0.00190405	0.00530854	0.00211369	0.00236695	0.00181514	0.00285091	0.00257095	0.00269243	0.00224988	0.0021242	0.00281914	0.0020206	0.00234993	0.00156058	0.00206662	0.000878078	0.00221006	0.000686556	0.00146427	0.00198021	0.00181971	0.00326716	0.00165597	0.00179698	0.000414005	0.00170553	0.0021099	0.00137233	0.00271493	0.00162445	0.00216519	0.00250625	0.0028634	0.00188823	0.00175137	0.00162369	0.0020981	0.00169153	0.00292388	0.00200803	0.00250479	0.00292302	0.00156599	0.00224691	0.0024796	0.00203747	0.0015078	0.00251445	0.0019617	0.00215334	0.00346272	0.00191164	0.0021227	0.00190928	0.00370514	0.00267785	0.00210511	0.00228984	0.00129761	0.00190852	0.00135059	0.00102302	0.00248901	0.00184987	0.00167314	0.00316501	0.000993184	0.0024858	0.00118987	0.00130211	0.00173505	0.00174036	0.00289379	0.00102554	0.00231622	0.00181935	0.00165984	0.00146739	0.00282188	0.00310213	0.00179477	0.00110094	0.00172903	0.0018073	0.00106317	0.00210993	0.0011443	0.00159727	0.00130238	0.00274076	0.00163623	0.00156647	0.00303774	0.00210658	0.00206341	0.00162297	0.00205076	0.00195808	0.00219935	0.00185343	0.00168616	0.00169023	0.00291894	0.0025301	0.00206293
PWY-801: homocysteine and cysteine interconversion	0.0	5.08525e-05	0.0	7.2818e-05	0.0	0.0	0.000110438	0.0	2.33479e-05	9.25329e-05	0.0	0.000525972	0.000198222	0.0	3.34234e-05	0.0	0.0	0.000463258	7.84911e-05	0.0	0.00010909	7.11646e-05	0.000447854	0.0	3.86373e-05	0.000613681	0.000673811	0.000298851	0.000279605	0.000403859	0.0	0.0	0.0	0.0	0.0	0.000758909	0.0	0.0	0.000427008	0.000276824	0.000130877	8.05822e-05	3.48262e-05	0.0	0.0	1.60557e-05	0.0	0.000573133	4.2187e-05	0.000295061	0.0	0.0	0.0	4.81492e-05	2.87942e-05	0.0	0.0	3.0462e-05	0.0	0.0	0.0	9.94751e-06	0.0	0.000129404	0.000163847	0.0	9.84802e-05	1.23215e-05	0.0	0.000572985	0.0005439	1.41702e-05	2.22784e-05	0.0	0.0	8.8291e-05	0.0	0.0	0.000132216	0.000155415	0.0	2.39349e-05	0.0	1.62428e-05	0.0	2.8537e-05	0.0	9.09266e-05	0.0	0.000538324	0.000329468	0.000494918	4.3245e-05	0.0	7.73602e-05	0.0	0.0	8.14827e-05	2.07634e-05	0.000125413	0.000113583	1.0094e-05	0.000110557	0.0	0.000303985	0.000117802	0.0	0.0	0.000142201	0.000114731	2.45181e-05	1.76673e-05	6.19847e-05	0.000176732	0.000104262	0.000253925	0.0	0.000205022	0.000160428	0.0	0.000159609	0.000105554	0.0	0.000184357
PWY-8073: lipid IVA biosynthesis (P. putida)	0.00356237	0.00213738	0.00097619	0.00475149	0.00222523	0.0	0.00403326	0.0013541	0.00303619	0.00179549	0.000855491	0.00207882	0.00194925	0.000809781	0.00178269	0.00107381	0.000178714	0.00176272	0.0016764	0.00498529	0.000911738	0.00158233	0.00298293	0.00154431	0.002311	0.00232205	0.00260541	0.00319159	0.003478	0.00346817	0.00174573	0.00108539	0.00137582	0.000705826	0.000802894	0.00321599	0.00033965	0.0007023	0.00323482	0.00178138	0.00251762	0.000964992	0.00134233	0.00130273	0.00203169	0.0020347	0.00100082	0.0030772	0.00262084	0.00229564	0.00342853	0.00350139	0.0025855	0.00229155	0.00169022	0.00094714	0.00136061	0.00125689	0.00146179	0.00242316	0.00308531	0.00227997	0.00237656	0.00185836	0.00105506	0.00350245	0.000584411	0.00445216	0.00275289	0.0039548	0.00164578	0.00137097	0.00373233	0.00174576	0.00129435	0.0013868	0.0012709	0.00087234	0.000956614	0.00322772	0.0011202	0.0032635	0.00137184	0.00056983	0.00238429	0.00261422	0.00261934	0.00116845	0.000828008	0.00205022	0.00138195	0.00324029	0.00354186	0.0013975	0.000915402	0.00473222	0.00129452	0.00271572	0.00118439	0.00128765	0.000873768	0.00328817	0.0046055	0.000614099	0.00210973	0.00078608	0.00205587	0.00323485	0.00137969	0.0041659	0.00441061	0.00183684	0.00163259	0.00126738	0.00294664	0.00086929	0.00172399	0.000551084	0.00158683	0.00217262	0.00238712	0.00281227	0.00356932	0.00196017
PWY-8086: (S)-lactate fermentation to propanoate, acetate and hydrogen	0.0	0.0	0.0	5.39751e-06	0.0	0.0	0.000187676	0.0	0.0	0.0	0.0	0.0	0.0	0.0	0.0	0.0	0.0	0.000261351	4.66553e-05	0.0	0.0	0.0	0.00030145	0.0	0.0	0.0	0.0	0.00026456	0.0	0.000153211	0.0	0.0	0.0	0.0	0.0	0.000140912	0.0	0.0	0.00018005	2.60741e-05	0.0	0.0	0.0	0.0	0.0	0.0	0.0	0.000358677	2.04801e-05	0.0	0.0	1.59161e-05	0.0	4.64218e-05	0.0	0.0	0.0	0.0	0.0	0.0	0.0	0.0	0.0	0.0	0.0	0.0	0.0	0.0	0.0	0.000219717	0.000134256	0.0	0.0	0.0	0.0	0.0	0.0	0.0	3.93463e-05	1.68484e-05	0.0	0.0	0.0	0.0	0.0	0.0	0.0	7.791e-05	0.0	0.0	0.0	5.44188e-05	1.14149e-05	0.0	0.0	0.0	0.0	0.000285079	6.59164e-06	0.000119485	0.000102599	0.0	0.0	0.0	0.000168001	0.0	0.0	0.0	0.0	0.0	0.0	0.0	0.0	0.000122777	0.0	0.0	0.0	0.0	0.0	0.0	8.33694e-05	0.000169097	0.0	0.0
PWY-8112: factor 420 biosynthesis I (archaea)	0.0	0.00014371	0.0	0.0	0.0	0.0	0.0	6.10602e-05	0.0	0.0	0.000193458	1.53318e-05	8.25796e-06	0.0	0.0	0.0	0.0	0.0	0.0	0.0	0.0	0.0	0.0	0.0	0.0	0.0	0.0	0.0	0.0	1.08605e-05	0.0	6.18082e-05	6.27643e-05	0.0	0.0	0.0	7.65667e-05	0.0	0.0	0.0	0.0	0.0	0.0	0.0	0.000150106	0.0	0.0	0.0	0.0	0.0	0.0	0.0	0.0	0.0	0.0	0.0	0.0	0.0	0.0	0.0	0.0	0.0	0.0	0.0	0.0	0.0	4.59927e-05	2.2958e-05	0.0	0.0	0.0	0.0	0.0	0.0	1.33054e-05	0.0	0.0	0.0	0.0	0.0	0.0	0.0	0.0	0.0	0.0	0.0	0.0	0.0	0.0	0.0	0.0	0.0	0.0	0.0	4.242e-05	0.0	0.0	0.0	0.000161327	8.93324e-05	0.0	1.57571e-05	0.0	0.0	0.0	0.0	8.23838e-06	0.0	0.0	0.0	0.0	0.0	0.0	1.43605e-05	0.0	0.0	0.0	0.0	0.0	0.0	0.0	0.0	0.0	0.0
PWY-8113: 3PG-factor 420 biosynthesis	0.0	0.000108956	0.0	0.0	0.0	0.0	0.0	5.47427e-05	0.0	0.0	0.000151499	1.53318e-05	0.0	0.0	0.0	0.0	0.0	0.0	0.0	0.0	0.0	0.0	0.0	0.0	0.0	0.0	0.0	0.0	0.0	9.05044e-06	0.0	5.20625e-05	5.77303e-05	0.0	0.0	0.0	7.65667e-05	0.0	0.0	0.0	0.0	0.0	0.0	0.0	0.000150106	0.0	0.0	0.0	0.0	0.0	0.0	0.0	0.0	0.0	0.0	0.0	0.0	0.0	0.0	0.0	0.0	0.0	0.0	0.0	0.0	0.0	4.06388e-05	2.28336e-05	0.0	0.0	0.0	0.0	0.0	0.0	1.33054e-05	0.0	0.0	0.0	0.0	0.0	0.0	0.0	0.0	0.0	0.0	0.0	0.0	0.0	0.0	0.0	0.0	0.0	0.0	0.0	4.242e-05	0.0	0.0	0.0	0.000161327	7.70724e-05	0.0	1.42167e-05	0.0	0.0	0.0	0.0	8.23838e-06	0.0	0.0	0.0	0.0	0.0	0.0	1.43605e-05	0.0	0.0	0.0	0.0	0.0	0.0	0.0	0.0	0.0	0.0
PWY-8125: mevalonate pathway IV (archaea)	0.0	0.0	0.0	0.0	0.0	0.0	0.0	0.0	0.0	0.0	0.0	3.04718e-05	0.0	0.0	0.0	0.0	0.0	0.0	0.0	0.0	0.0	0.0	0.0	0.0	0.0	0.0	1.9468e-05	0.0	0.0	0.0	0.0	0.0	0.0	0.0	0.0	0.0	0.0	0.0	0.0	0.0	0.0	0.0	0.0	0.0	0.0	0.0	0.0	0.0	0.0	0.0	0.0	0.0	0.0	0.0	0.0	0.0	0.0	0.0	0.0	0.0	0.0	0.0	0.0	0.0	0.0	0.0	0.0	0.0	0.0	0.0	0.0	0.0	0.0	0.0	0.0	0.0	0.0	0.0	0.0	0.0	0.0	0.0	0.0	0.0	0.0	0.0	0.0	0.0	0.0	0.0	0.0	0.0	0.0	0.0	5.93863e-05	0.0	0.0	0.0	0.0	4.63665e-05	0.0	0.0	0.0	0.0	0.0	0.0	8.88084e-06	0.0	0.0	0.0	0.0	0.0	0.0	0.0	0.0	0.0	0.0	0.0	0.0	0.0	0.0	0.0	0.0	0.0
PWY-8131: 5'-deoxyadenosine degradation II	0.00028997	0.000180073	0.000172743	0.00134648	0.000218891	0.000216146	0.000214833	0.00065962	0.000665376	0.000978541	0.000262388	0.000298635	0.000317608	0.000213191	0.000539277	0.00011552	0.000174542	0.00222873	0.000629986	0.000424502	0.000821476	0.000661065	0.00077481	0.000221893	7.66977e-05	0.0	0.000238862	0.00101464	0.000493281	6.38885e-05	0.000332595	0.000166464	0.000482865	0.0	9.96253e-05	0.000128551	0.000204586	0.000128341	5.8543e-05	0.000181811	0.00035235	0.000189455	0.000422233	0.00199527	0.000156517	9.32966e-05	0.000677165	0.000615477	0.000327573	0.000239096	0.000296665	0.000431934	0.000972121	0.000338224	0.000357557	0.000716395	0.000223832	0.000331994	0.000735373	0.000389696	0.000276395	0.000204771	0.00100314	0.000451543	0.00032037	0.00197786	0.000384474	0.000405842	0.000225888	0.00122101	0.000223609	0.000568676	0.000212942	0.000551903	0.000169173	0.000727462	0.000294076	0.000446732	0.000402398	0.000536646	0.000198093	0.000347423	0.00030218	0.000356902	0.000209409	0.000790249	0.000479951	0.000148836	0.000381755	0.000424544	0.00107254	0.000509909	0.0007233539999999	0.000195129	0.000640398	0.000425523	0.00038937	0.00160637	0.000377162	0.000181173	0.00025074	7.16668e-05	0.000367424	0.000634659	0.000533671	2.90236e-05	0.000168145	0.000358085	0.000435938	0.000370305	0.000175904	0.000226874	0.000492729	0.00056744	0.000104287	0.000383298	0.00016182	0.000885329	0.000312709	0.000465024	0.000218327	0.000931738	0.000229563	0.000264735
PWY-8134: bile acid 7&beta;-dehydroxylation	0.0	0.0	0.0	0.0	0.0	0.0	0.0	0.0	3.01057e-06	4.05669e-05	0.0	0.0	0.0	0.0	0.0	0.0	0.0	0.0	0.0	1.13504e-05	0.0	0.0	0.0	0.0	0.0	0.0	0.0	0.0	0.0	0.0	0.0	0.0	0.0	0.0	0.0	0.0	0.0	0.0	0.0	0.0	0.0	0.0	2.83577e-05	0.0	0.0	0.0	0.0	0.0	0.0	0.0	0.0	0.0	0.0	0.0	0.0	0.0	0.0	0.0	0.0	0.0	0.0	0.0	0.0	0.0	0.0	0.000133651	0.0	0.0	0.0	0.0	0.0	0.0	0.0	0.0	0.0	0.0	0.0	0.0	0.0	0.0	0.0	0.0	0.0	0.0	0.0	0.0	0.0	0.0	0.0	6.00208e-06	0.0	0.0	0.0	0.0	0.0	0.0	0.0	0.0	0.0	0.0	0.0	0.0	0.0	0.0	0.0	0.0	0.0	0.0	0.0	0.0	0.0	0.0	0.0	0.0	0.0	0.0	0.0	0.0	0.0	0.0	0.0	7.91473e-06	0.0	0.0
PWY-8178: pentose phosphate pathway (non-oxidative branch) II	0.00603833	0.00434797	0.00736282	0.00517544	0.00730911	0.00405961	0.00650164	0.00651145	0.00612117	0.00492129	0.00723469	0.00716049	0.00548588	0.00916227	0.00620115	0.00783615	0.00751093	0.0105268	0.0057368	0.00472659	0.00923032	0.00553291	0.00670917	0.00733083	0.00554102	0.00729263	0.00683359	0.00626812	0.00548395	0.00697039	0.00637251	0.0076588	0.00567427	0.00586684	0.00967762	0.00540126	0.00901951	0.00992297	0.00720337	0.00654044	0.00604637	0.00601412	0.00634298	0.0102807	0.00658159	0.00681852	0.00874651	0.00652877	0.00641288	0.00726847	0.00633481	0.00462172	0.0074172	0.00638364	0.00524536	0.00579734	0.00752904	0.00527685	0.00670295	0.00516037	0.0048558	0.00825517	0.00576107	0.00489471	0.0069038	0.00822071	0.00776054	0.00526314	0.00560285	0.00542766	0.0045647	0.00780674	0.00429026	0.005144	0.00781542	0.00704896	0.00626342	0.00835479	0.00613555	0.00548836	0.0029488	0.0057272	0.00772964	0.00888235	0.00449787	0.00787728	0.00686738	0.00839061	0.0096214	0.006468	0.00642388	0.00736041	0.00504195	0.00567731	0.0055491	0.00618254	0.00716726	0.00651068	0.0062651	0.0074541	0.00864124	0.00442883	0.00447264	0.009788	0.00772272	0.00944742	0.00422418	0.0068364	0.00687543	0.00707659	0.00335795	0.0055362	0.00515754	0.00683738	0.00687472	0.00706682	0.00853291	0.00571117	0.00690065	0.00721	0.00437388	0.00616536	0.00621991	0.00566803
PWY-8182: valproate &beta;-oxidation	0.0	0.0	0.0	0.0	0.0	0.0	0.0	0.0	0.0	0.0	0.0	0.0	0.0	0.0	0.0	0.0	0.0	0.0	0.0	0.0	0.0	0.0	0.0	0.0	0.0	0.0	0.0	0.0	0.0	3.09195e-05	0.0	0.0	0.0	0.0	0.0	0.0	0.0	0.0	0.0	0.0	0.0	0.0	0.0	0.0	0.0	0.0	0.0	0.0	0.0	0.0	0.0	0.0	0.0	0.0	0.0	0.0	0.0	0.0	0.0	0.0	0.0	0.0	0.0	0.0	0.0	0.0	0.0	0.0	0.0	0.0	0.0	0.0	0.0	0.0	0.0	0.0	0.0	0.0	0.0	0.0	0.0	0.0	0.0	0.0	0.0	0.0	0.0	0.0	0.0	0.0	0.0	0.0	0.0	0.0	0.0	0.0	0.0	0.0	0.0	0.0	0.0	0.0	0.0	0.0	0.0	0.0	0.0	0.0	0.0	0.0	0.0	0.0	0.0	0.0	0.0	0.0	0.0	0.0	0.0	0.0	0.0	0.0	0.0	0.0
PWY-8187: L-arginine degradation XIII (reductive Stickland reaction)	0.00312653	0.00222359	0.000862016	0.0027224	0.00215759	0.00209249	0.00243431	0.00125105	0.00290886	0.00228219	0.00246448	0.00246452	0.00207528	0.000949103	0.00329076	0.00313244	0.00124029	0.00150595	0.00342481	0.00269966	0.00108852	0.00329088	0.00235086	0.00156561	0.00392948	0.00260467	0.00285978	0.00252321	0.00278116	0.00248182	0.00137821	0.00246764	0.00438249	0.00126763	0.001166	0.0026135	0.00285518	0.000806861	0.0016679	0.00153078	0.00252373	0.00142071	0.00220841	0.00197547	0.00456353	0.00233938	0.000754741	0.00204525	0.00118874	0.00241631	0.00260018	0.00186297	0.000951473	0.00229818	0.00341477	0.00222288	0.00237169	0.0020687	0.00447105	0.002238	0.00192383	0.00394845	0.00255157	0.00254646	0.00134485	0.000741939	0.00382046	0.00265502	0.00380094	0.00118632	0.00398612	0.00301429	0.00313977	0.00468333	0.00359027	0.00215121	0.00187188	0.00176143	0.00146342	0.00184597	0.000653894	0.00195345	0.00154626	0.00204017	0.00198019	0.00175465	0.00225173	0.0016121	0.001819	0.00394993	0.00120079	0.0022226	0.00349623	0.00249288	0.00288459	0.00158751	0.00204067	0.00321229	0.00307657	0.0037958	0.00142556	0.00276732	0.00153685	0.000956157	0.00101716	0.00138347	0.00137484	0.00441026	0.00264728	0.00188295	0.00246637	0.0027465	0.00498429	0.00127437	0.00140873	0.00174881	0.00165256	0.00239015	0.00325029	0.00262581	0.00361275	0.00358614	0.00373282	0.0028484
PWY-8188: L-alanine degradation VI (reductive Stickland reaction)	7.48525e-05	0.0	8.43008e-05	6.61714e-05	0.0	0.0	0.0	0.0	0.00010929	0.0001288	0.0	1.31947e-05	0.0	2.4179e-05	0.0	0.0	0.0	7.9908e-05	0.0	3.36743e-05	0.0	0.0	0.0	0.0	0.0	8.71617e-05	0.0	1.89889e-05	7.82659e-05	0.0	6.33648e-05	0.0	0.0	0.0	0.0	2.55265e-05	0.0	0.0	0.0	3.03259e-05	0.000159669	0.0	5.09122e-05	0.0	5.70412e-05	0.0	0.0	8.4107e-05	0.0	0.0	0.0	0.0	0.0	0.0	0.000187255	0.0	0.00010538	9.12464e-05	0.0	0.0	3.73011e-05	0.0	0.0	4.23319e-05	0.0	0.0	8.34064e-05	0.0	5.19608e-05	0.0	9.90072e-05	0.0	0.0	0.000140312	0.0	8.85741e-05	0.0	0.0	0.000127899	0.0	0.0	0.0	0.0	0.0	6.03023e-05	0.0	0.0	0.0	0.0	2.72213e-05	8.15482e-05	4.86295e-05	3.00241e-05	0.0	0.0	0.0	0.0	0.0	6.94329e-05	0.0	0.0	0.0	7.21891e-05	8.80785e-05	0.0	0.0	0.0	4.17231e-05	1.03088e-05	0.0	0.0	0.0	0.0	0.0	0.0	0.0	0.0	5.81931e-05	0.0	0.0	0.0	0.0	0.0	0.0
PWY-8189: L-alanine degradation V (oxidative Stickland reaction)	7.48525e-05	0.0	8.43008e-05	6.61714e-05	0.0	0.0	0.0	0.0	0.00010929	0.0001288	0.0	1.31947e-05	0.0	2.4179e-05	0.0	0.0	0.0	7.9908e-05	0.0	3.36743e-05	0.0	0.0	0.0	0.0	0.0	8.71617e-05	0.0	1.89889e-05	7.82659e-05	0.0	6.33648e-05	0.0	0.0	0.0	0.0	2.55265e-05	0.0	0.0	0.0	3.03259e-05	0.000159669	0.0	5.09122e-05	0.0	5.70412e-05	0.0	0.0	8.4107e-05	0.0	0.0	0.0	0.0	0.0	0.0	0.000187255	0.0	0.00010538	9.12464e-05	0.0	0.0	3.73011e-05	0.0	0.0	4.23319e-05	0.0	0.0	8.34064e-05	0.0	5.19608e-05	0.0	9.90072e-05	0.0	0.0	0.000140312	0.0	8.85741e-05	0.0	0.0	0.000127899	0.0	0.0	0.0	0.0	0.0	6.03023e-05	0.0	0.0	0.0	0.0	2.72213e-05	8.15482e-05	4.86295e-05	3.00241e-05	0.0	0.0	0.0	0.0	0.0	6.94329e-05	0.0	0.0	0.0	7.21891e-05	8.80785e-05	0.0	0.0	0.0	4.17231e-05	1.03088e-05	0.0	0.0	0.0	0.0	0.0	0.0	0.0	0.0	5.81931e-05	0.0	0.0	0.0	0.0	0.0	0.0
PWY-8190: L-glutamate degradation XI (reductive Stickland reaction)	0.000461797	0.0	0.0	2.1773e-05	0.0	2.6002e-05	0.00034845	0.0	0.000561386	0.000290286	0.0	6.459e-05	4.33899e-05	0.0	0.000392769	0.0	5.30528e-05	9.00006e-05	6.76777e-05	0.0	1.30971e-05	7.85141e-06	0.0	0.0	0.0	0.000215444	0.0	8.02861e-05	0.000904095	9.11978e-05	3.26723e-05	0.0	0.000104929	0.0	0.0	0.0	0.0	0.0	0.000137979	0.00025068	6.46558e-06	0.0	1.78708e-05	0.0	0.0	0.0	0.0	0.0	0.0	0.0	0.0	8.45482e-06	0.0	0.0	0.0	0.000146683	0.0	0.0	0.0	4.40584e-05	7.11623e-05	5.41732e-06	0.0	1.91346e-05	1.34376e-05	0.0	3.22546e-05	0.0	0.0	0.0	0.000123319	0.0	0.0	0.000220071	0.000166325	8.71593e-05	0.0	1.59175e-05	0.0	2.49712e-05	0.0	0.0	0.000216134	3.24104e-05	0.0	3.40564e-06	0.00022147	9.26761e-05	0.0	0.0	6.10891e-06	0.0	0.0	0.0	0.0	0.000136957	0.0	0.000108882	0.0	4.11616e-05	0.000138545	0.0	0.0	0.0	0.0	0.0	9.48554e-05	1.55099e-05	3.3139e-05	3.39704e-05	0.000411694	0.0	0.0	0.000239019	0.0	0.0	5.29495e-05	0.0	1.31285e-05	0.000180547	0.0	0.0	0.0	0.000105589
PWY-821: superpathway of sulfur amino acid biosynthesis (Saccharomyces cerevisiae)	0.0	0.0	0.000788396	0.000346282	0.000258519	7.9746e-05	0.00180912	0.0	8.17697e-05	0.000448706	0.0	0.002318	0.000655465	0.0	0.000277733	0.0	9.94844e-05	0.00185536	0.00100187	0.0	0.000325049	0.000296287	0.00241534	0.0	0.0	0.00245116	0.00159203	0.00190801	0.00131405	0.00185334	0.000490444	0.0	0.0	0.0	6.4696e-05	0.00166917	0.0	0.0	0.0013661	0.000592112	0.000305121	0.0	0.00010107	0.000164486	0.000121336	0.000431351	0.0	0.00238895	0.0003708	0.000993979	0.0	0.000349683	0.0	0.000245953	0.0	0.0	0.0	0.000371342	0.0	0.000112365	0.000314143	9.03119e-05	0.000309383	0.00055213	0.00214232	0.000251357	0.000947821	6.49246e-05	0.000327288	0.00208034	0.000996866	0.0	7.38194e-05	0.0	0.000159069	0.000278094	0.0	7.2984e-05	0.000807538	0.000390167	0.0	4.0728e-05	0.000140638	6.56526e-05	5.53307e-05	5.98012e-05	0.000187907	0.000269597	0.0	0.0	0.000603199	0.00228235	0.000187718	0.0	0.0012721	0.000715423	6.66597e-05	0.00177087	0.000144805	0.000308529	0.000440952	0.0	0.000583571	0.0	0.00200798	6.86963e-05	2.06105e-05	9.58951e-05	0.000853306	0.000515923	6.77521e-05	0.000387578	9.16663e-05	0.00120616	0.000502635	0.00022184	0.0	0.000164211	0.000354565	0.0	0.000629755	0.00188958	0.0	0.00205454
PWY-822: fructan biosynthesis	0.0	3.44529e-05	8.7041e-05	6.87397e-06	0.000202885	0.0	1.3527e-05	0.0	0.0	0.0	0.0	4.66547e-05	0.0	0.0	0.0	0.0	0.0	1.50712e-05	0.000112502	0.0	1.54835e-05	0.0	0.0	0.0	2.69147e-05	2.43829e-05	0.0	0.0	0.0	0.0	6.61932e-06	0.0	0.0	0.0	0.0	3.76333e-05	0.0	0.0	1.86756e-05	0.000152782	0.0	0.0	1.63921e-05	0.0	9.21503e-06	0.000158356	0.0	0.0	5.35871e-05	0.0	0.0	0.0	0.0	4.0749e-05	0.0	0.0	0.0	1.55109e-05	0.0	0.0	0.000153858	0.000131143	0.000278365	0.000308401	0.0	0.0	0.0	1.18468e-05	7.13939e-05	6.44311e-05	7.15407e-05	1.13292e-05	0.0	0.000127251	0.0	0.000117452	0.0	0.0	0.0	0.0	0.0	0.0	4.3296e-05	4.56586e-05	5.46793e-05	0.0	0.00011438	8.58082e-05	0.0	0.000254875	8.32938e-05	0.000250777	0.0	0.0	0.0	0.0	3.03418e-05	0.0	2.66362e-05	4.51767e-05	6.41808e-05	5.88379e-06	0.0	0.0	8.74541e-05	0.0	7.62337e-06	2.45427e-05	3.75605e-05	0.000603763	1.68943e-05	5.89799e-05	0.0	7.58507e-06	0.0	4.42821e-05	0.0	0.000128464	0.000121236	0.000104321	3.9378e-05	1.4466e-05	0.0	0.0
PWY-841: superpathway of purine nucleotides de novo biosynthesis I	0.00728877	0.00624131	0.00510853	0.00490594	0.0065117	0.00491208	0.00407173	0.00507174	0.00798324	0.0069793	0.00768007	0.0031244	0.00470421	0.00662356	0.00528007	0.00537621	0.00536529	0.00246604	0.00648225	0.00245401	0.00737244	0.00712724	0.00452227	0.00577972	0.00808906	0.00302453	0.00386563	0.00416765	0.00583731	0.00413353	0.00569469	0.00497735	0.00444728	0.00700844	0.00436085	0.00482015	0.00279957	0.00377662	0.00347488	0.00692426	0.00811426	0.00487228	0.00497103	0.00189424	0.0060652	0.00637635	0.00669366	0.00532318	0.00592526	0.00517106	0.00785349	0.00540789	0.00396872	0.00653212	0.00574589	0.00690253	0.00691058	0.00636895	0.00802427	0.00571139	0.00583939	0.00783857	0.00766459	0.00636298	0.00771418	0.00766107	0.0064999	0.00716117	0.0051984	0.00441598	0.00710646	0.0060577	0.00656929	0.00689147	0.00685986	0.00604726	0.00484095	0.00513283	0.00617582	0.00814862	0.00338718	0.00592003	0.00636393	0.00571033	0.00644251	0.00623683	0.00566221	0.00614467	0.0053617099999999	0.00772956	0.00299227	0.00325996	0.00718766	0.0078442	0.00573863	0.00612137	0.00764916	0.0057596	0.00663164	0.00427438	0.00582348	0.00747503	0.00584457	0.00440742	0.00472155	0.00374559	0.00796752	0.0075815	0.00659538	0.00402697	0.00660795	0.0068478	0.00571251	0.00394065	0.00793461	0.00414698	0.00496064	0.00557505	0.00819977	0.00749331	0.00787862	0.00593026	0.00790443	0.00690063
PWY-922: mevalonate pathway I (eukaryotes and bacteria)	0.0	0.0	0.000127494	0.0	0.0	0.0	8.26411e-05	0.0	0.0	0.0	0.0	8.66956e-05	0.0	0.0	0.0	0.0	0.0	0.0	0.000167204	0.0	0.0	0.0	0.0	0.0	0.0	0.0	0.0	0.0	0.0	0.0	0.0	4.12359e-05	0.0	0.0	0.0	2.5195e-05	0.0	0.0	0.0	0.000298076	0.0	0.0	2.61306e-05	0.0	0.0	0.0	0.0	0.0	0.0	0.0	0.0	0.0	0.0	0.0	0.0	0.0	0.0	0.0	0.0	0.0	0.000146687	8.1345e-05	0.0	0.000293457	0.0	0.0	0.0	0.0	3.42118e-05	0.000122945	0.000364779	0.0	0.0	0.000156242	6.35108e-05	0.0001035	0.0	0.0	0.0	0.0	0.0	0.0	5.68799e-05	2.73474e-05	0.0	0.0	9.25581e-05	0.0	0.0	3.92588e-05	0.0	0.000344015	0.0	0.0	7.15431e-05	0.0	0.0	0.0	0.0	4.19774e-05	0.0	0.0	0.0	0.0	9.97527e-05	0.000132094	9.97319e-06	6.11887e-05	4.18311e-05	0.000528604	0.0	5.29997e-05	0.0	3.122e-05	0.0	0.0	0.0	0.0	0.0	0.000217004	0.0	1.39886e-05	0.0	0.0
PWY-I9: L-cysteine biosynthesis VI (from L-methionine)	0.00185277	0.00177617	0.00190248	0.00141087	0.00146289	0.000836661	0.00364541	0.000799609	0.000560595	0.00117783	0.000472393	0.0035296	0.00482084	0.000698587	0.000578014	0.000838387	0.000722493	0.00294684	0.00286136	0.0053791	0.000940135	0.00143754	0.0028611	0.000808304	0.000440792	0.00333851	0.00284143	0.00156337	0.0019752	0.00374065	0.0028703	0.000391883	0.001773	0.000431618	0.000403259	0.00297788	0.00036618	0.000360949	0.00307297	0.00141354	0.000710842	0.000612674	0.00226851	0.000750061	0.000557731	0.0012423	0.000591889	0.00182655	0.00103093	0.00182282	0.000961011	0.000599874	0.00148381	0.00169189	0.000306976	0.000238964	0.00242549	0.00230413	0.00135134	0.00854995	0.00185134	0.00146803	0.00329332	0.00281113	0.00142517	0.000806038	0.000921006	0.00129379	0.00263899	0.00339628	0.00224723	0.00253101	0.000768646	0.00231449	0.000467868	0.00253748	0.00081107	0.000893399	0.00153871	0.00122484	0.00143386	0.00218177	0.000960616	0.00183941	0.00149492	0.00116801	0.00241121	0.00159894	0.00109711	0.00221635	0.00305072	0.00385681	0.00101079	0.000216759	0.00122595	0.00103677	0.00347594	0.00368773	0.000434152	0.00222064	0.0012984	0.000353371	0.00203061	0.000638249	0.00237958	0.000629429	0.00520637	0.00253021	0.0014039	0.00533714	0.00068102	0.00471747	0.000738289	0.00165196	0.000738925	0.00199313	0.00025919	0.0093938	0.00153916	0.00107691	0.00126982	0.00325692	0.0011418	0.00122738
PWY0-1061: superpathway of L-alanine biosynthesis	0.000640879	0.0014997	0.00128845	0.000117766	0.00187738	0.0010536	0.00188732	0.000467532	0.000622745	0.000294255	0.000357596	0.00160497	0.000929756	0.00203798	0.00370669	0.00163821	0.000555728	0.000717932	0.000534268	0.00254338	0.000351315	0.000963353	0.00135526	0.000307901	0.00135128	0.00157062	0.00157105	0.00118228	0.000778589	0.00175425	0.00141034	0.00286486	0.00098438	0.000299581	0.000876953	0.00050172	0.000457309	0.00127179	0.00152142	0.000918876	0.000660756	0.00083269	0.000827867	0.000119821	0.00207796	0.00268039	0.000434049	0.0014914	0.00167358	0.000804201	0.0	0.00236887	0.00149721	0.00163103	0.00160751	0.00102098	0.00194696	0.00123778	0.000456701	0.00388613	0.00151669	0.000431886	0.000134013	0.00043119	0.000453432	0.00122827	0.0009213099999999	0.00183187	0.00192066	0.00177552	0.000632186	0.00301427	0.00107681	0.00241	0.00213903	0.000551017	0.00170575	0.00103028	0.00117342	0.000784987	0.000312964	0.00204218	0.00180906	0.000862084	0.00200207	5.40372e-05	0.00219528	0.00123519	0.000197294	1.8315e-05	0.00158377	0.00130879	0.000328144	0.000926671	0.00127384	8.6108e-06	0.00107457	0.0013988	0.00113919	0.00160087	0.00138654	0.000894923	0.000463405	0.000232437	0.00107583	0.000345316	0.00040827	0.000177455	0.000555545	0.000475846	0.000573706	0.00236055	0.000889777	0.00134461	0.000101747	0.00101014	0.00239693	0.00245148	0.00190387	0.00265224	0.000349417	0.00142728	0.000942909	0.000889381
PWY0-1221: putrescine degradation II	0.0	0.0	0.0	3.3857e-05	0.0	0.0	0.000408566	0.0	0.0	0.0	0.0	0.0	0.0	0.0	0.0	0.0	0.0	0.000213579	1.00307e-05	0.0	0.0	0.0	0.000263077	0.0	0.0	0.0	0.0	0.00033439	0.0	0.000795562	0.0	0.0	0.0	0.0	0.0	0.000277752	0.0	0.0	0.000181209	2.17794e-05	0.0	0.0	0.0	0.0	0.0	0.0	0.0	0.000229608	2.30878e-05	0.0	0.0	0.0	0.0	1.02732e-05	0.0	0.0	0.0	0.0	0.0	0.0	0.0	0.0	0.0	0.0	0.0	0.0	0.0	0.0	0.0	0.000244737	3.37747e-05	0.0	0.0	0.0	0.0	0.0	0.0	0.0	5.73785e-05	2.05914e-05	0.0	0.0	0.0	0.0	0.0	0.0	0.0	1.99713e-05	0.0	0.0	4.32228e-05	0.000261256	1.91406e-05	0.0	3.48767e-05	0.0	0.0	0.000106721	0.0	2.65208e-05	9.67628e-06	0.0	0.0	0.0	8.69735e-05	0.0	0.0	0.0	0.0	0.0	0.0	0.0	0.0	8.38812e-05	0.0	0.0	0.0	0.0	0.0	0.0	4.57612e-05	0.000148343	0.0	0.0
PWY0-1241: ADP-L-glycero-&beta;-D-manno-heptose biosynthesis	0.00145426	0.000558179	0.000649602	0.000862952	0.000602919	0.00137617	0.00132183	0.0019369	0.00176348	0.000518009	0.00138053	0.00105142	0.000402011	0.000897864	0.000721152	0.00157733	0.000990164	0.00113304	0.00137017	0.00080721	0.00252504	0.000369505	0.00115605	0.000739917	0.000955365	0.000822952	0.000937629	0.00119392	0.00156733	0.000988044	0.000598142	0.00113553	0.00040584	0.000626245	0.000682946	0.0016214	0.000390657	0.000555521	0.000700862	0.000823381	0.00135111	0.00151415	0.00254647	0.0	0.000955186	0.000357547	0.0014077199999999	0.00133929	0.000831133	0.000690062	0.000713236	0.000432127	0.000612056	0.000849885	0.001102	0.00188497	0.000665685	0.000519656	0.000682319	0.000145348	0.000958015	0.000421961	0.00047848	0.000848982	0.000902865	0.000823269	0.00126162	0.000591047	0.000735478	0.00220754	0.000633136	0.000457285	0.000549198	0.000462392	0.00117784	0.000876251	0.000584684	0.000564387	0.000743007	0.000976348	0.000254114	0.000950082	0.000605286	0.000499066	0.000265272	0.000358815	0.000673325	0.000769135	0.00150823	2.12705e-05	0.000293525	0.000661622	0.000497293	0.00059881	0.000451286	0.00341288	0.00246259	0.00121022	0.000454276	0.0013644	0.000714035	0.000347741	0.00109437	0.000895532	0.00108459	0.002442	0.000401215	0.000519783	0.0023252	0.00201259	0.00103591	0.000505869	0.0010029	0.000827136	0.00121723	0.000533439	8.21245e-05	0.000775588	0.000829845	0.00166929	0.000702748	0.00122307	0.000789491	0.00192225
PWY0-1261: anhydromuropeptides recycling I	0.00147411	0.00156369	0.0010199	0.00346327	0.00183938	0.00160369	0.00216812	0.00252897	0.00239897	0.00172773	0.00076954	0.00211426	0.00137502	0.00154951	0.000870206	0.00112535	0.000547832	0.00182325	0.00160239	0.00342528	0.000383168	0.0022643	0.00259324	0.00133798	0.0023168	0.00221175	0.00246506	0.00268785	0.00223244	0.0032545	0.00116762	0.00119192	0.0022533	0.00202527	0.000946603	0.00270239	0.000473489	0.00030695	0.00182489	0.00130466	0.00219334	0.00161493	0.00249729	0.000212904	0.00232601	0.00220349	0.000879837	0.00172148	0.00296916	0.00170377	0.00200657	0.00371605	0.00160961	0.00223327	0.00143682	0.000998705	0.00113932	0.00152474	0.001391	0.00230849	0.00287399	0.00233511	0.00207822	0.00175389	0.00132816	0.000942658	0.00103993	0.00246239	0.00212327	0.00295494	0.00155389	0.00204409	0.00194971	0.00173655	0.000925262	0.00143175	0.00137667	0.00104702	0.00130718	0.00152921	0.000936561	0.00335784	0.000936576	0.000497006	0.00307961	0.000930109	0.00178968	0.00105177	0.0012443	0.00188216	0.0013584	0.0029491	0.00118958	0.00165195	0.00093628	0.00204955	0.00337228	0.00172559	0.00174864	0.00196662	0.00146768	0.0028417	0.00178453	0.00123876	0.00159829	0.00274409	0.00156177	0.00241036	0.00177802	0.00456133	0.00199195	0.00176614	0.00205569	0.00156107	0.00286103	0.00217526	0.00144371	0.000511807	0.00228767	0.0019781	0.00174431	0.00187261	0.00254061	0.00160039
PWY0-1277: 3-phenylpropanoate and 3-(3-hydroxyphenyl)propanoate degradation	0.0	0.0	0.0	0.000143651	0.0	5.41166e-05	0.00209996	0.0	0.0	0.0	0.0	3.06388e-05	3.01614e-05	0.0	0.0	0.0	0.0	0.00121457	0.000192049	0.0	0.0	0.0	0.00172893	0.0	0.0	4.06453e-05	0.0	0.00120438	0.0	0.00212468	1.58331e-05	0.0	0.0	0.0	0.0	0.00123771	0.0	0.0	0.000812194	0.000118686	0.0	0.0	1.52723e-05	0.0	2.69487e-05	0.0	0.0	0.000885138	8.23328e-05	7.40288e-05	0.0	0.0	0.0	6.67862e-05	0.0	0.0	0.0	0.0	0.0	0.0	0.0	0.0	0.0	0.0	0.000193519	0.0	0.0	0.0	0.0	0.00125473	0.000181654	0.0	6.23563e-05	0.0	0.0	0.000200699	0.0	0.0	0.0002711	5.6477e-05	0.0	0.0	0.0	0.0	0.0	0.0	0.0	0.000145907	0.0	0.0	0.00016126	0.00198026	0.000120291	0.0	0.000115418	0.0	0.0	0.000831408	6.86558e-05	0.000298042	0.000161144	0.0	0.000163218	0.0	0.000734367	0.0	0.0	0.0	5.19571e-05	0.0	0.0	4.91141e-05	0.0	0.000382068	0.0	0.0	0.0	0.0	0.0	0.0	0.000303435	0.00102436	0.0	0.000167734
PWY0-1296: purine ribonucleosides degradation	0.00547562	0.00913797	0.00655267	0.00496823	0.007591	0.00949403	0.00416165	0.00592398	0.00644826	0.00583448	0.0127313	0.00658415	0.00374163	0.00729927	0.00594591	0.00818003	0.00877956	0.00816169	0.0042492	0.00389061	0.00373513	0.00678053	0.00586037	0.00824526	0.00840158	0.00641588	0.00724481	0.00643165	0.00541918	0.00828656	0.0084879	0.00856175	0.010057	0.0103362	0.00570696	0.00550093	0.0133833	0.00549646	0.0050818	0.00745753	0.00563215	0.00502567	0.00417509	0.0110147	0.00934392	0.0083237	0.00607299	0.00603918	0.00754898	0.00819039	0.0076446	0.00662103	0.00857443	0.00602095	0.0126122	0.00546034	0.00807874	0.00749721	0.00651587	0.00417806	0.00720263	0.00515334	0.00628852	0.0059725	0.0101075	0.00645457	0.00975772	0.00524692	0.00658243	0.00351383	0.00456708	0.00877803	0.00525032	0.00606455	0.0112085	0.00820821	0.0100293	0.00630803	0.00796865	0.00597982	0.00695468	0.00751821	0.00612929	0.0051849	0.00945764	0.00493057	0.00711547	0.00752518	0.00781525	0.00746441	0.00696094	0.00732059	0.00452156	0.0110102	0.00680155	0.00557478	0.00581216	0.00651436	0.00903453	0.0106115	0.00766881	0.00562692	0.00535653	0.00775912	0.00424601	0.00475812	0.00566521	0.00486957	0.00610766	0.00639614	0.00364179	0.00662159	0.0106772	0.00664948	0.00512865	0.00864847	0.00613877	0.00503731	0.00773952	0.00742467	0.00363716	0.00376522	0.00776129	0.0052682
PWY0-1297: superpathway of purine deoxyribonucleosides degradation	0.000218928	0.000244403	0.00171135	0.000788274	0.000443908	0.000175499	0.00367346	0.0013023	0.000358069	0.000834935	0.000447004	0.001789	0.00045236	7.19158e-05	0.000331945	0.000510675	0.000538594	0.00297753	0.000745251	0.000301615	0.00100786	0.000625733	0.00318645	0.000291964	0.000280916	0.00125354	0.00147073	0.00300503	0.000988507	0.00413899	0.000340446	0.000514644	0.000842938	0.000353839	6.41779e-05	0.00295556	0.000174722	0.0	0.00191362	0.0014269	0.000718476	0.000952156	0.00125718	0.000349465	0.000236021	0.000358926	0.0	0.00246101	0.000358262	0.000902978	0.000766582	0.000166143	0.000243195	0.000558366	0.000355499	0.000155113	0.00044089	0.000531681	0.000274204	0.000420189	0.000804582	0.000611055	0.000891605	0.00165785	0.000734532	0.00162665	0.000975499	0.000247598	0.000474251	0.00275413	0.0014712	0.000275574	0.000473415	0.000447832	0.000106648	0.000853018	0.000141595	0.000207284	0.0010115	0.000754428	0.000316043	0.000306156	0.000492354	0.000283121	0.000265161	0.000998365	0.00050927	0.000297365	0.000309974	0.00157368	0.00083508	0.00398963	0.000697403	0.000221922	0.00127186	0.000207672	0.000389884	0.00300256	0.000448335	0.000642455	0.00059382	8.16768e-05	0.000954891	0.000328641	0.00159028	0.000273865	0.000120892	0.000286104	0.000566278	0.00232378	0.000175356	0.000165199	0.000339224	0.00091306	0.000243596	0.00117336	0.000121786	0.00110414	0.00124537	0.00100064	0.00123134	0.00272006	0.000208132	0.00252055
PWY0-1298: superpathway of pyrimidine deoxyribonucleosides degradation	0.000499714	0.0	0.000472111	0.000516929	0.000301595	0.000317153	0.00327664	0.000643961	0.000417167	0.000601835	0.000362292	0.00171086	0.000729513	0.00019025	0.000259918	0.00043339	0.000221941	0.00454212	0.0014535	0.000167187	0.0007613	0.000434844	0.00254231	0.000269362	0.000227325	0.00152575	0.0017179	0.00285446	0.0012195	0.003498	0.00105909	0.000562896	0.000479019	0.000338046	4.99604e-05	0.00236865	0.000246693	0.000333089	0.00239886	0.000501149	0.000541026	0.000388697	0.000414282	0.000567943	0.000251006	8.78976e-05	0.000614934	0.00211718	0.000426709	0.00126853	0.000585053	0.000304595	0.000861397	0.000303208	0.000275477	0.000150098	0.000249742	0.000474521	0.000849751	0.0	0.000405295	0.000527147	0.000522691	0.00101789	0.00085642	0.000951532	0.000877018	0.000372777	0.000434453	0.00234552	0.00109777	0.000333478	0.000230696	0.000187644	0.000273396	0.000776073	3.29113e-05	0.000178798	0.00123744	0.000740171	0.000264496	0.000377706	0.000289409	0.000126256	0.000330458	0.00020748	0.000313609	0.000346729	0.000185796	0.000824072	0.00122456	0.00324623	0.000686953	0.000395939	0.000696456	0.000379444	0.00044439	0.002997	0.000360769	0.00115215	0.000438698	0.000146211	0.000826736	0.000513798	0.0015546	0.000190969	0.000306693	0.00136691	0.000596787	0.00194292	0.00016769	0.000371966	0.000463261	0.000889138	0.000472072	0.000573523	0.000646889	0.00051876	0.000539637	0.000347448	0.000878779	0.00228901	0.000769569	0.00188327
PWY0-1319: CDP-diacylglycerol biosynthesis II	0.0115057	0.00963509	0.00727614	0.00902703	0.00994552	0.00854264	0.00623165	0.00907657	0.00934792	0.00954537	0.00794017	0.00984859	0.00972529	0.0100969	0.00882918	0.00895591	0.00854205	0.00704157	0.00719178	0.00829904	0.00881847	0.00846331	0.0061928	0.00999966	0.00866797	0.00803847	0.00838463	0.00573779	0.00816782	0.00499581	0.00978593	0.00703131	0.00840289	0.00940402	0.00635031	0.00753266	0.0105068	0.00482837	0.00563568	0.00878183	0.00858471	0.00882766	0.00742939	0.00937207	0.0085584	0.00954384	0.00854893	0.00671261	0.00949797	0.00821696	0.00926742	0.00891179	0.00966287	0.00837288	0.00973647	0.00881669	0.00955481	0.00851063	0.0100091	0.00720364	0.00865691	0.00932547	0.00905025	0.00777154	0.0094942	0.00910232	0.0081133	0.0092645	0.00898984	0.00473123	0.00679772	0.00928562	0.00907631	0.00792124	0.00909261	0.00882833	0.0108174	0.00810795	0.0092073	0.00857695	0.00891813	0.00889061	0.0117326	0.00700719	0.00933049	0.00877631	0.0093613	0.00881332	0.00849814	0.00924385	0.0101269	0.00559128	0.010083	0.010187	0.00792063	0.0088581	0.00849611	0.00731005	0.00850324	0.00765638	0.00868079	0.00880392	0.00899484	0.00764815	0.00595212	0.00451821	0.0122695	0.00926447	0.00914809	0.00868776	0.0097266	0.00900908	0.00911581	0.00569891	0.00815175	0.00755027	0.00807578	0.0073603	0.0093872	0.00864596	0.00956477	0.00619419	0.00972866	0.00660137
PWY0-1337: oleate &beta;-oxidation	0.0	0.0	9.34966e-05	7.47332e-05	0.0	0.0	0.000527987	0.0	2.07555e-06	0.000118657	0.0	0.000816979	0.000238625	0.0	5.10302e-05	0.0	0.0	0.000662367	0.000157557	0.0	0.000264216	7.24019e-05	0.000592548	0.0	0.0	0.000655303	0.000663418	0.000750814	0.000640644	0.00050665	4.66922e-06	0.0	0.0	0.0	0.0	0.000458013	0.0	0.0	0.000418708	2.94772e-05	5.28431e-05	0.0	0.0	0.0	0.0	0.0	0.0	0.0004765	4.31485e-05	0.000456592	0.0	1.21652e-05	0.0	0.0	0.0	0.0	0.0	0.0	0.0	0.0	6.38255e-05	0.0	6.36602e-05	0.000223921	5.69607e-05	3.61344e-05	7.90881e-05	0.0	2.82864e-05	0.000580511	0.000315421	0.0	7.77597e-06	0.0	0.0	0.000139316	0.0	0.0	0.000280625	7.94768e-05	0.0	0.0	0.0	0.0	0.0	4.65623e-05	0.0	9.23573e-05	0.0	0.0	0.000101836	0.000483644	0.0	0.0	0.0	0.0	0.0	0.000429864	9.81093e-05	7.32397e-05	9.09402e-05	0.0	0.00029392	0.0	0.000370953	0.0	0.0	0.0	0.000207254	2.39109e-05	2.08414e-05	0.0	0.0	6.37776e-05	0.0	0.000104893	0.0	0.0	0.000105475	0.0	6.51205e-05	0.00106647	0.0	0.000346693
PWY0-1338: polymyxin resistance	0.0	0.0	5.33016e-05	9.72194e-05	0.0	0.0	0.00132767	0.0	6.42274e-06	0.000139697	0.0	0.000549581	0.000237112	0.0	0.0	0.0	0.0	0.000676002	9.21438e-05	0.0	0.000250618	5.216e-05	0.000502252	0.0	0.0	0.000640254	0.00073104	0.000807021	0.000593447	0.00128794	1.96843e-05	0.0	0.0	0.0	0.0	0.00067805	0.0	0.0	0.000419689	4.51476e-05	0.000111327	0.0	0.0	0.0	0.0	0.0	0.0	0.000450742	4.34389e-05	0.00036981	0.00018277	2.26702e-05	0.0	3.04831e-05	0.0	0.0	0.0	0.0	0.0	0.0	5.67679e-05	0.0	0.0	0.000141994	8.61979e-05	3.35823e-05	6.57958e-05	0.0	1.81096e-05	0.000704697	0.00034118	0.0	2.03975e-05	0.0	5.74463e-06	8.20611e-05	0.0	0.0	0.000164469	0.000106548	0.0	0.0	0.0	0.0	0.0	5.219e-05	0.0	0.0	0.0	0.0	0.000103329	0.00107018	4.4711e-05	0.0	0.000102961	2.14005e-05	0.0	0.000447562	3.16146e-05	0.000231893	0.0	0.0	0.000176293	0.0	0.000434879	3.61882e-05	0.0	0.0	0.000140453	0.0	1.69117e-05	3.34683e-05	0.0	0.000294772	0.0	6.52129e-05	0.0	0.0	6.12138e-05	0.0	0.000100405	0.000827229	0.0	0.000274826
PWY0-1415: superpathway of heme b biosynthesis from uroporphyrinogen-III	0.0	0.0	0.000557271	0.000168011	0.000154117	0.0	0.00230916	0.0	1.72041e-05	0.000128251	0.0	0.00108305	0.000384547	0.0	2.83394e-05	0.0	0.000115468	0.00135772	0.000409474	0.0	0.000297524	9.39701e-05	0.00125675	0.0	0.0	0.00104461	0.000982958	0.00136752	0.000640941	0.00191607	0.000126003	0.0	0.0	0.0	3.11272e-05	0.00117014	0.0	0.0	0.00068238	0.000182643	0.000190771	0.0	6.61165e-05	4.30016e-05	0.0	3.13362e-05	0.0	0.000939159	0.000145667	0.000442267	0.0	0.0	0.0	0.0	2.82714e-05	9.01327e-05	0.0	6.62959e-05	0.0	5.85726e-05	0.000150769	6.14828e-05	9.70613e-05	0.000384807	0.000207499	0.000163126	0.000153319	0.0	5.67235e-05	0.00164685	0.000548102	0.0	7.30056e-05	0.0	5.48073e-05	0.000162633	0.0	0.0	0.000377918	0.000152155	4.76844e-05	2.64332e-05	6.32793e-05	0.000192382	0.0	5.901e-05	0.000314238	0.000199909	0.0	0.0	0.000282566	0.00193848	0.000102483	0.0	8.39515e-05	0.000140232	1.33102e-05	0.000789366	9.00746e-05	0.000291913	9.58582e-05	0.0	0.000235738	0.0	0.000757536	3.41622e-05	0.0	0.0	0.000320432	0.0	2.57272e-05	9.59593e-05	0.0	0.000435728	0.000188129	4.43337e-05	0.0	8.12438e-06	0.000108738	0.000133586	0.000316311	0.00119119	0.0	0.000886148
PWY0-1477: ethanolamine utilization	0.000762173	0.000407556	0.00029422	0.00224254	0.000109025	0.000407664	0.00527866	0.00213858	0.00109817	0.00163094	0.00128006	0.00349523	0.00212434	0.000494856	0.00111742	0.000548164	0.000219552	0.00710245	0.00146363	0.00128859	0.00118591	0.00134516	0.00465661	0.000101192	0.000306191	0.00230594	0.00299935	0.00328264	0.00261993	0.0060321	0.000459589	0.000452444	0.00187973	0.000155228	0.000239683	0.00264334	0.000742298	5.6572e-05	0.00193342	0.000561073	0.0017039	0.000684978	0.00176145	0.00135185	0.000863732	8.80255e-05	0.000538887	0.00298352	0.00145857	0.00180881	0.000909013	0.000909121	0.000375275	0.00172934	0.00116829	0.000907946	0.000187281	0.00107357	0.000589432	0.000663205	0.00040952	0.000268893	0.000940723	0.00146055	0.00120935	0.0019281	0.000956136	0.000516505	0.000839696	0.00325536	0.00145092	0.000407259	0.000613375	0.000340458	0.000246803	0.00109858	0.000435684	0.000263444	0.00106197	0.00237113	0.00123719	0.000814696	0.000854421	0.000151894	0.000721117	0.000663495	0.000329066	0.000864393	0.000562315	0.000316331	0.00162275	0.0064324	0.00146589	0.000580401	0.000866003	0.000842175	0.000223867	0.00438771	0.00142681	0.00186502	0.000825599	0.000503183	0.000832544	0.000307686	0.00233817	0.000181744	0.000417279	0.00102463	0.00155089	0.00132221	0.000369632	0.000962263	0.00140149	0.00218148	0.00131639	0.00107871	7.18872e-05	0.00121657	0.000660128	0.000302207	0.00161551	0.00287533	0.00100145	0.00142228
PWY0-1479: tRNA processing	0.00138588	0.00123675	0.00127922	0.000348954	0.000831191	0.000459078	0.00256901	0.000750016	0.00158376	0.000663554	0.00125345	0.00231293	0.00127776	0.00119166	0.001165	0.000762969	0.000476613	0.00219802	0.000577382	0.00117562	0.000489409	0.000951816	0.00290721	0.00101901	0.00113848	0.00174022	0.0021134	0.00287443	0.00161267	0.00359879	0.00114624	0.000625377	0.000445394	0.00177099	0.000951283	0.00272527	0.000100228	0.000237452	0.0022862	0.0013745	0.00097771	0.000259246	0.000373264	0.000124225	7.77184e-05	0.000719224	0.00145049	0.00260914	0.0010981	0.00105684	0.00143846	0.000696292	0.000956782	0.00136599	0.00106844	0.000724751	0.00115501	0.00152153	0.000183657	0.0012146	0.00186838	0.0010475	0.000918022	0.00126853	0.0014333	0.00107292	0.000864192	0.000544002	0.0017812	0.00207052	0.00140422	0.00128731	0.000597582	0.00106169	0.00180447	0.00199856	0.000442816	0.00107263	0.00157815	0.00106027	0.000807846	0.00120698	0.000810463	0.000509179	0.000797369	0.000408982	0.0011891	0.00129217	0.000680278	5.56829e-05	0.00207518	0.00347931	0.000338792	0.000398974	0.000338684	0.00192971	0.00324072	0.00198895	0.000321162	0.00174704	0.00138434	0.00010587	0.00118554	0.000782994	0.00192193	0.00166841	0.000903544	0.00144419	0.00121672	0.000339408	0.000257643	0.000898745	0.000626602	0.00110446	0.00174307	0.00103933	0.000581504	0.0022108	0.0014162	0.00127125	0.00110712	0.00212017	0.000924531	0.00206682
PWY0-1533: methylphosphonate degradation I	0.0	0.0	0.0	4.12058e-05	0.0	0.0	0.000830454	0.0	1.23126e-05	7.90045e-05	0.0	0.000318522	0.000114214	0.0	0.0	0.0	0.0	0.00044294	4.47016e-05	0.0	0.0	3.33283e-05	0.00027957	0.0	0.0	0.0	0.000338884	0.000289578	0.000170015	0.000170773	0.0	0.0	0.0	0.0	0.0	0.000370853	0.0	0.0	6.85986e-05	3.37831e-05	9.27674e-05	0.0	0.0	0.0	0.0	0.0	0.0	0.000274422	0.0	0.000100325	0.0	0.0	0.0	4.31708e-06	0.0	0.0	0.0	0.0	0.0	0.0	0.0	0.0	0.0	8.52991e-05	0.0	4.94844e-05	2.4836e-05	0.0	0.0	6.93251e-05	0.000137968	0.0	2.60254e-05	0.0	0.0	7.85765e-05	0.0	0.0	8.42358e-05	6.94176e-05	0.0	0.0	0.0	0.0	0.0	3.1364e-05	0.0	0.0	0.0	0.0	4.16539e-05	3.4147e-05	0.0	0.0	2.72398e-05	0.0	0.0	0.000193586	2.56089e-05	4.23713e-05	0.0	0.0	5.16169e-05	0.0	5.37289e-05	0.0	0.0	0.0	5.87265e-05	0.0	2.67891e-05	0.0	0.0	2.84047e-05	0.0	0.0	0.0	0.0	7.7168e-05	0.0	0.0	0.000145136	0.0	1.74736e-05
PWY0-1586: peptidoglycan maturation (meso-diaminopimelate containing)	0.00846932	0.00590426	0.00808958	0.00950059	0.00835901	0.00288189	0.013912	0.0068649	0.00924138	0.00628369	0.00374417	0.00847359	0.00619467	0.0107507	0.00923595	0.00745359	0.00911377	0.01127	0.0089784	0.00868085	0.00712622	0.00850039	0.0091474	0.00916388	0.00628147	0.0104311	0.00991317	0.00844128	0.00881975	0.0117225	0.00763348	0.00838035	0.00583295	0.00585373	0.0127627	0.00942403	0.00736651	0.0119219	0.0113115	0.00866522	0.00708209	0.00606568	0.00460593	0.00273621	0.00657424	0.00680707	0.0103894	0.00750269	0.00871998	0.0073831	0.0068471	0.009589	0.00882725	0.00750757	0.00474071	0.00555545	0.00711244	0.0066584	0.00901546	0.00874871	0.00822969	0.00899266	0.00724548	0.00767218	0.0061986	0.00893467	0.00649555	0.00925819	0.00772163	0.00979244	0.00817496	0.00715339	0.00906988	0.00809011	0.00677457	0.00653883	0.00598117	0.00957849	0.00752486	0.00678261	0.00604594	0.00843589	0.0100993	0.0100678	0.00663941	0.0129005	0.00961138	0.00911795	0.00935407	0.0100695	0.00865918	0.0116938	0.0108606	0.00481823	0.00623562	0.00853741	0.00823862	0.0086108	0.0056475	0.00691868	0.00962317	0.00652723	0.00965169	0.010743	0.011222	0.0126965	0.00578252	0.00869683	0.00790774	0.0113618	0.00989727	0.00609792	0.00578557	0.00861162	0.00848401	0.00763067	0.011594	0.00628155	0.00885073	0.00848761	0.00836103	0.00878675	0.00787862	0.00741362
PWY0-162: superpathway of pyrimidine ribonucleotides de novo biosynthesis	0.00328233	0.00546315	0.00225034	0.00287375	0.00354313	0.00428853	0.00326059	0.00428411	0.0053528	0.00602479	0.00713937	0.00256761	0.00414012	0.00264432	0.00432537	0.00432686	0.00382699	0.00276982	0.00406393	0.00210228	0.00710397	0.00470355	0.00373184	0.00213913	0.00456956	0.00256526	0.0031629	0.00337201	0.00340525	0.00362134	0.00380905	0.00414533	0.00361193	0.00465838	0.0039428	0.00359889	0.00226235	0.00318566	0.0028669	0.00319507	0.00472176	0.00418038	0.00437855	0.00138457	0.00419226	0.00372556	0.00151541	0.0046654	0.00396414	0.00298433	0.00309848	0.00374554	0.00263904	0.00544844	0.0046695	0.00619212	0.00541575	0.00551409	0.00271656	0.00504639	0.00386684	0.00387298	0.00543971	0.0045339	0.0036012	0.00611399	0.00561528	0.00368338	0.00406087	0.00367048	0.00314697	0.00259124	0.00423866	0.00430465	0.0048534	0.00338898	0.00382745	0.0034389	0.005126	0.00635958	0.00294915	0.00426857	0.0018628	0.00186131	0.00428211	0.00192249	0.00490245	0.00248177	0.00309533	0.00245976	0.00265475	0.0025965	0.00344378	0.00607025	0.00502862	0.00497255	0.00656049	0.00271484	0.00550118	0.00384636	0.0019193	0.00644471	0.00436244	0.00234853	0.00331375	0.00354259	0.00689487	0.005064	0.00569737	0.00261445	0.00376349	0.00634014	0.00285608	0.00348861	0.00509341	0.00324697	0.00354674	0.00512634	0.00275177	0.00379339	0.00576337	0.00332024	0.00341079	0.0038487
PWY0-166: superpathway of pyrimidine deoxyribonucleotides de novo biosynthesis (E. coli)	0.0	4.84077e-05	9.69272e-05	0.000186433	0.000173983	0.0	0.00194645	0.0	1.42795e-05	0.0	0.0	0.00126372	0.000898261	0.0	0.000145985	0.0	0.00011614	0.00115079	0.000442586	0.0	7.46942e-05	0.000379619	0.00181001	0.0	0.0	0.00123382	0.00159155	0.00180357	0.00153107	0.00235807	0.000128479	0.0	0.0	0.0	4.45e-05	0.00186099	0.0	0.0	0.00117086	0.00109993	0.00037581	0.0	0.0	0.0	5.48576e-05	0.0	0.0	0.00193778	0.000126346	0.00122338	0.000644627	1.45585e-05	0.000141752	0.000185351	0.0	0.0	0.0	0.0	0.0	0.0	0.000298039	6.72112e-05	0.0	0.0008635	0.000393858	0.000407664	0.000392494	0.0	0.000225596	0.00221831	0.00212563	0.0	0.0	0.0	5.73189e-05	0.00058743	0.0	0.0	0.000447015	0.000592651	0.000250444	0.0	0.00020939	0.000119802	0.0	8.20529e-05	0.000289968	0.00169289	0.0	0.0	0.000388744	0.00190918	0.000435723	0.0	0.000407231	0.0	4.33452e-05	0.00192657	0.000115181	0.00103436	0.000441741	0.0	0.000556006	0.0	0.00149158	0.000562564	0.0	0.00010393	0.0011846	0.000671266	7.20482e-05	0.000150105	0.000101886	0.000938825	0.0	0.000253228	0.0	0.0	0.000476372	0.000143809	0.000884507	0.00200163	0.0	0.000720367
PWY0-301: L-ascorbate degradation I (bacterial, anaerobic)	0.0	0.0	0.000129059	0.00022356	0.0	7.55131e-05	0.00265539	0.0	1.79633e-05	0.000294705	0.0	0.00183496	0.000501572	0.0	0.000280997	0.0	0.0	0.0015369	0.000355707	0.0	0.000517327	0.000191482	0.00187276	0.0	0.0	0.00146755	0.00144153	0.00162668	0.000878833	0.00264433	7.71999e-05	0.0	0.0	0.0	0.0	0.00179373	0.0	0.0	0.000885897	0.000110264	0.000274788	0.0	7.52484e-05	5.53239e-05	4.07248e-05	3.64439e-05	2.8885e-05	0.00130681	0.000130088	0.000904483	0.000278291	8.41317e-05	3.79068e-05	6.50821e-05	0.0	0.0	0.0	0.000110173	3.67088e-05	6.21518e-05	0.00010705	1.2545e-05	0.000142371	0.000405771	0.000233665	0.000117718	8.60537e-05	0.0	0.000266492	0.0019187	0.00065152	0.0	6.6036e-05	4.57591e-05	3.01101e-05	0.000202602	0.0	0.000246208	0.000561935	0.000371816	4.24987e-05	5.10684e-05	6.89361e-05	0.0	0.0	7.04218e-05	5.12046e-05	0.000173855	0.0	3.08384e-06	0.000260736	0.00179358	7.45112e-05	0.0	0.00031276	0.000276894	1.7493e-05	0.00113581	0.000228965	0.000196473	0.00022713	7.69331e-05	0.000640551	0.0	0.00104585	0.000103988	5.18872e-06	0.0	0.000285012	3.9551e-05	5.77158e-05	5.0873e-05	0.0	0.000505188	9.77146e-05	8.64085e-05	0.0	2.54742e-05	0.000100275	0.0	0.000693244	0.00209904	0.0	0.000653462
PWY0-321: phenylacetate degradation I (aerobic)	0.0	0.0	0.0	0.0	0.0	0.0	0.00034275	0.0	0.0	0.0	0.0	0.0	0.0	0.0	0.0	0.0	0.0	0.0	0.0	0.0	0.0	0.0	1.9761e-05	0.0	0.0	0.0	0.0	0.0	0.0	0.000158258	0.0	0.0	0.0	0.0	0.0	0.0	0.0	0.0	0.0	0.0	0.0	0.0	0.0	0.0	0.0	0.0	0.0	0.0	0.0	0.0	0.0	0.0	0.0	0.0	0.0	0.0	0.0	0.0	0.0	0.0	0.0	0.0	0.0	0.0	0.0	0.0	0.0	0.0	0.0	2.08519e-05	2.31412e-05	0.0	0.0	0.0	0.0	0.0	0.0	0.0	0.0	0.0	0.0	0.0	0.0	0.0	0.0	0.0	0.0	0.0	0.0	0.0	0.0	8.59422e-05	0.0	0.0	0.0	0.0	0.0	0.00015631	0.0	0.0	0.0	0.0	0.0	0.0	1.82811e-05	0.0	0.0	0.0	0.0	0.0	0.0	0.0	0.0	1.5216e-05	0.0	0.0	0.0	0.0	0.0	0.0	1.6208e-05	0.0	0.0	0.0
PWY0-41: allantoin degradation IV (anaerobic)	0.0	0.0	0.0	2.09626e-05	0.0	0.0	0.000588533	0.0	0.0	0.0	0.0	0.000114817	1.46194e-05	0.0	0.0	0.0	0.0	0.000190908	3.10591e-05	0.0	1.78778e-05	1.60123e-05	0.000185614	0.0	0.0	0.000234446	8.15586e-05	0.000245633	6.42115e-05	0.000397523	0.0	0.0	0.0	0.0	0.0	0.000146218	0.0	0.0	4.06999e-05	4.23657e-06	7.61286e-06	0.0	0.0	0.0	0.0	0.0	0.0	0.0002758	0.0	6.12486e-05	0.0	0.0	0.0	0.0	0.0	0.0	0.0	0.0	0.0	0.0	0.0	0.0	0.0	8.28626e-06	0.0	0.0	7.92815e-06	0.0	0.0	0.000161701	0.000104285	0.0	0.0	0.0	0.0	3.44844e-05	0.0	0.0	5.5854e-05	1.2065e-05	0.0	0.0	0.0	0.0	0.0	0.0	0.0	0.0	0.0	0.0	3.02946e-05	0.000444511	2.00199e-05	0.0	0.0	0.0	0.0	0.000163085	7.57657e-06	0.0	1.10297e-05	0.0	2.90518e-05	0.0	0.000105997	0.0	0.0	0.0	2.72557e-05	0.0	0.0	0.0	0.0	4.81552e-05	0.0	1.33342e-05	0.0	0.0	0.0	0.0	6.12357e-05	0.000125529	0.0	2.72686e-05
PWY0-42: 2-methylcitrate cycle I	0.0	0.0	0.0	6.62713e-05	0.0	3.22706e-05	0.00139243	0.0	7.53709e-06	8.27039e-05	0.0	0.000559364	0.000229926	0.0	4.71852e-05	0.0	0.0	0.000743922	9.56158e-05	0.0	0.000140513	7.8344e-05	0.00074738	0.0	0.0	0.000605133	0.000632885	0.000906386	0.000300072	0.0018532	1.13124e-05	0.0	0.0	0.0	0.0	0.000890851	0.0	0.0	0.000457241	4.77861e-05	7.75803e-05	0.0	0.0	3.24928e-05	1.56063e-05	0.0	0.0	0.000704461	6.31092e-05	0.000263021	0.0	0.0	0.0	3.95319e-05	0.0	0.0	0.0	0.0	0.0	4.22913e-05	9.27072e-06	0.0	3.92445e-05	0.000103133	0.0	4.50731e-05	7.8238e-05	0.0	3.03457e-05	0.000704218	0.000244728	0.0	3.31226e-05	0.0	0.0	6.25511e-05	0.0	0.0	0.000213693	8.15807e-05	0.0	0.0	3.0864e-05	0.0	0.0	3.16912e-05	0.0	0.0	0.0	0.0	0.000145933	0.00178715	0.000107217	0.0	0.0	0.0	0.0	0.000620965	4.88916e-05	0.000159176	0.0	0.0	0.000101165	0.0	0.000331192	2.40876e-05	0.0	0.0	0.000131179	2.40811e-05	2.05232e-05	2.49644e-05	0.0	0.000218832	6.03285e-05	7.13217e-05	0.0	0.0	3.59107e-05	0.0	0.000230382	0.000659017	0.0	0.00040453
PWY0-461: L-lysine degradation I	0.0	0.0	0.0	6.34797e-05	0.0	0.0	0.000805244	0.0	4.50232e-06	0.0	0.0	0.000465615	0.000179684	0.0	0.0	0.0	0.0	0.000415863	7.99868e-05	0.0	0.000107763	8.54629e-06	0.000434193	0.0	0.0	0.000448178	0.000482591	0.000515265	0.000323881	0.000309816	3.0107e-06	0.0	0.0	0.0	0.0	0.000536243	0.0	0.0	0.000143187	3.39408e-05	6.4117e-05	0.0	1.48861e-05	0.0	1.58869e-05	0.0	0.0	0.000323229	0.0	0.000135633	0.0	0.0	0.0	2.75264e-05	0.0	0.0	0.0	0.0	0.0	0.0	0.0	0.0	0.0	0.000100741	0.0	2.55806e-05	0.000254479	0.0	0.0	0.000278159	0.000166247	0.0	1.82525e-05	0.0	0.0	5.93606e-05	0.0	0.0	0.000128382	7.37438e-05	0.0	0.0	0.0	0.0	0.0	2.21592e-05	0.0	0.0	0.0	0.0	6.90507e-05	0.000143952	0.0	0.0	0.0	0.0	0.0	0.00013188	2.88246e-05	1.87809e-05	5.09778e-05	0.0	5.58036e-05	0.0	0.000119317	2.44753e-05	0.0	0.0	4.22298e-05	0.0	1.27751e-05	0.0	0.0	2.27413e-05	0.0	9.30784e-06	0.0	0.0	0.0	0.0	5.43986e-05	0.000544568	0.0	0.000176425
PWY0-781: aspartate superpathway	0.000107523	0.0	0.000402289	0.000347677	0.0	0.00016298	0.00306504	0.0	0.000329827	0.000399613	0.0	0.00231238	0.00185988	0.0	0.000255619	0.0	0.0	0.00168177	0.000792512	0.00112046	0.000671796	0.00100149	0.00252324	0.0	0.0	0.00257791	0.00229575	0.00196821	0.00168979	0.00293817	0.000315865	0.000159889	0.0	0.0	0.0	0.00214503	0.0	0.000311129	0.00143686	0.00049004	0.00063116	0.0	0.0	0.00011084	0.0	0.000621352	0.0	0.00191671	0.000196715	0.00147637	0.000296244	5.67483e-05	0.0	0.000377834	6.34034e-05	0.0	0.000124108	0.000176649	0.0	0.000294972	0.00067068	0.000296011	0.000149104	0.001118	0.000472184	0.000162664	0.00100241	0.00014066	0.000489689	0.00268551	0.00107937	0.000241798	0.000160807	0.000386998	0.000123611	0.00116536	0.000182924	0.000183155	0.00163545	0.0005682	0.0	0.000137542	6.63364e-05	0.000351555	0.0	0.000333985	0.000309572	0.000338366	0.0	0.000518799	0.00181127	0.00237635	0.000440487	0.0	0.000760195	0.000399898	0.000204488	0.00198078	0.000500983	0.00110539	0.000448647	0.0	0.000781987	0.0	0.00167785	0.000175134	0.000144112	7.63243e-05	0.00120877	0.000989026	0.0001	0.000372258	0.0	0.00163051	0.000629398	0.0006734	0.0	0.000122131	0.000488166	0.000916565	0.00065304	0.0025293	0.0	0.00112789
PWY0-845: superpathway of pyridoxal 5'-phosphate biosynthesis and salvage	0.00359834	0.00231162	0.000895348	0.00606259	0.00258898	0.00294789	0.00254524	0.00449397	0.00570449	0.00406193	0.0030984	0.00211025	0.00293146	0.00133755	0.00398718	0.00279639	0.000924059	0.00192338	0.00517015	0.00553102	0.00643004	0.00456586	0.00294222	0.0015219	0.00425202	0.00217812	0.00274134	0.002418	0.0045242	0.00311644	0.00280227	0.00184042	0.00232479	0.00263552	0.00152557	0.00344371	0.000670245	0.000993169	0.00121615	0.00206101	0.00515611	0.00242266	0.00453742	0.000140293	0.00291718	0.00335993	0.000908939	0.00361079	0.00387082	0.00246912	0.00357228	0.00438268	0.00312737	0.00308404	0.0021779	0.00423565	0.00130877	0.00224293	0.00409913	0.00310726	0.00352486	0.00314782	0.00473845	0.00278689	0.00115643	0.00350042	0.00424426	0.00621265	0.00412266	0.00449536	0.0029852	0.00192928	0.00518575	0.00306372	0.001882	0.00271734	0.00276183	0.00158161	0.00204931	0.00210274	0.00298772	0.00469451	0.00133813	0.00138544	0.00260052	0.0043306	0.00384888	0.000964634	0.00194767	0.00582317	0.00171717	0.00200357	0.00559506	0.0033167	0.00142506	0.0058602	0.0038871	0.00172189	0.00301619	0.00280426	0.000963494	0.00505531	0.00576117	0.00195239	0.00177197	0.00165989	0.00197889	0.00327018	0.00464707	0.00475527	0.0065125	0.00174001	0.00314097	0.00103577	0.00388197	0.00145512	0.00154555	0.00255098	0.00197932	0.00276827	0.00454351	0.00301465	0.00483977	0.00293272
PWY0-862: (5Z)-dodecenoate biosynthesis I	0.00231871	0.00223092	0.00163249	0.00209241	0.00198739	0.0042977	0.00465383	0.00351616	0.00085761	0.00455267	0.000981697	0.00580077	0.00476784	0.00119988	0.0014222	0.00115772	0.000637682	0.00272221	0.00329221	0.00308345	0.00219308	0.0026907	0.00433653	0.00109602	0.00235932	0.00468346	0.00562349	0.00483686	0.00540721	0.00274404	0.00136674	0.00227603	0.00168742	0.00166092	0.000432486	0.00479163	0.000237857	0.000701219	0.0040424	0.00251643	0.0022528	0.00253741	0.00425267	0.000497915	0.00128658	0.00212622	0.000212357	0.00424391	0.00143821	0.00393241	0.00378738	0.00252212	0.00107342	0.00308351	0.00125505	0.00525666	0.00126338	0.00171562	0.00255684	0.00367412	0.00195611	0.00266067	0.0044828	0.00295691	0.00197156	0.00390276	0.00309146	0.00162723	0.00189465	0.0045284	0.00410143	0.0016351	0.0024353	0.00314261	0.00179916	0.0022789	0.00195945	0.000791911	0.00283816	0.00432971	0.00200743	0.00131177	0.00128609	0.00177297	0.00208546	0.000464254	0.00147645	0.00213459	0.00100387	5.67887e-05	0.00254118	0.00442064	0.00279579	0.000708225	0.00157208	0.00109563	0.00344376	0.00422607	0.00156045	0.00162437	0.00175586	0.00141758	0.00180905	0.000783178	0.0032754	0.00225104	0.000552956	0.00537953	0.00247124	0.000542713	0.00331608	0.00152922	0.000313736	0.00264559	0.00201092	0.00223065	0.000998496	0.00490959	0.00168388	0.0030571	0.00452346	0.00615113	0.000752526	0.00359864
PWY1G-0: mycothiol biosynthesis	0.0	0.0	0.0	0.0	0.0	0.0	5.7621e-05	0.0	0.0	0.0	0.0	0.0	0.0	0.0	0.0	0.0	0.0	0.0	0.0	0.0	0.0	0.0	0.0	0.0	0.0	0.0	0.0	4.35965e-05	0.0	0.0	0.0	0.0	0.0	0.0	0.0	8.72844e-05	0.0	0.0	0.0	9.50157e-05	0.0	0.0	0.0	0.0	2.15845e-05	0.0	0.0	0.0	0.0	0.0	0.0	0.0	0.0	0.0	0.0	0.0	0.0	0.0	0.0	0.0	3.66646e-05	0.0	0.0	5.0563e-05	2.79095e-05	0.0	0.0	0.0	0.0	0.0	0.0	0.0	0.0	0.0	0.0	0.0	0.0	0.0	0.0	0.0	0.0	0.0	0.0	0.0	0.0	0.0	0.0	0.0	0.0	0.0	0.0	0.0	0.0	0.0	0.0	0.0	0.0	0.0	0.0	0.0	0.0	0.0	0.0	0.0	0.0	0.0	0.0	0.0	0.0	0.0	0.0	0.0	0.0	0.0	0.0	0.0	0.0	0.0	0.0	0.0	0.0	0.0	0.0	6.79331e-05
PWY1ZNC-1: assimilatory sulfate reduction IV	0.000436974	7.17562e-05	0.000547503	0.000158494	0.000159324	3.68809e-05	0.00213634	0.000130085	0.000233952	0.000197766	0.0	0.00162629	0.000253081	4.59478e-05	0.000184313	0.000194601	5.47715e-05	0.000984768	0.000583468	9.49923e-05	0.000107687	0.000338896	0.00204033	0.0	0.000151998	0.00232346	0.000971976	0.00136789	0.000640356	0.00144697	0.000937998	7.87956e-05	0.000491549	9.91873e-05	4.99275e-05	0.00097664	0.000104543	0.0	0.00101157	0.000359443	0.000106382	0.001987	3.52979e-05	9.6565e-05	5.33962e-05	0.000435862	0.0	0.00154159	0.00022476	0.000410161	0.0	0.000257555	0.000755344	0.000102089	0.000826414	7.78497e-05	0.000484788	0.000346046	9.97718e-05	4.00561e-05	0.000138019	0.000133995	0.000417475	0.000215617	0.00160845	0.000126645	0.000843717	0.000191597	0.000170372	0.00288667	0.000506152	0.000258267	0.000174879	0.000365399	0.000296555	0.000321567	0.00024999	0.0003705	0.000361516	0.000157076	0.0002242	0.000426692	0.00301519	0.000653609	0.000131624	0.000400709	0.000307719	0.000113154	0.00327928	0.000174292	0.000236903	0.00154872	0.000193932	0.000249122	0.00110925	0.000441754	0.00011665	0.000978893	5.02552e-05	0.000379219	0.000215228	3.30326e-05	0.000270564	0.000363938	0.00183913	2.65652e-05	6.94032e-05	0.00107317	0.000440935	0.00166924	1.19009e-05	0.000740488	0.000206876	0.000756693	0.000237974	0.000242116	3.67642e-05	0.000322144	0.000577129	0.000181339	0.000259119	0.00152046	6.462e-05	0.00138613
PWY3DJ-35471: L-ascorbate biosynthesis IV (animals, D-glucuronate pathway)	0.0	0.0	0.0	0.0	0.0	0.0	4.25276e-05	0.0	0.0	0.0	0.0	0.0	0.0	0.0	0.0	0.0	0.0	0.0	0.0	3.85871e-05	0.0	0.0	0.0	0.0	0.0	0.0	0.0	0.0	0.0	0.0	0.0	0.0	2.53614e-05	0.0	0.0	0.0	0.0	0.0	0.0	0.0	0.0	0.0	0.0	0.0	0.0	0.0	0.0	0.0	0.0	0.0	0.0	0.0	0.0	0.0	0.0	0.0	0.0	0.0	0.0	0.0	0.0	0.0	0.0	0.0	0.000383108	2.2775e-05	0.0	0.0	1.33219e-05	0.001198	0.0	0.0	7.28049e-05	0.0	0.0	0.0	0.0	0.0	0.0	0.0	0.0	0.0	0.0	0.0	0.0	0.0	0.0	0.0	0.0	0.0	0.0	0.0	1.23473e-05	0.0	9.15087e-05	0.0	0.0	6.20234e-05	3.90467e-05	0.0	0.0	0.0	0.0	0.0	0.000277691	0.0	0.0	3.91695e-05	3.16281e-05	0.000116648	1.17627e-05	0.0	0.0	0.0	0.0	0.0	0.0	0.0	0.0	6.54575e-05	0.0	0.0	0.0	0.0
PWY3O-4107: NAD salvage pathway V (PNC V cycle)	4.52592e-05	0.000737651	0.000320667	0.000176303	0.00068442	0.000703876	0.00190956	0.000911026	0.000253924	0.000282411	0.0	0.00141853	0.000461986	3.47084e-05	0.00173122	6.28908e-05	0.0	0.00148104	0.000677527	0.00117647	0.000497812	0.000118909	0.00138971	0.000371376	0.000311817	0.00163723	0.00128828	0.00197709	0.00087185	0.002551	0.000568486	3.7836e-05	0.0	0.0	0.000131842	0.00154949	0.0	0.000469832	0.00155425	0.000482377	0.000190832	0.000307247	0.000101738	3.11937e-05	0.0	0.000666629	0.0	0.00148504	0.000278027	0.00100257	0.000126861	0.0018158	0.0	0.000205572	0.0	0.00017111	9.21189e-05	0.00143281	0.000184162	0.00222864	0.00107329	0.000370383	0.000592808	0.00240317	0.000463137	5.30277e-05	0.000484755	0.000157084	0.000421012	0.0014413	0.00198739	0.000982624	0.000206197	0.00088424	0.00119893	0.001089	0.000180246	0.00014241	0.00102918	0.00034652	4.93765e-05	0.000922699	8.23071e-05	0.000187205	0.000930856	6.04135e-05	0.000660989	0.000382229	7.51094e-05	0.0010834	0.000459304	0.00243534	7.82202e-05	0.0	0.000318575	0.000134629	0.000108465	0.00145264	0.000836647	0.000642514	0.00034043	1.37518e-05	0.000267216	0.0	0.000985131	0.000220348	9.70871e-05	0.000858735	0.000760379	0.00198139	0.000458034	0.00204505	5.04418e-05	0.000905489	0.000234556	0.00147836	0.000496126	0.000468692	0.000591891	0.000292318	0.000564937	0.00100303	0.0	0.001489
PWY490-3: nitrate reduction VI (assimilatory)	0.0	0.0	5.83096e-05	5.44182e-05	0.0	0.0	6.60814e-06	0.0	7.80377e-06	0.0	0.0	2.0595e-05	1.58665e-05	2.35153e-05	4.19381e-05	3.69392e-05	9.94899e-05	0.0	0.0	1.21502e-05	0.0	5.79229e-05	1.25493e-05	0.0	4.0852e-05	4.1403e-05	0.0	1.46372e-05	0.0	0.0	0.000121507	0.0	0.0	6.39487e-05	1.58046e-05	1.63176e-05	0.0	0.0	0.0	3.68278e-05	0.0	0.0	0.0	0.0	0.0	2.45693e-05	0.0	0.0	5.05855e-05	4.09712e-05	0.0	0.0	0.0	0.0	0.0	0.0	0.0	0.0	0.0	0.000141628	8.16224e-05	1.35772e-05	9.9231e-05	2.09373e-05	4.13344e-05	0.0	0.0	2.79336e-05	0.0	0.0	0.000117419	0.0	3.94826e-05	0.0	3.80179e-05	4.54332e-05	0.0	0.0	0.0	3.153e-05	0.0	2.89609e-05	2.67449e-05	4.9011e-05	4.49723e-05	2.68919e-05	0.0	0.0	1.9316e-05	9.38501e-06	1.22237e-05	0.0	1.11757e-05	0.0	8.84306e-05	0.0	0.0	0.0	0.0	0.0	0.0	5.97828e-06	0.0	9.19242e-05	0.0	6.39591e-05	4.30574e-05	4.61055e-05	3.26734e-05	0.0	1.44724e-05	0.0	0.0	0.0	0.0	3.16463e-05	0.0	0.0	3.73196e-05	4.74935e-05	3.80088e-05	0.0	0.000143527	0.0
PWY4FS-7: phosphatidylglycerol biosynthesis I (plastidic)	0.00275302	0.00325994	0.00568785	0.00456768	0.0036875	0.000746684	0.00550483	0.00278552	0.00379536	0.00294784	0.00298925	0.00434691	0.0035533	0.00693265	0.00178468	0.00480116	0.00537145	0.0055022	0.00289847	0.00433213	0.00135881	0.00216967	0.00396514	0.00656624	0.00306311	0.00436147	0.00457832	0.00385117	0.00310417	0.00481062	0.00311127	0.0045871	0.00229421	0.00213318	0.00416743	0.00415044	0.00318937	0.00374269	0.00438468	0.0032677	0.00316181	0.00302211	0.00402205	0.00214109	0.00294483	0.00369048	0.00466103	0.00421583	0.00365742	0.00283256	0.00313466	0.0046519	0.00438893	0.00313269	0.00217624	0.00250457	0.00294664	0.00201319	0.00278231	0.00408175	0.00418647	0.00332585	0.00395435	0.00511659	0.00231408	0.0041712	0.00105759	0.00504882	0.00281041	0.00384774	0.00447964	0.00212003	0.00373489	0.00254635	0.00220663	0.00352572	0.00144038	0.00628824	0.00251263	0.00299748	0.0046037	0.00428445	0.00608974	0.0054446	0.00304733	0.0055524	0.00318028	0.0061472	0.00554099	0.00448317	0.00253004	0.00449391	0.00500472	0.00295308	0.0037021	0.00418255	0.00463835	0.00339991	0.00235164	0.00188991	0.00597722	0.00392659	0.00497354	0.0059149	0.00347542	0.00355565	0.00275016	0.00373078	0.0031178	0.00668179	0.00208921	0.00234576	0.0027346	0.00287269	0.00296518	0.00493329	0.00576469	0.00160222	0.00266888	0.0032316	0.00313122	0.00279767	0.0038121	0.00337669
PWY4FS-8: phosphatidylglycerol biosynthesis II (non-plastidic)	0.00275302	0.00325994	0.00568785	0.00456768	0.0036875	0.000746684	0.00550483	0.00278552	0.00379536	0.00294784	0.00298925	0.00434685	0.0035533	0.00693265	0.00178468	0.00480116	0.00537145	0.0055022	0.00289847	0.00433213	0.00135881	0.00216967	0.00396514	0.00656624	0.00306311	0.00436147	0.00457832	0.00385117	0.00310417	0.00481062	0.00311127	0.0045871	0.00229421	0.00213318	0.00416743	0.00415044	0.00318937	0.00374269	0.00438468	0.0032677	0.00316181	0.00302211	0.00402205	0.00214109	0.00294483	0.00369048	0.00466103	0.00421583	0.00365742	0.00283256	0.00313466	0.0046519	0.00438893	0.00313269	0.00217624	0.00250457	0.00294664	0.00201319	0.00278231	0.00408175	0.00418574	0.00332585	0.00395435	0.00511584	0.00231408	0.0041712	0.00105759	0.00504882	0.00281041	0.00384774	0.00447964	0.00212003	0.00373489	0.00254635	0.00220663	0.00352572	0.00144038	0.00628824	0.00251263	0.00299748	0.0046037	0.00428445	0.00608974	0.0054446	0.00304733	0.0055524	0.00318019	0.0061472	0.00554099	0.0044831	0.00253004	0.00449391	0.00500472	0.00295308	0.0037021	0.00418255	0.00463835	0.00339991	0.00235164	0.00188991	0.00597722	0.00392659	0.00497354	0.0059149	0.00347542	0.00355565	0.00275016	0.00373078	0.00311774	0.00668022	0.00208921	0.00234576	0.0027346	0.00287269	0.00296518	0.00493329	0.00576469	0.00160222	0.00266888	0.0032313	0.00313122	0.00279767	0.0038121	0.00337669
PWY4LZ-257: superpathway of fermentation (Chlamydomonas reinhardtii)	0.000180382	0.0	0.000118356	0.000562895	8.8327e-05	0.000140662	0.00376241	0.000984605	0.000287825	0.000666645	0.000347958	0.000813062	0.000256256	2.26279e-05	0.000262455	0.000411097	0.000264383	0.00245827	0.000632327	0.000203451	0.000153034	0.00023896	0.00203112	0.000126396	0.000229264	0.000371964	0.000409306	0.00206346	0.000478433	0.00306521	0.000147867	0.00019839	0.000362681	0.0	5.33132e-05	0.00187624	0.000143917	0.0	0.00160733	0.000415356	0.000559998	0.000790608	0.0010491	0.000285324	0.000190896	4.51537e-05	0.0	0.001528	0.000267762	0.000697387	0.000594554	4.8567e-05	9.88453e-05	0.000271774	0.000284121	0.000127524	8.04307e-05	0.000202567	0.000225612	0.0	0.000202088	0.000133824	0.000453289	0.000435939	0.000571122	0.000613445	0.000331457	0.000119674	0.000294684	0.00221959	0.00130433	0.000224407	0.000382498	8.6352e-05	8.80531e-05	0.000688208	0.0	0.000165594	0.000810918	0.000593698	0.000251146	0.000248785	0.000402919	0.000109832	0.000216838	0.000210444	0.000304525	0.000245462	0.000127497	0.000173575	0.000596584	0.00319884	0.000572145	0.000176909	0.000210689	0.00012005	9.5164e-05	0.00239125	0.000353902	0.000505684	0.000484891	1.93934e-05	0.00075302	9.90558e-05	0.00137544	0.000222655	9.95391e-05	0.000141979	0.000275063	0.000832056	0.000145521	0.000102149	0.000272535	0.000725571	2.37069e-05	0.000381719	0.0	0.000547333	0.000534419	0.000216664	0.00105366	0.0019115	0.000129984	0.000643644
PWY5F9-12: biphenyl degradation	0.0	0.0	0.0	0.0	0.0	0.0	0.0	0.0	0.0	0.0	0.0	0.0	0.0	0.0	0.0	0.0	0.0	0.0	0.0	0.0	0.0	0.0	0.0	0.0	0.0	0.0	0.0	0.0	0.0	0.0	0.0	0.0	0.0	0.0	0.0	0.0	0.0	0.0	0.0	0.0	0.0	0.0	0.0	0.0	0.0	0.0	0.0	0.0	0.0	0.0	0.0	0.0	0.0	0.0	0.0	0.0	0.0	0.0	0.0	0.0	0.0	0.0	0.0	0.0	0.0	0.0	0.0	0.0	0.0	0.0	0.0	0.0	0.0	0.0	0.0	0.0	0.0	0.0	0.0	0.0	0.0	0.0	0.0	0.0	0.0	0.0	0.0	0.0	0.0	0.0	0.0	0.0	0.0	0.0	0.0	0.0	0.0	0.0	0.0	0.0	0.0	0.0	0.0	0.0	2.09597e-05	0.0	0.0	0.0	0.0	0.0	0.0	0.0	0.0	0.0	0.0	0.0	0.0	0.0	0.0	0.0	0.0	0.0	0.0	0.0
PWY66-367: ketogenesis	0.0	0.0	0.0	5.68532e-05	0.0	0.0	4.17631e-05	0.0	1.26759e-05	0.0	0.0	3.14617e-05	5.71957e-05	0.0	0.0	0.0	0.0	0.0	0.000154783	0.0	3.01429e-05	0.0	0.0	0.0	0.0	0.0	0.0	0.0	0.0	0.0	0.0	0.0	0.0	0.0	0.0	0.0	0.0	0.0	0.0	0.0	1.78381e-05	0.0	9.57985e-06	0.0	0.0	0.0	0.0	0.0	4.33214e-05	0.0	0.0	0.0	0.0	0.0	0.0	0.0	0.0	0.0	0.0	0.0	8.71709e-05	0.0	0.0	0.0	0.0	0.0	0.0	0.0	3.15977e-05	0.0	0.000160685	1.368e-05	0.0	7.69423e-05	0.0	2.52328e-05	0.0	0.0	0.0	0.0	0.0	0.0	0.0	1.12787e-05	0.0	0.0	2.08331e-05	0.0	0.0	0.0	4.76869e-05	0.000203267	0.0	0.0	0.0	0.0	0.0	5.03419e-05	2.02513e-05	4.9365e-05	0.0	0.0	5.96051e-05	0.0	2.42975e-05	0.0	9.38485e-06	9.23468e-05	3.47291e-05	0.000176804	0.0	3.72639e-05	0.0	0.0	0.0	0.0	0.0	3.3516e-05	0.0	0.0	2.71733e-05	1.83446e-05	0.0	0.0
PWY66-388: ceramide degradation by &alpha;-oxidation	0.0	0.0	0.0	0.0	0.0	0.0	8.86432e-05	0.0	0.0	0.0	0.0	0.0	0.0	0.0	0.0	0.0	0.0	0.0	0.0	2.04596e-05	0.0	3.81198e-06	0.0	0.0	0.0	3.52784e-05	0.0	0.0	0.0	0.0	0.0	0.0	0.0	0.0	7.01271e-05	0.0	0.0	0.0	0.0	0.0	0.0	0.0	0.0	0.0	0.0	3.74751e-05	6.90056e-05	0.0	0.0	0.0	0.0	0.0	0.0	0.0	0.0	0.0	0.0	0.0	0.0	0.0	0.0	0.0	0.0	0.0	0.0	0.0	0.0	0.0	0.0	0.0	8.41064e-05	0.0	4.28035e-07	0.0	0.0	0.0	0.0	0.0	0.0	1.14267e-05	0.0	0.0	0.0	0.0	0.0	0.0	0.0	0.0	0.0	0.0	0.0	0.0	0.0	0.0	8.82996e-05	0.0	0.0	0.0	7.73286e-07	2.98167e-05	0.0	0.0	0.0	0.0	0.0	1.6099e-06	6.06505e-06	0.0	0.0	0.0	0.0	0.0	0.0	0.0	0.000179424	0.0	0.0	0.0	0.0	3.58188e-05	3.11178e-05	0.0	0.0	0.000126873
PWY66-389: phytol degradation	0.0	0.0	0.00045805	6.0727e-06	0.000109801	5.10379e-05	0.00187576	0.0	1.14631e-05	0.0	0.0	0.00017258	5.29678e-05	0.0	6.08337e-05	0.0	0.000145154	7.50443e-06	0.000241786	2.04743e-05	4.04387e-05	3.87907e-06	0.000335464	0.0	0.0	0.000325973	0.0	0.00113311	3.11962e-05	0.0017338	9.6509e-05	0.0	0.0	0.0	8.70074e-05	0.000536056	0.0	0.0	6.36038e-05	0.0	0.0	0.000124634	7.52384e-05	0.000171965	0.0	3.87788e-05	0.000322213	0.000471706	7.42155e-05	0.000278702	0.0	1.95748e-06	0.0	0.000328717	0.0	0.0	0.0	0.0	0.0	0.0	9.96544e-05	3.28579e-07	0.0	0.000175191	0.000261458	0.0	0.0	0.0	7.93156e-05	0.000455249	0.000158016	3.06831e-05	4.28068e-07	0.0	0.0	6.17385e-05	0.0	5.18709e-05	0.0	1.46725e-05	0.0	0.0	0.0	0.000225944	2.7368e-05	0.0	0.000336423	1.21378e-05	3.09911e-05	0.0	0.000101246	0.000188445	0.000136925	0.0	0.00038848	0.000128605	0.0	0.000264202	7.74389e-07	4.07949e-05	0.0	0.0	0.000421187	0.0	0.000583684	1.63223e-06	6.19642e-06	0.0	2.89025e-05	4.43468e-05	0.0	0.0	0.0	0.000441304	0.000272608	0.0	0.0	0.0	0.0	3.72507e-05	3.19779e-05	0.000272566	0.0	0.00108601
PWY66-391: fatty acid &beta;-oxidation VI (mammalian peroxisome)	0.000228717	0.0	0.0	0.00062434	0.0	8.71148e-05	0.000205318	0.000279883	0.000212273	0.000351433	0.0	1.14061e-05	0.000100615	0.000197799	0.000265278	0.0	0.0	0.00159158	3.85154e-05	0.000181244	0.0	0.000476463	0.000205846	0.0	0.0	0.0	0.000120765	0.0	0.00026847	0.0	3.48638e-05	0.0	0.000289329	0.0	0.0	0.0	0.0	0.0	0.0	0.0	0.000424316	0.0	0.000245693	0.000278499	5.70795e-05	0.0	0.0	0.0	0.000342968	9.81033e-05	7.31106e-05	0.000115029	0.000113585	0.000375149	4.07912e-05	0.0	0.0	0.0	0.000182164	0.000187999	2.73194e-05	0.0	0.000159719	3.63879e-05	2.87052e-05	0.000323131	0.000362735	0.0	0.0	0.0	2.67409e-05	7.63876e-05	0.000103064	8.78323e-05	0.0	0.000366458	0.0	0.00010389	0.0	0.000254603	0.000347292	0.0	0.000120651	3.48352e-05	0.0	0.000176674	6.0491e-05	0.0	5.20888e-05	0.000139635	0.000385634	0.000814403	0.000419059	0.0	0.0	0.00020543	8.61916e-05	0.00151597	9.77636e-05	0.000191202	4.45024e-05	5.19365e-06	0.000141845	4.51966e-05	0.000100985	0.0	0.00012556	0.00024617	0.000286788	0.000173929	0.000161679	0.000117743	0.0	0.0	0.000267262	0.0	0.0	0.000261887	0.0	0.0	0.00032281	0.000456234	0.000176997	0.000206773
PWY66-399: gluconeogenesis III	0.00178721	0.00227831	0.00162006	0.00228569	0.00255676	0.00342213	0.00103586	0.00229937	0.0017798	0.00226146	0.00323735	0.0014609	0.00248448	0.00108415	0.00237489	0.00280517	0.00223863	0.00140453	0.0	0.00270885	0.00205429	0.000771865	0.00189837	0.000810131	0.00190545	0.000891823	0.00164385	0.00165359	0.00215689	0.00219144	0.00132086	0.00330067	0.00350385	0.00213678	0.000978048	0.00185905	0.00222741	0.001663	0.00129507	0.00238623	0.00291728	0.0026866	0.0034996	0.00128295	0.00247509	0.00192881	0.00106809	0.00227604	0.00178673	0.00166726	0.00246252	0.00192939	0.00104862	0.00211375	0.0022782	0.00291896	0.00180722	0.00273737	0.00220718	0.000965599	0.00103342	0.00197222	0.00234857	0.00129182	0.00152243	0.00157791	0.00339324	0.00150136	0.00212228	0.0	0.000774386	0.00200746	0.0012451	0.00136594	0.00282315	0.00127363	0.00268539	0.00133745	0.0016568	0.00135856	0.000938845	0.00216441	0.00134569	0.000814535	0.00260014	0.000273655	0.000519233	0.000202839	0.00149839	0.000335122	0.0017009	0.00110386	0.000753406	0.00256843	0.00247773	0.00219091	0.00119871	0.00151743	0.0028476	0.00315187	0.000362494	0.00235293	0.0013824	0.00101414	0.000486587	0.00096931	0.00185011	0.000603034	0.00295523	0.00169802	0.000628942	0.002724	0.00265193	0.0020084	0.00124333	0.00185219	0.00128794	0.00271566	0.0	0.000764545	0.00127659	0.000539047	0.00265589	0.00127914
PWY66-409: superpathway of purine nucleotide salvage	0.000267721	0.000650934	0.00357875	0.00181312	0.00113659	0.0	0.00345802	0.00108033	0.000726495	0.00183788	0.0	0.00264721	0.00112833	0.000201034	0.000858016	0.000790809	0.0013308	0.00216216	0.00141777	0.000716071	0.00174757	0.00156047	0.0036891	0.000770757	0.000553403	0.00214261	0.00256141	0.00296224	0.00222374	0.00350414	0.000878884	0.00126724	0.0018333	0.000928174	0.000161748	0.00325991	0.0	0.0	0.00156241	0.00305035	0.00118377	0.0	0.00110641	0.000475286	0.000572045	0.000934548	0.0	0.00245765	0.000928064	0.00197011	0.00107714	0.000449661	0.000624291	0.00139231	0.000881459	0.0	0.00113802	0.00133126	0.000709772	0.00108041	0.00186836	0.00156784	0.00213988	0.00335464	0.00128646	0.0034313	0.00221007	0.000668631	0.00117656	0.00311494	0.00270136	0.000256716	0.000589207	0.00115624	0.000247998	0.00174895	0.00038267	0.000554719	0.00122388	0.00168719	0.0	0.000352415	0.000845378	0.00075731	0.000613314	0.00237489	0.00126122	0.00038903	0.000809303	0.00342001	0.00162097	0.00308012	0.00119831	0.0	0.00269327	0.000560318	0.00102636	0.00209739	0.00087022	0.0010875	0.000890942	0.000227946	0.00119828	0.000840067	0.0029189	0.000529712	0.000311012	0.000771934	0.00140669	0.0033985	0.000361955	0.000451701	0.000558496	0.00168138	0.000665796	0.00231252	0.000333568	0.00239585	0.00284844	0.00234769	0.00141768	0.00267256	0.000566409	0.00494379
PWY66-429: fatty acid biosynthesis initiation (mitochondria)	0.0103947	0.00789866	0.00437255	0.00977341	0.00942422	0.00772026	0.00552397	0.00960531	0.0115558	0.00975329	0.00808297	0.00792953	0.00892425	0.00705222	0.00725108	0.00660793	0.0055547	0.0077013	0.00978551	0.00827956	0.00946098	0.0112569	0.00716929	0.00786636	0.010988	0.00797848	0.00767679	0.00680545	0.00844781	0.00614204	0.00855756	0.00594889	0.00776921	0.00940345	0.00690019	0.00725208	0.00705587	0.00659734	0.00903725	0.00995332	0.0104023	0.00645927	0.0079385	0.00945129	0.00692424	0.00934584	0.00798676	0.00607066	0.00920831	0.00906346	0.0113399	0.00896024	0.00872284	0.00963193	0.00680733	0.0099927	0.00947501	0.00865669	0.0130796	0.00895126	0.00862456	0.0121709	0.0113929	0.00938196	0.00860814	0.0113548	0.00823889	0.0110175	0.00845028	0.00605984	0.00840765	0.0103455	0.0103256	0.010101	0.00836106	0.00943508	0.00878067	0.00836611	0.00980694	0.0102328	0.00882352	0.0100049	0.00891243	0.00861894	0.0087173	0.0102864	0.00901214	0.00789371	0.0087346	0.0115277	0.0105783	0.00543603	0.0113421	0.00964508	0.00795154	0.00958654	0.0103551	0.00893992	0.0081879	0.00809472	0.00819859	0.00977129	0.00924881	0.00888613	0.00653767	0.00663644	0.00874787	0.0119478	0.00966405	0.00849365	0.0110104	0.00819462	0.00861388	0.00533996	0.00975549	0.00750664	0.00876671	0.00820097	0.010879	0.0106673	0.0106973	0.00880142	0.0108469	0.00960678
PWY66-430: myristate biosynthesis (mitochondria)	0.0	0.0	0.0	0.0	0.0	0.0	0.00204294	0.0	0.0	0.0	0.0	0.0	0.0	0.0	0.0	0.0	0.0	6.95747e-05	0.0	0.0	0.0	0.0	0.000159039	0.0	0.0	0.0	0.0	0.0	0.0	0.00151727	0.0	0.0	0.0	0.0	0.0	5.89438e-05	0.0	0.0	0.0	0.0	0.0	0.0	0.0	0.0	0.0	0.0	0.0	0.0	0.000120127	0.0	0.0	0.0	0.000137287	0.0	0.0	0.0	0.0	0.0	0.0	0.0	0.0	0.0	0.0	0.0	0.000164815	0.0	0.0	0.0	0.0	0.0016023	0.0	3.47956e-05	0.0	0.0	0.0	0.0	0.0	0.0	0.0	0.0	0.0	0.0	0.0	4.70406e-05	0.0	0.0	0.0	0.0	0.0	2.58959e-05	0.0	0.00110863	6.5466e-05	0.0	0.0	0.0	0.0	0.0	0.0	0.0	0.0	1.48512e-05	0.0	0.0	7.36704e-05	0.0	0.0	0.0	0.0	0.0	0.0	0.0	0.0	0.000222795	0.0	0.000344705	0.0	9.17318e-05	0.0	0.000844617	0.0	1.16672e-05	0.0	0.0
PYRIDNUCSAL-PWY: NAD salvage pathway I (PNC VI cycle)	6.12169e-05	0.000883679	0.000421948	0.000239736	0.000835797	0.000866914	0.00214623	0.0009538	0.000334217	0.000309257	0.0	0.00160408	0.000559024	4.83177e-05	0.00157749	8.71493e-05	0.0	0.00161494	0.000803735	0.000799885	0.000489435	0.000148622	0.00160083	0.000490676	0.000414133	0.00180221	0.00147635	0.00204528	0.000985647	0.00266322	0.000694214	5.26955e-05	0.0	0.0	0.00017946	0.0016786	0.0	0.000599559	0.00171802	0.000601608	0.000254659	0.000411569	0.000140454	4.28566e-05	0.0	0.000800782	0.0	0.00150802	0.000305154	0.0010741	0.000172521	0.00130724	0.0	0.000258349	0.0	0.000224865	0.000126656	0.00154169	0.000230311	0.00130705	0.00109329	0.0004585	0.000635938	0.0023548	0.000544493	7.31657e-05	0.000600596	0.000210533	0.000539365	0.00164754	0.00198213	0.00112318	0.000250627	0.000864378	0.00135859	0.00110236	0.000241965	0.000194766	0.00108596	0.000443578	6.31638e-05	0.00096863	0.000113582	0.000254034	0.00107219	8.35623e-05	0.000682901	0.000502196	0.0001033	0.00104164	0.00051953	0.00252572	0.000105048	0.0	0.00041727	0.000177887	0.000146384	0.00145294	0.00102014	0.000774568	0.000452272	1.91882e-05	0.000329159	0.0	0.00114994	0.000285727	0.000130404	0.000934934	0.000867866	0.00205253	0.000251442	0.00148789	7.00816e-05	0.00103386	0.000309656	0.00167005	0.000641503	0.000563003	0.00071376	0.000385012	0.000631007	0.00111724	0.0	0.00157478
PYRIDNUCSYN-PWY: NAD de novo biosynthesis I (from aspartate)	0.0080171	0.00610526	0.00714992	0.00635584	0.00650976	0.00607952	0.00379807	0.0063615	0.00723407	0.00769843	0.00771443	0.00447532	0.00758696	0.00794115	0.00650347	0.00613275	0.00657531	0.00533428	0.00721652	0.00692386	0.00802521	0.00773752	0.0046147	0.00619407	0.00745937	0.0043439	0.00502695	0.0049663	0.00630556	0.00322855	0.00566536	0.00582482	0.00651158	0.00672063	0.00792574	0.00495305	0.00531143	0.00804444	0.00568531	0.00623961	0.00638131	0.00700867	0.00642162	0.00484721	0.00602726	0.00671235	0.00823797	0.00513422	0.00707513	0.0053732	0.00684295	0.00562268	0.00616204	0.00715954	0.00658509	0.0086662	0.00737187	0.0070475	0.00850044	0.00727485	0.00591545	0.00814701	0.0075832	0.00580569	0.00484795	0.00714305	0.00593198	0.00813863	0.00706091	0.0040764	0.00541152	0.00682105	0.0079282	0.00641863	0.00476617	0.00568378	0.00674172	0.00744819	0.00557697	0.00833993	0.00899557	0.00672973	0.00734223	0.00698133	0.00594294	0.00763669	0.00660713	0.00709015	0.00713593	0.00719525	0.00573994	0.0036885	0.00779013	0.0073501	0.00723582	0.00735792	0.00768379	0.00559217	0.0063272	0.00541276	0.00708079	0.00899048	0.00685257	0.00713089	0.00531961	0.00727484	0.0085375	0.00753184	0.00669584	0.00548003	0.00830697	0.0077698	0.00590535	0.0066687	0.00753567	0.00621848	0.00839465	0.00690144	0.00733607	0.00661402	0.00817953	0.00562158	0.00671781	0.007199
PYRIDOXSYN-PWY: pyridoxal 5'-phosphate biosynthesis I	0.00384306	0.00205583	0.000629075	0.0054443	0.00226735	0.00299892	0.0026533	0.00452751	0.00559584	0.00409471	0.00263212	0.00173849	0.00297624	0.00114781	0.00338234	0.00233735	0.000799684	0.00139148	0.0045995	0.00499292	0.00716604	0.00457013	0.002586	0.00137154	0.00408788	0.00183279	0.00249683	0.00250293	0.00439019	0.00317582	0.00272357	0.00147402	0.00190236	0.00235369	0.00137193	0.0032825	0.000542317	0.000860256	0.00145578	0.00179282	0.00504039	0.00236578	0.0045913	0.000112961	0.00248902	0.00292322	0.000773803	0.00354933	0.00361832	0.00217459	0.00366017	0.00389012	0.00295354	0.00273562	0.00187773	0.00428758	0.00112364	0.00197438	0.00387271	0.00263894	0.00331845	0.0027688	0.00464963	0.00255098	0.000974264	0.00345206	0.0039405	0.00606766	0.00376978	0.00418755	0.0025606	0.00159505	0.00522474	0.00254843	0.00145009	0.00227478	0.00261957	0.00135694	0.00181368	0.00205951	0.00358257	0.00426629	0.00112323	0.00117478	0.00228164	0.00416933	0.00360724	0.000816922	0.00179243	0.00492959	0.00146686	0.00218956	0.00523736	0.0032487	0.0012308	0.00648272	0.00430195	0.00154452	0.00264411	0.00237773	0.00080995	0.00516158	0.00637173	0.00169473	0.00166678	0.00244667	0.00186116	0.00307063	0.0047862	0.00430779	0.00774182	0.00148476	0.00258158	0.000988416	0.00393885	0.00122962	0.0013354	0.00215765	0.00169453	0.0024113	0.00448024	0.00262431	0.00443464	0.00289466
REDCITCYC: TCA cycle VI (Helicobacter)	0.0	0.0	0.000256228	0.00017447	0.0	0.0	0.00125558	0.0	1.026e-05	0.00016952	0.0	0.000745862	0.000397712	0.0	0.00012548	0.0	0.000225479	0.000774232	0.000245663	0.0	0.000216597	0.000142449	0.00148932	0.0	0.0	0.000159048	0.000772906	0.000566965	0.000498097	0.000974329	0.000112052	0.0	0.0	0.0	0.0	0.000708168	0.0001424	0.0	0.000206222	8.31184e-05	0.00017841	0.0	1.56876e-05	4.66263e-05	3.81454e-05	3.78854e-05	0.000151843	0.000766215	0.000156233	0.000521815	0.0	5.2126e-05	0.0	3.84084e-05	4.10487e-05	0.0	0.0	0.000148001	6.38897e-05	0.0	7.39879e-05	5.74323e-05	0.0	0.000254336	0.00036166	0.00016156	9.25443e-05	0.0	0.00017483	0.00085204	0.000264126	0.0	0.000152926	0.0	2.9146e-05	0.000135465	0.0	4.87846e-05	0.000312801	0.000184366	0.0	5.94641e-05	4.76945e-05	3.84796e-05	6.02798e-05	3.30883e-05	0.00042185	9.43839e-05	0.0	0.0	0.000107598	0.000269944	3.43167e-05	0.0	0.000238002	5.77244e-05	0.000121614	0.000430069	9.12558e-05	0.000315871	0.000152203	0.0	0.00011831	0.000103989	0.000483717	5.45856e-05	3.91701e-05	0.0	0.000205719	7.4811e-05	8.72397e-05	5.32638e-05	0.000143188	0.000441556	0.000214113	5.61959e-05	0.0	3.00462e-05	9.44636e-05	0.000243605	0.00015748	0.000523995	0.0	0.000383604
RHAMCAT-PWY: L-rhamnose degradation I	0.00433633	0.00345705	0.00175452	0.00504635	0.00332665	0.00370379	0.0035318	0.00240916	0.00270882	0.00348099	0.00168635	0.00342891	0.00242393	0.00344501	0.00253836	0.00254744	0.00174582	0.00349163	0.00565632	0.00433352	0.00174455	0.00384443	0.00297071	0.00347757	0.00452681	0.00263028	0.00217891	0.00339672	0.00246593	0.00379412	0.004235	0.00189877	0.0025683	0.00307098	0.00367608	0.00350853	0.00341003	0.00133394	0.00379086	0.00296687	0.00336479	0.00160023	0.00183703	0.0024466	0.00360532	0.00391476	0.00250771	0.00331454	0.00462404	0.00406837	0.00447422	0.00238075	0.00387675	0.00312617	0.00253999	0.00267974	0.00428568	0.00273854	0.00426342	0.00325599	0.00338281	0.00362418	0.00621131	0.00468636	0.00343553	0.00568529	0.00289032	0.00441751	0.00272633	0.00386267	0.00391977	0.00309297	0.00291516	0.00371737	0.00303108	0.00236257	0.00449454	0.00289142	0.00278795	0.00317221	0.000544868	0.002282	0.00235445	0.00279868	0.00387147	0.00352497	0.00287226	0.00316091	0.00223469	0.00595303	0.00243856	0.00343529	0.00686746	0.00322422	0.00213249	0.00457079	0.00234542	0.00450137	0.003044	0.0024279	0.00368989	0.00343914	0.00620753	0.00228624	0.00217873	0.000996904	0.00200845	0.0047327	0.00239116	0.00241468	0.00435437	0.0031491	0.00301968	0.00319967	0.00414695	0.00295015	0.00385077	0.00248754	0.0035336	0.00358987	0.00477928	0.00453809	0.00391675	0.00543604
RIBOSYN2-PWY: flavin biosynthesis I (bacteria and plants)	0.00755147	0.00780076	0.00591465	0.00416657	0.00735039	0.0042296	0.0033203	0.00619804	0.00747856	0.00561691	0.00533432	0.00502961	0.00542245	0.00643596	0.00570307	0.00583537	0.00652005	0.00485737	0.00634148	0.00320804	0.00729815	0.00704281	0.00404223	0.00884496	0.00721921	0.00453271	0.00478143	0.00455841	0.00457548	0.00284322	0.00752209	0.00508889	0.00500841	0.00867809	0.00589482	0.00436054	0.00664015	0.00550482	0.00506416	0.0063384	0.00687769	0.00677212	0.00667909	0.00826848	0.00676476	0.00754021	0.00733437	0.00435176	0.00721774	0.00611424	0.00732567	0.00634405	0.00777076	0.00626839	0.00617565	0.00758087	0.00758902	0.00600643	0.00751915	0.00605392	0.00701321	0.00678254	0.00406352	0.0060422	0.00664872	0.00472838	0.00477975	0.00729681	0.00663117	0.00331197	0.00594121	0.00695405	0.00700128	0.0064185	0.00555557	0.00644409	0.00757981	0.00728002	0.00621086	0.00639206	0.00991709	0.00678001	0.00623967	0.00601644	0.00685766	0.00674472	0.0064581	0.00648677	0.00558263	0.00685917	0.0033718899999999	0.0030446	0.00630846	0.00770515	0.0070426	0.00559747	0.00663385	0.00452998	0.00639522	0.00425593	0.00656224	0.00777414	0.00548776	0.00538027	0.0051356	0.00523826	0.00765504	0.00649205	0.00634639	0.00335606	0.00650264	0.00516731	0.00545201	0.00480906	0.00611141	0.00532179	0.0068338	0.00287909	0.00789161	0.00722904	0.00592036	0.00553517	0.00762104	0.00746347
RUMP-PWY: formaldehyde oxidation I	0.0	0.0	0.0	0.000204201	0.0	0.0	0.0	0.000193989	8.24668e-05	0.0002155	0.0	0.00012571	4.76704e-05	4.79963e-05	4.9737e-05	0.000104167	0.0	0.000167448	0.000894751	7.36138e-05	4.8187e-05	0.000109272	4.73264e-05	0.000105498	4.39455e-05	0.0	0.0	5.6466e-05	6.82627e-05	9.29116e-05	0.0	0.000144566	0.000523269	0.0	1.47917e-05	0.0	0.000156533	0.0	0.0	7.41629e-05	4.42892e-05	0.0	3.15324e-05	0.0	0.0	0.0	0.0	0.0	0.0	0.000100841	0.0	0.000105593	0.0	0.00025234	7.37162e-05	0.0	0.0	0.000291198	7.9827e-05	0.0	0.000105538	0.000157664	0.0	0.000126335	2.88738e-05	9.30047e-05	0.000246006	0.000124908	0.000155102	0.0	0.0	6.477699999999999e-05	0.0	0.000368143	7.69754e-05	0.0	0.000122656	0.0	0.000322546	0.000105625	0.0	6.46333e-05	0.0	3.84725e-05	9.45615e-05	2.41431e-05	0.00014449	0.0	0.000116369	1.74333e-05	0.000948765	8.51978e-05	0.0	0.0	0.000128769	0.000208149	0.0	9.46582e-05	0.000284149	0.00017013	0.0	8.35995e-05	0.0	0.000370061	0.0	0.000110601	0.000100156	7.07122e-05	0.0	0.0	0.0	0.000206932	0.0	1.13214e-05	0.0	0.0	0.0	0.00019724	0.0	9.62835e-05	0.0	1.65555e-05	0.0	0.0
SALVADEHYPOX-PWY: adenosine nucleotides degradation II	0.000673468	0.00128231	0.000512727	0.00122352	0.0011995	0.00029648	0.00648428	0.000821152	0.000288175	0.00124175	0.00197	0.00359849	0.00186038	0.000258059	0.00106293	0.000912404	0.00110756	0.00674766	0.00316235	0.000631923	0.00148559	0.000950809	0.00225361	0.000806739	0.000796676	0.00395713	0.00426467	0.00811851	0.00292429	0.00713047	0.00211184	0.000415302	0.00136291	0.00110961	0.000484485	0.00428146	0.000711551	0.000316478	0.00348749	0.0016619	0.00181463	0.000240074	0.000605154	0.000870915	0.000655358	0.000844371	0.000577232	0.00427356	0.00189489	0.00267329	0.000666981	0.000639771	0.00139797	0.000925069	0.00086867	0.000611652	0.000593802	0.00131819	0.000871274	0.00039954	0.000420469	0.000673612	0.000663452	0.00168499	0.000800278	0.00107191	0.000728993	0.000615715	0.000639163	0.00340168	0.00207746	0.000682439	0.000910137	0.000586511	0.000874711	0.00190472	0.000699806	0.00127901	0.00299351	0.00131733	0.000453131	0.00102845	0.000539664	0.00102164	0.000828699	0.00113477	0.001021	0.000624632	0.000517296	0.000814569	0.00201582	0.00650836	0.00116178	0.000488153	0.0012502	0.000252874	0.000472546	0.00422252	0.000739994	0.00174123	0.000796655	0.000109739	0.0017403	0.000609454	0.00193752	0.000464328	0.000870884	0.00143538	0.00119045	0.00186432	0.000517107	0.000425893	0.00103692	0.00114445	0.000609227	0.0017029	0.00022602	0.000563791	0.00136062	0.000698437	0.00148156	0.00499005	0.00104634	0.0013812
SER-GLYSYN-PWY: superpathway of L-serine and glycine biosynthesis I	0.00661183	0.00605331	0.00276658	0.00794986	0.0049219	0.00540913	0.00417978	0.00705976	0.00690006	0.00668977	0.00412502	0.00449174	0.00585905	0.00489083	0.00659452	0.0038241	0.00248502	0.00541306	0.00570758	0.00847041	0.00574825	0.00652943	0.00528253	0.00414047	0.00657785	0.00456302	0.00399926	0.00457842	0.00653809	0.00413046	0.00562631	0.00467736	0.00525496	0.0050696	0.0027121	0.0048411	0.00471354	0.00370688	0.00327158	0.00501583	0.00589516	0.00451521	0.00575026	0.00770226	0.00608906	0.00649382	0.00383642	0.00493531	0.00548666	0.00617726	0.00641809	0.00708333	0.00672596	0.00674783	0.00472234	0.0069547	0.00491688	0.00583605	0.00681337	0.00633553	0.00544939	0.00622313	0.0080864	0.00457884	0.00468377	0.00627798	0.00632545	0.00672011	0.00675118	0.00430438	0.0050886	0.00542679	0.00751124	0.00660549	0.00557458	0.00585657	0.00409091	0.00453145	0.00541185	0.00596905	0.00622965	0.00661394	0.00425955	0.00508979	0.00634018	0.00674073	0.00567295	0.00437214	0.00418726	0.00650389	0.00500662	0.00381828	0.00701399	0.00498588	0.00566303	0.00667116	0.00482504	0.00535836	0.00569808	0.00472384	0.00466715	0.0073573	0.00703926	0.00409482	0.00334267	0.00213561	0.00636209	0.00744218	0.00561211	0.00601644	0.00832844	0.00603773	0.00449251	0.00428789	0.00444049	0.00529435	0.00423434	0.00727691	0.0063675	0.00530678	0.00640174	0.00453948	0.00643228	0.00377285
SO4ASSIM-PWY: assimilatory sulfate reduction I	0.000436974	0.0	0.000547503	0.000436748	0.000159324	6.16668e-05	0.00391271	0.000130085	4.91913e-05	0.000430418	0.0	0.00196521	0.00107283	1.88596e-05	0.000395522	0.0	7.23249e-05	0.00223188	0.000853312	9.49923e-05	0.00080098	0.000459308	0.00334372	3.38943e-05	9.22658e-05	0.00258039	0.00242796	0.00324145	0.00209958	0.00288224	0.000937998	0.0	0.000491549	9.91873e-05	4.99275e-05	0.00297059	0.000104543	0.0	0.00189976	0.000368322	0.000650617	0.001987	0.000175264	0.000148286	0.000105014	0.000435862	0.000105167	0.00287941	0.000229819	0.00153456	0.000139659	0.000257555	0.000755344	0.000261874	0.000826414	0.0	0.000484788	0.000346046	0.0	0.000168528	0.000290965	0.000101367	0.000417475	0.000881648	0.00160845	0.000423982	0.000843717	0.000191597	0.000346439	0.00430094	0.00145688	4.21902e-05	0.000101626	7.36365e-05	0.000296555	0.000410092	0.00024999	4.59454e-05	0.000846693	0.0005968	0.0002242	0.00010674	0.00301519	5.70844e-05	0.000118673	0.00016261	0.000196219	0.000417164	0.00327928	0.0	0.000960118	0.00426371	0.000561379	0.000249122	0.00110925	0.00045259	9.57406e-05	0.00257254	0.000262028	0.000782114	0.000415077	1.29515e-05	0.000645006	0.0	0.00224067	8.21371e-05	6.1782e-05	0.00107317	0.00076894	0.00166924	0.000115986	0.000740488	7.53659e-05	0.00107275	0.00057736	0.000287889	3.67642e-05	0.000345074	0.000227421	7.04189e-05	0.00133658	0.00351829	0.0	0.00260294
SULFATE-CYS-PWY: superpathway of sulfate assimilation and cysteine biosynthesis	0.000877458	0.0	0.00100496	0.000884663	0.000342087	0.000136806	0.00360925	0.00028536	0.00010947	0.000885017	0.0	0.00279315	0.00190744	4.22182e-05	0.000819459	0.0	0.000156179	0.0032391	0.00138396	0.000210582	0.00152587	0.00094365	0.00381921	7.53749e-05	0.000202871	0.00332463	0.0031505	0.00340361	0.00301314	0.00325171	0.00172401	0.0	0.000994324	0.000218195	0.000109888	0.00366036	0.000229221	0.0	0.00235447	0.000752427	0.00125591	0.00284448	0.000378015	0.000325799	0.000231498	0.000900157	0.00021971	0.00343029	0.000486053	0.00255676	0.000306104	0.000549802	0.00148096	0.000562307	0.00154136	0.0	0.000978978	0.000726594	0.0	0.000367279	0.000613589	0.000223026	0.000873067	0.00161475	0.00257445	0.000798661	0.00157805	0.000412906	0.000728908	0.00367367	0.00221968	9.40292e-05	0.000223894	0.000163342	0.000625704	0.000851359	0.000522716	0.000102197	0.00158551	0.00118222	0.000482296	0.000234931	0.00337217	0.000126402	0.000260217	0.000352851	0.000424774	0.000847365	0.00378166	0.0	0.00173511	0.00385782	0.00112075	0.000526617	0.0019948	0.000902992	0.000210446	0.00216554	0.000557262	0.00142538	0.000843095	2.90705e-05	0.00123101	0.0	0.00278104	0.000175858	0.00013698	0.00200614	0.00145362	0.00274451	0.00025307	0.0014309	0.000166189	0.00184683	0.00108805	0.00060717	8.17674e-05	0.000727922	0.000486172	0.000155871	0.00230766	0.00337106	0.0	0.00328397
TCA-GLYOX-BYPASS: superpathway of glyoxylate bypass and TCA	0.0	0.0	0.000180171	0.000287539	0.0	0.0	0.00293129	0.0	1.16001e-05	0.000215628	0.0	0.00163226	0.000841102	0.0	0.000201307	0.0	0.0	0.00148879	0.000430443	0.0	0.000370029	0.000354691	0.00213818	0.0	0.0	0.00196863	0.00186679	0.00215074	0.00130538	0.003204	4.92413e-05	0.0	0.0	0.0	0.0	0.00181659	0.0	0.0	0.00171276	0.00025224	0.000366433	0.0	1.52928e-05	6.98035e-05	0.0	0.0	0.0	0.0021825	0.000199149	0.000910747	0.0	0.000106881	0.0	0.000189574	0.0	0.0	0.0	8.15994e-05	0.0	0.000110276	0.000105822	0.0	0.0	0.000498683	0.000357955	0.00020695	0.000334559	0.0	0.000156707	0.00291706	0.000876794	0.0	0.000108222	0.0	2.45072e-05	0.000234796	0.0	0.0	0.00069011	0.000524515	0.0	0.0	6.96308e-05	0.0	0.0	6.23018e-05	0.0	0.000256261	0.0	0.0	0.000487285	0.00292481	0.00030879	0.0	0.000429495	0.000247872	0.0	0.00115079	0.000289205	0.000635552	0.000318196	0.0	0.000501267	0.0	0.0014282399999999	0.0	0.0	0.0	0.00044876	5.38681e-05	9.95652e-05	0.000185511	0.0	0.00111079	0.000301958	0.000196677	0.0	1.09463e-05	0.000178114	0.0	0.00057152	0.00149333	0.0	0.000548529
TCA: TCA cycle I (prokaryotic)	0.0	0.0	0.000491108	0.000426337	0.0	0.0	0.00277213	0.0	3.60633e-05	0.000616159	0.000261049	0.00186193	0.00151044	0.0	0.00041383	0.0	0.0	0.00166466	0.000491	0.0	0.000405155	0.000620284	0.0027222	0.0	0.0	0.00217044	0.00202874	0.00255719	0.0015162	0.00309029	6.99473e-05	0.0	0.0	0.0	0.0	0.00186448	0.0	0.0	0.00193744	0.000449995	0.000972566	0.0	2.85798e-05	0.000111661	8.22139e-05	0.0	0.000412233	0.00274321	0.000320851	0.00174477	0.0	0.000160431	0.0	0.000245121	9.24774e-05	0.0	0.0	0.000132636	0.000168599	0.0003254	0.000177082	0.0	0.0	0.000788118	0.00105133	0.000296672	0.000769751	0.0	0.000414141	0.00338953	0.00108707	0.0	0.000371922	0.0	7.37656e-05	0.000879678	0.0	0.0	0.00154113	0.00076388	0.0	0.0	0.00012483	0.0	0.000134695	8.08792e-05	0.000160635	0.000550619	0.0	0.0	0.000613504	0.00345749	0.000802451	0.0	0.000638713	0.000459851	3.12545e-05	0.00123717	0.000573989	0.00094219	0.000470651	0.0	0.000988448	0.0	0.00164474	0.0	0.0	0.0	0.000718563	0.000257298	0.000198898	0.000484309	0.0	0.00137362	0.00065066	0.00048859	0.0	6.24971e-05	0.000275374	0.00040926	0.000608329	0.00149706	0.0	0.000638295
THISYNARA-PWY: superpathway of thiamine diphosphate biosynthesis III (eukaryotes)	0.00433308	0.00452943	0.00264919	0.00595579	0.00555033	0.00168027	0.00129055	0.00265473	0.00375746	0.00355185	0.00118246	0.00225703	0.00227619	0.00387101	0.00531146	0.00396656	0.00310327	0.0028264	0.00337683	0.00569054	0.000840662	0.00436654	0.00290333	0.00475434	0.00391966	0.00143725	0.00246958	0.00242721	0.00230232	0.000450681	0.00571828	0.00284424	0.00358571	0.00376348	0.00286657	0.00348783	0.00344217	0.00247164	0.00219885	0.00404215	0.00411917	0.00397757	0.00457568	0.00247223	0.00366032	0.00625345	0.00328026	0.00251599	0.00531198	0.00451716	0.00299118	0.00565991	0.00669453	0.0047118	0.00333234	0.00387421	0.00544328	0.0036856	0.00366433	0.00567804	0.00539424	0.00494491	0.00367482	0.00369261	0.00467071	0.00243661	0.00202125	0.00604107	0.00439053	0.00282166	0.00423492	0.00471265	0.00529109	0.00468317	0.00308661	0.00523152	0.0044416	0.00410985	0.00332532	0.00297273	0.00367053	0.00529607	0.00374106	0.00394834	0.00462598	0.00598696	0.00504471	0.0039993	0.00339538	0.0041584	0.00245805	0.00146188	0.00573524	0.00338826	0.00260813	0.00557677	0.00353343	0.00249398	0.00335355	0.00232427	0.00433959	0.00474744	0.00597932	0.00349954	0.00191245	0.002393	0.00321901	0.00325193	0.00314599	0.00669909	0.0055338	0.00316923	0.00378478	0.00148924	0.00395257	0.00356362	0.00440832	0.00185808	0.00389852	0.00457943	0.00358642	0.0021508399999999	0.00504431	0.00365164
THREOCAT-PWY: superpathway of L-threonine metabolism	0.0	0.0	0.0	0.0	0.0	0.0	0.000152041	0.0	0.0	0.0	0.0	4.47487e-05	9.9088e-05	0.0	0.0	0.0	0.0	0.0	0.0	0.0	0.0	0.0	0.00056793	0.0	0.0	0.0	0.0	0.0	0.0	0.000559546	0.0	0.0	0.0	0.0	0.0	0.000333864	0.0	0.0	0.0	2.54011e-05	0.0	0.0	0.0	0.0	0.0	0.0	0.0	0.000292607	2.93269e-05	0.00014526	0.0	0.0	0.0	0.0	0.0	0.0	0.0	0.0	0.0	0.0	0.0	0.0	0.0	0.0	0.000114906	0.0	0.0	0.0	0.0	0.00105334	0.000122519	0.0	0.0	0.0	0.0	0.0	0.0	0.0	0.0	7.2766e-05	0.0	0.0	0.0	0.0	0.0	0.0	0.0	0.0	0.0	0.0	0.0	0.00109272	6.89873e-05	0.0	7.42402e-05	0.0	0.0	0.000437706	0.0	0.0001341709999999	0.0	0.0	0.0	0.0	0.000660759	0.0	0.0	0.0	0.0	0.0	0.0	0.0	0.0	0.00031171	0.0	0.0	0.0	0.0	0.0	0.0	0.000195441	0.000205488	0.0	0.00017481
THRESYN-PWY: superpathway of L-threonine biosynthesis	0.00812149	0.00599913	0.00481611	0.00655782	0.00813227	0.00659601	0.00516	0.00532402	0.00797023	0.00661911	0.00644878	0.00508854	0.00590411	0.00605398	0.00813693	0.00663574	0.00594848	0.00383728	0.0070482	0.00733177	0.00743093	0.00779872	0.0058537	0.00701843	0.00767456	0.00475618	0.00557942	0.00568433	0.00748139	0.00513078	0.00734092	0.00760644	0.00705861	0.00567259	0.00618298	0.00618195	0.0068952	0.00517195	0.00527242	0.00686004	0.007668	0.00500043	0.00590266	0.00597294	0.00699766	0.00739621	0.00585452	0.00526951	0.00729922	0.00597709	0.00696789	0.00704288	0.0064012	0.00700818	0.00638077	0.00571465	0.00772623	0.00724426	0.00872964	0.00826599	0.0070254	0.00807627	0.00698196	0.00652697	0.00535765	0.00741784	0.00708651	0.00755254	0.00696845	0.00505631	0.00734888	0.00756838	0.00819874	0.00784153	0.00661477	0.00640299	0.00733094	0.00676297	0.0055078	0.00629207	0.0074588	0.00666754	0.00612147	0.00626951	0.00725865	0.00757167	0.00740707	0.00638875	0.00584158	0.00828715	0.00583189	0.0045441	0.00783138	0.00686022	0.00672575	0.0071261	0.00651186	0.00605438	0.00654637	0.00564319	0.00642434	0.00781537	0.00704743	0.00533227	0.00498732	0.00520851	0.00519111	0.00768608	0.00625376	0.00568191	0.00954192	0.00573575	0.00629206	0.00547146	0.00750607	0.00615639	0.00720363	0.00703063	0.0070585	0.00747553	0.00753742	0.00654163	0.00694368	0.00584263
TRNA-CHARGING-PWY: tRNA charging	0.0105122	0.0126354	0.0134413	0.0100007	0.0107	0.0160497	0.00568815	0.0116412	0.0106704	0.00886663	0.0185032	0.00798792	0.0106334	0.012826	0.010173	0.0137465	0.0148003	0.00651897	0.00788413	0.010153	0.00861479	0.00975972	0.00751082	0.0124556	0.0119264	0.00874536	0.00830334	0.0080961	0.00819368	0.00792103	0.0104045	0.0140613	0.0152752	0.0123432	0.0140928	0.00726196	0.0180292	0.0151038	0.00966881	0.0103461	0.00997899	0.0150057	0.0108814	0.0130091	0.0142598	0.0109356	0.0134958	0.00828082	0.0108219	0.00904609	0.0102175	0.0102495	0.0104065	0.0102288	0.0159384	0.0115417	0.0120852	0.0108207	0.0102623	0.00934454	0.00974728	0.0100015	0.00985722	0.00912973	0.0115703	0.00928001	0.0126924	0.0101248	0.0109055	0.00556927	0.00835837	0.0104946	0.0100631	0.00922727	0.0130599	0.00914617	0.0132438	0.0119548	0.0112098	0.0106014	0.0130461	0.0112512	0.0118691	0.0115116	0.0119384	0.0104606	0.00949055	0.010914	0.0129363	0.00894347	0.0107235	0.00584797	0.00883274	0.0176877	0.012208	0.0101697	0.0115281	0.00697933	0.0126239	0.015555	0.0113008	0.0122636	0.00915567	0.0139952	0.00942828	0.0149211	0.0163923	0.00932643	0.0101573	0.00867886	0.00977072	0.0129311	0.0141097	0.0151388	0.0112241	0.0119019	0.0130983	0.0100732	0.00994288	0.00881945	0.00876146	0.00620859	0.0111684	0.00928217
TYRFUMCAT-PWY: L-tyrosine degradation I	0.0	0.0	0.0	0.0	0.0	0.0	0.0	0.0	0.0	0.0	0.0	0.0	0.0	0.0	0.0	0.0	0.0	0.0	0.0	0.0	0.0	0.0	0.0	0.0	0.0	0.0	0.0	0.0	0.0	0.0	0.0	0.0	0.0	0.0	0.0	0.0	0.0	0.0	0.0	0.0	0.0	0.0	0.0	0.0	0.0	0.0	0.0	0.0	0.0	0.0	0.0	0.0	0.0	0.0	0.0	0.0	0.0	0.0	0.0	0.0	0.0	0.0	0.0	0.0	0.0	0.0	0.0	0.0	0.0	0.0	0.0	0.0	0.0	0.0	0.0	0.0	0.0	0.0	0.0	0.0	0.0	0.0	0.0	0.0	0.0	0.0	0.0	0.0	0.0	0.0	0.0	0.0	0.0	0.0	0.0	0.0	0.0	0.0	0.0	0.0	0.0	0.0	0.0	0.0	0.0	0.0	0.0	0.0	0.0	0.0	0.0	0.0	0.0	0.0	0.0	0.0	0.0	0.0	0.0	0.0	0.0	0.0	0.0	0.000223245
UBISYN-PWY: superpathway of ubiquinol-8 biosynthesis (early decarboxylation)	0.0	0.0	0.0	4.03905e-05	0.0	0.0	0.00014702	0.0	0.0	0.0	0.0	0.00024873	1.17495e-05	0.0	0.0	0.0	0.0	0.000261146	1.23082e-05	0.0	1.55062e-05	0.0	0.000189599	0.0	0.0	0.000296316	0.000320801	0.000270717	0.000210093	0.000176527	0.0	0.0	0.0	0.0	0.0	0.00016909	0.0	0.0	0.0	1.38171e-05	0.0	0.0	0.0	0.0	0.0	0.0	0.0	0.000156751	0.0	0.000109364	0.0	0.0	0.0	0.0	0.0	0.0	0.0	0.0	0.0	0.0	0.0	0.0	0.0	8.52041e-05	0.0	0.0	1.31546e-05	0.0	0.0	0.000104057	0.000138983	0.0	0.0	0.0	0.0	4.55074e-05	0.0	0.0	0.0	5.9577e-05	0.0	0.0	0.0	0.0	0.0	7.35382e-06	0.0	0.0	0.0	0.0	3.97176e-05	0.0	0.0	0.0	0.0	0.0	0.0	0.00020441	2.29929e-05	0.0	0.0	0.0	6.38941e-05	0.0	7.27941e-05	0.0	0.0	0.0	9.73226e-05	0.0	3.7755e-06	0.0	0.0	0.0	0.0	0.0	0.0	0.0	0.0	0.0	0.0	0.000287608	0.0	0.0
UDPNACETYLGALSYN-PWY: UDP-N-acetyl-D-glucosamine biosynthesis II	0.0	0.0	0.0	0.0	0.0	0.0	0.0	0.0	0.0	0.0	0.0	0.0	0.0	0.0	0.0	0.0	0.0	0.0	0.000149502	0.0	0.0	0.0	0.0	0.0	0.0	0.0	0.0	0.0	0.0	0.0	0.0	0.0	0.0	0.0	0.0	0.0	0.0	0.0	0.0	0.0	0.0	0.0	0.0	0.0	0.0	0.0	0.0	0.0	0.0	0.0	0.0	0.0	0.0	0.0	0.0	0.0	0.0	0.0	0.0	0.0	0.0	0.0	0.0	0.0	0.0	0.0	0.0	0.0	0.0	3.91395e-05	0.0	0.0	0.0	0.0	0.0	0.0	0.0	0.0	0.0	3.89547e-05	0.0	0.0	0.0	0.0	0.0	0.0	0.0	0.0	0.0	0.0	0.0	0.000326942	0.0	0.0	0.0	0.0	0.0	0.0	0.0	0.0	0.0	0.0	0.0	0.0	0.0	0.0	0.0	0.000490213	0.0	0.0	0.0	0.0	0.0	2.97998e-05	0.0	0.0	0.0	0.0	0.0	0.0	0.0	0.0	0.0	0.0
UDPNAGSYN-PWY: UDP-N-acetyl-D-glucosamine biosynthesis I	0.00292116	0.00399174	0.00423467	0.00358263	0.00327046	0.00355209	0.00523501	0.00334928	0.00461091	0.0019751	0.00685776	0.00345146	0.00344796	0.00364459	0.00523773	0.00519629	0.00343376	0.00357004	0.00243418	0.00444001	0.00120102	0.00266085	0.00374455	0.00282391	0.00278881	0.00367788	0.00354846	0.00290789	0.00359204	0.00562186	0.00282722	0.00546741	0.00690286	0.00485114	0.00277887	0.00368574	0.00693169	0.0028868	0.00308442	0.00433773	0.00254443	0.00365591	0.00495836	0.00384487	0.00699281	0.00367028	0.00341958	0.00389284	0.00347058	0.00255836	0.00236484	0.00418102	0.00170994	0.00351794	0.00764163	0.00367674	0.00322893	0.00531455	0.00145711	0.00446397	0.00403322	0.00332798	0.0019358	0.00354188	0.00391499	0.00280602	0.0046621	0.00250677	0.00553889	0.00338416	0.00476699	0.00418643	0.00200269	0.0045932	0.00790383	0.0041554	0.00391972	0.00257551	0.0038968	0.00284542	0.00182057	0.00399344	0.00273792	0.00240403	0.00477703	0.00101166	0.00325992	0.00380048	0.00264101	0.00239741	0.00436725	0.0051194	0.00115729	0.0048032	0.00343919	0.00207713	0.00586533	0.00415641	0.00541412	0.00597892	0.00369809	0.00301928	0.00204484	0.00229087	0.00291817	0.00508706	0.00323886	0.00261308	0.00286799	0.004318	0.00189448	0.0056023	0.00675452	0.00401423	0.0036577	0.00431322	0.00294347	0.00570995	0.00438174	0.00393234	0.00222767	0.00232109	0.00271433	0.00294138
URDEGR-PWY: superpathway of allantoin degradation in plants	0.0	0.0	0.0	2.24631e-06	0.0	0.0	0.000205247	0.0	0.0	0.0	0.0	0.0	1.17574e-05	0.0	0.0	0.0	0.0	6.67015e-06	1.04875e-05	0.0	0.0	1.29893e-05	0.000131053	0.0	0.0	9.73044e-05	1.77942e-05	2.88606e-05	7.44873e-06	2.39742e-05	0.0	0.0	0.0	0.0	0.0	0.000120548	0.0	0.0	0.0	0.0	6.14508e-06	0.0	0.0	0.0	0.0	0.0	0.0	0.00011237	0.0	5.06403e-05	0.0	0.0	0.0	0.0	0.0	0.0	0.0	0.0	0.0	0.0	0.0	0.0	0.0	6.64784e-06	0.0	0.0	6.44642e-06	0.0	0.0	0.000131984	0.000165441	0.0	0.0	0.0	0.0	1.42204e-05	0.0	0.0	0.0	9.71915e-06	0.0	0.0	0.0	0.0	0.0	0.0	0.0	0.0	0.0	0.0	0.0	0.0	0.0	0.0	0.0	0.0	0.0	7.21734e-05	3.7641e-06	0.0	9.02687e-06	0.0	1.15324e-05	0.0	5.86122e-05	0.0	0.0	0.0	4.87399e-06	0.0	0.0	0.0	0.0	0.0	0.0	1.07949e-05	0.0	0.0	0.0	0.0	1.43091e-05	1.7733e-05	0.0	2.20929e-05
URSIN-PWY: ureide biosynthesis	0.0	0.0	0.0	0.0	0.0	0.0	1.92563e-05	0.0	0.0	0.0	0.0	0.0	0.0	0.0	0.0	0.0	0.0	0.0	0.0	0.0	0.0	0.0	0.000170547	0.0	0.0	0.0	0.0	0.0	0.0	0.0	0.0	0.0	0.0	0.0	0.0	0.0	0.0	0.0	0.0	0.0	0.0	0.0	0.0	0.0	0.0	0.0	0.0	0.0	0.0	0.0	0.0	0.0	0.0	0.0	0.0	0.0	0.0	0.0	0.0	0.0	0.0	0.0	0.0	0.0	5.2261e-05	0.0	0.0	0.0	0.0	0.000417815	0.0	0.0	0.0	0.0	0.0	0.0	0.0	0.0	0.0	0.0	0.0	0.0	0.0	0.0	0.0	0.0	0.0	0.0	0.0	0.0	0.0	0.0	0.0	0.0	2.79416e-05	0.0	0.0	0.0	0.0	0.0	0.0	0.0	2.45456e-05	0.0	0.000327455	0.0	0.0	0.0	0.0	0.0	0.0	0.0	0.0	5.08437e-05	0.0	0.0	0.0	0.0	0.0	0.0	0.0	0.0	0.0	0.0
VALSYN-PWY: L-valine biosynthesis	0.01269	0.0113996	0.0146064	0.0107661	0.0120219	0.013828	0.00665614	0.0129258	0.0110037	0.010637	0.00783951	0.0105503	0.0105741	0.0129311	0.0132503	0.0114996	0.0145504	0.00948236	0.0105057	0.0116023	0.0113835	0.0114492	0.00898689	0.0141929	0.0103085	0.0121104	0.0104462	0.00881472	0.0102158	0.00755379	0.0124476	0.0132619	0.0100787	0.0135098	0.0182854	0.00874964	0.0125422	0.0204946	0.0124043	0.0113354	0.0105249	0.0116268	0.00988942	0.0144784	0.00991113	0.0111923	0.0140987	0.00889763	0.0121449	0.0101189	0.0118263	0.0114471	0.0131417	0.0104542	0.0104748	0.0109872	0.0112512	0.0117134	0.0112286	0.0112139	0.0115008	0.010125	0.0121341	0.0098073	0.0111474	0.0121381	0.00959545	0.0118502	0.0108821	0.0076147	0.00860021	0.0123928	0.0114468	0.0108289	0.011218	0.0107825	0.0121137	0.0132696	0.0119861	0.00954419	0.0136065	0.0119949	0.0130807	0.0159792	0.0117576	0.0132681	0.0112917	0.0123362	0.0146718	0.0114063	0.0121226	0.00840264	0.00881194	0.0107034	0.0116545	0.01177	0.0124454	0.00956317	0.0101253	0.00983695	0.0125775	0.0118905	0.0105108	0.0173215	0.0137451	0.0197959	0.0108195	0.00960315	0.0108397	0.0100489	0.0114179	0.00972329	0.0121121	0.0118304	0.0108994	0.0124678	0.0139378	0.0124623	0.0113474	0.0105762	0.00943721	0.00809773	0.0123638	0.0110136
