# Pathway	VF421	LILT_VF378	VF399	LILT_VF334	VF419	LILT_VF300_T016	LILT_VF73_16	VF417	LILT_VF318	LILT_VF270_T017	LILT_VF360	LILT_VF234_T017	VF403	VF425	LILT_VF106_16	LILT_VF120_16	LILT_VF155_T017	LILT_VF207_T017	LILT_VF379	LILT_VF100_T016	LILT_VF176_T017	LILT_VF394	LILT_VF174_T017	LILT_VF363	LILT_VF71_16	LILT_VF142_T017	LILT_VF145_T017	VF401	VF402	LILT_VF65_16	LILT_VF232_T017	VF412	LILT_VF77_16	LILT_VF95_16	LILT_VF385	LILT_VF392	LILT_VF377	LILT_VF29_16	LILT_VF208_T017	LILT_VF348	LILT_GF15_16	LILT_VF281_T017	LILT_VF114_T017	LILT_VF154_T017	LILT_VF240_T017	VF400	LILT_VF107_16	LILT_VF264_T017	LILT_VF313	LILT_VF222	VF406	LILT_VF328	LILT_VF217_T017	VF423	LILT_VF166_T017	LILT_VF251_T017	LILT_VF315	VF404	LILT_VF167_T017	LILT_VF273_T017	LILT_VF138_T017	LILT_VF109_16	LILT_VF63_16	LILT_GF11_16	LILT_VF311	LILT_VF110_16	LILT_GF04_16	LILT_VF05_16	LILT_VF306	LILT_VF75_16	LILT_VF74_16	LILT_VF303	LILT_VF337	LILT_VF12_16	LILT_VF41_16	LILT_VF76_16	LILT_VF78_16_A	LILT_VF243	LILT_VF01_16	LILT_VF14_16	LILT_VF34_16	LILT_VF298	LILT_VF81_16	LILT_VF39_16	LILT_VF84_16	LILT_VF31_16	LILT_VF10_T016	LILT_VF43_16	LILT_VF339	LILT_VF380	LILT_VF82_T016	LILT_VF279_T016	LILT_VF326	LILT_VF370	LILT_VF28_T016	LILT_VF18_T016	LILT_VF262_T016	LILT_VF265_T016	LILT_VF189_T016	LILT_VF40_16	LILT_VF140_T016	LILT_VF255_T016	LILT_VF261_T016	LILT_VF06_16	LILT_VF170_T016	LILT_VF259_T016	LILT_VF00TL_16	LILT_VF335	LILT_VF171_T016	LILT_GF06_16	LILT_VF293	LILT_VF206_T016	LILT_VF212_T016	LILT_VF263_T016	LILT_VF351	LILT_VF192_T017	LILT_VF314	VF416	LILT_VF02_T016	LILT_VF04_16	LILT_VF07_16	LILT_VF30_16	LILT_VF32_T016	LILT_VF35_16	LILT_VF37_16	LILT_VF38_16	LILT_VF47_16	LILT_VF50_16	LILT_VF55_T017	LILT_VF56_16	LILT_VF60_T016	LILT_VF62_T017	LILT_VF66_T017	LILT_VF67_16	LILT_VF69_16	LILT_VF70_16	LILT_VF90_16	LILT_VF97_16	LILT_VF102_T017	LILT_VF172_T017	LILT_VF197_T017	LILT_VF214_T016	LILT_VF301_T016	VF397	LILT_VF382	LILT_GF12_16	LILT_VF236_T017	LILT_GF16_T017	LILT_GF17_16	LILT_GF18_T016	LILT_VF216_T017	LILT_VF346	LILT_VF362	LILT_VF390	LILT_VF391	VF359	VF388	VF458	VF444	VF446	VF440	VF453	VF445	VF449	VF465	VF459	VF439	VF450	VF452	VF448	VF463	VF461	VF462	VF455	VF464	VF469	VF443	VF347	VF442	VF274	VF322
12DICHLORETHDEG-PWY: 1,2-dichloroethane degradation	0.0	0.0	0.0	0.0	0.0	0.0	0.0	0.0	0.0	0.0	0.0	0.0	0.0	0.0	0.0	0.0	0.0	0.0	0.0	0.0	0.0	0.0	0.0	0.0	0.0	0.0	0.0	0.0	0.0	0.0	0.0	0.0	0.0	0.0	0.0	0.0	0.0	0.0	0.0	0.0	0.0	0.0	0.0	0.0	0.0	0.0	0.0	0.0	0.0	0.0	0.0	0.0	0.0	0.0	0.0	0.0	0.0	0.0	0.0	0.0	0.0	0.0	0.0	0.0	0.0	0.0	0.0	0.0	0.0	0.0	0.0	0.0	0.0	0.0	0.0	0.0	0.0	0.0	0.0	0.0	0.0	0.0	0.0	0.0	0.0	0.0	0.0	0.0	0.0	0.0	0.0	0.0	0.0	0.0	0.0	0.0	0.0	0.0	0.0	0.0	0.0	0.0	0.0	0.0	0.0	0.0	0.0	0.0	0.0	0.0	0.0	0.0	0.0	0.0	0.0	0.0	0.0	0.0	0.0	0.0	0.0	0.0	0.0	0.0	0.0	0.0	0.0	0.0	0.0	0.0	0.0	0.0	0.0	0.0	0.0	0.0	0.0	0.0	0.0	0.0	0.0	0.0	0.0	0.0	0.0	0.0	0.0	0.0	0.0	0.0	0.0	0.0	0.0	0.0	0.0	4.3533e-06	0.0	0.0	0.0	0.0	0.0	0.0	0.0	0.0	0.0	0.0	0.0	0.0	2.18646e-05	0.0	0.0	0.0	0.0	0.0	0.0	0.0	0.0	0.0	0.0	0.0	0.0
1CMET2-PWY: folate transformations III (E. coli)	0.0116712	0.00681977	0.00970181	0.00680877	0.0016998	0.00679028	0.00666863	0.00215172	0.00602154	0.00899275	0.00431216	0.00636655	0.00135317	0.00342638	0.00427874	0.00727692	0.0078671	0.0066115	0.00341733	0.00829221	0.00878224	0.00940121	0.0114516	0.00950643	0.00480521	0.00609025	0.00829485	0.00386457	0.00436252	0.0081065	0.0111686	0.00990922	0.0103482	0.00831333	0.00600707	0.0036574	0.00786623	0.00899454	0.00391243	0.00868482	0.00819272	0.00820995	0.00656121	0.00408194	0.00469511	0.00832966	0.00555199	0.00823264	0.00647488	0.0102167	0.00482868	0.00486153	0.00482986	0.00871412	0.00612183	0.0110999	0.00632095	0.00349474	0.00891174	0.00478608	0.00812091	0.00441004	0.004868	0.00665039	0.00808514	0.00821181	0.00657198	0.00693352	0.00618346	0.0151267	0.00747204	0.0047998	0.00845654	0.0101916	0.00617813	0.00760615	0.00863218	0.00869508	0.00829305	0.00409362	0.00647239	0.00790427	0.00535137	0.00902439	0.00830505	0.00667108	0.010297	0.00639433	0.00607095	0.00741469	0.00649191	0.00965561	0.00429005	0.00570436	0.00936593	0.00920063	0.00848413	0.00895022	0.00691577	0.0102618	0.0111873	0.0080032	0.00683393	0.00768315	0.0106413	0.00796368	0.00587688	0.00782204	0.0063665	0.0046912	0.00534672	0.00777893	0.0078396	0.0079883	0.0110781	0.00773681	0.00427602	0.00804954	0.00955035	0.00525765	0.00762498	0.00651724	0.00873809	0.00903544	0.00877321	0.0069076	0.00566602	0.00820084	0.00954156	0.00486838	0.00943106	0.00829018	0.0073132	0.0110217	0.00595158	0.00510925	0.00729252	0.00404629	0.00824962	0.0109935	0.00782258	0.00418308	0.00634871	0.00694226	0.00845108	0.0074684	0.00602085	0.0104594	0.00834534	0.00286611	0.00338835	0.00352507	0.00824283	0.0037656	0.00378214	0.00466188	0.00359526	0.00812776	0.0082441	0.00871175	0.00857597	0.00645498	0.00894277	0.00385035	0.00953101	0.00594035	0.00797787	0.00776061	0.00733877	0.00938952	0.00637691	0.00577736	0.00769753	0.00920387	0.00481766	0.00931984	0.00771039	0.00307948	0.00760093	0.00799627	0.00920022
3-HYDROXYPHENYLACETATE-DEGRADATION-PWY: 4-hydroxyphenylacetate degradation	0.0	2.7866e-05	0.0	0.000119806	0.0	0.000261866	0.000140741	0.0	5.8059e-05	8.28342e-05	0.000839134	0.0	0.0	0.000550663	0.0	9.40164e-05	0.0	0.0	0.000210041	0.0	0.0	0.0	0.0	0.0	0.0	0.000318863	1.68301e-05	0.000654629	0.000899248	0.000199123	0.0	0.0	0.0	0.000130009	4.1207e-05	0.000569485	0.0	0.0	5.0934e-05	5.56318e-05	5.43717e-05	0.0	0.000425094	0.000610604	0.0	0.0	0.0	0.0	0.0	0.0	0.000444556	4.36048e-05	0.0	0.0	0.0	0.0	0.000443629	2.32147e-05	3.28533e-05	4.018e-05	0.0	0.0	0.0	6.73857e-05	0.0	0.0	0.0	0.0	0.000298473	0.0	0.0	0.00023312	0.0	0.0	0.000186925	0.0	0.0	0.0	0.0	0.0	8.27726e-06	0.0	0.0	0.0	3.67089e-05	0.0	0.0	0.000144544	0.0	0.0	0.0	0.0	0.00141279	0.0	0.0	0.0	0.0	0.0	0.0	0.0	0.0	2.32307e-05	0.0	0.0	0.0	0.000157045	1.9836e-05	0.0	1.38134e-05	0.0	0.0	0.0	0.0	0.0	0.000131456	0.0	0.000338936	1.64885e-05	0.0	1.16129e-05	0.0	0.0	0.0	0.0	0.000158562	0.0	0.0	0.0	0.0	6.29641e-05	0.0	0.0	0.0	0.0	3.7019e-05	0.0	9.65076e-05	0.0	0.0	0.0	0.0	0.000998538	0.000353078	0.000227423	6.10302e-05	2.19196e-05	0.000139759	0.0	6.78314e-05	4.12529e-05	0.00112275	0.0011337	0.0	0.00120618	0.000938354	0.000496856	0.000263716	1.92114e-05	0.0	9.26072e-06	0.0	0.000392159	5.38829e-05	4.78121e-06	0.0	9.61631e-05	0.0	4.19184e-05	0.0	0.0	0.000397788	0.0	4.97096e-05	0.0	0.000443853	0.0	4.24787e-05	0.000162753	0.0	0.0	4.37093e-06
AEROBACTINSYN-PWY: aerobactin biosynthesis	0.0	0.0	0.0	0.000141157	0.0	0.0	1.38739e-05	0.0	5.43972e-05	9.65643e-05	0.0	0.0	1.36203e-05	2.38388e-05	0.0	0.000128038	0.0	0.0	0.00100986	1.68754e-05	0.0	0.0	0.0	1.94906e-05	0.0	7.26283e-05	0.0	0.0	0.000998192	0.0	6.36394e-05	0.0	1.03018e-05	0.0	0.000289942	0.000723112	6.3854e-05	0.0	2.67893e-06	0.0	0.0	8.07817e-05	6.31282e-05	1.91704e-05	0.0	0.0	0.0	0.0	0.0	0.0	0.000146795	2.17098e-05	0.000581033	0.0	0.0	0.0	0.0	8.02377e-05	0.0	0.000245648	0.0	0.0	0.0	0.0	0.0	0.0	0.0	0.0	0.0	0.0	0.0	0.0	0.0	0.0	0.000256056	0.000236178	0.0	0.0	0.0	0.0014936	0.0	0.0	0.0	0.0	0.0	0.0	0.0	0.0	0.0	0.0	0.0	0.0	0.000362956	0.000534608	0.0	0.0	0.0	0.0	0.0	0.0	9.73187e-05	0.0	0.0	0.0	0.0	0.0	0.0	0.0	0.0	0.000508996	0.0	0.0	0.0	0.0	0.0	5.82256e-05	0.0	2.8536e-05	0.0	5.26599e-06	0.0	0.000231498	0.0	0.0	0.000340834	0.0	0.000622759	0.0	0.0	1.08464e-05	0.0	0.0	0.0	0.0	2.63372e-05	0.0	0.000179568	0.00064812	0.0	0.0	0.000280066	0.0	0.0	0.000219849	0.000121109	0.0	0.000279446	0.0	0.0	5.75569e-05	0.00280391	0.0	0.0	0.00257931	0.000421194	0.0	0.000185064	8.58819e-05	0.0	0.000110078	0.0	0.0	4.7523e-06	0.000130941	0.0	0.000258614	2.45538e-05	3.49927e-05	6.92518e-05	4.52279e-05	0.0	0.0	4.74336e-05	4.2882e-05	0.0	0.0	0.0	0.00031117	2.84842e-05	0.0	5.59119e-05
ALL-CHORISMATE-PWY: superpathway of chorismate metabolism	0.0	0.0	0.0	0.0	0.0	0.0	0.0	0.0	0.0	0.0	0.0	0.0	0.0	0.0	0.0	0.0	0.0	0.0	0.0	0.0	0.0	0.0	0.0	0.0	0.0	0.0	0.0	0.0	0.0	0.0	0.0	0.0	0.0	0.0	0.0	0.0	0.0	0.0	0.0	0.0	0.0	0.0	0.0	0.0	0.0	0.0	0.0	0.0	0.0	0.0	0.0	0.0	0.0	0.0	0.0	0.0	0.0	0.0	0.0	0.0	0.0	0.0	0.0	0.0	0.0	0.0	0.0	0.0	0.0	0.0	0.0	0.0	0.0	0.0	0.0	0.0	0.0	0.0	0.0	0.0	0.0	0.0	0.0	0.0	0.0	0.0	0.0	0.0	0.0	0.0	0.0	0.0	0.0	0.0	0.0	0.0	0.0	0.0	0.0	0.0	0.0	0.0	0.0	0.0	0.0	0.0	0.0	0.0	0.0	0.0	0.0	0.0	0.0	0.0	0.0	0.0	0.0	0.000102343	0.0	0.0	0.0	0.0	0.0	0.0	0.0	0.0	0.0	0.0	0.0	0.0	0.0	0.0	0.0	0.0	0.0	0.0	0.0	0.0	0.0	0.0	0.0	0.0	0.0	0.0	0.0	0.0	0.0	0.0	0.0	0.0	0.0	0.0	0.0	0.0	0.0	0.0	8.41099e-05	0.0	0.0	0.0	0.0	0.0	0.0	0.0	0.0	0.0	0.0	0.0	0.0	0.0	0.0	0.0	0.0	0.0	0.0	0.0	0.0	0.0	0.0	0.0	0.0
ALLANTOINDEG-PWY: superpathway of allantoin degradation in yeast	3.46883e-05	3.18439e-05	0.000169147	0.000112102	0.0	0.000379256	0.000165828	0.000844121	6.6959e-05	0.000206785	0.0	0.000263261	0.0	1.81882e-05	0.0	0.000216353	0.0	0.000346107	0.0	0.00011794	0.000158871	0.0	9.57501e-05	0.000318896	0.0	0.000148537	0.000178683	0.0	5.22818e-05	0.00031046	0.000245568	0.000224261	0.000179646	0.000318587	0.000259511	0.0	0.000261911	0.000114322	0.0	0.000123991	0.000161335	0.0	5.57663e-05	0.000176558	0.000410052	7.14279e-05	0.00037014	0.000190929	0.000189007	0.000121129	6.13673e-05	0.000763091	1.00338e-05	0.0	3.33207e-05	0.00020213	0.000122628	1.45228e-05	4.61939e-05	0.000482589	0.0	0.0	0.0	8.29497e-05	6.99854e-05	0.00013092	0.000125713	0.0	0.0	1.74398e-05	2.60556e-05	6.90404e-05	0.000132521	0.000193042	0.000154189	0.000407959	0.000176474	0.000241911	7.48776e-05	0.000262105	0.000134933	0.0	0.0	9.14945e-05	0.000144514	0.00012688	1.1186e-05	0.00023435	0.000425961	7.40803e-05	0.0	2.3351e-05	0.000191535	0.000222441	0.000153463	3.49592e-05	4.79772e-05	0.000277492	0.000249689	0.00013766	7.47586e-05	0.000149577	0.000254986	0.000264547	7.67133e-05	7.4181e-05	5.36483e-05	0.000347269	4.05983e-05	4.87991e-05	8.74102e-05	0.000249707	9.10115e-05	5.25956e-05	4.5917e-05	0.000181899	0.000175233	0.00018807	5.81862e-05	0.000357538	9.03006e-05	0.000167318	0.000221184	0.000111686	8.78999e-05	4.91723e-05	0.000174986	0.000199468	0.0	1.93361e-05	0.000189694	8.3075e-05	7.23784e-05	9.05203e-05	0.000150033	0.0	7.14098e-05	3.33219e-05	7.82504e-05	0.0	0.000306119	0.0	0.000486774	0.000248941	0.000314291	0.000151679	0.000356399	0.0	0.000267516	7.63225e-05	8.01815e-06	0.0	0.0	0.00138832	0.00036194	0.000236697	0.0	0.000214973	0.0	0.0	5.93284e-05	0.00025802	0.000177222	0.0	7.08197e-05	0.0	0.000122642	0.000155198	0.000268226	0.00012091	0.000205653	1.47303e-05	0.000317567	6.68951e-05	0.0	0.000141078	2.93137e-05	1.21636e-05	0.000674317	0.000276084	3.21095e-05
ANAEROFRUCAT-PWY: homolactic fermentation	0.0037109	0.00480442	0.00441716	0.00380981	0.00525612	0.00495686	0.00339134	0.0037071	0.00404743	0.00400585	0.00401849	0.00475037	0.00239962	0.00419425	0.00446533	0.00458774	0.00463875	0.00436746	0.00365843	0.00401633	0.00291145	0.00387838	0.00291922	0.00482761	0.00399226	0.00371761	0.00585585	0.0044859	0.00455001	0.00305179	0.0034599	0.00414102	0.00358639	0.00328728	0.0037854	0.00390289	0.0048263	0.00428037	0.00370234	0.00306412	0.00362147	0.00323855	0.00409696	0.00405986	0.0041427	0.00421908	0.00390609	0.00552594	0.00459248	0.0043644	0.00444661	0.00349392	0.00498743	0.00428367	0.00318732	0.00358743	0.00364022	0.0044487	0.00543629	0.00391476	0.00448743	0.0027651	0.00487734	0.00554026	0.00375639	0.00313031	0.00487904	0.00298909	0.00489117	0.00277733	0.0029079	0.00373491	0.00393025	0.0020577	0.00374727	0.00395345	0.00529646	0.00460434	0.00393055	0.00372195	0.00557838	0.00333631	0.00223549	0.00528017	0.00393506	0.00532884	0.0035736	0.00339595	0.00467361	0.004518	0.00111458	0.00392274	0.00458705	0.00403079	0.00418004	0.00475578	0.00489463	0.00433403	0.00400498	0.00270328	0.00147616	0.0033369	0.00419191	0.00452561	0.00382445	0.00453316	0.00313987	0.00454859	0.00488002	0.00427734	0.00278218	0.00256075	0.00394776	0.00538655	0.00431434	0.0041859	0.00458708	0.00509383	0.00423949	0.00506117	0.00295282	0.00451241	0.00465939	0.00547794	0.00381966	0.00489242	0.00420977	0.00291041	0.00329039	0.00294678	0.00278868	0.00365944	0.00585782	0.00228191	0.00288526	0.00155402	0.00432049	0.00395213	0.00437244	0.00159812	0.00358749	0.00365127	0.00459919	0.00533976	0.00457034	0.00418019	0.00434103	0.0047063	0.00349981	0.00389928	0.00349069	0.00379245	0.00488943	0.00417332	0.00393286	0.00447437	0.00268258	0.00380588	0.00617208	0.00414445	0.00391035	0.00405024	0.0035142	0.00369727	0.00307247	0.00476046	0.00519185	0.00395492	0.00485013	0.00369023	0.00471255	0.00405704	0.00564002	0.00306087	0.00438388	0.00367853	0.0038856	0.00312185	0.00587418	0.00410908	0.00438497
ANAGLYCOLYSIS-PWY: glycolysis III (from glucose)	0.00923196	0.00911092	0.00927651	0.00770341	0.00793564	0.00706895	0.00730357	0.00659445	0.00769834	0.0076142	0.00462185	0.00697425	0.00740942	0.00555894	0.00536204	0.00818258	0.0100173	0.0083657	0.0049428	0.00785801	0.0102612	0.0081287	0.00482499	0.00871855	0.00544702	0.00584516	0.00860399	0.00515262	0.00560028	0.00568553	0.00658862	0.00941053	0.00884453	0.0075878	0.00643413	0.00483597	0.00708346	0.00859555	0.00491347	0.00595637	0.006881	0.00708351	0.00654828	0.00507558	0.00502984	0.00840668	0.00598344	0.00824521	0.00717698	0.00846892	0.00602051	0.0043365	0.00637828	0.00763609	0.00640049	0.00816451	0.00617958	0.00645621	0.00878872	0.00755598	0.00839487	0.00447372	0.00936466	0.00845219	0.0102908	0.00654697	0.00823936	0.0098706	0.00696149	0.0100316	0.00679872	0.00649395	0.00857794	0.00815877	0.00842552	0.00810297	0.0097851	0.00944069	0.00719381	0.00527785	0.00950404	0.00968838	0.0130548	0.00983707	0.00973144	0.00823552	0.00886336	0.0141127	0.00901082	0.0073752	0.00356131	0.0071108	0.00564412	0.00603239	0.00805603	0.0094092	0.00988907	0.00953619	0.00700232	0.00770857	0.00527248	0.00965385	0.0112961	0.00910937	0.0107509	0.00763882	0.0090818	0.00686393	0.00896369	0.00584702	0.0121808	0.00890797	0.00621714	0.00980899	0.00949446	0.0080473	0.00597132	0.00860729	0.0124502	0.00636153	0.00714023	0.00787788	0.00946092	0.0119725	0.00701225	0.00983517	0.00626418	0.00721748	0.00612029	0.00466649	0.00955958	0.00893796	0.00817838	0.00629022	0.00709896	0.00499722	0.00704749	0.00550682	0.00728283	0.0117489	0.00766994	0.0045474	0.00681936	0.00771113	0.00793819	0.00823824	0.00654999	0.00974857	0.00630151	0.00940203	0.00533966	0.00427193	0.00878774	0.00495294	0.00472708	0.00590725	0.0068953	0.00843722	0.00985005	0.0082362	0.0088753	0.0070949	0.0105132	0.00844758	0.00982327	0.00650824	0.00961376	0.00818178	0.00806654	0.00765835	0.00690459	0.00630131	0.0091589	0.00626892	0.00570041	0.00948602	0.0069829	0.00646131	0.0091518	0.00912442	0.00741616
ARG+POLYAMINE-SYN: superpathway of arginine and polyamine biosynthesis	0.00121183	0.00113743	0.00162205	0.00240977	0.00156934	0.00268545	0.00235031	0.0	0.00263124	0.00186069	0.00366706	0.00311788	0.000964582	0.00252059	0.00348095	0.00224772	0.000339296	0.00285704	0.00349235	0.00143751	0.00212913	0.000879062	0.000723264	0.00216807	0.00347089	0.00326415	0.00104933	0.00251763	0.0032492	0.00358659	0.000974676	0.00122728	0.00119336	0.00185526	0.00301188	0.0035877	0.00170634	0.000820236	0.00449279	0.002593	0.000734635	0.000969999	0.00295128	0.0029628	0.00407604	0.001415	0.00304149	0.000432943	0.00243862	0.000543926	0.00223948	0.0035455	0.0028551	0.0	0.00229296	0.000685117	0.00341431	0.00110816	0.00109028	0.00205757	0.000926904	0.00363822	0.00024609	0.00334733	0.00109492	0.00132939	0.000184429	0.000147131	0.00225908	0.000220581	0.00178208	0.00197168	0.00117718	0.000261215	0.00294323	0.00277764	0.00225766	0.000716436	0.00201326	0.00448656	0.00059018	0.000672977	0.000295994	0.000917878	0.00301852	0.00171298	0.00122489	0.0020717	0.000140238	0.000975158	0.0	0.000130615	0.00304795	0.00295156	0.000998513	6.20464e-05	0.00144403	0.000550371	0.000647814	0.0	0.000902549	0.00173815	0.00105588	0.00175671	0.00344078	0.00233823	0.00214181	0.00273922	0.00114644	0.00257447	0.00140254	0.000734485	0.000341066	0.00117094	0.000553663	0.0022689	0.0037889	0.00117988	0.000537563	0.00351644	0.000819735	0.00169187	0.00119915	0.000641861	0.00177259	0.000223549	0.00314531	0.00142035	0.000678793	0.00354724	0.00232707	0.000849819	0.0	0.000445842	0.00105524	0.0	0.0014052	0.00374152	0.00204	0.000183887	0.00237789	0.0040692	0.00269825	0.0016636	0.00206037	0.000433625	0.00308176	0.000343668	0.00127046	0.000993623	0.00388197	0.00396922	0.000754722	0.00354108	0.00378575	0.00219934	0.0012933	0.00255915	0.0	0.00116639	0.00181613	0.00269344	0.00157051	0.000918637	0.00154304	0.00204471	0.00191932	0.00165191	0.00220411	0.00101042	0.00288293	0.0026682	0.00151477	0.00103721	0.00249638	0.00188996	0.00219512	0.001033	0.00137906	0.00181181	0.00115148
ARGDEG-PWY: superpathway of L-arginine, putrescine, and 4-aminobutanoate degradation	0.0	1.60054e-05	0.0	0.000152541	7.59451e-05	0.0	0.0001287	0.0	0.0	0.000124009	0.000813746	2.14184e-05	0.0	0.000408842	0.000326447	2.25475e-05	0.0	9.92057e-06	0.00117315	0.0	0.0	0.0	0.0	7.34456e-05	0.000760047	0.000120457	1.56749e-05	0.00112952	0.00135781	5.37154e-05	4.1445e-05	0.0	0.0	0.00023257	0.000249822	0.000334928	2.66788e-05	0.0	1.49791e-05	0.000598138	0.0	0.0	0.000782033	0.00107099	0.0	0.0	6.73668e-05	0.0	0.0	0.0	0.000594803	0.000350352	0.0	0.0	0.0	0.0	0.000148574	0.0	7.28723e-05	0.000411219	4.72479e-05	0.00262383	0.0	0.00023774	6.54295e-05	0.0	0.0	0.0	0.000324798	0.0	0.0	2.54344e-05	0.0	0.0	0.00027009	0.000192224	0.0	0.0	0.0	0.0	1.14888e-05	0.0	0.0	0.0	8.38746e-05	0.0	0.0	0.000391164	0.0	0.0	0.0	0.0	0.000499385	0.0	0.0	0.0	0.0	0.0	0.0	0.0	4.17597e-05	6.27266e-05	0.0	0.000124747	0.0	0.000149579	7.30919e-05	0.000154318	0.0	0.0	0.0	0.0	0.0	0.0	0.0	0.000237719	0.00160253	5.54608e-05	2.88707e-05	0.000460314	0.0	0.000135499	0.0	0.0	0.000207583	0.0	0.0	0.0	0.0	0.000237001	0.0	0.0	0.0	0.0	2.336e-05	0.0	4.64277e-05	0.0	0.0	0.0	0.000278403	0.000184094	0.0	0.000135497	9.74628e-05	1.21254e-05	0.000129106	0.0	0.0	0.000189243	0.00163463	0.000875341	0.0	0.00119397	0.000805095	0.000655052	0.000302389	0.0	0.0	4.79885e-06	0.0	0.000408143	8.94276e-05	0.000184875	0.0	0.000207465	5.801e-05	6.29777e-05	8.69291e-05	0.0	0.000675271	0.0	3.95671e-05	0.0	0.000584174	0.0	0.000586512	0.000223406	0.0	0.0	3.48674e-05
ARGININE-SYN4-PWY: L-ornithine biosynthesis II	0.00203077	6.11239e-05	0.00715479	0.00407105	0.000656013	0.00250273	0.00261445	0.0	0.00164188	0.0028674	0.00349327	0.00319268	0.000734236	0.00144688	0.00356892	0.00217081	0.00380534	0.00172907	0.00251371	0.00461336	0.00852523	0.00553589	0.00254001	0.0025147	0.00271825	0.00431606	0.00367163	0.00165921	0.00307697	0.00204606	0.00319038	0.00340059	0.00376258	0.00663454	0.00388387	0.00222751	0.00440577	0.00512671	0.000485222	0.000891182	0.0034673	0.00982746	0.00324332	0.00162217	0.0	0.00661715	0.00325003	0.00420638	0.0038736	0.00284393	0.00211478	0.00110631	0.00507886	0.00780252	0.00304139	0.00492015	0.00139807	0.000402695	0.00668323	0.00109715	0.00719939	0.00285112	0.00350282	0.00125885	0.00176912	0.00953594	0.00545256	0.0078247	0.00325289	0.0114511	0.00776759	0.00458098	0.00183469	0.00906976	0.00100874	0.00139032	0.00640801	0.00470331	0.00537858	0.00344813	0.00574729	0.0107874	0.0017864	0.00467761	0.00572844	0.00238418	0.00151046	0.00266918	0.00261627	0.00271007	0.0019474	0.00842502	0.00228131	0.00562072	0.0040813	0.00637994	0.00362691	0.00498219	0.00147239	0.00379938	0.000652753	0.00205214	0.00192678	0.00513754	0.0019744	0.00525581	0.00277866	0.00326826	0.00323211	0.00168431	0.000964749	0.00413214	0.00361781	0.00324787	0.00056784	0.00260521	0.00273776	0.00329761	0.000803012	0.00280066	0.000909071	0.00375605	0.00722734	0.0089672	0.00149671	0.00716582	0.0050179	0.00573768	0.00415367	0.00506223	0.00666576	0.00336186	0.00332587	0.0116073	0.00149653	0.00146602	0.00474785	0.00447335	0.00367451	0.0043659	0.00326983	0.000930055	0.00271091	0.00617	0.000995013	0.00785492	0.00281957	0.00305687	0.00519319	0.000795498	0.00231761	0.00155584	0.00360642	0.00253901	0.00112335	0.00121758	0.000657532	0.00259038	0.00612566	0.00538459	0.00650903	0.00346301	0.000914734	0.000391679	0.00165066	0.00354896	0.00176871	0.0041269	0.00333748	0.00616459	0.00348957	0.00373491	0.00412444	0.00463058	0.00201831	0.00276057	0.00311099	0.00103368	0.0022229	0.0045825	0.00467835
ARGSYN-PWY: L-arginine biosynthesis I (via L-ornithine)	0.0087976	0.00669352	0.00513355	0.00745756	0.00873352	0.00710259	0.00923542	0.00431628	0.0104134	0.00722832	0.00374159	0.00581532	0.00630533	0.00295003	0.00472939	0.00798699	0.00135224	0.00876332	0.00431377	0.00876698	0.00608718	0.00846595	0.0118152	0.00605924	0.00493836	0.00587595	0.00854037	0.00344042	0.0043784	0.00817307	0.004721	0.00782241	0.00732503	0.00416451	0.00582253	0.00462392	0.00620222	0.00914384	0.00463035	0.00750624	0.00909662	0.0026574	0.0055072	0.00434763	0.00454221	0.00409429	0.00711364	0.00879395	0.00564963	0.0107251	0.00430311	0.00514382	0.00435974	0.00459043	0.00504719	0.00638123	0.00524423	0.00528669	0.00685413	0.00291145	0.00398879	0.00541763	0.0039439	0.00697305	0.00815688	0.00487027	0.0115182	0.00644001	0.00466953	0.00188967	0.00300444	0.00784048	0.0110843	0.00601786	0.00538328	0.00800978	0.00643319	0.00692555	0.00946903	0.00644454	0.00988588	0.00204345	0.0110777	0.00771936	0.00876452	0.0112379	0.00987535	0.00403364	0.012457	0.0109555	0.00352624	0.0049707	0.00448168	0.00540695	0.0087576	0.00477098	0.0104338	0.00825313	0.0112975	0.0110146	0.0128154	0.011556	0.00573166	0.00767298	0.0098863	0.00409116	0.0124506	0.00896439	0.0110146	0.0064955	0.00626572	0.00766763	0.0108885	0.0110352	0.0108224	0.00886587	0.00489551	0.007112	0.00824501	0.00834951	0.0149567	0.00738623	0.00690832	0.00711196	0.00846541	0.00952045	0.00519452	0.00918154	0.00680999	0.00464091	0.00571437	0.0100678	0.00533703	0.00236811	0.011131	0.00372064	0.00547238	0.00485127	0.0093137	0.0064978	0.00558991	0.00437895	0.00637286	0.00294161	0.0111319	0.0049559	0.00497511	0.00619927	0.00964146	0.0115074	0.00407837	0.00398656	0.00917804	0.00480335	0.00441417	0.00506657	0.00699279	0.00746026	0.00791019	0.00419956	0.00630438	0.004553	0.00921104	0.00269811	0.00826764	0.00399231	0.00831109	0.00680286	0.00625596	0.00546006	0.00531534	0.00464609	0.00793546	0.00528363	0.00419548	0.00741748	0.00562097	0.00289934	0.00993574	0.0076643	0.00608982
ARGSYNBSUB-PWY: L-arginine biosynthesis II (acetyl cycle)	0.00920142	0.00608098	0.00487356	0.007235	0.0090635	0.00703824	0.00887467	0.00432501	0.0103574	0.00702297	0.00372065	0.005767	0.00627813	0.00287756	0.00474189	0.00764978	0.0002858	0.00873508	0.00428628	0.00817613	0.00581546	0.00829508	0.0074225	0.00567247	0.00481123	0.0059286	0.00801253	0.00315587	0.00434797	0.0066734	0.00412243	0.00743985	0.00739205	0.00357432	0.00571705	0.00450348	0.00652896	0.00921206	0.00436137	0.00969279	0.00857404	0.00257158	0.00450661	0.0044612	0.00449264	0.00387468	0.00694067	0.0083413	0.00551158	0.00953697	0.00421347	0.00565332	0.00384786	0.00467371	0.00337856	0.00546113	0.00522057	0.00529093	0.00652935	0.00300558	0.00350998	0.00577925	0.00418338	0.00701701	0.00725823	0.00422833	0.010721	0.00563634	0.00450473	0.00161027	0.00286389	0.00778304	0.0106098	0.0052271	0.00484592	0.00774931	0.00639812	0.0065858	0.00962148	0.0066672	0.00887441	0.00159234	0.0102894	0.00740819	0.00859238	0.0108521	0.010249	0.00365664	0.0119607	0.0104682	0.00309482	0.00341442	0.00451029	0.00524636	0.00912958	0.00453605	0.0101137	0.00782172	0.0107936	0.00994187	0.011463	0.0108628	0.00505414	0.00717321	0.00986246	0.00398971	0.0118631	0.00865128	0.0109266	0.00664308	0.00552147	0.00729052	0.0108511	0.0107332	0.011268	0.0088568	0.00482205	0.00703891	0.00768734	0.00812738	0.0140233	0.00694974	0.00623154	0.00637248	0.0104181	0.00913521	0.00515144	0.00856395	0.0060369	0.00483713	0.00557714	0.00976341	0.0040997	0.00208941	0.0106282	0.00319338	0.00527706	0.00487101	0.00919469	0.00564762	0.00522877	0.00421042	0.00636334	0.00262213	0.0113492	0.00475019	0.00481635	0.0054922	0.00896708	0.0122876	0.00403554	0.0039208	0.00844985	0.00489261	0.00423305	0.00512485	0.00668302	0.0075167	0.00762226	0.00400656	0.00585565	0.0040762	0.00916921	0.00258697	0.00821321	0.00399323	0.00806921	0.00649757	0.00608833	0.00521899	0.00519119	0.0044291	0.00785105	0.00501679	0.003886	0.00736783	0.00511178	0.00276658	0.00992706	0.00775933	0.00619887
ARO-PWY: chorismate biosynthesis I	0.0113354	0.00789024	0.0103465	0.00813789	0.00986708	0.00820443	0.00978359	0.007602	0.0104469	0.00880871	0.00454054	0.00706324	0.00767959	0.0055289	0.00563691	0.00945067	0.0125454	0.00880298	0.00385863	0.0102375	0.00889767	0.0101963	0.0119665	0.00942886	0.00497173	0.00768508	0.00969525	0.00427419	0.00524564	0.00844229	0.00763427	0.010618	0.00982531	0.007421	0.00646254	0.00425196	0.00731661	0.0106058	0.00524606	0.00777836	0.00997304	0.0105282	0.00686345	0.00429653	0.00538199	0.00847462	0.007738	0.00999444	0.00770796	0.0128485	0.00546497	0.00591189	0.00562553	0.00996984	0.00878712	0.0108801	0.00782783	0.00632955	0.0100016	0.0087729	0.00774785	0.00399751	0.00690587	0.00887755	0.0121035	0.0097117	0.0109662	0.00890475	0.00541077	0.0106903	0.00719384	0.00905498	0.012748	0.00853176	0.00799857	0.00874247	0.009111	0.00950256	0.0111687	0.00606587	0.0105096	0.00753965	0.0122618	0.00944285	0.0105459	0.0115535	0.0104912	0.00730558	0.0116323	0.0118442	0.0113757	0.0109542	0.00481767	0.00643106	0.010902	0.00871333	0.0117438	0.00882942	0.0123988	0.0109375	0.014194	0.0123316	0.00852394	0.00799824	0.0111166	0.00767933	0.0116325	0.00980928	0.0107345	0.00535782	0.00940655	0.00983121	0.0115981	0.0117787	0.0129439	0.00928275	0.00453645	0.00852351	0.0104374	0.00720753	0.0158714	0.00831548	0.0085834	0.00827597	0.0106297	0.0097424	0.00573829	0.011192	0.0094851	0.00448256	0.0102204	0.0112261	0.00863604	0.00955835	0.0125227	0.014277	0.00851057	0.00513143	0.0109422	0.0106844	0.00794916	0.00528888	0.00775693	0.00578977	0.0109338	0.007266	0.00661195	0.00861008	0.00953485	0.0104885	0.00364407	0.00483928	0.0103388	0.00466521	0.00453024	0.00623969	0.0087787	0.00935426	0.0111126	0.00882917	0.00896968	0.00709287	0.00995867	0.00745448	0.0108405	0.00637334	0.0107533	0.00851384	0.00942653	0.00953405	0.00718493	0.0063265	0.0102655	0.00966545	0.00479759	0.01017	0.00773225	0.00585824	0.0105112	0.010482	0.00901292
ASPASN-PWY: superpathway of L-aspartate and L-asparagine biosynthesis	0.00420615	0.0057154	0.00651384	0.00703151	0.00256846	0.00484933	0.00388889	0.00184793	0.00396276	0.00525755	0.0039762	0.00573464	0.00336548	0.00363452	0.00681971	0.00514522	0.00856545	0.00499986	0.00546013	0.00483935	0.00653104	0.00494469	0.00202481	0.00693462	0.00608774	0.00802393	0.0049562	0.00461484	0.00531721	0.00280155	0.00671618	0.00441288	0.00502282	0.00687126	0.00610949	0.00512311	0.00502096	0.00416376	0.00595013	0.00206237	0.00564058	0.00877316	0.00476772	0.00516098	0.00418581	0.00845714	0.00570871	0.00499207	0.00611523	0.00396842	0.00381637	0.00353543	0.00473272	0.0055637	0.004589	0.00572655	0.0057748	0.00328139	0.00685661	0.00325994	0.00785455	0.00475143	0.0042609	0.0039582	0.00694752	0.00825578	0.00492781	0.00581979	0.00371815	0.0110685	0.00827951	0.00468824	0.00556484	0.00647472	0.00820984	0.00544501	0.00698795	0.00605256	0.00497225	0.00578737	0.00340403	0.00917924	0.0080286	0.0060574	0.00527246	0.00322122	0.00229334	0.008927	0.00416129	0.00388592	0.0125211	0.00732385	0.00429047	0.00686308	0.00432514	0.00662551	0.00384349	0.00553677	0.00421944	0.00488818	0.00443231	0.0030604	0.0101509	0.00574686	0.00444987	0.00654029	0.00429298	0.00425646	0.00483764	0.00444658	0.0075725	0.00680366	0.00378054	0.00347266	0.00257361	0.00408841	0.00502896	0.00457367	0.00435749	0.00450265	0.00418665	0.00538637	0.00702375	0.0062704	0.00240037	0.00489804	0.00654396	0.00309947	0.00666315	0.00513809	0.00711734	0.0048497	0.00329333	0.00963652	0.00509841	0.0160107	0.00834355	0.00613872	0.00597979	0.00781856	0.00581434	0.00460565	0.00523835	0.00658752	0.00363503	0.00715075	0.00458304	0.00632837	0.0051666	0.00373981	0.00616464	0.00480399	0.0043575	0.00479552	0.00478931	0.00358377	0.00289216	0.00305547	0.00306084	0.00650357	0.00699476	0.00602636	0.00455471	0.00236502	0.00660801	0.00627922	0.00405286	0.00566069	0.00494075	0.00738776	0.00622706	0.0062629	0.00421874	0.00633182	0.00464551	0.00501304	0.00568136	0.00217958	0.00442842	0.00524597	0.00540353
AST-PWY: L-arginine degradation II (AST pathway)	0.0	4.08697e-05	0.0	0.000188568	9.10824e-05	0.000358172	0.00014721	0.00168575	0.000120306	0.000133152	0.00155544	0.000512321	0.000169404	0.00230897	0.000985208	0.000103487	0.0	0.000299108	0.00194815	1.57765e-05	0.0	0.0	0.0	0.000155948	0.000935381	0.000301573	4.85109e-05	0.00133894	0.00152166	0.000580968	7.42705e-05	0.0	1.52822e-05	0.000254925	0.000568161	0.00196007	0.000156795	0.0	0.00325874	0.000969329	0.000133217	8.59484e-05	0.00116124	0.00118044	0.00135623	0.000137016	0.00040839	0.0	0.000294835	0.0	0.000987685	0.00270487	0.000978319	0.0	0.000130471	1.78826e-05	0.000652145	0.00018598	3.35623e-05	0.000955032	0.000132959	0.00247817	0.0	0.000376273	0.0	4.38421e-05	0.0	0.0	0.000846095	0.0	0.000432859	0.000468372	0.0	0.0	0.000878697	0.000428589	0.0	0.0	4.39309e-05	0.000949468	1.85452e-05	0.0	0.0	0.0	5.10202e-05	0.0	0.0	0.000317433	0.0	0.0	0.0	0.0	0.0016869	0.00050302	0.0	0.0	0.0	0.0	4.5116e-05	0.0	5.86177e-05	5.65886e-05	4.34186e-05	0.000146212	0.0	0.0002995	3.08029e-05	0.000252755	6.95955e-05	0.00117437	0.0	0.0	0.0	0.0	0.000228867	0.000114331	0.00151691	6.64823e-05	3.0072e-05	0.000631357	0.0	0.000311159	0.0	0.0	0.000539354	0.0	0.000640223	4.39703e-05	0.0	0.00133408	0.0	0.0	0.0	0.0	5.56655e-05	0.0	0.000203178	0.00101334	0.0	0.0	0.000200255	0.0032748	0.000421218	0.000275183	0.000101638	0.0	0.000701089	0.0	9.76172e-05	0.000146321	0.00203987	0.00316157	0.0	0.00183287	0.00241985	0.000972184	0.000295027	0.000352337	0.0	0.000120244	0.0	0.000472579	7.43087e-05	0.000145157	0.0	0.000732915	4.16279e-05	0.00013064	0.000283389	6.73065e-05	0.00111674	0.000901909	8.98861e-05	4.69082e-05	0.000885935	8.03685e-05	0.000433025	0.000440501	3.07419e-05	0.0	7.97303e-05
BIOTIN-BIOSYNTHESIS-PWY: biotin biosynthesis I	0.00150382	0.00117249	0.00265196	0.00271545	0.000487006	0.00332108	0.00193557	0.00419146	0.00190047	0.00208787	0.00330727	0.00383281	0.000813653	0.00330676	0.00399294	0.00253382	0.00177526	0.0033296	0.00409787	0.00132518	0.00283324	0.00172204	0.00464631	0.0024401	0.00413409	0.00418243	0.00178679	0.00377383	0.00445576	0.00349493	0.00272214	0.00330782	0.00240234	0.0047147	0.00414538	0.0041807	0.00407723	0.000932595	0.00431745	0.00388324	0.00119061	0.00555435	0.00401329	0.0045907	0.00493214	0.00478003	0.00281983	0.00240817	0.00503984	0.00311171	0.0034963	0.00507817	0.00360263	0.00510203	0.00363448	0.00377936	0.00303381	0.00163675	0.00193397	0.00464303	0.003017	0.0029607	0.000429275	0.0024699	0.00099049	0.00333989	0.00117839	0.00183967	0.00427971	0.00500132	0.00630759	0.00387588	0.00208011	0.00327536	0.00223116	0.00265207	0.00189433	0.00267975	0.0016431	0.00402053	0.000716123	0.00148989	8.62978e-05	0.00157304	0.00233015	0.00183105	0.00210567	0.0019051	0.00106724	0.00282579	0.000540476	0.00509331	0.00361009	0.00481859	0.00106926	0.0022026	0.001642	0.0035189	0.00190412	0.00181392	0.000749132	0.00231121	0.00164331	0.00303982	0.00161567	0.00345848	0.00221084	0.00297497	0.00315035	0.00397116	0.000152827	0.00355157	0.00241199	0.00185432	0.00210708	0.00300916	0.00364451	0.00253418	0.000454044	0.0027512	0.000657275	0.00316073	0.00302054	0.00120832	0.00273288	0.00234419	0.00471615	0.00373142	0.00476349	0.00442381	0.00249967	0.00314505	0.00216387	0.00545072	0.00184019	0.0	0.00236431	0.00410558	0.00203013	0.00040085	0.00362092	0.0041393	0.00332934	0.00393805	0.00149189	0.00121251	0.00458893	0.00234199	0.00301653	0.00067473	0.00407893	0.00416624	0.00275368	0.00405971	0.00447464	0.00259976	0.00170436	0.0038014	0.000983521	0.00417149	0.00311893	0.00423449	0.00112124	0.00246256	0.000718608	0.0050154	0.00254372	0.00318273	0.002881	0.00362454	0.00360508	0.00458393	0.00219422	0.00353056	0.00437025	0.00141274	0.0034523	0.00277324	0.00084855	0.00141132	0.00268483
BRANCHED-CHAIN-AA-SYN-PWY: superpathway of branched chain amino acid biosynthesis	0.0101064	0.00853969	0.00755257	0.00930159	0.0101089	0.00768269	0.00866721	0.00350673	0.00967881	0.00865975	0.00657328	0.0081402	0.00745171	0.00380697	0.00646229	0.0113166	0.00656709	0.00809938	0.00647187	0.0107351	0.0115996	0.00901384	0.00705455	0.00859231	0.00672977	0.00687895	0.00933843	0.00387014	0.00599611	0.00812055	0.0111807	0.00923428	0.00824892	0.00788718	0.00763299	0.00600021	0.0082509	0.011723	0.00614005	0.00896745	0.011858	0.0104608	0.00595025	0.00502574	0.00692669	0.00822264	0.00830612	0.00931533	0.00888052	0.00950494	0.00550917	0.00653302	0.00794755	0.00857354	0.00753191	0.0105606	0.00873445	0.00619314	0.00945275	0.00570849	0.00635028	0.00974599	0.00951331	0.00659357	0.0158381	0.0102375	0.0114655	0.0135945	0.00659681	0.00720513	0.00637266	0.0081722	0.0120357	0.0138177	0.0125229	0.0105522	0.00879624	0.0102978	0.0108676	0.00665843	0.00840231	0.0102491	0.0176896	0.00878323	0.0102267	0.0105945	0.0107279	0.0155329	0.0110862	0.00843282	0.0227612	0.0102853	0.00610258	0.0067116	0.0103082	0.00952647	0.00969243	0.00888079	0.00979346	0.00952132	0.00781178	0.00855173	0.0171376	0.00878938	0.00995238	0.00955808	0.00871086	0.00931863	0.00695077	0.00726118	0.0166512	0.0087935	0.0101804	0.0097065	0.00588933	0.00940817	0.00606316	0.00866597	0.0112341	0.00807687	0.0124168	0.009288	0.0104975	0.013576	0.00911339	0.0109796	0.00624817	0.0110406	0.00837865	0.00600781	0.0111338	0.00849141	0.00907838	0.00976971	0.00586818	0.0371915	0.00845075	0.00627153	0.00903157	0.0159252	0.00884103	0.00541171	0.00744822	0.00771355	0.0066708	0.0100976	0.00813452	0.0107137	0.00882092	0.00922447	0.00485177	0.00571363	0.00919663	0.0063131	0.00494825	0.00624075	0.00968344	0.00686944	0.00968396	0.00868485	0.00673247	0.00757747	0.00985053	0.00439717	0.0114634	0.00636934	0.00906273	0.00757733	0.00788911	0.0065334	0.00685194	0.00644965	0.00918253	0.00699679	0.00506224	0.00870352	0.00722745	0.00360067	0.00964928	0.00780148	0.00799526
CALVIN-PWY: Calvin-Benson-Bassham cycle	0.00916642	0.0117097	0.00643616	0.00740765	0.0070104	0.00850232	0.00775043	0.00675303	0.00870865	0.00797892	0.00599829	0.00723814	0.0066257	0.00658154	0.0058343	0.00726765	0.0102762	0.00832397	0.0051917	0.00814213	0.00949793	0.00840576	0.0040631	0.00845563	0.00606743	0.00698504	0.00521833	0.00545071	0.0060107	0.00553298	0.00592103	0.00780274	0.00824	0.00636663	0.00725104	0.00667265	0.00823875	0.00890249	0.00787183	0.00676547	0.00861223	0.00595637	0.00703508	0.00530942	0.00548263	0.00644434	0.00786805	0.00596619	0.00651434	0.00606624	0.00663206	0.00577421	0.00523922	0.00595458	0.00701576	0.00591	0.00819	0.00672913	0.00674468	0.0080856	0.00738925	0.00466566	0.00735874	0.012559	0.00878337	0.00702277	0.00425173	0.00398563	0.00821005	0.00697436	0.00855477	0.00634526	0.0075452	0.00812563	0.00955506	0.00821388	0.00829751	0.00833436	0.00830006	0.0064757	0.00590635	0.00652984	0.0105667	0.00769307	0.00922049	0.00793194	0.00890548	0.00982656	0.00716126	0.00741502	0.0123248	0.00499735	0.00610454	0.0062537	0.00788463	0.00496736	0.00876417	0.00946093	0.00731222	0.00515982	0.00899416	0.0078835	0.00967463	0.00641456	0.00988543	0.00682023	0.00756187	0.00673176	0.00834463	0.00658736	0.0107585	0.00894889	0.00670472	0.008432	0.00820515	0.00815913	0.00629123	0.00805048	0.00882896	0.00646599	0.00757002	0.00815728	0.00787992	0.00991766	0.00924548	0.0078949	0.00664057	0.00698195	0.00439405	0.00558675	0.00873799	0.0070511	0.00855444	0.0040868	0.00519352	0.0115503	0.00812696	0.00681747	0.0059471	0.00967865	0.00748108	0.00696712	0.00838417	0.00626164	0.00753316	0.00725303	0.00728435	0.00697385	0.00868586	0.00991139	0.00511227	0.00563855	0.0058529	0.00578358	0.00530501	0.00648754	0.00649597	0.00795714	0.00799578	0.00690866	0.00730598	0.00671911	0.00871204	0.00783261	0.00977245	0.0068231	0.00887011	0.00687298	0.00835971	0.00818739	0.00702124	0.00728354	0.00756647	0.00643462	0.00545136	0.00763903	0.00747853	0.0073774	0.00892718	0.00845124	0.00719568
CARNMET-PWY: L-carnitine degradation I	0.0	1.16995e-05	6.97843e-06	4.00652e-05	3.39738e-05	1.0995e-05	2.41565e-05	0.0	0.0	3.07424e-05	0.000558818	0.000208394	4.89946e-05	4.60472e-05	0.000210099	1.73009e-05	0.0	9.99084e-05	0.00102303	0.0	0.0	0.0	0.0	3.18995e-05	0.000374153	0.000146971	1.48691e-05	0.000384727	0.000163951	5.76872e-05	2.55284e-05	0.0	0.0	6.17853e-05	0.00014965	0.000440649	5.58107e-05	0.0	5.48109e-07	0.000801723	0.0	2.30452e-05	5.13955e-05	0.000301049	0.0	5.30793e-05	0.000120105	0.0	9.28762e-05	0.0	0.000171186	0.00014617	0.000396346	0.0	0.0	0.0	0.000146639	3.14678e-05	8.12229e-06	0.000166801	0.000229772	0.000578328	0.0	0.000116521	1.91401e-05	0.0	0.0	0.0	0.000252654	0.0	0.000196169	1.88046e-05	0.0	0.0	7.69184e-05	0.000112757	0.0	0.0	0.0	0.00043309	2.29204e-06	0.0	0.0	0.0	9.24172e-06	0.0	0.0	7.96722e-05	0.0	0.0	0.0	0.0	0.000255409	0.000200227	0.0	0.0	0.0	0.0	1.26473e-05	0.0	0.0	2.18362e-05	0.0	3.69187e-05	0.0	6.91422e-06	0.0	6.14796e-05	5.4461e-05	0.000900632	0.0	0.0	0.0	0.0	0.0	0.0	0.000492194	1.87271e-05	0.0	0.000155718	0.0	6.76992e-05	0.0	0.0	0.000128955	0.0	0.000179148	0.0	0.0	0.000458282	0.0	0.0	0.0	0.0	4.76246e-06	0.0	4.71935e-05	0.000383758	0.0	0.0	0.000145918	9.11056e-05	0.0	3.53938e-05	3.01695e-05	0.0	0.000187145	0.0	3.39815e-05	5.90049e-06	0.000583507	0.000529306	0.0	0.000371353	0.00019351	0.000284946	9.10544e-05	4.57087e-05	0.0	5.04587e-05	0.0	0.000147895	2.22005e-05	3.92858e-05	0.0	0.000175321	1.98653e-05	3.4974e-05	7.65686e-05	0.0	2.91052e-05	0.000345529	5.26152e-06	0.0	0.000274206	0.0	9.07689e-05	9.85961e-05	7.25366e-06	0.0	4.35536e-05
CATECHOL-ORTHO-CLEAVAGE-PWY: catechol degradation to &beta;-ketoadipate	0.0	1.75675e-05	0.0	0.0	0.0	0.000354753	0.0	0.00186597	0.000141699	3.52625e-05	0.0	0.0	0.0	0.0010615	0.0	1.96402e-05	0.0	0.0	0.0	0.0	0.0	0.0	0.0	0.0	0.0	0.0	0.0	0.0	0.0	0.000335789	0.0	0.0	0.0	0.0	3.80519e-05	0.000713833	0.0	0.0	0.00215607	0.00010193	0.0	0.0	0.000504236	0.00010589	0.00034808	0.0	0.0	1.17207e-05	0.0	0.0	0.000258885	0.00193962	5.98548e-05	0.0	0.000270822	5.34732e-05	5.51801e-05	3.90256e-05	0.0	0.000623396	0.0	0.0	0.0	7.13344e-05	0.0	0.0	0.0	0.0	0.0	0.0	0.0	0.0	0.0	0.0	0.000323723	0.0	0.0	0.0	0.0	0.0	0.0	0.0	0.0	0.0	0.0	0.0	0.0	4.15095e-05	0.0	0.0	0.0	0.0	0.000252835	0.0	0.0	0.0	0.0	0.0	0.0	0.0	0.0	0.0	0.0	0.0	0.0	0.000183729	6.29797e-05	0.0	9.31539e-06	0.0	0.0	0.0	0.0	0.0	0.0	0.0	0.0	0.0	0.0	0.0	0.0	0.0	0.0	0.0	0.0	0.0	0.0	0.0	0.0	0.0	0.0	0.0	0.0	0.0	9.50509e-05	0.0	0.0	9.53904e-06	0.0	0.0	0.0	0.00215406	0.000534124	0.0	0.0	0.0	0.0	0.0	0.0	3.94908e-05	0.000127634	0.00166517	0.0	0.000636072	0.000357044	7.85036e-06	0.0	0.000266017	0.0	8.00908e-06	0.0	0.0	1.08491e-05	1.12526e-05	0.0	0.0	0.0	0.0	6.45686e-05	0.0	0.000459247	0.0	0.0	0.0	0.0	0.0	4.66534e-05	0.0	0.0	0.0	0.0
CENTFERM-PWY: pyruvate fermentation to butanoate	0.000317184	0.000875922	0.000437154	0.000493589	0.000874118	0.000719908	0.000652557	0.0	0.000974266	0.000987457	0.000268225	0.000468598	0.000188219	0.0	0.0	0.000883627	0.0	0.0018295	0.0	0.000490602	0.000439572	0.000902566	0.000943224	0.000360329	6.03845e-05	0.0	0.000554253	2.92844e-05	0.000122155	0.000833754	0.000537013	0.000489964	0.000444463	0.000475313	0.00055855	0.0	0.000466524	0.00104044	0.0	0.000207212	0.00113767	0.000774787	0.000735497	0.0	0.0	0.000597889	0.00075505	0.00107203	0.000284222	0.000504753	0.000475896	0.000298085	0.000284156	0.0	0.000871535	0.000348062	0.000222732	0.00124052	0.000692886	0.000450939	0.000228328	0.000206267	0.0	0.00105554	0.000542125	0.000523198	0.00166771	0.000100267	0.000335997	8.99529e-05	0.0	0.00123754	0.00135871	0.000179024	4.7372e-05	0.00208297	0.000245634	0.000329033	0.0014723	0.000214609	0.00139324	0.000354342	0.00036762	0.00084935	0.000216146	0.00117879	0.000732768	0.000122352	0.000917768	0.00112702	0.000158142	0.0	8.28448e-05	0.000317889	0.00105576	0.000657692	0.000723276	0.000558485	0.00100507	0.000534347	0.000689212	0.000907296	0.00112203	0.00102936	0.000863064	0.00073968	0.00131398	0.000327825	0.00228528	0.00154457	0.000559711	0.000216698	0.00057876	0.000844987	0.00100982	0.000655053	0.000220339	0.000767794	0.000726756	0.00140393	0.00147378	0.000782217	0.000573568	0.000921195	0.000594212	0.000283383	0.000404818	0.000867451	0.000642047	9.86633e-05	0.000327334	0.00042781	9.99887e-05	0.000183144	0.000714047	0.0	0.00073095	6.8022e-05	0.000343072	0.00100503	0.0005519	0.0	0.000431825	0.000182196	0.00129198	0.00212731	0.000473146	0.000459209	0.00209438	0.000405055	0.0	0.0	0.00057509	0.000192255	0.0	0.00113193	0.0	0.000550906	0.00010929	0.000604178	0.000621258	0.000350421	0.000983184	0.000547941	0.000849202	0.000167236	0.00155917	0.000804823	0.000936742	0.000325094	0.00055242	0.000121696	0.000421393	0.000378016	0.0	0.000119463	0.00180606	0.0	0.00160336	0.000116875	0.000556987
CHLOROPHYLL-SYN: 3,8-divinyl-chlorophyllide a biosynthesis I (aerobic, light-dependent)	0.0	9.30209e-05	0.0	0.0	0.0	0.0	2.88033e-05	0.0	0.0	0.0	0.0	0.0	0.0	0.0	0.0	0.0	0.0	0.0	0.0	0.0	0.0	0.0	0.0	0.0	0.0	0.0	0.0	0.0	0.0	0.0	0.0	0.0	0.0	0.0	0.0	0.0	0.0	0.0	0.0	0.0	0.0	0.0	0.0	0.0	0.0	0.0	0.0	0.0	0.0	0.0	0.0	0.0	5.16825e-05	0.0	0.0	0.0	0.0	0.0	0.0	0.000122367	0.0	0.0	0.0	0.0	0.0	0.0	0.0	0.0	0.0	0.0	0.0	0.0	0.0	0.0	0.0	0.0	0.0	0.0	0.0	0.0	0.0	0.0	0.0	0.0	0.0	0.0	0.0	0.0	0.0	0.0	0.0	0.0	0.0	0.0	0.0	0.0	0.0	0.0	0.0	0.0	0.0	0.0	0.0	0.0	0.0	0.0	0.0	0.0	0.0	0.0	0.0	0.0	0.0	0.0	0.0	0.0	0.0	2.63423e-05	0.0	0.0	0.0	0.0	0.0	0.0	1.99517e-05	0.0	0.0	0.0	0.0	0.0	0.0	0.0	0.0	0.0	0.0	0.0	0.0	0.0	0.0	0.0	0.0	0.0	0.0	0.0	0.000126173	0.0	0.0	0.0	0.0	0.0	0.0	0.0	0.0	0.0	0.0	0.0	0.0	0.000165173	0.0	4.85238e-05	0.0	0.0	0.0	0.0	0.0	0.0	2.25114e-05	0.0	0.0	0.0	0.0	0.0	0.0	0.0	0.0	0.0	0.000188756	0.0	1.50229e-05	0.0	3.56374e-05
CITRULBIO-PWY: L-citrulline biosynthesis	0.00521045	0.00157465	0.00438049	0.00380856	0.00261341	0.00331549	0.00304403	0.0	0.0028246	0.00339102	0.00354554	0.00404248	0.00106845	0.00104723	0.00390188	0.00350588	0.00045097	0.00378452	0.00297098	0.00405352	0.00331886	0.00461715	0.0119815	0.00370281	0.00314822	0.00472282	0.00519204	0.00222727	0.00349427	0.00603153	0.00370961	0.00574801	0.00363906	0.00394257	0.00457003	0.00281973	0.00497623	0.00417616	0.000693189	0.00127642	0.00363058	0.00398643	0.0060304	0.00209613	0.0	0.00527089	0.00427	0.00418136	0.00454598	0.00384853	0.00274505	0.00156468	0.00524973	0.00375679	0.00386652	0.00470533	0.00183231	0.000594517	0.00262459	0.0014568	0.00438398	0.0032955	0.00466061	0.00396088	0.00239912	0.0070396	0.00212952	0.00685614	0.0037307	0.00349003	0.00407064	0.00506319	0.00319416	0.00640796	0.00135625	0.00193442	0.00485907	0.00677844	0.00189012	0.0042362	0.00719736	0.002703	0.000561326	0.00781536	0.00191623	0.00261791	0.00186675	0.00216913	0.00346953	0.00532337	0.00186824	0.00633136	0.00324488	0.00540818	0.0040891	0.00569729	0.00708242	0.00499692	0.00142787	0.0029092	0.000758189	0.00484194	0.00273931	0.00927761	0.00289162	0.00510379	0.00388066	0.00283493	0.00545481	0.00232634	0.00146099	0.00638179	0.0047158	0.0064199	0.000836339	0.0044438	0.00333029	0.00336552	0.000560756	0.00377702	0.00184931	0.00336176	0.0054445	0.0055984	0.00216806	0.00814723	0.00508163	0.0053336	0.00803198	0.00492272	0.00334348	0.00670021	0.00348816	0.00440583	0.00396989	0.000282171	0.00497358	0.00523188	0.0037451	0.00264359	0.00353049	0.00126428	0.00319045	0.00460167	0.00162901	0.00614524	0.00377286	0.00288229	0.00562019	0.0011826	0.00275856	0.00190706	0.00678506	0.00308	0.00155234	0.00166083	0.000958848	0.00293682	0.00325059	0.00505841	0.00614001	0.00359081	0.00131907	0.00160427	0.00261339	0.00214752	0.00535411	0.00391523	0.00278008	0.00614878	0.0033882	0.00413529	0.00491043	0.00505043	0.00252408	0.0051447	0.00265331	0.00147069	0.000918632	0.00561468	0.00413007
COA-PWY-1: superpathway of coenzyme A biosynthesis III (mammals)	0.00904033	0.00739305	0.00998754	0.00812663	0.00381924	0.00660973	0.0083214	0.00640847	0.00797295	0.00853584	0.0033038	0.00627657	0.00564869	0.0037362	0.0043091	0.00805795	0.00817391	0.00823279	0.00276281	0.0102963	0.00833002	0.00975116	0.0113012	0.00900457	0.00412507	0.00523531	0.0107237	0.00364311	0.00391527	0.00782809	0.0114895	0.00968672	0.00995096	0.00670477	0.00641425	0.00340131	0.00800298	0.00998409	0.0041208	0.00411317	0.00958474	0.00833431	0.00513239	0.00301676	0.00401637	0.00803551	0.00561982	0.0109878	0.00764362	0.0123633	0.0047923	0.00444687	0.00405535	0.00920344	0.00975003	0.0108648	0.00653129	0.00637344	0.00885309	0.00780392	0.00663789	0.00336218	0.00756655	0.00586861	0.00753795	0.00828635	0.0118574	0.00728173	0.00540629	0.00911043	0.00634841	0.00723531	0.0112145	0.00687095	0.00503412	0.0071566	0.00900752	0.00909442	0.00899626	0.00476353	0.0106219	0.00848036	0.00961623	0.0089855	0.00904541	0.00951641	0.0101101	0.00451875	0.00953694	0.0110653	0.00640238	0.00854171	0.00338896	0.005942	0.0109026	0.0109706	0.00975646	0.00968419	0.0111193	0.0111759	0.01372	0.0102614	0.0057332	0.00734004	0.00870624	0.00740159	0.0103721	0.00951799	0.00891915	0.00395015	0.00924251	0.00735035	0.0109123	0.0100204	0.00855721	0.00768063	0.00365287	0.00864161	0.00734903	0.00576615	0.0110189	0.00758606	0.00864974	0.00887234	0.00448977	0.00835081	0.0059796	0.0100211	0.0109627	0.00397974	0.00913233	0.010025	0.01051	0.00812341	0.0111923	0.00607709	0.00751907	0.00408066	0.0107942	0.00915009	0.00826238	0.00321083	0.00614687	0.0071407	0.00935181	0.00910001	0.00582923	0.00988331	0.00784521	0.0103168	0.00246859	0.00280048	0.0106604	0.00330582	0.00345455	0.00473929	0.00213333	0.00852446	0.00968098	0.00883972	0.00871294	0.00632441	0.00945645	0.00457037	0.0101421	0.00585125	0.00995126	0.00879419	0.0088325	0.00863809	0.00567254	0.0059443	0.00989101	0.00904141	0.00408231	0.0101327	0.00728243	0.00529722	0.00910805	0.0091936	0.00823033
COA-PWY: coenzyme A biosynthesis I (prokaryotic)	0.0107661	0.00778121	0.00954538	0.00780275	0.00676698	0.00614597	0.00773279	0.00633176	0.0076831	0.00810444	0.00354281	0.00574668	0.00519832	0.00395293	0.00386253	0.00751769	0.0112671	0.00753621	0.0025578	0.00976282	0.00788435	0.00974023	0.0108298	0.00906813	0.00387789	0.00478894	0.0101591	0.00344021	0.00358873	0.00792	0.0112246	0.00935646	0.00987541	0.00636895	0.00601212	0.00325004	0.00904197	0.00959794	0.0040675	0.00666626	0.00912576	0.0107097	0.00497196	0.0027711	0.00379173	0.00786399	0.00524765	0.0105929	0.0075447	0.011844	0.00455026	0.00429212	0.00358976	0.00851016	0.00991738	0.0105577	0.00676525	0.00597937	0.00846209	0.00771026	0.00703687	0.00312204	0.00721724	0.00612346	0.0073766	0.00925808	0.0111035	0.00918454	0.00535849	0.00846868	0.00632394	0.00694694	0.0107734	0.00743315	0.00501638	0.00668756	0.00873198	0.0084628	0.00934974	0.00442585	0.0101266	0.00917758	0.008628	0.00845596	0.00837667	0.0091185	0.0104708	0.00456688	0.0100412	0.0107494	0.00703489	0.00982312	0.00321242	0.00607028	0.0108197	0.0110521	0.00894643	0.00944402	0.0105565	0.0102603	0.0125672	0.00936604	0.00542422	0.0070141	0.00796534	0.00785461	0.00948732	0.00897055	0.0081122	0.00403236	0.00999732	0.00846147	0.0104008	0.00920108	0.0079407	0.00719649	0.00342812	0.00832921	0.00685649	0.005237	0.0100864	0.00693951	0.00806108	0.00857178	0.00881671	0.00764217	0.00570091	0.0093615	0.0111266	0.00398843	0.00868402	0.00950707	0.0109021	0.00830427	0.0105244	0.0123521	0.00857787	0.00446967	0.0101782	0.0101643	0.00773197	0.00307794	0.00570377	0.00695815	0.00858306	0.00915634	0.00547184	0.00970079	0.00709695	0.00920356	0.00224053	0.00269637	0.0100746	0.00299239	0.00327336	0.00439131	0.00422691	0.00809393	0.00911586	0.00827209	0.00822652	0.00599781	0.00899123	0.00704647	0.00978152	0.00642533	0.00946338	0.00833514	0.00856326	0.00821766	0.00552141	0.00588834	0.00964807	0.00911241	0.00431833	0.00995107	0.0071994	0.00539669	0.00837823	0.00867571	0.00882348
COBALSYN-PWY: superpathway of adenosylcobalamin salvage from cobinamide I	0.00229749	0.00518617	0.00259406	0.00140991	0.000443759	0.00266226	0.00279424	0.00148521	0.00139803	0.00234268	0.00135049	0.00256997	0.000514946	0.00141864	0.00307733	0.00251164	0.00238756	0.00395352	0.00164018	0.00237689	0.00161099	0.00276392	0.0014397	0.0013864	0.00244144	0.00207268	0.00309203	0.00283315	0.00305826	0.00144487	0.000846561	0.00217779	0.00187711	0.00111453	0.00211688	0.00140908	0.00191223	0.00214972	0.0026579	0.00170374	0.00170853	0.00205207	0.00177066	0.00243166	0.000211439	0.00183149	0.002117	0.00339904	0.00309413	0.0021778	0.00191359	0.00285552	0.00191109	0.00177716	0.00480271	0.00228853	0.00245045	0.00124876	0.00121813	0.00186598	0.00176171	0.00137475	0.0	0.00262813	0.00114522	0.00192635	0.00462733	0.00128382	0.00152137	0.000569012	0.00140722	0.00449897	0.00363807	0.00119767	0.00114622	0.00177202	0.00454488	0.00295696	0.00212562	0.00231706	0.00365835	0.00268286	0.00254301	0.00414519	0.00234908	0.00228794	0.00101679	0.000979698	0.00616158	0.00345729	0.000533484	0.00224756	0.00189579	0.0030963	0.0023516	0.00269679	0.00501931	0.00256592	0.00257081	0.00262258	0.00104022	0.00399815	0.00165708	0.00283159	0.00200468	0.00271944	0.00453857	0.00289204	0.00635518	0.00229984	0.00200986	0.00319098	0.00374862	0.0048661	0.00129942	0.00151931	0.0019699	0.0024406	0.00121878	0.00211276	0.00525349	0.00331784	0.00195497	0.00251976	0.00199398	0.00319075	0.00192452	0.00347255	0.00306668	0.00142409	0.00168615	0.00283447	0.00185777	0.000973276	0.00350218	0.000422753	0.00233903	0.00209534	0.00169448	0.00125676	0.00144119	0.00249896	0.00279644	0.0046796	0.00143473	0.00574758	0.0019582	0.0014597	0.0026728	0.00485599	0.00246115	0.00226864	0.0032401	0.00157663	0.000964641	0.00149881	0.000479232	0.00183377	0.00297864	0.00206976	0.00252271	0.00198444	0.00228355	0.00169503	0.0028591	0.00125784	0.00221967	0.00167604	0.00401337	0.00163723	0.00234104	0.00212407	0.00259766	0.00113569	0.00410648	0.00265686	0.00252653	0.00135614	0.00390443	0.0055476	0.00351216
COLANSYN-PWY: colanic acid building blocks biosynthesis	0.00232582	0.00311764	0.00319499	0.00307346	0.00199188	0.00286015	0.00317074	0.00365117	0.00232592	0.00287389	0.00326437	0.00294791	0.00120713	0.00181127	0.00366823	0.00254276	0.00371996	0.0035183	0.00292082	0.00258024	0.00340442	0.00302346	0.00193486	0.00212364	0.00356432	0.00514743	0.00237826	0.0027319	0.00256279	0.00203192	0.00176738	0.00296867	0.00277646	0.00349684	0.00351837	0.0023149	0.00237561	0.00242797	0.00221291	0.0025948	0.00304709	0.00187227	0.00319925	0.0027288	0.00186534	0.00274164	0.00420294	0.00203419	0.00293153	0.0021342	0.00310454	0.00307138	0.0038628	0.00263673	0.00408636	0.00190081	0.00147009	0.00367564	0.00247821	0.00394816	0.00339357	0.00370209	0.000583908	0.00352703	0.00258465	0.00281641	0.00211879	0.00270435	0.00230112	0.00125371	0.00259602	0.00315945	0.00264702	0.00238616	0.00200133	0.00239953	0.00481115	0.00325295	0.00154071	0.00350935	0.00352207	0.00242885	0.00395881	0.00253156	0.00363285	0.00289357	0.00109559	0.002608	0.00293971	0.00261115	0.000727561	0.00285686	0.00276726	0.00313513	0.00249788	0.00240819	0.00246826	0.00263305	0.00174568	0.00227832	0.00186396	0.00297911	0.00239557	0.0035265	0.00354441	0.00276575	0.00349356	0.00243082	0.00351983	0.00289348	0.00215053	0.00240185	0.0028696	0.00243907	0.00216297	0.00307223	0.00326898	0.00293232	0.0023229	0.00325312	0.00181533	0.00330703	0.00272915	0.00255238	0.00220927	0.00274342	0.00381209	0.00283398	0.00268153	0.00314741	0.00352566	0.0024164	0.00236355	0.00362578	0.00211346	0.000793776	0.00470122	0.00416539	0.0024007	0.00219168	0.00238961	0.00223222	0.00254409	0.00395281	0.00202969	0.0023128	0.00322108	0.0028389	0.00239602	0.000900414	0.00118438	0.00161635	0.00270723	0.00284368	0.00360403	0.00266224	0.00180021	0.00213376	0.00427862	0.00235102	0.00309691	0.00312228	0.00225918	0.000612926	0.00222226	0.00283975	0.00276367	0.00340051	0.00279677	0.00261122	0.00291818	0.00295852	0.00350845	0.00341692	0.00176914	0.00306674	0.00288017	0.00177321	0.00321407	0.00450182	0.00331451
COMPLETE-ARO-PWY: superpathway of aromatic amino acid biosynthesis	0.0106475	0.00754127	0.00896963	0.00767408	0.00900346	0.00747888	0.00779348	0.00781328	0.00879959	0.00819756	0.00399824	0.00632179	0.0071089	0.00502906	0.00518224	0.00818311	0.0106693	0.00744045	0.00376378	0.00944575	0.0087366	0.00940266	0.00937859	0.0085022	0.00470403	0.00751534	0.00914158	0.00405452	0.00508149	0.00777473	0.00710638	0.00958939	0.00904683	0.00660919	0.00593529	0.00438157	0.00738295	0.00942128	0.0050111	0.00713459	0.00774935	0.00776388	0.00600743	0.00449868	0.00542905	0.00739654	0.00633392	0.00918887	0.00754976	0.0102529	0.00517417	0.006254	0.0055569	0.00743639	0.00810087	0.0104691	0.007582	0.00621823	0.00837518	0.00768924	0.00726339	0.00370989	0.00576109	0.00871759	0.0115186	0.00871381	0.00979287	0.00766316	0.00503269	0.00706882	0.00627137	0.00788035	0.0101485	0.00730531	0.00778002	0.00835603	0.00876294	0.00867539	0.00974203	0.00540493	0.00935943	0.0055233	0.0103836	0.00936193	0.00853039	0.00958955	0.00944954	0.00696253	0.00945472	0.00906691	0.0073401	0.00997821	0.00481161	0.00627967	0.00996359	0.00857902	0.0110256	0.00829334	0.00909793	0.00795866	0.00894379	0.0100216	0.00817607	0.00747549	0.00945328	0.00764592	0.00826303	0.00890045	0.00855487	0.0049615	0.00987556	0.00982552	0.00850477	0.0108904	0.00983528	0.0081165	0.00443307	0.00809334	0.00860826	0.00630251	0.00919647	0.00741165	0.00811282	0.00779182	0.00983405	0.00889473	0.00569297	0.00982016	0.00915361	0.00454354	0.0093855	0.0103101	0.00805213	0.00603437	0.00854267	0.0092699	0.00844665	0.00486513	0.00898369	0.0106988	0.00677656	0.00521246	0.00715857	0.00558216	0.00940906	0.00745032	0.00620718	0.00810944	0.00785693	0.00654332	0.00362242	0.00462437	0.00897246	0.00458258	0.00464331	0.00585774	0.00922726	0.00829187	0.0101427	0.00807326	0.00850361	0.0064525	0.00911437	0.00711322	0.0103295	0.00585626	0.00971568	0.00808563	0.00832667	0.00857722	0.0065749	0.00612049	0.009217	0.00863367	0.00481267	0.009579	0.00715487	0.00554198	0.0096942	0.00993596	0.00837737
CRNFORCAT-PWY: creatinine degradation I	0.0	0.0	0.0	0.0	0.0	7.89292e-05	0.0	0.0	7.48142e-05	0.000274822	0.0	0.0	0.0	0.0	0.0	6.25401e-05	0.0	0.0	0.0	0.0	0.0	6.95799e-05	0.0	0.0	0.0	0.0	8.58981e-05	0.0	4.87004e-06	0.0	0.0	2.94461e-05	0.000109743	0.0	2.58698e-05	0.0	3.52546e-05	0.000121512	0.0	0.0	0.000221394	0.0	0.0	8.91836e-06	0.0	1.84675e-05	0.0	3.58325e-05	0.0	0.0	0.000311307	4.89534e-05	0.0	0.0	0.0	0.0	4.62863e-05	4.27843e-05	0.0	0.0	0.0	0.0	0.0	0.0	3.63028e-05	0.0	0.0	0.0	0.0	0.0	0.0	0.0	0.0	0.0	0.0	7.83592e-05	0.0	0.0	0.0	2.00507e-05	0.0	0.0	0.0	0.0	0.0	3.06367e-05	0.0	0.0	0.0	0.0	0.0	0.0	0.0	0.0	0.000195732	0.0	0.0	0.0	6.77528e-05	3.84681e-05	0.0	0.0	0.0	0.0	3.78006e-05	0.0	0.000106501	6.58234e-05	0.0	0.0	0.0	0.000106963	5.84642e-05	0.0	5.47419e-05	9.96919e-05	2.10231e-05	4.08153e-05	0.0	0.0	0.0	0.0	3.18131e-05	2.8616e-05	0.0	0.0	1.22647e-05	3.13778e-05	0.0	0.0	0.0	0.0	0.0	0.0	6.8177e-05	0.0	0.0	0.0	5.11136e-05	0.0	0.0	0.0	6.21948e-05	0.0	7.64724e-05	0.0	0.0	0.0	0.0	0.0	1.94209e-05	0.0	0.0	0.0	0.0	0.0	0.0	0.0	0.0	0.0	0.0	0.0	9.63232e-05	0.0	0.000230217	0.0	4.05732e-05	0.0	0.0	0.0	6.46205e-05	0.0	0.0	0.0	0.0	0.0	3.1701e-05	0.0	0.000299641	0.000169698	7.73927e-05
DAPLYSINESYN-PWY: L-lysine biosynthesis I	0.00118042	0.00154889	0.000676902	0.00152376	0.00282042	0.00284442	0.00218524	0.00349103	0.00323981	0.0019186	0.00379315	0.00251766	0.00600027	0.00380729	0.00277227	0.00284572	0.0	0.00208445	0.00381435	0.00188528	0.00096794	0.000440843	0.000515832	0.00166931	0.00377834	0.00241034	0.000509183	0.0040162	0.00346907	0.00297241	0.00166931	0.00118539	0.00121794	0.00250806	0.00300673	0.00404171	0.0012498	0.00121226	0.00464674	0.00334831	0.00110433	0.000828994	0.00342149	0.00495004	0.00516861	0.00170019	0.0025931	0.00114324	0.00245199	0.0010882	0.0032407	0.004375	0.0037764	0.0	0.00151269	0.000634738	0.00286289	0.00454469	0.000474801	0.00250983	0.00216503	0.00357727	0.00530185	0.0023764	0.000548756	0.000286357	0.00107528	0.000699147	0.00289846	0.0	0.00224721	0.00288236	0.000709989	0.0	0.00290195	0.00222938	0.000148848	0.000918825	0.00228178	0.00420942	0.00225596	0.000501368	0.000161099	0.000291323	0.000732137	0.00443279	0.00254008	0.00153141	0.000852793	0.00148427	0.000881554	5.03084e-05	0.00427905	0.00258028	0.00122735	0.00203105	0.00139526	0.000597353	0.00340888	0.00361585	0.0023928	0.00083318	0.000860943	0.00326327	0.000749034	0.00134314	0.00120179	0.00286225	0.00155516	0.00432019	0.00043534	2.27368e-05	0.000989661	0.00203616	0.0034226	0.00220771	0.00369819	0.00255327	0.00195988	0.00538264	0.000877333	0.00296253	0.00111947	0.002006	0.00302909	0.00239128	0.00306961	0.000850003	0.00350171	0.00388402	0.000525886	0.000752215	0.00134198	0.000214554	0.00160149	0.00030748	0.0017071	0.00370125	0.00146867	0.000110712	0.00281658	0.00491778	0.00310397	0.00159178	0.00234082	0.000556221	0.00305555	0.00154479	0.00157195	0.00157481	0.00423717	0.00414404	0.000848334	0.00403097	0.00403882	0.00467876	0.00931274	0.00239114	0.000195226	0.00123069	0.00137367	0.0030694	0.000977208	0.00345415	0.000974916	0.00367192	0.00234511	0.00157145	0.00172965	0.00137136	0.00288841	0.00336307	0.00186437	0.00134871	0.00411669	0.00199735	0.00149128	0.00342501	0.0036451	0.00184845	0.00270743
DARABCATK12-PWY: D-arabinose degradation I	0.0	6.74972e-06	3.15728e-06	0.000103329	4.90406e-05	5.4447e-06	7.70715e-05	0.0	7.71504e-06	5.94255e-05	0.000475673	0.000278002	0.000147858	0.000272984	7.01043e-05	1.47136e-05	0.0	0.000140021	0.00127593	0.0	2.9323e-05	0.0	0.0	4.41062e-05	0.000387141	0.000111564	8.95944e-06	0.000617727	0.000780068	1.72919e-05	5.10144e-05	0.0	0.0	9.77456e-05	0.000179658	0.000447945	6.16674e-05	0.0	0.0	0.000467639	0.0	2.74237e-05	0.000201435	0.000646167	0.0	5.76967e-05	0.000122735	0.0	0.00011683	0.000173017	0.000296941	0.000183139	0.000673383	0.0	2.13421e-05	0.000384027	0.00015072	6.52492e-05	1.11752e-05	0.000115118	5.22557e-05	0.000794627	0.0	0.000148084	1.82971e-05	1.77468e-05	0.0	0.0	0.000197969	0.0	0.000222802	0.000170975	0.0	0.0	0.000125077	0.000105631	0.0	0.0	5.61981e-06	0.000359918	4.59987e-06	0.0	0.0	0.0	8.52571e-06	0.0	0.0	8.46631e-05	0.0	0.0	0.0	0.0	0.000272152	0.0002087	0.0	0.0	0.000172631	0.0	0.000130158	0.0	1.76228e-05	0.000328299	3.29068e-05	5.85525e-05	0.00033457	6.89001e-05	6.24215e-06	4.77316e-05	2.27338e-05	0.00108769	0.0	0.0	0.0	0.000122471	9.06526e-05	3.31902e-05	0.000603941	8.00644e-05	0.0	0.000134513	0.0	0.000100959	0.0	0.0	9.3914e-05	0.0	0.000255022	4.35432e-06	1.24358e-05	0.000194809	0.0	0.0	0.0	0.0	8.42693e-06	0.0	1.62275e-05	0.00041379	6.1384e-06	0.0	0.000167596	0.000120508	5.32068e-06	0.000157272	5.46789e-05	2.28922e-05	0.000264529	3.98729e-06	3.63546e-05	1.47904e-05	0.000898008	0.0	0.0	0.00059892	0.00179231	0.000420146	0.000112782	1.22976e-05	0.0	6.93779e-05	0.0	0.000158657	3.90714e-05	8.26572e-05	3.66634e-06	0.000173642	6.21807e-05	6.77683e-05	0.000162345	1.17445e-05	0.000240411	0.000466185	3.6467e-05	0.0	0.000386678	0.0	0.000204191	9.18774e-05	1.86053e-05	0.0	5.03696e-05
DENITRIFICATION-PWY: nitrate reduction I (denitrification)	9.41354e-06	5.87584e-05	0.0	0.0	0.0	3.20845e-05	0.0	0.00205037	0.000147663	0.0	0.0	0.0	0.0	2.92414e-05	0.0	0.0	0.0	0.0	0.0	0.0	0.0	0.0	0.0	2.94052e-05	0.0	0.0	0.0	0.0	2.60675e-06	0.000478314	0.0	0.0	0.0	0.0	0.000115874	0.00153404	0.0	0.0	0.0	0.0	0.0	0.0	0.0	0.000330435	0.000783115	2.51387e-05	0.000127074	0.0	0.0	0.0	0.0	0.00286304	0.000212259	0.0	0.000265423	0.0	0.0	0.0	0.0	0.000740743	0.0	0.0	0.0	1.09197e-05	1.3435e-05	0.0	0.0	0.0	0.0	0.0	0.0	0.0	0.0	0.0	0.0	0.0	0.0	0.0	0.0	0.0	0.0	0.0	0.0	0.0	0.0	0.0	0.0	0.0	0.0	0.0	0.0	0.0	0.0	0.0	0.0	0.0	0.0	0.0	0.0	0.0	0.0	2.71153e-05	0.0	0.0	0.0	0.0	0.0	0.0	7.35738e-06	0.0	0.0	0.0	0.0	0.0	0.0	0.0	0.0	9.96581e-06	0.0	0.0	0.0	0.0	0.0	0.0	0.0	0.0	2.51312e-05	0.0	0.0	0.0	0.0	0.0	0.0	0.0	3.1005e-05	0.0	0.0	0.000317969	0.0	0.0	0.0	0.0	3.4419e-05	0.0	0.0	0.0	0.0	0.0	0.0	0.0	0.0	7.26367e-05	0.0	0.0	0.0	0.0	0.0	0.000328589	0.0	0.0	3.53907e-05	5.00413e-05	0.0	7.29325e-05	0.0	0.000218302	1.01561e-05	0.000145627	8.16628e-05	0.0	2.58597e-05	8.17497e-05	8.51365e-06	5.12629e-06	0.000589848	0.0	2.50867e-05	0.0	0.0	0.0	1.22759e-05
DENOVOPURINE2-PWY: superpathway of purine nucleotides de novo biosynthesis II	0.000180663	0.000387301	0.0	0.000525407	0.000599711	0.00242539	0.000659547	0.0	0.000751022	0.000935133	0.0023585	0.00139388	0.000654247	0.00176734	0.00231922	0.000521987	0.0	0.000856845	0.00282252	0.0	0.0	0.0	0.0	0.000389635	0.00213395	0.0015055	0.000503404	0.00220918	0.00242066	0.00138856	0.000894327	0.0	0.0	0.000997141	0.00129147	0.00364942	0.00056946	0.0	0.00407126	0.0030435	0.00077593	0.000350025	0.00171291	0.00202061	0.0021944	0.000621765	0.00150632	6.70062e-05	0.00101992	0.0	0.00183581	0.00102296	0.00208005	0.0	0.0	4.57761e-05	0.00262038	0.000741249	0.0	0.000749831	0.000632752	0.00123608	0.0	0.00136944	0.000260582	0.000427469	0.0	0.0	0.00154596	0.0	0.00146577	0.00244377	0.0	0.0	0.0012263	0.000975534	0.0	0.0	2.49373e-05	0.00256918	0.0	0.0	0.0	0.0	0.000289967	0.0	0.0	0.000858618	0.0	0.0	0.0	0.0	0.00342336	0.00134123	0.0	0.0	0.0	0.0	0.000102208	0.0	0.0	0.0	0.00028967	0.000577238	0.0	0.000468079	0.000116525	0.000621035	0.00031815	0.00270883	0.0	0.0	0.0	0.0	0.000782824	0.000524334	0.00243305	0.000198775	0.0	0.00153962	0.0	0.000657117	0.0	0.0	0.00107894	0.0	0.0020226	0.0	0.0	0.00216757	0.0	0.0	0.0	0.000311334	0.000638894	0.0	0.000670912	0.00251262	0.0	0.0	0.00137411	0.00394743	0.00285211	0.000865883	0.000421803	0.0	0.00182736	0.0	0.000309775	0.000280122	0.00252568	0.00358692	0.0	0.00255465	0.0038688	0.00212554	0.00109828	0.0	0.0	0.000447555	0.000541748	0.00207589	0.000255256	0.00114692	0.0	0.00151556	0.00027896	0.00108194	0.000578943	0.0	0.000927155	0.00177578	0.000380978	0.00124079	0.00281283	0.0	0.00108618	0.00137324	0.000181729	0.000285295	0.000360872
DHGLUCONATE-PYR-CAT-PWY: glucose degradation (oxidative)	0.0	7.753e-06	0.0	0.0	0.0	0.0	0.0	0.0	0.0	0.0	0.0	0.0	0.0	0.0	0.0	0.0	0.0	0.0	0.0	0.0	0.0	0.0	0.0	0.0	0.0	0.0	0.0	0.0	0.0	0.0	0.0	0.0	0.0	0.0	0.0	0.0	0.0	0.0	0.0	0.0	0.0	0.0	0.0	0.0	0.0	0.0	3.64429e-06	0.0	0.0	0.0	0.0	0.0	0.0	0.0	0.0	0.0	9.28228e-06	0.0	0.0	0.0	0.0	0.0	0.0	4.87874e-06	0.0	0.0	0.0	0.0	0.0	0.0	0.0	0.0	0.0	0.0	0.0	0.0	0.0	0.0	0.0	0.0	0.0	0.0	0.0	0.0	0.0	0.0	0.0	0.0	0.0	0.0	0.0	0.0	0.0	0.0	0.0	0.0	0.0	0.0	0.0	0.0	0.0	2.99111e-05	0.0	0.0	0.0	0.0	0.0	0.0	0.0	0.0	0.0	0.0	0.0	0.0	0.0	0.0	0.0	0.0	0.0	0.0	0.0	0.0	0.0	0.0	0.0	0.0	0.0	0.0	0.0	0.0	0.0	0.0	0.0	0.0	0.0	0.0	0.0	0.0	0.0	0.0	0.0	0.0	0.0	0.0	0.0	0.0	0.0	0.0	0.0	0.0	0.0	0.0	0.0	2.33752e-05	0.000301231	0.0	0.0	0.0	0.0	5.98274e-06	0.0	0.0	0.0	0.0	0.0	0.0	0.0	0.0	0.0	0.0	0.0	0.0	0.0	0.0	0.0	0.0	0.0	0.0	0.0	0.0	0.0
DTDPRHAMSYN-PWY: dTDP-&beta;-L-rhamnose biosynthesis	0.014133	0.00582309	0.0129831	0.0122788	0.0117744	0.00868827	0.0102986	0.00762154	0.010846	0.00965862	0.00276009	0.0105749	0.00951551	0.00385112	0.00687622	0.0108319	0.0171683	0.00994933	0.00176134	0.0124818	0.017679	0.0136363	0.0311988	0.0111323	0.00759777	0.00890697	0.0134063	0.00298573	0.00546568	0.0123423	0.0207398	0.0168457	0.0129284	0.010956	0.00967025	0.00259579	0.0162018	0.0114484	1.12898e-05	0.00937767	0.0137601	0.0102516	0.0113766	0.00277798	0.00406207	0.0125503	0.00706231	0.0150782	0.00927746	0.0132249	0.00589349	0.00634402	0.00696317	0.0133221	0.0125233	0.0129773	0.0112235	0.0064201	0.0135367	0.00981118	0.0139779	0.0046086	0.00556268	0.00682183	0.0179062	0.0118388	0.0153598	0.0425855	0.0106324	0.0143608	0.0171333	0.00976173	0.015181	0.0156242	0.00818363	0.0131572	0.0142568	0.0138376	0.0097109	0.00613805	0.0125887	0.0167038	0.021076	0.0121636	0.0128607	0.00852987	0.0117466	0.0262811	0.013991	0.0123979	0.0590157	0.0151578	0.00295917	0.00872094	0.0112277	0.0145522	0.0127139	0.0168305	0.0121922	0.013292	0.0140656	0.0124377	0.0264353	0.0106524	0.0112432	0.0116033	0.0125571	0.0119245	0.00991963	0.00398745	0.0263964	0.0107198	0.0160952	0.0125448	0.00931742	0.0112568	0.00317318	0.0116956	0.0637899	0.00811685	0.018228	0.00968162	0.0140174	0.0139954	0.0127369	0.011569	0.00715896	0.0139823	0.016722	0.00477179	0.0172085	0.0117609	0.0197192	0.0100129	0.0118491	0.0206971	0.0140851	0.00669839	0.0136533	0.017823	0.00917025	0.00172519	0.00842442	0.0122079	0.0104666	0.0167141	0.0077737	0.0184107	0.0123056	0.0177686	1.59628e-05	0.00201645	0.0149501	0.00238328	0.00119065	0.00457656	0.0106608	0.0113368	0.0144026	0.0102729	0.0124806	0.0116844	0.0131032	0.00818002	0.0134725	0.0102852	0.0117424	0.0125452	0.0122982	0.0159795	0.00975858	0.00982099	0.0124368	0.0151656	0.00315998	0.0119315	0.0103157	0.00648669	0.0110137	0.0135518	0.0113576
ECASYN-PWY: enterobacterial common antigen biosynthesis	0.0	7.76345e-06	1.45376e-05	0.000189498	5.0214e-05	0.000992369	0.000105904	0.0	7.1103e-05	0.000139425	0.000892018	0.000241618	5.42804e-05	0.00103956	0.000408512	0.000116602	0.0	1.32122e-05	0.00155257	0.0	0.0	0.0	0.0	9.83592e-05	0.000767825	0.000437405	7.08986e-05	0.00132015	0.000643847	0.000182297	0.000105354	0.0	0.0	0.000250049	0.000346751	0.00151282	0.000139275	0.0	0.0050207	0.000789198	0.000146433	2.48564e-05	0.000760153	0.00187999	0.00273981	0.00017699	0.000375745	1.25132e-05	0.00032207	0.0	0.000623136	0.00022746	0.00081213	0.0	0.0	5.53582e-05	0.000953504	0.000631934	5.31149e-05	0.000216299	0.000591049	0.00117051	0.0	0.000327622	2.97719e-05	6.12131e-05	0.0	0.0	0.000430904	0.0	0.000150443	0.000604839	0.0	0.0	0.000534753	0.000133941	0.0	0.0	5.23254e-05	0.000201762	1.68202e-05	0.0	0.0	0.0	6.89858e-05	0.0	0.0	0.000258668	0.0	0.0	0.0	0.0	0.00165367	0.000326936	0.0	0.0	0.0	0.0	4.24858e-05	0.0	5.70988e-05	6.49971e-05	6.50668e-05	7.9827e-05	0.0	0.000249566	5.33487e-05	0.000201544	9.32075e-05	0.00138351	0.0	0.0	0.0	0.0	0.000325541	0.000508925	0.000818163	4.93277e-05	0.0	0.000313381	0.0	0.000112581	0.0	0.0	0.000206111	0.0	0.00054885	0.0	0.0	0.000680302	0.0	0.0	0.0	0.0	0.000104806	0.0	0.000137942	0.00028966	3.87151e-05	0.0	0.00040932	0.00346317	0.0012271	0.00020611	8.18682e-05	3.09086e-05	0.000393988	0.0	5.89223e-05	0.000129915	0.00159602	0.00292188	0.0	0.00129915	0.00310632	0.00065658	0.000294146	6.54103e-05	0.0	0.000147956	0.0	0.000469457	0.000124043	0.000826728	2.07826e-05	0.000467812	3.79506e-05	0.000108378	0.00014873	6.70474e-05	0.000630116	0.000190751	8.83754e-05	0.0	0.00184536	0.0	0.000452431	0.000939751	1.65346e-05	0.0	8.13899e-05
FAO-PWY: fatty acid &beta;-oxidation I (generic)	0.0	0.000111029	0.000133134	0.000605717	0.000157873	0.00171343	0.000594813	0.00363287	0.000337101	0.000411424	0.00469655	0.00154779	0.000501284	0.00259548	0.00180368	0.000347797	0.0	0.0011696	0.00486576	0.0	0.0	0.0	0.0	0.000363183	0.00248188	0.000771793	0.000272803	0.00433342	0.00213562	0.00144136	0.000234292	0.0	6.0428e-05	0.000483116	0.0017283	0.00491055	0.000788141	0.0	0.00755756	0.00250287	0.000563295	0.000371066	0.00176204	0.00525179	0.00486625	0.000524524	0.00139793	3.38204e-05	0.00104035	0.0	0.00173094	0.00625108	0.00291985	0.0	0.000402772	0.000167982	0.00184625	0.00122962	0.000145474	0.00208735	0.000883277	0.00517518	0.0	0.00128404	0.000144457	0.000232843	0.0	0.0	0.00182378	0.0	0.00123112	0.00181713	0.0	0.0	0.00139318	0.000752493	0.0	0.0	0.000239046	0.00307779	7.66936e-05	0.000166411	0.0	0.0	0.00011701	0.0	0.0	0.000812161	0.0	2.8372e-05	0.0	0.0	0.00439731	0.00177501	1.24507e-05	0.0	0.0	0.0	0.000186806	0.0	0.000172093	0.000279606	0.000220907	0.000285612	0.0	0.000753348	0.00018296	0.000551591	0.00052679	0.00350189	0.0	0.0	0.0	0.0	0.000815658	0.000920973	0.00307674	0.00027336	9.00665e-05	0.00110727	0.0	0.000646631	0.0	0.0	0.00117301	0.0	0.00176029	0.000155789	0.0	0.00300189	0.0	0.0	0.0	0.0	0.000308543	0.0	0.000539435	0.0024421	4.25219e-05	0.0	0.000954536	0.00602987	0.00201289	0.0005077149999999	0.000556726	0.000142648	0.00162785	0.0	0.000208805	0.00039161	0.00450132	0.00700124	0.0	0.00487175	0.00618028	0.00234798	0.000802859	0.00114436	0.0	0.000457505	0.000135442	0.00127478	0.000350158	0.00204966	3.08162e-05	0.00275395	0.000275959	0.000412957	0.000573048	0.000171973	0.00163712	0.00237652	0.000150777	7.95552e-05	0.00469494	7.83495e-05	0.00113993	0.00251883	0.000250457	0.0	0.000409101
FASYN-ELONG-PWY: fatty acid elongation -- saturated	0.00157675	0.00849021	0.00256434	0.00296475	0.000680867	0.00392732	0.00214678	0.0119567	0.00212214	0.00225964	0.00420994	0.00459235	0.00668476	0.00822746	0.00444358	0.00291185	0.00196454	0.00379862	0.00535619	0.00131794	0.00314313	0.00170781	0.0113071	0.00302671	0.00517118	0.00458655	0.0017232	0.00648213	0.0051574	0.00805066	0.00312632	0.00374712	0.00266367	0.00499573	0.00482352	0.00512793	0.0047350099999999	0.000903216	0.00557166	0.00509118	0.00141941	0.00533232	0.00689561	0.00637607	0.00679323	0.00494894	0.00404343	0.00238543	0.00586403	0.00338906	0.00599113	0.00841098	0.00582923	0.00557769	0.00595253	0.00368649	0.00477855	0.00644619	0.00190981	0.00511936	0.00293481	0.00398066	0.00234404	0.00277267	0.00103655	0.00319183	0.00112391	0.00215378	0.00546671	0.00500784	0.00647632	0.00408372	0.00236979	0.00369363	0.00420925	0.00357863	0.00148346	0.00271928	0.00168285	0.0044851	0.000673547	0.00139909	8.09443e-05	0.00124411	0.00251942	0.00204288	0.00246471	0.00303933	0.00103106	0.00314971	0.000560402	0.00477201	0.00450084	0.00514538	0.00104313	0.00220119	0.00159492	0.00422064	0.00211891	0.0020875	0.0013538	0.00233241	0.00177022	0.00325946	0.00185045	0.0030521	0.00237654	0.00300639	0.00334261	0.00578514	0.000144506	0.00347535	0.00216538	0.00181621	0.00335807	0.00359037	0.0045618	0.00273888	0.00130285	0.00362057	0.000719129	0.00332509	0.00323389	0.00117293	0.00410358	0.00241177	0.00612901	0.00512277	0.00559544	0.00560035	0.00264916	0.00319984	0.00215591	0.00570463	0.00253185	0.0	0.00223708	0.00542593	0.0021038	0.000375694	0.0045959	0.00564046	0.00420015	0.00330987	0.0017851	0.00112607	0.00609766	0.00248948	0.00324455	0.00093117	0.00478013	0.00509073	0.00295669	0.00498466	0.00546143	0.00496793	0.00709256	0.00499933	0.000940858	0.00424023	0.00321687	0.00486621	0.00125777	0.00567607	0.000712555	0.00563972	0.00283044	0.0034613	0.00365183	0.00381087	0.0045562	0.00556532	0.00223503	0.00392257	0.00567568	0.001479	0.00373598	0.00805669	0.00228944	0.00137009	0.0026727
FASYN-INITIAL-PWY: superpathway of fatty acid biosynthesis initiation (E. coli)	4.42369e-05	0.00024976	2.87632e-05	0.0	0.0	0.0	0.0	0.0	0.000133572	6.63154e-05	0.0	0.0	0.00105314	1.97497e-05	0.0	0.0	0.0	0.0	0.0	3.72661e-05	0.0	5.13689e-05	0.000182241	0.0	0.0	0.0	0.0	0.0	4.32373e-05	0.0	0.0	0.0	6.63986e-05	0.0	0.0	0.0	0.0	0.0	0.0	4.92181e-05	0.0	0.0	0.0	0.000724051	0.0	0.0	0.0	3.81046e-05	0.0	0.000260111	0.000528581	0.0	0.0	0.0	0.0	3.30557e-05	0.0	0.00185191	0.0	0.0	0.0	0.000226661	0.000351027	0.0	0.0	0.0	5.74835e-05	0.0	0.0	0.0	0.0	0.0002464	0.0	0.0	0.0	0.0	2.94089e-05	0.0	0.000628326	2.47193e-05	0.000242956	0.0	0.0	0.0	0.0	0.000290243	0.000107697	0.0	2.43269e-05	0.000184225	0.0	0.0	0.0	0.000253401	3.22575e-05	6.42826e-05	0.000106673	0.0	7.06573e-05	0.0	0.000117099	8.95176e-05	0.0	0.000173881	0.0	0.0	0.000113819	0.0	2.8875e-05	0.0	0.0	0.0	6.23812e-05	0.000222928	0.0	0.000157213	1.40868e-05	0.000178446	6.96246e-05	0.00146686	7.58617e-05	0.000184644	0.0	0.00042046	0.0	0.00020395	4.5098e-05	0.0	0.0	0.0	0.0	0.0	0.0	0.0	0.000117207	0.0	0.0	0.0	0.0	3.38896e-05	4.18251e-05	0.000990137	0.0	0.0	0.0	0.000157828	0.0	3.39692e-05	9.04367e-05	0.0	0.0	0.0	5.67811e-05	0.000146786	2.55652e-05	0.00157643	0.00333508	6.15276e-05	0.0	0.0	0.0	0.0	0.0	0.0	0.0	0.0	0.0	0.0	0.0	7.96469e-05	0.0	0.0	0.000129827	6.70315e-05	0.0	0.000102531	0.0	1.31389e-05	0.00127296	0.000178857	0.000271202
FERMENTATION-PWY: mixed acid fermentation	0.00122674	0.000886129	0.000806923	0.00209632	0.00143401	0.00267614	0.00291947	0.0	0.00273497	0.00172202	0.00461299	0.00295019	0.000737102	0.00315003	0.00419853	0.00202321	0.0	0.00199507	0.00428216	0.00145286	0.000771297	0.000802307	0.000841808	0.00165726	0.00380241	0.00355635	0.00143015	0.00362718	0.00367932	0.00186685	0.000882132	0.000935174	0.001651	0.00203773	0.00275375	0.00480634	0.00218294	0.0035899	0.00508944	0.00325075	0.00272654	0.000816958	0.00331195	0.00382381	0.00448996	0.000798513	0.00236306	0.00173045	0.00161438	0.00266736	0.00273709	0.00214506	0.00329711	0.0	0.000961072	0.00147534	0.00328234	0.00133153	0.00130514	0.00215146	0.00145956	0.00456614	0.00263713	0.0014669	0.001276	0.000490642	0.00287192	0.000840692	0.00308116	0.000224795	0.00200503	0.00324929	0.00245241	0.000281059	0.00346734	0.00271398	0.00064511	0.000659032	0.00121297	0.00347369	0.00339511	0.000878602	0.00384097	0.00124913	0.00131561	0.00200703	0.00119297	0.00264088	0.00186172	0.00271784	0.000235994	0.000373748	0.00425752	0.00307868	0.00275792	0.00205122	0.00180113	0.00109931	0.0028875	0.00130249	0.00167302	0.00329997	0.000703013	0.00222383	0.00147973	0.00211628	0.00295308	0.00216861	0.00325424	0.00414687	0.000793715	0.000708129	0.00217033	0.00216015	0.00278046	0.00296563	0.00503776	0.00198822	0.0011209	0.00289275	0.00238492	0.00299384	0.000540899	0.000547225	0.00276837	0.00226697	0.00236053	0.00113402	0.00074421	0.00286804	0.000816361	0.00310324	0.000575726	0.000642611	0.00251333	0.000828351	0.00142597	0.00342581	0.00170183	0.000809398	0.0016994	0.00451138	0.00295346	0.00187905	0.00215571	0.00133241	0.0028821	0.00045148	0.00119036	0.00623306	0.00543796	0.00479217	0.0015756	0.00426079	0.00467472	0.00283417	0.000970199	0.00192294	0.000858313	0.00148595	0.00207328	0.00284794	0.00186991	0.00192314	0.00113858	0.00205837	0.00114398	0.0014014	0.00212395	0.000808227	0.0035305	0.00216185	0.00113922	0.00163478	0.00418225	0.00175673	0.00281255	0.00198044	0.0015718	0.000523255	0.000992248
FOLSYN-PWY: superpathway of tetrahydrofolate biosynthesis and salvage	0.000511964	0.000393646	0.000219077	0.00143704	0.00192629	0.00105291	0.000442742	0.00193446	0.000137593	0.000970608	0.0011219	0.00117129	0.0031541	0.00330296	0.00120304	0.000535234	0.000686451	0.000519377	0.00166482	0.000345126	4.39295e-05	0.000483745	0.0	0.00030406	0.00215828	0.00112385	9.39609e-05	0.00337423	0.00137885	0.000700555	9.10618e-05	0.000996783	0.000205353	0.000792112	0.000998281	0.00246507	0.000345556	0.0	4.13911e-05	0.00194246	0.0	0.000129107	0.000416889	0.00154168	0.00278639	0.000349586	0.00262942	9.97762e-05	0.000692749	0.0	0.00261328	0.000575594	0.00147107	0.0	0.000492976	0.0	3.98655e-05	0.00283517	0.000166914	0.000804146	0.00248346	0.00217893	0.00426952	0.00186341	7.22852e-05	0.0	0.0	0.0	0.000928503	0.0	0.000672254	0.000159897	0.0	0.0	0.000567299	0.000396654	0.0	0.0	9.82264e-05	0.00135917	6.61404e-05	0.0	0.0	0.0	0.000270819	0.0	0.0	0.000674309	0.000203483	0.0	0.0	0.0	0.00128813	0.000811781	3.21064e-05	2.86339e-05	0.000134215	0.0	5.30166e-05	0.0	0.0001876	0.000247857	0.000140095	0.000320065	0.0	0.000194202	2.79779e-05	0.000863595	0.000983972	0.00123636	4.78737e-05	0.00012011	0.0	0.000151297	0.000526591	0.00014844	0.00175897	0.0012982	0.0	0.000871702	0.0	0.000396132	0.000169368	0.0	0.000672864	0.000406978	0.00127038	0.000137288	0.0	0.00159953	0.0	0.0	0.0	0.0	0.000124251	0.0	0.000664307	0.00188583	3.0832e-05	0.0	0.000820598	0.000731504	0.00082476	0.00100591	0.000738762	8.94749e-05	0.000710876	0.0	0.000188029	0.000731887	0.00227133	0.00142339	7.80531e-05	0.00153662	0.000796325	0.00207033	0.00155645	0.000950419	0.000204679	0.00074954	0.00181407	0.00277606	0.000627883	0.00262501	0.000846343	0.00239628	0.000239169	0.00133572	0.00108684	0.000628197	0.00135222	0.00126578	0.000332218	0.00128821	0.00280347	0.000827871	0.000788632	0.00377215	0.000250225	0.000321626	0.000646103
FUC-RHAMCAT-PWY: superpathway of fucose and rhamnose degradation	0.00155915	0.000202769	0.000680381	0.00120334	0.000621218	0.00175387	0.0012803	0.0	0.000948173	0.00129573	0.00264476	0.00186667	0.000632821	0.00259698	0.00278975	0.000867172	0.0	0.00142931	0.00319122	0.000641739	0.00146044	0.00125976	0.00105295	0.00100881	0.00216421	0.00216553	0.000578435	0.00235242	0.00294557	0.00100036	0.000621407	0.00115806	0.00132256	0.00173746	0.00192848	0.00276441	0.00138363	0.00103312	2.96721e-05	0.0013259	0.000580646	0.000925408	0.00258125	0.00170945	0.0	0.00163369	0.00217547	0.000195621	0.00114273	0.000354197	0.00188547	0.000921939	0.00207377	0.0	0.000294247	0.000679214	0.00167086	0.000981799	0.000785796	0.00092135	0.000733712	0.00250034	0.0	0.00114325	0.000127952	0.000664194	0.00010957	0.0	0.00227494	0.000327248	0.00180676	0.000717675	0.000110456	0.000547653	0.00133745	0.0010491	0.0014234	0.000930344	0.000428893	0.00271446	0.000846943	0.00126582	0.0	0.000573806	0.00129307	0.000401966	0.000450226	0.000946207	0.000233261	0.0008457	0.000266725	0.000471454	0.00184876	0.00237021	0.000855288	0.000358371	0.000430688	0.00039565	0.000484144	0.00022316	0.0002927	0.000716079	0.000442165	0.00227491	0.000598474	0.00128379	0.000851198	0.00100526	0.00129895	0.00261241	0.000280745	0.00224103	0.000979452	0.000279567	0.000784359	0.00167492	0.00269588	0.00111857	9.16204e-05	0.00144022	0.000181488	0.00178639	0.000320987	0.000835129	0.00140345	0.000697232	0.00260294	0.000625823	5.54363e-05	0.00295195	0.00150644	0.000598007	0.000508525	0.00063589	0.000246499	0.0	0.00110114	0.00244727	0.000757746	0.0	0.00126611	0.000929768	0.00189453	0.00149485	0.000555853	0.0012485	0.00178815	0.000423708	0.000520307	0.0005147	0.00324947	0.00173216	0.000588729	0.00218209	0.00322893	0.00208734	0.00120613	0.00130661	0.00146913	0.00154581	0.000499349	0.00153863	0.00100031	0.000526413	0.000900219	0.00174131	0.000918024	0.00117259	0.00151046	0.000845053	0.00219202	0.00182914	0.00179787	0.000401762	0.00151951	0.000772364	0.00143511	0.00096532	0.000799817	0.000739941	0.00145268
FUCCAT-PWY: fucose degradation	0.00118211	9.26471e-05	0.000332266	0.000647428	0.000404121	0.00124797	0.00103762	0.0	0.00104094	0.000850518	0.00341391	0.00158496	0.000329443	0.00164559	0.00292541	0.000821176	0.0	0.0011037	0.00350372	0.00037583	0.00082441	0.000705672	0.00073383	0.000656883	0.0018222	0.00160984	0.000314194	0.00221338	0.00274133	0.00113151	0.000365821	0.000815505	0.00101491	0.0010036	0.00149912	0.00325696	0.000832955	0.000662709	2.81212e-05	0.00262091	0.000368969	0.000495318	0.00183995	0.00226505	0.000474075	0.00092307	0.00180975	9.12862e-05	0.000670972	0.000178958	0.00126515	0.000838253	0.00186844	0.000492888	0.000146642	0.000440517	0.00131327	0.000503706	0.000388713	0.00104384	0.000442375	0.00414839	0.0	0.000832253	6.22623e-05	0.000345701	5.09075e-05	0.0	0.00203963	0.00015152	0.00104346	0.000365736	5.18905e-05	0.000263426	0.00115534	0.00104558	0.000773328	0.000567361	0.00121193	0.00230195	0.000945959	0.000630555	0.0	0.00029517	0.00122881	0.000586816	0.000401048	0.000802216	0.000115783	0.000579097	0.000247183	0.000232247	0.00179403	0.00166236	0.000608587	0.000167931	0.000228438	0.000189587	0.000399713	0.00010587	0.000155388	0.000398459	0.000465565	0.00174901	0.00185721	0.000830521	0.000447966	0.000898523	0.000737436	0.00323093	0.000170884	0.00148599	0.000678629	0.000143596	0.000543008	0.00139841	0.00334358	0.000683385	4.33409e-05	0.00133009	8.57391e-05	0.00145279	0.000153742	0.000456964	0.00200986	0.000457922	0.00186595	0.000550101	2.48333e-05	0.00235745	0.000854609	0.000311363	0.00036181	0.00030826	0.000121547	0.0	0.000940961	0.00213212	0.000395133	0.0	0.00109258	0.000576884	0.00135881	0.000794341	0.000437208	0.000977746	0.00180181	0.000223135	0.000255011	0.000294052	0.0039197	0.00185604	0.00030892	0.0018266	0.00365551	0.00159729	0.000664124	0.000909363	0.000798264	0.000893368	0.000241362	0.00104671	0.000678324	0.000327359	0.000554802	0.00136044	0.000556801	0.000658331	0.000965706	0.00042025	0.00155164	0.0012504	0.0011301	0.000190577	0.00128639	0.000437136	0.00120673	0.000532162	0.000769278	0.000365182	0.000965593
GALACT-GLUCUROCAT-PWY: superpathway of hexuronide and hexuronate degradation	0.000464917	0.000720183	0.000718368	0.0017469	0.000300985	0.00130979	0.00210086	0.0	0.000609312	0.00132759	0.00123791	0.00190894	0.00106629	0.000595448	0.00270244	0.00120258	0.0	0.00237824	0.0018113	0.00134907	0.000655333	0.000427397	0.000319185	0.00110859	0.00198778	0.00120271	0.000875364	0.00261815	0.0012383	0.00103234	0.00101963	0.000825686	0.000828069	0.0013542	0.00171246	0.000559362	0.00110045	0.000463564	3.13017e-05	0.0013394	0.00138564	0.00116904	0.000553157	0.00228526	0.0	0.000897334	0.00125109	0.000762364	0.00186336	0.000642415	0.00158668	0.000659424	0.00159357	0.0	0.00045549	0.000354138	0.000552488	0.000684655	0.000772274	0.000860191	0.000385174	0.000398701	0.0	0.000905446	0.000424906	0.000920095	0.00102542	0.000222228	0.000792012	0.0006095	0.000553683	0.00146097	0.000687157	0.000424854	0.000754513	0.00121151	0.00142774	0.00115366	0.00156356	0.00244443	0.00181149	0.00115267	0.000370668	0.000657988	0.00120775	0.000737269	0.000500123	0.00123988	0.000799167	0.00131273	0.000390176	0.000472696	0.00114705	0.00180583	0.000667804	0.000417599	0.000994418	0.000845909	0.00133604	0.00149529	0.00132742	0.0014707	0.00130387	0.00203007	0.000508802	0.00135776	0.00120067	0.00202775	0.00185768	0.0018585	0.00145972	0.00197929	0.000852217	0.00100589	0.00158599	0.0010118	0.00196765	0.00072388	0.000140895	0.00215243	0.000294758	0.00262022	0.0010157	0.000563457	0.000722343	0.000512704	0.00149736	0.00097998	0.00160848	0.00117383	0.000371935	0.000826716	0.00109045	0.000438713	0.00115695	0.000110877	0.00136581	0.00207263	0.000982087	0.00044789	0.00142243	0.000217247	0.00123666	0.00115642	0.00142489	0.00226567	0.00145093	0.000805961	0.00163408	0.000247249	0.00193523	0.000599667	0.00130169	0.00192108	0.0010472	0.00167547	0.000903609	0.00123075	0.000282248	0.0014585	0.000345538	0.00116476	0.000797874	0.00069679	0.000260206	0.00136861	0.000609068	0.00105128	0.000872832	0.000442959	0.000787683	0.00168837	0.000612157	0.00043477	0.0020143	0.000384126	0.00126413	0.00086773	0.00128844	0.00201073	0.00160297
GALACTARDEG-PWY: D-galactarate degradation I	0.00014413	0.0011383	0.000199334	0.000571643	0.000308694	0.00123467	0.000625064	0.0	0.000306787	0.000527991	0.00595294	0.00174948	0.000938435	0.00290992	0.00380432	0.00058412	0.0	0.000879189	0.00469581	9.61977e-05	0.000179305	6.28451e-05	4.73718e-05	0.000611779	0.00342935	0.00124212	0.000224788	0.00383354	0.00403671	0.00114222	0.000422084	6.10215e-05	0.0	0.000805255	0.0019064	0.00360283	0.000589221	9.40891e-05	0.00405298	0.00147008	0.000437915	0.000615004	0.00175425	0.00282245	3.35999e-05	0.000613331	0.00165081	5.22511e-05	0.00121982	7.61938e-05	0.00211392	0.00137822	0.002773	0.000973489	0.000292029	6.42376e-05	0.00105104	0.00123514	0.000405823	0.000924384	0.000383798	0.00444973	0.0	0.00302588	5.82219e-05	0.000215446	0.000109722	0.0	0.00213675	0.000136361	0.00170709	0.00128549	4.5633e-05	5.84595e-05	0.00134956	0.000613685	0.000104802	0.000137643	0.000439306	0.00358082	0.000489347	0.000530731	0.0	0.000387903	0.00032956	0.0	8.36211e-05	0.00108491	0.000115852	2.34279e-05	8.61222e-05	6.63323e-05	0.00331942	0.00181651	1.43993e-05	0.000109234	0.0	0.0	0.000189567	3.45882e-05	0.0002149	0.000190747	0.000639813	0.000974304	0.000134319	0.000708058	0.000119312	0.000662685	0.000363702	0.00358373	0.000172929	4.79477e-05	0.0	0.0	0.000607622	0.000288484	0.00390622	0.000224726	4.64791e-05	0.00172423	0.0	0.00106113	5.46853e-05	9.05545e-05	0.00145595	5.39456e-05	0.00225261	0.000118922	3.23172e-05	0.00386739	0.000177933	0.000111799	0.000164056	4.05093e-05	0.000181075	3.39723e-05	0.000826569	0.00355223	0.000162641	5.76613e-05	0.000728589	0.00349727	0.00165809	0.00112391	0.000321489	0.000671755	0.00196966	1.41674e-05	0.000617696	0.00053348	0.00524717	0.00352243	1.97641e-05	0.00431395	0.00418098	0.00296383	0.00120381	0.000738437	0.000102376	0.000661974	0.000202748	0.00119509	0.000297471	0.000795878	4.74604e-05	0.00211193	0.000235564	0.00070016	0.000685831	0.000296463	0.0018595	0.00252272	0.000301679	0.000282605	0.00250792	0.000420849	0.00133493	0.00178036	0.000290005	7.44997e-05	0.000458647
GALACTITOLCAT-PWY: galactitol degradation	1.63027e-05	3.98739e-05	1.18353e-05	0.000350157	0.000210791	4.73449e-05	0.000367244	1.12055e-05	4.63267e-05	0.000353994	0.0030767	0.00118697	0.000512471	0.00021962	0.00105171	0.000361886	7.00093e-05	0.000515347	0.002227	4.72199e-05	3.22537e-05	0.0	0.0	0.000223746	0.00188252	0.00107832	1.64711e-05	0.00224871	0.0018245	0.000554437	0.000136762	1.26634e-05	0.0	0.000660466	0.000886713	0.00141096	0.000381167	0.0	5.5844e-06	0.000426595	0.0	0.000212213	0.00024432	0.00160153	0.0	0.000221805	0.0012045	0.0	0.000606242	0.0	0.000681977	0.000576407	0.00172198	0.0	0.0	0.0	6.61756e-06	0.000343144	0.000163724	0.000732397	2.54854e-05	0.00218566	0.0	0.000423115	0.0	0.000149438	0.0	0.0	0.000495623	0.0	0.000828728	0.0	3.89059e-05	0.0	0.000519435	0.000530463	6.90446e-05	0.0	0.000110846	0.00224709	1.94674e-05	0.000127593	0.0	0.0	9.17261e-05	0.0	0.0	9.6547e-05	4.14876e-05	0.0	0.0	0.0	0.00121017	0.0009474	0.0	0.0	0.0	0.0	0.000102641	0.0	6.42159e-05	5.99119e-05	9.80954e-05	0.000260733	0.0	8.68751e-05	1.94687e-05	0.000355793	0.000150281	0.00166367	3.47874e-05	0.0	0.0	0.0	0.0	0.000218881	0.00107904	0.000207811	0.0	0.00072296	0.0	0.000564118	0.0	0.0	0.000596133	0.0	0.00149588	0.0	0.0	0.00151685	0.0	2.1189e-05	0.0	0.0	0.000104802	0.0	0.000448337	0.0019759	5.05831e-05	0.0	0.000391612	0.00022643	3.99334e-05	0.000561768	0.000261418	4.27471e-05	0.00116968	0.0	0.0	6.86012e-05	0.0	0.0	0.0	0.00233542	0.000671252	0.000918494	0.000518001	9.79283e-05	0.0	0.00028349	8.01821e-05	0.000594972	0.00014454	0.000485932	0.000174397	0.00117832	0.000130983	0.000214958	0.000480062	0.00019818	0.000322177	0.00182184	4.24557e-05	7.71207e-05	0.0017288	0.0	0.000533388	0.000881581	0.000216348	0.0	9.94916e-05
GALACTUROCAT-PWY: D-galacturonate degradation I	0.000811296	0.00482516	0.000777111	0.00156045	0.00160824	0.00173013	0.00222854	0.00467451	0.00117514	0.00140965	0.00132287	0.00199063	0.00200916	0.00232524	0.00265073	0.0010893	0.000250703	0.00251556	0.00229172	0.00211891	0.000876824	0.00189903	0.000796304	0.00109183	0.0021019	0.00199548	0.00166375	0.00277819	0.00138957	0.00130638	0.00103747	0.00102556	0.00103306	0.00122494	0.00194359	0.00122081	0.00096567	0.00108937	0.000133752	0.00125008	0.00173723	0.00169156	0.000766063	0.0028395	3.77106e-05	0.000942154	0.00148455	0.00129617	0.00172277	0.00139706	0.00191388	0.00109306	0.00251009	0.000713694	0.000644383	0.000890653	0.00154095	0.00216177	0.000673439	0.000995077	0.0010081	0.00176549	0.0	0.00185024	0.000892927	0.00199463	0.0022475	0.00198153	0.000952531	0.00173536	0.00185784	0.00252417	0.0035527	0.000544347	0.00108992	0.00138603	0.00126458	0.00203265	0.00158513	0.00243499	0.00247562	0.00116835	0.00276512	0.00107043	0.00248356	0.00200955	0.000551228	0.00125373	0.0061809	0.00253261	0.000371938	0.000598499	0.00205113	0.00196024	0.00116643	0.00064071	0.00122025	0.00137411	0.00185973	0.00221766	0.00145364	0.00293155	0.00137121	0.00227938	0.00139995	0.00124721	0.00316912	0.00223504	0.00280726	0.00211053	0.00192731	0.00167426	0.0021428	0.00127952	0.00166743	0.00161166	0.00191884	0.00115514	0.00120034	0.00259542	0.00223005	0.00285162	0.00162357	0.00089832	0.000849259	0.00146221	0.00144484	0.00240857	0.00186353	0.000906451	0.000697547	0.00253619	0.000997904	0.00085692	0.00336621	0.000509893	0.00158791	0.00192966	0.00173768	0.00147051	0.00133314	0.000257591	0.00194163	0.00155843	0.00163156	0.00202201	0.00132389	0.000805892	0.00248496	0.000360337	0.0020792	0.00190301	0.00235385	0.00219303	0.00203075	0.0021679	0.00123053	0.00138679	0.00126838	0.00236874	0.00118668	0.00125982	0.00112072	0.00335049	0.000980432	0.00149462	0.00108516	0.00137805	0.0010171	0.000879012	0.0011356	0.00158484	0.000532626	0.000569441	0.00191174	0.00110318	0.00121832	0.00135765	0.00234899	0.00186871	0.00157757
GLCMANNANAUT-PWY: superpathway of N-acetylglucosamine, N-acetylmannosamine and N-acetylneuraminate degradation	0.00151651	0.00209158	0.00226655	0.00442073	0.00203719	0.00358088	0.00366166	2.51484e-05	0.00120294	0.00384546	0.00363777	0.00287898	0.000803942	0.000984482	0.00263473	0.00288663	0.00197545	0.00354806	0.00345632	0.00129727	0.00150625	0.0034046	0.00137638	0.00148353	0.00289846	0.0070836	0.00253522	0.00283326	0.00347877	0.00138792	0.000676134	0.00283139	0.00157261	0.00153043	0.00236628	0.00384174	0.00281144	0.0016165	0.0051738	0.0023293	0.00228384	0.000942176	0.00190719	0.0027363	0.00182827	0.00154789	0.00591056	0.00279416	0.00288393	0.00207199	0.00272357	0.00113887	0.00251527	0.00329667	0.000986272	0.0014791	0.00237848	0.00197776	0.00154328	0.00178873	0.00181103	0.00377786	0.0030524	0.00372703	0.00185817	0.00187353	0.00330234	0.00211822	0.00222735	0.00156783	0.00141745	0.00410601	0.0034503	0.00103584	0.0012192	0.0015415	0.00216879	0.00330859	0.0020878	0.0029429	0.00402178	0.000408532	0.0028333	0.00119682	0.00249468	0.00202509	0.00105921	0.00146815	0.00388388	0.00235118	0.000513362	0.000397703	0.00271166	0.00274614	0.00174365	0.00175369	0.00249166	0.00210334	0.00248542	0.00158341	0.00201179	0.00377362	0.000735751	0.00197583	0.00187048	0.00172336	0.00450101	0.0017921	0.00330699	0.00308304	0.00139674	0.00119347	0.00278352	0.00260677	0.00165838	0.00162152	0.00309845	0.00160443	0.00150597	0.00412359	0.00280004	0.00248862	0.00222448	0.00253572	0.00163629	0.00279477	0.00369373	0.0033452	0.00169587	0.0038847	0.00111207	0.00292455	0.000274263	0.00103592	0.00372389	0.000568017	0.00738964	0.0033973	0.00288062	0.00218722	0.00180844	0.00439931	0.00335161	0.00293343	0.00177384	0.00212195	0.00157983	0.000935102	0.00331458	0.000878778	0.00345067	0.00391912	0.00281548	0.00295236	0.00245028	0.00263344	0.00134372	0.00250065	0.00307458	0.00280991	0.0037214	0.00252895	0.00174978	0.00200311	0.00271089	0.00477619	0.00324448	0.00405719	0.00273341	0.00349758	0.00322784	0.00283621	0.00230316	0.00378405	0.00402527	0.00176634	0.00309109	0.00251975	0.00359185	0.00210774	0.00193773
GLUCARDEG-PWY: D-glucarate degradation I	1.52825e-05	0.00103486	0.000134419	0.000503423	0.000213661	0.000823759	0.000477969	0.0	0.000181928	0.000411583	0.00304685	0.000826362	0.00040525	0.00247977	0.00243658	0.000415376	0.0	0.000472414	0.00387378	3.34232e-05	3.93183e-05	3.95267e-05	2.78258e-05	0.000292787	0.00307167	0.000594504	0.000129857	0.00195608	0.00260711	0.000731548	0.000174338	5.82609e-05	0.0	0.0006463	0.0013729	0.0021425	0.000432887	2.46438e-05	0.00380285	0.00116091	0.000223127	0.00013715	0.00151626	0.00162548	0.0	0.000272484	0.00149252	4.04861e-05	0.000575025	5.66126e-05	0.00135255	0.00095225	0.00237751	0.000973489	0.000228623	3.94258e-05	0.000838923	0.000485262	0.00020356	0.000767762	0.000335739	0.00369445	4.49217e-05	0.00267319	3.27752e-05	0.000156293	4.67649e-05	0.0	0.00157814	0.000104936	0.000645078	0.00079639	1.34625e-05	2.19945e-05	0.0011253	0.000489541	9.4257e-05	8.77919e-05	0.000124149	0.00138682	0.000249312	0.00027883	0.0	3.38908e-05	0.000186985	0.0	6.94419e-05	0.000778262	0.0	1.60754e-05	4.18554e-05	6.21015e-05	0.00254679	0.000744585	1.3668e-05	1.82746e-05	0.0	0.0	6.66931e-05	0.0	0.000158733	0.000123504	0.000283268	0.000502766	8.56124e-05	0.000492544	9.22704e-05	0.000421167	0.000297463	0.00188677	2.92195e-05	4.66277e-05	0.0	0.0	0.000393901	0.000234165	0.00273226	0.000153027	4.11776e-05	0.000942491	0.0	0.000745099	4.9264e-05	0.0	0.000877795	3.0138e-05	0.00107736	3.61083e-05	2.54871e-05	0.00179475	7.12125e-05	5.35405e-05	6.21187e-05	1.56379e-05	0.000117371	0.0	0.000639207	0.00162239	9.96812e-05	2.71097e-05	0.000631384	0.00306687	0.00110332	0.000752932	0.000261543	0.000159784	0.00119027	1.23577e-05	0.000155009	0.000137403	0.00334484	0.00232096	0.0	0.00373355	0.00344447	0.00164767	0.000768749	0.000567541	0.0	0.000421968	0.000177694	0.00102198	0.000246884	0.000328546	4.49376e-05	0.0012548	0.000145146	0.000358955	0.000493808	0.000223693	0.00146966	0.00108255	0.000220617	0.000136742	0.00115242	0.000348339	0.000763603	0.00093013	0.000181024	4.63639e-05	0.000354467
GLUCARGALACTSUPER-PWY: superpathway of D-glucarate and D-galactarate degradation	0.00014413	0.0011383	0.000199334	0.000571643	0.000308694	0.00123467	0.000625064	0.0	0.000306787	0.000527991	0.00595294	0.00174948	0.000938435	0.00290992	0.00380432	0.00058412	0.0	0.000879189	0.00469581	9.61977e-05	0.000179305	6.28451e-05	4.73718e-05	0.000611779	0.00342935	0.00124212	0.000224788	0.00383354	0.00403671	0.00114222	0.000422084	6.10215e-05	0.0	0.000805255	0.0019064	0.00360283	0.000589221	9.40891e-05	0.00405298	0.00147008	0.000437915	0.000615004	0.00175425	0.00282245	3.35999e-05	0.000613331	0.00165081	5.22511e-05	0.00121982	7.61938e-05	0.00211392	0.00137822	0.002773	0.000973489	0.000292029	6.42376e-05	0.00105104	0.00123514	0.000405823	0.000924384	0.000383798	0.00444973	0.0	0.00302588	5.82219e-05	0.000215446	0.000109722	0.0	0.00213675	0.000136361	0.00170709	0.00128549	4.5633e-05	5.84595e-05	0.00134956	0.000613685	0.000104802	0.000137643	0.000439306	0.00358082	0.000489347	0.000530731	0.0	0.000387903	0.00032956	0.0	8.36211e-05	0.00108491	0.000115852	2.34279e-05	8.61222e-05	6.63323e-05	0.00331942	0.00181651	1.43993e-05	0.000109234	0.0	0.0	0.000189567	3.45882e-05	0.0002149	0.000190747	0.000639813	0.000974304	0.000134319	0.000708058	0.000119312	0.000662685	0.000363702	0.00358373	0.000172929	4.79477e-05	0.0	0.0	0.000607622	0.000288484	0.00390622	0.000224726	4.64791e-05	0.00172423	0.0	0.00106113	5.46853e-05	9.05545e-05	0.00145595	5.39456e-05	0.00225261	0.000118922	3.23172e-05	0.00386739	0.000177933	0.000111799	0.000164056	4.05093e-05	0.000181075	3.39723e-05	0.000826569	0.00355223	0.000162641	5.76613e-05	0.000728589	0.00349727	0.00165809	0.00112391	0.000321489	0.000671755	0.00196966	1.41674e-05	0.000617696	0.00053348	0.00524717	0.00352243	1.97641e-05	0.00431395	0.00418098	0.00296383	0.00120381	0.000738437	0.000102376	0.000661974	0.000202748	0.00119509	0.000297471	0.000795878	4.74604e-05	0.00211193	0.000235564	0.00070016	0.000685831	0.000296463	0.0018595	0.00252272	0.000301679	0.000282605	0.00250792	0.000420849	0.00133493	0.00178036	0.000290005	7.44997e-05	0.000458647
GLUCONEO-PWY: gluconeogenesis I	0.00361663	0.00347203	0.00457213	0.00438969	0.00281608	0.00576465	0.00434124	0.00294918	0.00428151	0.00502335	0.00443124	0.00504238	0.00158161	0.00357079	0.00437963	0.00509954	0.00790855	0.00479584	0.00445349	0.00634231	0.00563227	0.00365036	0.00198904	0.00697981	0.00434271	0.00479487	0.00424944	0.00389303	0.00431583	0.00380634	0.00535812	0.00472139	0.00437338	0.0058578	0.00443567	0.00457099	0.0044119	0.00496563	0.00518769	0.00384496	0.00592656	0.00473004	0.00507621	0.0042515	0.00466161	0.00487941	0.00403819	0.00317452	0.00491622	0.00352857	0.00361911	0.00395998	0.00419772	0.00323049	0.00571366	0.00242247	0.00580429	0.00322547	0.00526477	0.00506792	0.00513064	0.00402509	0.00425225	0.00312833	0.00382079	0.00347309	0.00540575	0.00853278	0.00487805	0.0062547	0.00412312	0.00335705	0.000921636	0.00298625	0.00795823	0.00571259	0.00201798	0.00520818	0.00609075	0.00417539	0.00520879	0.00359266	0.00329152	0.00528172	0.00449983	0.00622815	0.00550836	0.00630394	0.00353086	0.00398702	0.00323348	0.00272933	0.00449035	0.00425335	0.00384439	0.00306881	0.00489773	0.00428227	0.00563024	0.00354542	0.00391411	0.00367155	0.00305145	0.00401284	0.00422265	0.00482885	0.00386779	0.00486182	0.00324749	0.00445936	0.00586005	0.00285191	0.00408861	0.00514983	0.00409896	0.00420948	0.00513907	0.00528958	0.00867941	0.00413921	0.00558371	0.00545892	0.00631435	0.00814699	0.00351882	0.00496551	0.00397716	0.00369673	0.00186647	0.00324677	0.00327203	0.00337824	0.00572013	0.00361395	0.00377355	0.00365356	0.00244646	0.00433501	0.00333242	0.000852206	0.00395624	0.00462826	0.00594606	0.00421717	0.00488894	0.00322963	0.00507404	0.00356648	0.00381022	0.00352869	0.00462191	0.0048259	0.00227638	0.00441445	0.00453417	0.00343023	0.00188587	0.00394692	0.000962534	0.0047374	0.00391309	0.0046163	0.00441794	0.00297069	0.00370206	0.00515045	0.00526852	0.0044731	0.00527203	0.00412315	0.00508235	0.00473133	0.00551211	0.00411641	0.00447039	0.00442303	0.00442438	0.00238342	0.00519271	0.00371766	0.00323845
GLUCOSE1PMETAB-PWY: glucose and glucose-1-phosphate degradation	0.00289133	0.00439614	0.00196336	0.00482134	0.00544298	0.00310234	0.00356213	0.00920278	0.00190564	0.00329646	0.00361669	0.00302634	0.0111545	0.00779075	0.0041634	0.00317527	0.0	0.00448028	0.00603252	0.00198917	0.00400418	0.00244489	0.00127776	0.00264982	0.00441284	0.00558641	0.00199933	0.00574153	0.00277539	0.00105325	0.00148341	0.0	0.00243605	0.00315697	0.0029501	0.00333047	0.00184709	0.0	0.00454716	0.00265337	0.00333384	0.000816051	0.00280078	0.00455016	0.00445779	0.00353932	0.00706451	0.00188482	0.00241104	0.00222197	0.00464848	0.00194255	0.00309027	0.0	0.00413891	0.00129517	0.00310353	0.00809358	0.00347918	0.00182633	0.00251451	0.00454331	0.0	0.00291896	0.00939748	0.00164569	0.0	0.0	0.00152322	0.00125134	0.00176851	0.00426184	0.0	0.00422756	0.00425754	0.00315331	0.0	0.0	0.00221973	0.00301006	0.00262505	0.00238852	0.00622062	0.0	0.00329817	0.00372064	0.00115283	0.0112659	0.0	0.00223466	0.0	0.00104884	0.00376984	0.00281815	0.00212114	0.0	0.00527476	0.0	0.00269946	0.0	0.00180947	0.00291968	0.011523	0.00217205	0.00321524	0.00154161	0.00440616	0.00235103	0.00451015	0.00323937	0.0071733	0.00464663	0.0	0.00465594	0.00164243	0.00227949	0.00444257	0.00224862	0.00851134	0.00580574	0.0	0.002813	0.00246509	0.0	0.00173454	0.0	0.00366671	0.00187334	0.00111968	0.00329046	0.0	0.00268224	0.0	0.0020209	0.00310996	0.0	0.00360351	0.00342016	0.00226613	0.006312	0.00153657	0.00507569	0.00286104	0.0027081	0.00186322	0.00142857	0.00178432	0.00352518	0.00165481	0.00774319	0.00479316	0.00426789	0.0	0.00344964	0.00446701	0.00525673	0.00987677	0.00243221	0.0048026	0.00192996	0.00308957	0.00289458	0.00411608	0.00763887	0.00368521	0.00453298	0.00331252	0.00345251	0.00307761	0.00267128	0.00355986	0.00213881	0.00325187	0.0027875	0.00323677	0.00334238	0.00289185	0.00907403	0.00615582	0.00473297	0.00241737
GLUCUROCAT-PWY: superpathway of &beta;-D-glucuronosides degradation	0.000920591	0.00111917	0.00135834	0.00241565	0.000385334	0.00150969	0.0036919	2.06724e-05	0.00136368	0.00157264	0.00162975	0.00271157	0.00124368	0.000848246	0.00304103	0.00220991	0.000507746	0.00325893	0.0024768	0.002252	0.00132655	0.00206958	0.00137147	0.00138438	0.00225039	0.00219299	0.00335189	0.00271502	0.00161518	0.00124902	0.00126067	0.00142129	0.00120865	0.00169657	0.00229051	0.00139605	0.00167834	0.00140343	4.00954e-05	0.00143408	0.00224246	0.0022357	0.00075746	0.00288434	0.0	0.00159805	0.00155018	0.00248832	0.00257952	0.00285726	0.00167731	0.00135192	0.00325593	0.000602392	0.000569823	0.00194265	0.000772117	0.00203011	0.001391	0.00103471	0.000619883	0.000886022	8.08432e-05	0.00152148	0.00248067	0.00223843	0.00289562	0.00199304	0.00108963	0.00193965	0.00273842	0.00358286	0.00363847	0.00060346	0.00116641	0.00157641	0.00213541	0.00242848	0.00158592	0.00272834	0.00378806	0.00161647	0.00403086	0.00145246	0.00300121	0.00193599	0.000637313	0.00182306	0.00608625	0.00342483	0.000734425	0.000743897	0.00189967	0.00251818	0.00142681	0.00135723	0.00245552	0.00228469	0.00247396	0.00252952	0.00205884	0.00370816	0.00180466	0.00204766	0.00153308	0.00193763	0.00447461	0.00273659	0.00289421	0.00211146	0.00305059	0.00269039	0.00344519	0.00258236	0.00175885	0.00184826	0.00213543	0.00126772	0.00214184	0.00242208	0.00317226	0.00319067	0.00188038	0.00102952	0.000937092	0.0023178	0.00165116	0.00272314	0.00216362	0.00106247	0.00127069	0.00339655	0.00121173	0.0011052	0.00381316	0.000853496	0.00146527	0.00219971	0.00300243	0.00114503	0.00160813	0.000210825	0.00153339	0.00133625	0.00244654	0.00285557	0.00154149	0.000941491	0.00254821	0.000286234	0.00225463	0.000568634	0.00338271	0.00227475	0.00123352	0.00171815	0.000882835	0.00163079	0.00235596	0.00285924	0.00143955	0.00159416	0.00153548	0.00110938	0.00125127	0.00230679	0.00124635	0.00252232	0.00210309	0.0014149	0.00105874	0.00203056	0.00163596	0.00129386	0.00233003	0.00139844	0.00145958	0.00176101	0.00243009	0.00264662	0.00182178
GLUDEG-I-PWY: GABA shunt	0.00017428	5.0847e-06	0.000111087	0.000922289	3.71143e-05	0.00109085	0.000728564	0.0	0.00118834	0.000856849	0.000301175	0.00137399	7.23164e-05	0.00106363	0.00200794	0.000585334	0.0	0.000656912	0.000474516	0.000268824	0.00134969	7.60914e-05	9.25285e-05	0.000841981	0.0020956	0.00170856	0.000355884	0.000553747	0.00156357	0.000851527	0.000433448	1.27367e-05	0.00054508	0.00165679	0.00109567	0.000115027	0.000652398	0.000162079	4.02782e-06	0.00042092	0.000498299	0.000186477	0.00253546	0.000489222	0.0	0.000392838	0.000770979	0.000193309	0.000673132	0.000242891	0.00116589	0.000436348	0.000116985	0.0	0.000214474	0.000257091	0.000435168	4.73121e-06	0.000482361	0.000615878	0.000560674	0.00185364	0.0	0.000821241	0.0001432	0.000400929	0.0	0.0	0.00168625	4.78571e-05	0.00109186	0.00104076	0.000130138	2.40066e-05	0.000450096	0.000827959	0.0	0.000283209	0.000520974	0.00130701	0.000199394	0.000198332	0.0	0.000127598	0.0019252	0.000105957	0.000134391	0.00113495	3.34175e-05	0.000235426	5.93118e-05	3.54306e-05	0.000327998	0.00134647	0.000274972	3.36536e-05	8.56778e-05	0.000283747	7.90629e-05	7.53259e-05	0.000339285	0.000354819	0.000234518	0.000793519	0.0014566	0.00117676	0.00150579	0.00120475	0.000789279	0.000308727	4.58045e-05	0.00174312	0.000126677	6.88396e-05	0.000298524	0.0012904	0.000817475	0.000434126	0.00019785	0.0010173	0.0001262	0.00155043	2.09144e-05	0.000474614	0.000461911	0.000526733	0.00137239	0.000827743	0.000112231	0.00209611	0.00153235	4.02631e-05	5.55453e-05	0.0	0.000214914	0.0	0.00055691	0.00112224	0.00153484	0.0	0.00180978	5.24827e-05	0.00130635	0.00162588	0.00048217	0.000156945	0.0013404	5.6695e-05	0.00063669	0.000124368	0.000729305	0.000291458	0.000167845	0.000643155	0.000424731	0.000267994	0.00013455	0.00085558	0.0	0.000498077	0.000164882	0.00143453	0.000550298	8.49035e-05	0.000243124	0.00138567	0.000506492	0.000287532	0.00107755	0.000308647	0.00199212	0.00151196	0.000661086	6.66021e-05	0.00111724	0.00037418	0.00165439	9.01035e-05	0.000918803	6.52143e-05	0.000202874
GLUTORN-PWY: L-ornithine biosynthesis I	0.00689794	0.00590228	0.0044313	0.00647391	0.00764378	0.00611607	0.00692426	0.00215028	0.00692095	0.00584595	0.00482381	0.00491471	0.00472195	0.00241822	0.00409645	0.00630534	0.000596767	0.00765474	0.00384895	0.00645442	0.00548976	0.00672904	0.00923289	0.00544479	0.00382548	0.00537934	0.00623428	0.00267784	0.00415942	0.00548363	0.00332871	0.00628372	0.00530716	0.00291089	0.00464989	0.00417457	0.00398517	0.0066464	0.00575194	0.00436843	0.00686152	0.00229804	0.00402808	0.00401533	0.00346135	0.00381303	0.00526362	0.00649066	0.00479724	0.0069845	0.00343286	0.00538947	0.00415735	0.00280495	0.00231225	0.00392557	0.0057058	0.00426999	0.00559433	0.00262951	0.00318859	0.00665899	0.002093	0.00563068	0.00634396	0.00336652	0.00828482	0.00457999	0.00385246	0.0019029	0.00287465	0.00693876	0.00924684	0.00382756	0.00513543	0.00687283	0.00590511	0.00541579	0.00692462	0.0055786	0.0067065	0.00220568	0.00946902	0.00619395	0.00726062	0.00935606	0.0059905	0.00412121	0.0101326	0.00749861	0.00361525	0.00367977	0.003932	0.00442453	0.00668014	0.00380791	0.00836331	0.00653059	0.00886549	0.00718791	0.00797915	0.0087201	0.00512937	0.00613797	0.00860726	0.00364645	0.00950646	0.00647163	0.00896012	0.00471476	0.00562323	0.00599513	0.00732836	0.00869733	0.00766843	0.00615371	0.00419059	0.00604116	0.00714019	0.00683801	0.0120784	0.00567738	0.00493529	0.00509701	0.00431482	0.00755912	0.00424648	0.00689022	0.00490544	0.00416926	0.00573452	0.00791814	0.00302193	0.00172309	0.00973722	0.00376277	0.00453875	0.00442213	0.00699628	0.00553961	0.00424091	0.0053054	0.00576993	0.00287038	0.00808409	0.00408048	0.00396453	0.00469337	0.00683156	0.00711071	0.00386556	0.00493932	0.00679326	0.00458001	0.00393625	0.00440257	0.00598289	0.00525639	0.00666883	0.00368904	0.00520092	0.00353952	0.00807755	0.00150748	0.008416	0.00386232	0.00681103	0.0056322	0.00533264	0.00453981	0.00470332	0.0043593	0.00705052	0.00450423	0.00439221	0.00728894	0.00390328	0.00243424	0.00892343	0.00674767	0.00451339
GLYCOCAT-PWY: glycogen degradation I	0.00145153	0.00359512	0.00165671	0.00087023	0.000162759	0.00141708	0.00181009	5.56744e-05	0.00250273	0.00215274	0.00442504	0.00145853	0.00455858	0.00108491	0.000961168	0.00256984	0.00608625	0.00294457	0.00230009	0.00162145	0.00147609	0.00163394	0.00242062	0.000936477	0.00191901	0.000903902	0.00257524	0.00155145	0.00115128	0.00246688	0.00248143	0.00455638	0.00329416	0.00139638	0.00130932	0.00240485	0.000688278	0.00400862	0.0045293	0.00236741	0.000585204	0.00176961	0.00350034	0.00199655	0.00293822	0.000708294	0.00148147	0.00393529	0.00312045	0.00251171	0.00165607	0.000424374	0.00255125	0.000906076	0.00324035	0.00286441	0.00129485	0.00329802	0.0027213	0.0015052	0.000568178	0.00390605	0.002256	0.00512964	0.000835702	0.00184381	0.00333785	0.000952458	0.000792345	0.00135116	0.000499079	0.00191696	0.00294566	0.0027835	0.000573525	0.00150398	0.00310617	0.00273398	0.000610998	0.00145102	0.00174311	0.00462107	0.000698456	0.00204671	0.00300795	0.00162057	0.0018277	0.000658933	0.00113395	0.00355661	0.000232157	0.00296402	0.00271185	0.00132096	0.00376965	0.00248527	0.000893257	0.00283096	0.0016185	0.00304653	0.00088452	0.000919525	0.0018676	0.00231573	0.0030567	0.00185356	0.00137005	0.00333521	0.00109344	0.00222895	0.000640924	0.00147451	0.00264055	0.000883469	0.00133477	0.00437327	0.00185196	0.00279661	5.55451e-05	0.00139328	0.000545415	0.00303617	0.00253433	0.00334608	0.0010665	0.00206559	0.000787467	0.0036595	0.00261614	0.00134183	0.00126928	0.00225523	0.00216632	0.00105218	0.000624841	0.000489948	0.0016010899999999	0.000942359	0.00230913	0.000344611	0.0031227	0.00422255	0.00185421	0.00519189	0.00129338	0.00378317	0.00225721	0.00391489	0.00198163	0.000928444	0.00231533	0.00394272	0.00445332	0.00313104	0.00359373	0.00112513	0.000615151	0.00229296	0.00253048	0.00157153	0.000256582	0.00332184	0.000535724	0.000582955	0.000707627	0.000532164	0.00161234	0.000590038	0.00142893	0.00144461	0.000709513	0.000637668	0.00152615	0.000530636	0.00165966	0.00133588	0.00064244	0.000667127	9.15554e-05	0.00126844	0.00306827
GLYCOGENSYNTH-PWY: glycogen biosynthesis I (from ADP-D-Glucose)	0.00841528	0.00559447	0.00574525	0.00828338	0.00563864	0.00777026	0.0100534	0.00159167	0.0128754	0.00939647	0.00424972	0.00612373	0.00588103	0.00497387	0.00523051	0.00852697	0.00377144	0.00823709	0.00452761	0.00792733	0.00512794	0.00874809	0.00483516	0.00617317	0.00544956	0.00937162	0.00957722	0.00257787	0.00571025	0.00485974	0.00416037	0.00707223	0.00924949	0.00487713	0.0071649	0.00401115	0.00597189	0.011322	0.00529917	0.00336984	0.00738095	0.00196697	0.00332686	0.00373342	0.00467992	0.00631985	0.0108526	0.00873251	0.00583056	0.00740437	0.00465933	0.00272184	0.00335302	0.00612058	0.00367103	0.00504265	0.00428032	0.00573956	0.00804739	0.00397584	0.00349238	0.00498211	0.0071722	0.00568858	0.00934178	0.00523861	0.0107059	0.00760948	0.003388	0.00224265	0.00254013	0.00889807	0.0108864	0.00554983	0.00485918	0.00994795	0.00986442	0.00886656	0.00657715	0.00599922	0.00833454	0.00362032	0.01018	0.00934873	0.00987434	0.00889626	0.00969672	0.00411537	0.0132716	0.011554	0.0033735	0.00202032	0.00482155	0.00578929	0.0106958	0.00341228	0.0101711	0.00826535	0.011267	0.0103993	0.0133571	0.0112373	0.00493621	0.00393106	0.0103679	0.00365001	0.0132159	0.00981327	0.0123588	0.00468507	0.00611909	0.0085698	0.0120335	0.00948642	0.0185899	0.00956552	0.00487553	0.0070399	0.0093794	0.00702585	0.0118594	0.00776954	0.00730224	0.00604048	0.00915546	0.00925156	0.00600414	0.00806802	0.00474033	0.00454323	0.00503659	0.010112	0.002912	0.00313553	0.0112821	0.0035483	0.00822602	0.00577514	0.0118282	0.0043751	0.00681525	0.00488862	0.00714324	0.00413839	0.0127657	0.0045624	0.00326332	0.00527081	0.00772516	0.00964551	0.00423873	0.00460555	0.00993223	0.00466281	0.00400709	0.00549041	0.00730479	0.00775145	0.0108319	0.00615424	0.00827528	0.0048173	0.0104015	0.00297488	0.00924082	0.00483901	0.0111579	0.00748218	0.00822117	0.00758053	0.00583159	0.00422597	0.00959092	0.00646545	0.00299051	0.00841634	0.00507454	0.00237213	0.0106218	0.00892179	0.00573924
GLYCOL-GLYOXDEG-PWY: superpathway of glycol metabolism and degradation	0.0	6.92326e-06	0.000185992	0.000109239	5.07021e-05	5.44381e-06	7.84778e-05	0.0	0.000403985	0.000116433	0.000487449	0.00029146	0.000179471	0.000279444	8.86814e-05	0.000360605	0.0	0.000143955	0.00135639	4.43117e-05	2.81228e-05	0.0	0.0	0.000733446	0.000421776	0.000156788	1.44289e-05	0.000620079	0.000832701	1.72627e-05	5.19745e-05	0.0	3.20437e-05	0.000100914	0.000199568	0.000449988	6.26177e-05	2.15193e-05	3.2125e-06	0.000473355	0.0	2.73035e-05	0.000200244	0.000670555	0.0	5.8714e-05	0.000124485	0.0	0.000126462	0.0	0.000314005	0.000198227	0.000691915	0.0	2.21861e-05	0.0	0.000152507	6.70591e-05	9.54799e-05	0.000117617	5.4473e-05	0.000831515	0.0	0.00015214	1.42565e-05	6.17795e-05	0.0	0.0	0.000201169	0.0	0.000242015	0.000209212	7.89682e-06	0.0	0.000127146	0.000108817	0.0	0.0	1.72087e-05	0.00037705	4.5248e-06	0.0	0.0	0.0	1.04845e-05	0.0	0.0	8.75432e-05	0.0	0.0	0.0	0.0	0.000278781	0.000216055	1.80691e-05	0.0	0.0	0.0	1.54319e-05	0.0	1.78778e-05	3.16283e-05	3.25384e-05	5.84289e-05	0.0	6.86244e-05	6.15627e-06	4.85587e-05	2.29639e-05	0.00106809	0.0	0.0	0.0	0.0	0.000225178	0.000221656	0.000621245	7.97645e-05	1.65831e-05	0.000138727	1.16041e-05	0.000103116	0.0	0.0	9.34499e-05	0.0	0.000262476	4.34434e-06	6.27488e-06	0.000199395	0.0	0.0	0.0	0.0	8.56674e-06	0.0	1.62314e-05	0.000442163	1.09302e-05	0.0	0.000171028	0.000138137	3.77139e-05	0.000169837	0.000161692	2.22032e-05	0.000327525	0.0	3.58267e-05	1.49559e-05	0.00091941	5.96564e-05	0.0	0.000654481	0.0016522	0.000444619	0.000117998	1.23429e-05	0.0	6.86716e-05	0.0	0.000536077	3.88524e-05	8.35944e-05	7.73937e-05	0.000182333	0.000343915	2.70675e-05	1.88863e-05	1.18224e-05	0.000250252	0.000552675	0.000105942	7.83084e-05	0.000415876	0.000145424	0.000204948	9.18987e-05	1.81957e-05	0.0	4.92348e-05
GLYCOLYSIS-E-D: superpathway of glycolysis and the Entner-Doudoroff pathway	0.00200765	0.00160957	0.00311158	0.00295046	0.000818412	0.00284408	0.00259023	0.00342596	0.0022227	0.00288067	0.00317437	0.00339775	0.00217611	0.00324351	0.0041001	0.00263193	0.0040528	0.00307233	0.00405108	0.00272591	0.00257644	0.00255905	0.00140714	0.00264659	0.00365552	0.00318184	0.00275963	0.00391151	0.00379682	0.00275567	0.00254303	0.00232659	0.00182143	0.00275227	0.00319421	0.00361669	0.00342555	0.00271621	0.00357163	0.0022613	0.00127096	0.00282478	0.00172848	0.00386488	0.00305584	0.00298273	0.0023968	0.00237686	0.00411945	0.00226538	0.00335312	0.00398643	0.0048765	0.0	0.00227551	0.00181149	0.00277363	0.00264556	0.00400613	0.00301922	0.00364784	0.00207675	0.0	0.0017566	0.00188648	0.00218359	0.00330527	0.00269329	0.00282877	0.000395794	0.00274271	0.00293318	0.000665391	0.00110443	0.0020262	0.00241648	0.00153317	0.00328859	0.00214266	0.00341073	0.00418948	0.00245239	0.000461012	0.00323691	0.00188402	0.00176324	0.00300858	0.00216271	0.00250485	0.00272902	0.000969541	0.00127366	0.00391186	0.00341831	0.00242472	0.00212833	0.00266325	0.00283361	0.0028076	0.00192626	0.000983826	0.00226197	0.00172699	0.00276321	0.00187211	0.00406114	0.00223501	0.00327999	0.00257652	0.00312243	0.00237632	0.00135204	0.00282287	0.00268713	0.00113177	0.00256605	0.00401221	0.00244815	0.00105323	0.00359428	0.000627798	0.00369299	0.00327975	0.00356356	0.00176584	0.00321899	0.00290907	0.0022226	0.00139599	0.00277202	0.00187863	0.00242034	0.00254968	0.00150695	0.00211451	0.000944362	0.00169395	0.00402298	0.00249567	0.000547861	0.00259042	0.00355035	0.00300159	0.00354661	0.00216314	0.00241704	0.00334798	0.00220404	0.00231943	0.000729028	0.00390653	0.00387926	0.00172307	0.00411711	0.0038172	0.00335982	0.00193347	0.00244721	0.000747898	0.002687	0.00246253	0.00349374	0.00173771	0.00285777	0.00182651	0.0044526	0.00250419	0.00318227	0.00281562	0.00164779	0.00362811	0.0034591	0.00243638	0.00243145	0.00426988	0.00210009	0.00271119	0.00233443	0.00224343	0.00261576	0.00236261
GLYCOLYSIS-TCA-GLYOX-BYPASS: superpathway of glycolysis, pyruvate dehydrogenase, TCA, and glyoxylate bypass	0.0	0.0	1.16065e-05	2.29739e-05	3.43621e-05	0.00101812	6.20406e-05	0.0	0.0	8.66789e-05	0.000797107	0.000900656	3.8539e-05	0.000737966	0.000148614	3.27856e-05	0.0	4.65335e-05	0.00238266	0.0	0.0	0.0	0.0	2.92773e-05	0.000699396	0.000138105	1.74401e-05	0.000847465	0.000409787	7.33408e-05	0.000175518	0.0	0.0	4.74705e-05	0.000473665	0.00153273	0.000364563	0.0	4.64942e-05	0.00203892	0.000300171	2.075e-05	0.000361329	0.000434663	0.0	4.30102e-05	0.000378714	0.0	0.000360099	0.0	0.00102384	0.000328465	0.00122399	0.0	0.0	0.0	0.00118994	0.000492458	3.28048e-05	0.0	2.05486e-05	0.000885708	0.0	0.000328928	0.0	4.06356e-05	0.0	0.0	0.000137482	0.0	0.000584908	0.00117866	0.0	0.0	0.000936378	2.92614e-05	0.0	0.0	3.49234e-05	0.000684186	1.05761e-05	0.0	0.0	0.0	3.7918e-05	0.0	0.0	4.82247e-05	0.0	0.0	0.0	0.0	0.00272437	0.0013391	0.0	0.0	0.0	0.0	1.11013e-05	0.0	0.0	3.08531e-05	0.000176306	2.35656e-05	0.0	0.000297695	2.46986e-05	0.000118888	0.000180723	0.00277198	0.0	0.0	0.0	0.0	0.0	0.000438524	0.000654402	0.000181145	0.0	0.00022465	0.0	3.89012e-05	0.0	0.0	0.000330009	0.0	0.00064705	2.92166e-05	0.0	0.00202316	0.0	0.0	0.0	0.0	1.26884e-05	0.0	4.59782e-05	0.000423336	3.25399e-05	0.0	0.000393299	0.00103585	0.00117315	1.57162e-05	3.20099e-05	2.68269e-05	0.000276341	0.0	2.87483e-05	2.48622e-05	0.000741787	0.00252646	0.0	0.00260405	0.00359819	0.000794984	0.000278621	0.000335044	0.0	0.000475002	3.44697e-05	7.87311e-05	2.55721e-05	7.75115e-05	0.0	0.000123597	2.54528e-05	0.000167345	0.000295934	0.000162819	0.000454484	0.00115992	2.44673e-05	0.0	0.000159956	0.0	0.000103274	0.000210722	7.89747e-05	0.0	0.000298325
GLYCOLYSIS: glycolysis I (from glucose 6-phosphate)	0.00355069	0.00458374	0.00502922	0.0040439	0.00659427	0.00587647	0.0035564	0.00372489	0.00424221	0.00429785	0.0047841	0.00524185	0.00305753	0.00449976	0.00541573	0.005019	0.0074567	0.00468584	0.00540814	0.00546069	0.00395139	0.0042252	0.00418634	0.00642169	0.00510735	0.00463638	0.00709863	0.00499972	0.00556667	0.00444926	0.00455944	0.00400109	0.00345057	0.00552612	0.00429928	0.00482578	0.00608195	0.00467396	0.00445349	0.00415788	0.00484416	0.00424573	0.00561389	0.00483514	0.00491841	0.00465488	0.00430484	0.00776706	0.00569496	0.00544694	0.00470039	0.00451677	0.00592866	0.00754024	0.00768647	0.00678074	0.00563062	0.00445422	0.00600237	0.00481568	0.00558306	0.00350693	0.00574538	0.00594727	0.00496104	0.00385877	0.0101433	0.00654987	0.00602319	0.00479478	0.00424158	0.00626567	0.00470062	0.00248033	0.00680712	0.00530445	0.00545242	0.00448648	0.00548536	0.00533273	0.00683298	0.00804791	0.00229951	0.00549983	0.00489916	0.00637991	0.00636089	0.0043565	0.00543869	0.00643891	0.00198164	0.00710122	0.00507514	0.0051904	0.00447254	0.00607337	0.00466832	0.00434862	0.00505669	0.00276246	0.003166	0.00318118	0.00617868	0.00475117	0.0035756	0.00633728	0.00311086	0.00675989	0.00515184	0.00490609	0.00445461	0.00211613	0.00646442	0.00525956	0.0048906	0.00420156	0.00618564	0.00515839	0.00578185	0.00568811	0.0043862	0.00513226	0.00517702	0.00768154	0.00476426	0.00523723	0.00460668	0.00564148	0.0075326	0.00517622	0.00315951	0.00363929	0.00864062	0.00381259	0.00308272	0.0022805	0.00447719	0.00498335	0.00640896	0.00334034	0.00407281	0.00427455	0.00584208	0.00762329	0.00572618	0.00866087	0.00513987	0.00529809	0.0042679	0.00419963	0.00553199	0.00438	0.00542427	0.00524573	0.00463087	0.00479896	0.00345076	0.00389854	0.00667343	0.00420418	0.00390121	0.00469093	0.00350086	0.00354975	0.0028991	0.00595721	0.00553419	0.00428413	0.00563968	0.00379436	0.00590144	0.00481798	0.00563934	0.00335485	0.00491029	0.00350984	0.00412891	0.00328388	0.00640625	0.00378804	0.00551496
GLYOXYLATE-BYPASS: glyoxylate cycle	9.02509e-05	0.000213955	0.00017747	0.000734192	0.000408839	0.000863578	0.00111407	0.0	0.000567302	0.000516096	0.00387363	0.00131057	0.00036024	0.00195126	0.00327784	0.000567845	0.0	0.000943499	0.0032695	5.5509e-05	4.54876e-05	0.0	3.80621e-05	0.0005381	0.00244038	0.00177575	0.00021313	0.00231917	0.00296893	0.000711993	0.000238808	0.0	0.000122728	0.000745686	0.00136945	0.00300296	0.000988598	2.30576e-05	0.00421149	0.00237768	0.000298491	0.000224336	0.00182542	0.0022886	0.000661842	0.000380322	0.0010916	9.90035e-06	0.000847781	2.36851e-05	0.00147159	0.00231042	0.00235224	0.0	0.000241974	0.00011284	0.00128902	0.000385959	0.000344081	0.00141016	0.000695661	0.00456791	0.000151392	0.000686273	6.5113e-05	0.000258632	0.0	0.0	0.00221204	0.0	0.0013629	0.00103392	3.86795e-05	0.0	0.00150513	0.00129667	0.0	0.0	0.000223501	0.00263453	0.00010356	0.000248744	0.0	0.0	0.000361091	2.53226e-05	7.52881e-05	0.00104867	0.0	0.000174333	0.0	1.66982e-05	0.0025953	0.00155667	2.13783e-05	3.3682e-06	0.0	0.0	0.000256308	0.0	0.000149049	0.000509724	0.00018568	0.000869838	0.0	0.000698399	0.00013994	0.000827016	0.00107352	0.00321042	1.9225e-05	0.0	0.0	0.0	0.000421751	0.000542744	0.00329724	0.000422461	0.000109431	0.00150946	3.50182e-05	0.00111902	6.44314e-05	0.0	0.00114186	8.31793e-05	0.00132601	0.000269528	7.6679e-06	0.0026945	0.0	2.48605e-05	0.0	0.0	0.000221553	0.0	0.000584721	0.00226683	0.000138667	0.0	0.000718721	0.00310158	0.00111361	0.000848473	0.000553182	0.000233507	0.00139088	0.0	0.000298358	0.000519183	0.00412719	0.00380874	0.0	0.00315708	0.00380952	0.00146657	0.000613691	0.000695643	0.0	0.000422679	0.000271864	0.00141253	0.000437027	0.000862188	8.87175e-05	0.00108686	0.000329813	0.000333209	0.00091309	0.000315755	0.00152086	0.00129496	0.000379154	0.000260876	0.00215252	0.000440767	0.000835792	0.000897618	0.000224367	3.82825e-05	0.000285581
GOLPDLCAT-PWY: superpathway of glycerol degradation to 1,3-propanediol	0.000106869	0.000370162	0.000128189	0.00107709	0.0	0.00107306	0.000122965	0.0	0.0	0.000398778	7.5472e-05	0.000223836	3.50932e-05	0.00296811	0.0	0.000186998	0.0	0.000317017	0.000414836	7.78971e-05	9.2244e-05	0.000378193	6.00073e-05	4.49904e-05	0.000619768	0.000104517	0.000202005	1.77958e-05	0.000229721	0.000498845	0.000128983	0.000418863	0.00024695	0.000260775	0.000245892	0.000768152	5.78417e-05	0.000364529	0.0	0.000294463	0.000298794	0.000447162	0.00231076	0.000334971	0.000157635	0.000294443	0.00122129	0.000115383	8.30873e-05	6.67538e-05	0.00106256	0.000119728	0.000458979	0.000967968	0.000237352	3.01934e-05	0.000540215	0.000531452	0.000524961	4.77871e-05	0.000113569	1.36531e-05	0.0	0.00100312	8.47443e-05	2.63073e-05	9.3581e-05	0.0	0.000220501	8.86199e-05	7.84861e-05	0.000424742	2.60173e-05	8.1493e-05	0.000737707	0.000171585	0.000397013	0.000120459	0.000273346	3.02318e-05	0.000243573	0.000290676	0.000150426	0.000283088	2.9429e-05	5.53612e-05	0.000167236	0.000114407	0.000251834	6.75467e-05	0.0	0.000176727	0.000539836	0.000166001	0.000473411	0.00012863	0.000316595	5.12857e-05	0.000167707	0.000150451	5.23623e-05	0.000128895	0.000272677	0.000287036	0.000178456	0.000922995	0.000158015	0.000114927	0.00135393	0.0015128	0.0	0.000923417	4.76633e-05	0.000237061	0.000155937	0.000922359	7.22139e-06	0.000289389	0.0	0.000185894	6.25373e-05	0.000200761	0.00037233	0.000132416	0.00021771	0.000142322	0.000516908	0.00017981	3.56395e-05	0.000372624	7.13003e-05	0.0	2.49798e-05	8.34948e-05	0.000147572	0.0	0.000558772	0.000245516	5.09156e-05	7.20743e-05	5.11984e-05	8.10689e-05	0.00128801	4.14418e-05	0.000210949	0.000404811	0.000609268	2.78299e-05	0.000393178	0.000387974	0.000780922	0.00036402	5.11164e-05	0.000216734	0.000611685	0.000983866	0.00016962	0.000253022	0.0	0.000646396	0.000501455	0.000828737	0.000596777	0.000588675	0.000547974	0.000411011	8.67549e-05	0.000218048	0.000681671	0.000351425	0.00112224	0.000168805	0.000101517	0.000114239	0.000236903	0.000480274	0.0004089	0.0	0.000662641	0.000244115	0.000333098
HCAMHPDEG-PWY: 3-phenylpropanoate and 3-(3-hydroxyphenyl)propanoate degradation to 2-hydroxypentadienoate	0.0	9.2249e-05	9.38086e-06	0.000228314	0.000283592	0.00034438	0.000217578	0.0	6.63167e-05	0.000158653	0.00268828	0.000597766	1.74301e-05	0.00149706	0.0011177	0.000175646	0.0	2.07792e-05	0.00198021	1.32667e-05	0.0	0.0	0.0	0.000192977	0.00116579	0.000800125	5.48061e-05	0.00143034	0.0018621	0.000302697	9.59212e-05	0.0	1.3317e-05	0.000434473	0.000422247	0.000677997	0.000290899	0.0	4.62086e-06	0.00116566	0.0	0.0	0.000712355	0.00121511	0.0	0.0	0.000453516	0.0	0.0	0.0	0.000794998	0.000530412	0.00110626	0.0	0.0	0.0	0.000638617	0.000143734	7.92182e-05	0.000405199	2.98259e-05	0.00350456	0.0	0.000324288	1.47789e-05	0.0	0.0	0.0	0.000892672	0.0	0.0	6.58744e-05	0.0	0.0	0.000655511	0.000242929	0.0	0.0	0.0	0.0	4.00164e-05	0.0	0.0	0.0	6.19392e-05	0.0	0.0	0.000659057	0.0	0.0	0.0	0.0	0.00104329	0.000593464	0.0	0.0	0.0	0.0	0.0	0.0	8.28136e-05	9.71305e-05	7.01526e-05	0.00017445	0.0	0.000216132	5.22979e-05	0.000397085	9.77174e-06	0.00136245	1.15742e-05	0.0	0.0	0.0	2.65083e-05	2.50225e-05	0.00262874	5.82332e-05	0.0	0.000973258	0.0	0.000276371	0.0	0.0	0.000425866	0.0	0.0	0.0	0.0	0.0019723	0.0	0.0	0.0	0.0	3.14285e-05	0.0	0.000247542	1.31135e-05	0.0	0.0	0.000312967	0.000245176	0.000487885	0.000385569	0.000220133	5.0882e-05	0.000328482	0.0	0.000256239	0.000108621	0.00257695	0.0	0.0	0.00148731	0.000879306	0.00106613	0.000422251	0.000278067	0.0	0.000146693	7.00306e-06	0.000641216	0.000102414	0.000203804	1.22841e-05	0.00014653	4.16572e-05	7.00442e-05	0.000132043	3.86216e-05	0.00100322	0.0	0.000101955	0.0	0.00129811	0.000198498	0.000419662	0.000438691	0.0	0.0	8.69596e-05
HEME-BIOSYNTHESIS-II-1: heme b biosynthesis V (aerobic)	9.13195e-05	0.000322391	3.5575e-05	0.000510254	0.000226623	0.000958089	0.000690508	0.00202244	9.6402e-05	0.000376695	0.00426783	0.00098048	0.000564875	0.00179617	0.00179133	0.000387586	0.0	0.00066431	0.00270623	0.000100234	0.0	0.0	0.0	0.000344057	0.00234175	0.000533329	0.000242858	0.00234095	0.00195074	0.00108165	0.000260943	8.88347e-06	5.85874e-05	0.000454589	0.00114817	0.00354823	0.000468847	5.27416e-05	0.00370157	0.00223705	0.000139725	0.000225178	0.00106124	0.00287807	0.00301837	0.000331339	0.00121447	0.0	0.000677868	0.0	0.00112105	0.00368533	0.00195636	0.0	0.000259296	4.90263e-05	0.00117506	0.000787065	0.000185606	0.0014855	0.000510973	0.00377097	0.000153682	0.000948901	4.53915e-05	0.000104167	0.0	0.0	0.00124969	1.1074e-05	0.00108718	0.000565645	0.0	0.0	0.00101108	0.000503995	4.50138e-05	0.0	0.000115253	0.00224644	2.60921e-05	0.000162704	0.0	0.0	0.000152676	0.0	8.18761e-05	0.000492227	3.7086e-05	3.05499e-05	0.0	0.0	0.0023215	0.000882847	2.04273e-05	4.99053e-06	5.71818e-05	0.0	0.000107227	0.0	8.2989e-05	0.000307606	0.000148213	0.000405005	0.0	0.000434556	8.97223e-05	0.000515591	0.00051479	0.00195182	0.0	0.0	0.0	7.35933e-05	0.000387115	0.000382907	0.00243921	0.000162784	4.28159e-05	0.00103079	7.81268e-05	0.000405392	0.0	0.0	0.000951639	0.0	0.00147649	0.000142818	0.0	0.00272377	0.0	8.73116e-06	0.0	0.00016733	0.00017921	0.0	0.000646993	0.00191301	9.58398e-05	0.0	0.000414015	0.00298334	0.00125417	0.000548719	0.000413511	8.40151e-05	0.0010385	0.0	0.000184315	0.000430271	0.00308974	0.0038035	0.0	0.00290126	0.00291768	0.00147435	0.000572974	0.000599182	0.0	0.000304805	0.000168685	0.000942302	0.000282149	0.00119034	4.09111e-05	0.00124501	0.000155355	0.00056323	0.000296033	0.000101759	0.00121209	0.00156156	0.00019792	0.000699898	0.00260388	0.000214791	0.000593664	0.00184964	0.000108798	6.5043e-05	0.000250406
HEME-BIOSYNTHESIS-II: heme b biosynthesis I (aerobic)	0.000128847	0.000792564	0.000116619	0.000575329	0.000417237	0.000837174	0.000690508	0.00202244	0.000211339	0.000485487	0.00426783	0.00098048	0.000564875	0.00178787	0.00149066	0.000387586	0.000208905	0.000696825	0.00264351	0.000295588	0.000232099	0.000306318	0.0	0.000332995	0.00234175	0.000480095	0.000734898	0.00234095	0.00181257	0.00108165	0.000474581	0.000193851	7.06979e-05	0.000684083	0.00114817	0.0033932	0.000468847	0.000133034	0.00305681	0.00223705	0.000226641	0.000338735	0.00106124	0.00246863	0.00307872	0.000538443	0.00121447	6.27495e-05	0.000677868	0.000420928	0.00112105	0.00368533	0.00195636	0.0	0.000375067	0.000470879	0.0008943929999999	0.000828932	0.000422826	0.00265895	0.00155191	0.00377097	0.00658595	0.00185376	0.000277751	0.000149489	0.0	0.0	0.00109102	1.1074e-05	0.00108718	0.000843159	0.000113172	0.000100337	0.00101108	0.000442905	0.00017471	2.93249e-05	0.000115253	0.00224644	0.000387306	0.000242006	2.65067e-05	0.0	0.000165018	0.0	0.000777995	0.000455264	0.000775584	0.000227918	3.9096e-05	0.000121977	0.00262711	0.000882847	0.000230746	1.34627e-05	0.000559379	0.000212297	0.000175345	0.0	8.2989e-05	0.000600145	0.000164315	0.000425717	8.71173e-05	0.000657223	4.91768e-05	0.00052253	0.00051479	0.00195182	7.46595e-05	6.78876e-05	4.07957e-05	0.000640739	0.000544009	0.000578263	0.00194803	0.000559238	4.28159e-05	0.00103079	7.81268e-05	0.000457404	0.000295008	0.00032515	0.000951639	0.000150123	0.00147649	0.000142818	8.64879e-05	0.00272377	0.000182887	0.000277829	6.58782e-05	0.000293733	0.00017921	8.65794e-05	0.000646993	0.00191301	0.000405006	0.000234825	0.000533963	0.00285977	0.00110518	0.000471343	0.000413511	8.40151e-05	0.0010385	4.63784e-05	0.000184315	0.000712441	0.00302268	0.0038035	0.000208709	0.00290126	0.00391861	0.00147435	0.000549188	0.000599182	0.000392171	0.000304805	0.00033722	0.00111362	0.000340625	0.00119034	0.000201674	0.0017782	0.000203658	0.000799857	0.000636576	9.10237e-05	0.00130353	0.00156156	0.000295165	0.000483956	0.00226529	0.000267227	0.000782774	0.00184964	0.000108798	0.000183636	0.00029417
HEMESYN2-PWY: heme b biosynthesis II (oxygen-independent)	0.000236229	0.0030949	0.000119689	0.0014433	0.000419573	0.00126653	0.00105412	0.00122245	0.000229805	0.000684604	0.00395869	0.00114772	0.000616209	0.00248019	0.00282549	0.000611292	0.000209575	0.000896475	0.00349989	0.000315574	0.000259967	0.000388502	9.47828e-05	0.000448884	0.00249548	0.000838242	0.000916938	0.00278483	0.00249666	0.00109924	0.000486054	0.000201717	8.60426e-05	0.000982812	0.00138581	0.00412428	0.000540873	0.000141613	0.0051845	0.00214332	0.000299286	0.00042252	0.00177575	0.00315748	0.0040328	0.000395033	0.00130199	0.000330664	0.00080942	0.000525312	0.00147249	0.00356316	0.00195585	0.0	0.000387268	0.000587448	0.00157548	0.00123738	0.000447447	0.00224766	0.00157072	0.00329577	0.00186236	0.00234773	0.000332577	0.000154003	0.000111088	0.0	0.00186038	1.84697e-05	0.00127802	0.000821717	0.000398555	0.000218239	0.00126016	0.000946306	0.00019742	3.11512e-05	0.000444744	0.00252788	0.000414753	0.000195585	3.5804e-05	1.42945e-05	0.000339847	0.000769351	0.000840323	0.000842908	0.00158226	0.000548702	4.67537e-05	0.000137487	0.00271031	0.000954763	0.00024642	0.000426753	0.000655273	0.000530408	0.000414548	0.000119444	9.94428e-05	0.0013462	0.000668973	0.000686395	0.000214525	0.000780169	0.000376848	0.000930669	0.000724261	0.00214786	0.000464259	6.79928e-05	0.000175927	0.000765849	0.00071389	0.000603254	0.00282796	0.000828307	0.000196297	0.00164185	0.000133047	0.000935688	0.00031085	0.000342859	0.000951931	0.000362287	0.0017118	0.000391007	0.000497462	0.00296671	0.000194907	0.000306373	6.85424e-05	0.000562732	0.000581213	8.66679e-05	0.00118839	0.00222046	0.000529563	0.000768311	0.000435999	0.0034794	0.0014506	0.000749588	0.000897267	0.000196356	0.00125763	0.000227169	0.000501729	0.00079131	0.00384836	0.0037972	0.000895917	0.00298103	0.00372056	0.00232645	0.000846131	0.000639339	0.000561411	0.000382573	0.000357798	0.00118743	0.000347797	0.00124071	0.000319974	0.00140854	0.000215443	0.000979818	0.000704093	0.000194793	0.00145784	0.00162396	0.000339454	0.00120263	0.00317438	0.000405047	0.000913825	0.00186977	0.000575505	0.000629993	0.000333495
HEXITOLDEGSUPER-PWY: superpathway of hexitol degradation (bacteria)	5.39017e-05	0.000123327	3.928e-05	0.000891625	0.00055083	0.000159619	0.000920299	3.37925e-05	0.000153973	0.000895566	0.00389555	0.0022746	0.00104965	0.000650038	0.00235427	0.000910537	0.0	0.00121603	0.00339455	0.000154045	0.000103963	0.0	0.0	0.000611954	0.00311326	0.00207051	5.59427e-05	0.00280907	0.00327567	0.00140093	0.000406229	4.28641e-05	0.0	0.00131431	0.00185866	0.00269154	0.000960848	0.0	1.94759e-05	0.00114757	0.0	0.000582675	0.00074432	0.00232933	0.0	0.000620939	0.00218409	0.0	0.00146472	0.0	0.00160596	0.0013727	0.00317228	0.0	0.0	0.0	2.30549e-05	0.000924771	0.000470211	0.00158208	8.6865e-05	0.00264851	0.0	0.00103504	0.0	0.000424578	0.0	0.0	0.00136803	0.0	0.00173399	0.0	0.000116784	0.0	0.00131898	0.00128837	0.000177309	0.0	0.000320166	0.00327606	6.38054e-05	0.0	0.0	0.0	0.000281068	0.0	0.0	0.00031029	0.000124295	0.0	0.0	0.0	0.00251612	0.00196838	0.0	0.0	0.0	0.0	0.000316097	0.0	0.000195226	0.000187299	0.000293822	0.000712621	0.0	0.000275872	6.51537e-05	0.000973564	0.000424663	0.00290565	0.000105277	0.0	0.0	0.0	0.0	0.000599707	0.00252501	0.000603953	0.0	0.00170293	0.0	0.00130926	0.0	0.0	0.00137332	0.0	0.00254644	0.0	0.0	0.00258567	0.0	6.72324e-05	0.0	0.0	0.000304222	0.0	0.000959249	0.00321214	0.000164729	0.0	0.00102084	0.000689453	0.000135797	0.00142585	0.000716827	0.000132051	0.00243094	0.0	0.0	0.000213552	0.0	0.0	0.0	0.0035946	0.00168292	0.00196497	0.00108109	0.000301146	0.0	0.000761422	0.000241343	0.00144227	0.000412615	0.00121687	0.000465053	0.00237189	0.000393112	0.000605996	0.00109535	0.000469351	0.000933265	0.00298515	0.000140474	0.000221057	0.00286962	0.0	0.0012888	0.00147352	0.000570281	0.0	0.000304017
HISDEG-PWY: L-histidine degradation I	0.0044687	0.000760505	0.00508894	0.00361837	8.8819e-05	0.00347638	0.00495643	0.00197984	0.00785	0.00488482	0.00145412	0.00422133	5.46589e-05	0.0014137	0.0023988	0.00370477	0.00892046	0.00383862	0.000462722	0.00517761	0.00616742	0.00466734	0.0100848	0.00484347	0.00243207	0.00379419	0.00750607	0.000313433	0.00114014	0.00648274	0.0106969	0.0060453	0.00572712	0.00563177	0.00384623	0.000766773	0.00549161	0.00498102	0.00275542	0.00136785	0.00321825	0.0109775	0.00448724	0.000188453	0.00216747	0.00547265	0.00200276	0.00718772	0.00611717	0.00742332	0.00186001	0.00359671	0.0021373	0.00785012	0.00663346	0.00878561	0.00357053	0.000175233	0.00682461	0.00724575	0.00682053	0.00079583	0.003247	0.00276177	0.00340544	0.00976783	0.00666071	0.00374805	0.00392443	0.00967333	0.00736086	0.00403174	0.00462146	0.0080569	0.00121254	0.00251334	0.00607697	0.00723848	0.00571801	0.00205767	0.00422209	0.0113239	0.00168384	0.00838107	0.00427305	0.00302501	0.00504405	0.00254894	0.00381555	0.00584762	0.00307418	0.0156465	0.00268125	0.00475716	0.00532649	0.00693776	0.00388676	0.00711814	0.005946	0.00713853	0.00830439	0.0034825	0.00223331	0.00439323	0.00549782	0.00654768	0.00320778	0.00553079	0.00284471	0.00106021	0.00151329	0.0113616	0.0044112	0.00373822	0.00564152	0.00496513	0.00100628	0.00391418	0.00324524	0.00167747	0.00256793	0.00387749	0.00758287	0.0050905	0.00566837	0.00495838	0.00367862	0.00723643	0.00887215	0.00230783	0.00640163	0.0044963	0.00854206	0.0104862	0.00611442	0.000553359	0.00764591	0.00290178	0.00668476	0.0022613	0.00611728	0.00246531	0.00390899	0.005928	0.00549493	0.00911568	0.00456316	0.00514652	0.00623283	0.000733947	0.000217169	0.00187845	0.00685487	0.00111985	0.00206232	0.000735785	7.68693e-05	0.00231951	0.00373216	0.0062298	0.00456687	0.00396724	0.00392941	4.0366e-05	0.00250258	0.00316185	0.00411021	0.00427274	0.00383685	0.00553033	0.00325787	0.00202921	0.00344706	0.00517152	0.000901184	0.0039556	0.00490942	3.48525e-05	0.00183345	0.0034049	0.00503198
HISTSYN-PWY: L-histidine biosynthesis	0.00907779	0.00760908	0.0103231	0.00787402	0.00781324	0.00652659	0.00711859	0.00226019	0.00849753	0.00737134	0.00261472	0.00514111	0.00436511	0.00166351	0.00388027	0.0078727	0.00315039	0.00768643	0.00253765	0.0085789	0.00844915	0.00948737	0.0111518	0.00762135	0.00407805	0.0060187	0.0075958	0.00164917	0.00349679	0.00671441	0.00628875	0.00818219	0.00697214	0.00685091	0.00522061	0.00285465	0.00593585	0.00877401	0.00321465	0.00475194	0.00758628	0.00896399	0.00567019	0.00388941	0.00325973	0.0077021	0.00586043	0.0104369	0.00715014	0.00787204	0.00369814	0.00526922	0.00446371	0.00898798	0.00744846	0.00832934	0.00596305	0.00464341	0.00799358	0.00270059	0.00792983	0.00326249	0.00199804	0.00619274	0.00983071	0.00851853	0.0109156	0.0122458	0.0040876	0.00952469	0.00585882	0.00698416	0.00882976	0.00914662	0.00729091	0.00701895	0.00855652	0.0081875	0.00801464	0.00423321	0.0107046	0.00942293	0.0112878	0.00855229	0.00857197	0.00846574	0.00858255	0.00617065	0.0100836	0.00901953	0.00904558	0.0100571	0.00391611	0.00562828	0.00897356	0.00892174	0.00872608	0.0076257	0.00841855	0.0070462	0.00696326	0.00848591	0.0086797	0.00869073	0.00842833	0.00758377	0.00996548	0.00837509	0.00786491	0.00393695	0.0120341	0.00631219	0.00962334	0.00923486	0.00705125	0.00754537	0.00322084	0.00788725	0.00785103	0.00658633	0.00999363	0.00732487	0.00832895	0.00923434	0.00544186	0.00809568	0.0051245	0.00922948	0.00908136	0.00386268	0.00888417	0.00874964	0.00842209	0.00994788	0.00927671	0.0136168	0.00750485	0.0040599	0.00833514	0.0124986	0.00602101	0.00373477	0.00613963	0.00795256	0.011007	0.0100696	0.00578433	0.0075277	0.00755922	0.00945448	0.00331501	0.00332152	0.00847522	0.00313902	0.00316729	0.00439814	0.00719974	0.00796608	0.0103233	0.00797496	0.00840265	0.00560563	0.00798167	0.00272641	0.00945315	0.00457481	0.00803571	0.00753067	0.00587239	0.00878968	0.00540566	0.00558798	0.00882665	0.00788964	0.00325949	0.0087417	0.0066649	0.00196609	0.00844682	0.0082876	0.00787259
HOMOSER-METSYN-PWY: L-methionine biosynthesis I	6.58719e-05	0.000158265	0.000100437	0.000444928	0.000425292	0.00128617	0.000643201	0.00156019	0.000314654	0.000525901	0.00393374	0.00133062	0.000873625	0.00216731	0.00237582	0.000525494	0.0	0.000971831	0.00312229	3.32691e-05	0.0	1.59215e-05	4.02691e-05	0.000382378	0.00298287	0.001134	0.000175388	0.00283666	0.00247792	0.000946058	0.000205612	2.96526e-05	7.19865e-05	0.000444351	0.0011423	0.00398158	0.000428676	0.0	0.0051886	0.00217545	0.0001607	0.000276474	0.00120362	0.00309002	0.00407645	0.000750916	0.001803	0.0	0.000920888	2.77716e-05	0.00191002	0.00161739	0.00220772	0.0	0.000118444	7.57365e-05	0.00207201	0.00126014	0.000196206	0.000996016	0.000821181	0.00440457	0.000764806	0.000776227	0.0	0.000262918	0.0	0.0	0.00173856	0.0	0.00170976	0.000899715	0.0	0.0	0.00106579	0.000751316	0.0	3.07626e-05	6.48698e-05	0.0024867	5.38204e-05	6.71004e-05	0.0	0.0	0.0001654	0.0	0.0	0.000835206	3.03633e-05	5.04204e-05	0.0	1.11985e-05	0.00239727	0.00151273	4.03366e-05	0.0	5.92179e-05	0.0	0.000110176	0.0	0.000165922	0.000118771	0.000269016	0.000508638	5.91812e-05	0.000464678	0.000149838	0.000453851	0.00053894	0.00300045	0.0	0.000552396	0.0	2.45181e-05	0.000260904	0.000651567	0.00297514	0.000449961	0.0	0.00128071	0.0	0.000568636	5.50063e-05	0.0	0.000941057	8.73471e-05	0.00188328	5.5727e-05	0.0	0.00213498	0.0	0.0	0.0	0.000104796	0.000178091	0.0	0.000664409	0.00255022	2.90671e-05	0.0	0.000830778	0.0039327	0.00149949	0.00071965	0.00021011	6.31195e-05	0.00137165	2.41383e-05	0.000230348	0.000248967	0.00382668	0.00441403	0.000187373	0.00298805	0.00418469	0.00223903	0.000822894	0.000756324	0.0	0.00057291	8.89732e-05	0.000840337	0.00032729	0.00155149	5.08264e-05	0.00156866	0.000212888	0.000554398	0.000830112	0.000238894	0.00127428	0.00201463	0.000177048	0.000317792	0.00349074	0.000348506	0.000792569	0.00189585	0.00017617	0.0	0.00036737
HSERMETANA-PWY: L-methionine biosynthesis III	0.0077642	0.00611235	0.00395334	0.00435802	0.00845566	0.00421118	0.00554166	0.000151004	0.00489981	0.00524742	0.00156307	0.004485	0.00103283	0.000142476	0.00389005	0.00442632	0.00425686	0.00461709	0.000395431	0.00576672	0.00426134	0.00593614	0.00307651	0.00416721	0.00377262	0.00490835	0.00222966	0.00104972	0.00309547	0.00390834	0.00390726	0.00558999	0.00622586	0.00242351	0.0042139	0.00164175	0.00500391	0.00734096	4.81809e-05	0.00739012	0.00505237	0.00383866	0.00449053	0.00291827	0.00155334	0.0042085	0.00507122	0.00447746	0.00414194	0.0047224	0.00318762	0.0017665	0.00373109	0.00162546	0.0026065	0.00319307	0.00444443	0.00370617	0.00398285	0.0024551	0.00517927	0.00251043	0.0078777	0.00312766	0.00599116	0.00277574	0.00523886	0.00145009	0.00389723	0.00340848	0.00384023	0.00324545	0.00246084	0.00233888	0.00458394	0.00436258	0.00574123	0.00555732	0.00750153	0.00348224	0.00462448	0.00283254	0.00426991	0.00303855	0.00489021	0.0060535	0.00839095	0.00507841	0.00312216	0.00528679	0.00370926	0.00285774	0.00329376	0.00359538	0.00776705	0.00244162	0.00707224	0.00368123	0.00614726	0.00603158	0.00638516	0.00493788	0.0024683	0.00397592	0.00795837	0.00391029	0.00431691	0.00435831	0.00302091	0.00349409	0.00552337	0.00537466	0.00521163	0.00682442	0.00581043	0.00600675	0.00234213	0.00523047	0.00376211	0.00431793	0.0051742	0.0038336	0.0062628	0.0043346	0.00676266	0.00433942	0.00477342	0.00388234	0.00248508	0.003908	0.00472454	0.00527475	0.00490634	0.00186635	0.00634552	0.00254104	0.00476419	0.0032542	0.00427034	0.00578721	0.00400071	0.00157284	0.00403562	0.00219483	0.00479686	0.00463678	0.00405146	0.00530388	0.0029945	0.00562542	0.000859656	0.000135397	0.00415577	0.00200823	0.000239921	0.00376714	0.00703475	0.00436759	0.00327652	0.00461988	0.00485766	0.0047096	0.00556096	0.00257633	0.00576535	0.00533354	0.0043004	0.00398606	0.00396344	0.00391113	0.00513384	0.00476804	0.00536084	0.00407912	0.00340032	0.00451916	0.00378703	0.00153167	0.00628667	0.00616278	0.00525621
ILEUSYN-PWY: L-isoleucine biosynthesis I (from threonine)	0.0102631	0.00885541	0.00793866	0.00964224	0.0101183	0.00816673	0.0091864	0.00324849	0.00963888	0.00906979	0.00724782	0.00852325	0.00785296	0.00371133	0.00698298	0.0113269	0.00662926	0.00872171	0.00744045	0.0113964	0.0122021	0.00958455	0.00762497	0.00891878	0.00718649	0.00728081	0.0094779	0.00405076	0.0063366	0.00837949	0.0109657	0.00933801	0.00861059	0.00822288	0.00791602	0.00639567	0.0084847	0.012585	0.00635851	0.00916881	0.0121722	0.0106169	0.00637029	0.00566709	0.00731186	0.00851932	0.00883392	0.00962976	0.00920915	0.0100937	0.00577432	0.00689355	0.00817104	0.0086416	0.00769658	0.0107303	0.00920243	0.00660809	0.00974775	0.00562347	0.00692576	0.0105316	0.0101192	0.00736082	0.0175551	0.0106527	0.0117675	0.0143497	0.0070558	0.00777173	0.00693832	0.0088011	0.0127259	0.014392	0.0131797	0.0113594	0.00931347	0.0103212	0.011647	0.00718645	0.00919406	0.010605	0.0194565	0.00956466	0.0109239	0.0113492	0.0113595	0.0171985	0.0114491	0.00880564	0.0239445	0.0107097	0.00649062	0.00720476	0.010941	0.0100699	0.0101828	0.00926488	0.0102515	0.0100637	0.00864659	0.00906146	0.0191896	0.00933229	0.0103993	0.00999277	0.00925664	0.00959205	0.00766536	0.00787536	0.0180185	0.00929723	0.0103814	0.0102305	0.0063243	0.00976396	0.00686541	0.00891366	0.0120763	0.00875308	0.0128187	0.00981781	0.0108511	0.0139364	0.0093305	0.011619	0.0065667	0.0114584	0.0085067	0.00645963	0.0117165	0.0090463	0.00949596	0.0103129	0.0066662	0.0379348	0.00876076	0.00672167	0.00940955	0.0187778	0.00911864	0.00556857	0.00785651	0.00786087	0.00711187	0.0106075	0.00846971	0.0109308	0.00935984	0.00954624	0.00529734	0.0059202	0.00945761	0.00691466	0.00530367	0.00668809	0.0100563	0.0073839	0.00996263	0.00889255	0.00707197	0.00790471	0.0103887	0.00459383	0.0118991	0.00690087	0.00950233	0.00797925	0.0083102	0.0070016	0.00716757	0.00698278	0.00953152	0.00754208	0.00560152	0.00918247	0.00762253	0.00381576	0.010174	0.00827754	0.00825876
KDO-NAGLIPASYN-PWY: superpathway of (Kdo)2-lipid A biosynthesis	0.0	3.53159e-05	2.2384e-05	0.00012248	3.47621e-05	0.000490936	0.000138519	0.0	0.0	0.000140032	0.000523853	0.000425188	0.000134508	0.000136604	0.000586823	7.75791e-05	0.0	0.000234154	0.0010998	0.0	0.0	0.0	0.0	0.000131312	0.0008811	0.000275607	0.0	0.000797891	0.000718355	0.000222581	0.0	0.0	0.0	0.000190231	0.000397969	0.00084588	0.000122761	0.0	1.11045e-06	0.000607575	3.41852e-05	8.22065e-05	0.000792629	0.000780866	0.000484104	0.000165375	0.000377526	0.0	0.000276435	0.0	0.000573292	0.000340447	0.000480349	0.0	0.0	4.28661e-05	0.000241955	9.6171e-05	1.61686e-05	0.00022144	0.000456365	0.000937005	0.0	0.000224984	2.99934e-05	6.32499e-05	0.0	0.0	0.000405068	0.0	0.000535701	0.000414655	0.0	0.0	0.000199462	0.000185767	0.0	0.0	4.74373e-05	0.000582755	1.25356e-05	0.0	0.0	0.0	5.8653e-05	0.0	0.0	0.000234561	0.0	0.0	0.0	0.0	0.00042902	0.000424336	0.0	0.0	0.0	0.0	3.40435e-05	0.0	0.0	5.87313e-05	0.0	0.000104173	0.0	0.000210222	2.88349e-05	8.18927e-05	8.26584e-05	0.000858885	0.0	0.0	0.0	0.0	0.000103702	0.00042948	0.000757715	7.38328e-05	0.0	0.000271349	0.0	0.000158712	0.0	0.0	0.000159744	0.0	0.000544891	0.0	0.0	0.000609266	0.0	0.0	0.0	0.0	0.000124752	0.0	9.84407e-05	0.000865632	0.0	0.0	0.000368338	0.000106147	0.000641717	0.000243066	9.65125e-05	0.0	0.000386302	0.0	0.000106273	4.92442e-06	0.00107103	0.000957253	0.0	0.000904196	0.000418883	0.000474299	9.83343e-05	9.88271e-05	0.0	0.000128903	5.29893e-05	0.000387262	3.62658e-05	0.00016988	0.0	0.00093249	6.07934e-05	0.000144762	0.000151541	5.50669e-05	0.00044652	0.00084194	4.70194e-05	0.0	0.000679631	0.0	0.000273084	0.00030502	2.5284e-05	0.0	0.000103015
KETOGLUCONMET-PWY: ketogluconate metabolism	6.83789e-06	7.27671e-05	3.68082e-05	0.000395824	0.000118732	0.000267576	0.000929632	0.00217968	0.000125699	0.000501755	0.00288407	0.000688454	0.00176807	0.000669945	0.00179523	0.00086787	0.0	0.000910923	0.0023644	0.0	0.0	0.0	0.0	8.53552e-05	0.00304894	0.000786092	0.000211224	0.00126734	0.00326875	0.000908928	0.00020477	0.0	7.80289e-05	8.95245e-05	0.00130512	0.0013701	0.000439353	0.0	1.69181e-05	0.0011084	3.65462e-05	0.000407134	0.000214241	0.00302564	0.00232767	0.00075746	0.000971971	2.37978e-05	0.000414381	0.0	0.000844451	0.00262442	0.000778258	0.0	0.000161253	6.57785e-05	0.00080325	0.000416453	0.000231184	0.00106706	0.000331423	0.00347494	0.0	0.000327502	0.0	0.000346638	0.0	0.0	0.00108259	0.0	0.00114506	0.00046439	5.84865e-06	0.0	0.000366088	0.000336372	0.0	0.0	0.000247246	0.00120268	8.52777e-05	0.000388609	0.0	2.75607e-05	8.08262e-05	0.0	0.0	0.000420776	0.0	0.0	0.0	0.0	0.00208578	0.000707499	0.0	0.0	0.0	0.0	0.000177691	0.0	0.0	0.000269131	7.80443e-05	0.000469682	0.0	0.00028062	1.0702e-06	0.000105306	0.000302304	0.00175388	0.0	0.0	0.0	0.0	0.000101486	0.00042416	0.00127952	9.32885e-05	0.0	0.00197882	0.0	0.0010799	0.0	0.0	0.000875156	0.0	0.00167196	7.45892e-05	0.0	0.0019979	0.0	0.0	0.0	0.0	5.94706e-05	0.0	0.000688332	0.00328551	0.0	0.0	0.000634168	0.000140934	0.000326092	0.0010446	0.00024552	8.49772e-05	0.00183764	0.0	2.65058e-05	0.000259954	0.00148331	0.00108612	0.0	0.00132913	0.00377298	0.000557637	0.000409756	0.000496151	0.0	0.000248114	0.000113801	0.000432231	0.000378663	0.000479773	0.0	0.000658006	4.89216e-05	0.000409804	0.000366889	7.3386e-05	0.000348904	0.00208814	0.000317144	0.000178685	0.000454439	5.21143e-05	0.000250199	0.00208431	0.000387184	5.56403e-06	0.00012287
LACTOSECAT-PWY: lactose and galactose degradation I	0.00053507	0.00121826	0.000358218	0.000254622	0.00659053	0.000626313	0.000139919	0.0101118	0.000577152	0.00045651	0.000134149	5.44383e-05	0.0103784	0.00631613	0.0	0.000487364	0.0	0.000171353	0.000388947	0.000344532	7.05565e-05	0.000696168	0.000146169	0.0	3.43593e-05	0.00050078	0.000333859	0.00601101	0.000548993	0.000216716	0.000115555	0.000336848	0.00023047	0.000394586	0.000258474	4.32839e-05	0.0	5.60012e-05	6.72813e-05	0.000226121	0.000258922	8.19496e-05	0.0	8.61383e-05	0.000877638	6.04358e-05	0.00237538	0.000256011	0.00027521	0.000229007	0.00457396	0.000559924	0.000236452	0.0	0.000138432	0.000140068	0.00128814	0.00596915	0.0	0.000252963	4.82316e-05	3.25715e-06	0.00327409	6.6195e-05	0.000197993	0.000116174	0.0	0.0	0.0	3.21213e-05	3.6465e-05	0.000171856	0.00130142	6.29234e-05	0.000186654	4.97406e-05	5.77871e-05	0.00028859	0.000626489	0.000216476	0.0008156	0.0	0.000172568	0.00166295	2.4016e-05	0.000560373	0.00048393	0.0	7.70444e-05	0.000562363	0.000164029	4.30367e-05	0.000822549	2.53814e-05	9.17366e-05	0.000482958	0.00157724	0.000729162	0.000868686	2.58142e-05	0.000268362	0.000265702	0.000202011	0.000382923	1.90386e-05	0.0	0.000852348	9.07426e-05	0.00171596	0.000254724	6.52011e-05	6.08706e-05	0.000128062	0.00195936	0.000216642	0.000155617	0.000312063	0.00174579	0.000225675	0.00123069	0.000633249	0.000853783	0.000694339	0.000673091	0.00109696	0.00106211	0.000461053	0.000358434	0.0	8.46193e-05	0.0	0.000210889	0.000673025	0.000239499	0.000991734	0.0	0.000102885	0.000237557	8.13533e-05	0.000130446	0.0	0.0	0.000792542	0.00245648	6.50966e-05	0.00011795	0.000266936	0.000165762	0.00013861	0.0166139	1.47443e-05	5.5128e-05	0.0	0.000359827	2.75334e-05	0.00210375	0.00324666	0.000384015	0.000173789	0.00022776	0.00129238	0.000956029	0.000459799	0.011331	0.000662786	0.000876889	0.000320371	0.000911554	0.000818098	0.000271444	0.000307589	0.000218163	0.00140475	0.000415573	0.00116723	0.00063421	0.000349255	0.0123952	0.000998816	0.00041297	0.000432879
LIPA-CORESYN-PWY: lipid A-core biosynthesis (E. coli K-12)	0.0	0.0	0.0	0.0	0.0	0.0	0.0	0.0	0.0	0.0	0.0	0.0	0.0	0.0	0.0	0.0	0.0	0.0	0.0	0.0	0.0	0.0	0.0	0.0	0.0	0.0	0.0	0.0	0.0	0.0	0.0	0.0	0.0	0.0	0.0	0.0	0.0	0.0	0.0	0.0	0.0	0.0	0.0	0.0	0.0	0.0	0.0	0.0	0.0	0.0	0.0	0.0	0.0	0.0	0.0	0.0	0.0	0.0	0.0	0.0	0.0	0.0	0.0	0.0	0.0	0.0	0.0	0.0	0.0	0.0	0.0	0.0	0.0	0.0	0.0	0.0	0.0	0.0	0.0	0.0	0.0	0.0	0.0	0.0	0.0	0.0	0.0	0.0	0.0	0.0	0.0	0.0	0.0	0.0	0.0	0.0	0.0	0.0	0.0	0.0	0.0	0.0	0.0	0.0	0.0	0.0	0.0	0.0	0.0	0.0	0.0	0.0	0.0	0.0	0.0	0.0	0.0	0.0	0.0	0.0	0.0	0.0	0.0	0.0	0.0	0.0	0.0	0.0	0.0	0.0	0.0	0.0	0.0	0.0	0.0	0.0	0.0	0.0	0.0	0.0	0.0	0.0	0.0	0.0	0.0	0.0	0.0	0.0	0.0	0.0	0.0	0.0	0.0	0.0	0.0	0.000158411	2.4653e-05	9.04268e-05	0.0	0.000148795	0.0	5.78195e-05	7.07629e-05	1.051e-05	0.0	0.0	0.0	0.0	0.0	6.80961e-05	0.000135927	0.0	1.689e-05	0.0	0.0	0.0	0.0	0.000441293	0.0	6.88352e-06	5.00453e-05
LIPASYN-PWY: phospholipases	0.0	0.0	0.0	0.0	0.0	0.0	0.0	0.00248145	0.000138698	0.0	0.00330642	0.000854377	0.0	0.00190694	0.0	0.00026965	0.0	0.000507452	0.00447664	0.000134682	0.0	0.0	0.0	0.0	0.0	0.0	0.00013826	0.00457068	0.0	0.000459348	0.000121663	0.0	0.0	0.0	0.000784791	0.00215051	0.0	0.0	0.0090164	0.00121902	0.0001905	0.00012121	0.00151471	0.0040824	0.00456026	0.0	0.00103187	1.65268e-05	0.0	0.0	0.00137203	0.00268009	0.0016643	0.0	0.0	0.0	0.00179397	0.000562332	0.0	0.000787319	0.0	0.0	0.0	0.000578019	0.0	0.0	0.0	0.0	0.0	0.0	0.0	0.0	0.0	0.0	0.00098206	0.00119576	0.0	0.0	0.0	0.00193737	0.0	0.0	0.0	0.0	0.0	0.0	0.0	0.0	0.0	0.0	0.0	0.0	0.0	0.0	0.0	0.0	0.0	0.0	0.0	0.0	0.0	0.0	0.0	0.000524047	0.0	0.000352073	8.03788e-05	0.000676761	0.0	0.0	0.0	0.0	0.0	0.0	0.0	0.000338212	0.00448516	0.0	0.0	0.0	0.0	0.0	0.0	0.0	0.000409636	0.0	0.0	0.0	0.0	0.0	0.0	0.0	0.0	0.0	8.93375e-05	0.0	0.0	0.00156324	0.0	0.0	0.000549329	0.00610328	0.0	0.0	0.0	0.0	0.0	0.0	0.0	0.000185839	0.00655229	0.00330127	0.0	0.00193647	0.00396541	0.00216799	0.00104023	0.00033369	0.0	0.000174256	0.0	0.00134212	0.000156152	0.000728485	0.0	0.00111849	0.0	0.000300679	0.000652674	0.000543532	0.0	0.000927527	0.0	0.0	0.0	0.0	0.0	0.0	0.00137395	0.0	0.0
LPSSYN-PWY: superpathway of lipopolysaccharide biosynthesis	0.0	3.35634e-05	0.0	0.000120592	0.0	0.0	0.000125061	0.0	0.0	0.0	0.0	0.0	0.0	9.73849e-05	0.000983236	0.000148117	0.0	5.25832e-05	0.00034671	0.0	0.0	0.0	0.0	0.000165347	0.0	0.0	1.95579e-05	6.48382e-05	0.0	0.000376565	0.0	0.0	0.0	0.0	0.000201028	0.0	0.000193643	0.0	0.0	0.000876822	0.0	0.0	0.000122433	5.50998e-05	0.0	0.0	0.000564528	0.0	0.0	0.0	0.000569631	0.000295324	0.0	0.0	0.0	0.0	0.0	0.000158842	0.0	0.0	0.0	0.0	0.0	0.0	0.0	0.0	0.0	0.0	0.000441797	0.0	0.0	8.33571e-05	0.0	0.0	0.000336261	0.000278164	0.0	0.0	0.0	0.0	0.0	0.0	0.0	0.0	0.0	0.0	0.0	0.000281556	0.0	0.0	0.0	0.0	0.0	0.000482092	0.0	0.0	0.0	0.0	0.0	0.0	0.0	3.42686e-05	8.32097e-05	0.000189448	0.0	0.0	0.0	0.0	0.0	0.0010859	0.0	0.0	0.0	0.0	0.0	0.000139254	0.000943567	9.87718e-05	0.0	0.000158179	0.0	0.000224754	0.0	0.0	0.00015061	0.0	0.0	0.0	0.0	0.000590603	0.0	0.0	0.0	0.0	0.0	0.0	0.000147892	3.64467e-05	0.0	0.0	0.0	0.0	0.0	0.0	0.0	3.29369e-05	0.0	0.0	0.0	1.26004e-05	0.0	0.000778713	0.0	7.8964e-05	3.94817e-05	0.000441352	7.86203e-05	0.000165094	0.0	0.000218862	0.0	0.000206963	8.44598e-05	4.3512e-05	0.0	0.0	0.0	0.0	0.0	9.39768e-05	0.000363954	0.0	4.93599e-05	0.0	0.0	0.0	0.0	0.000588196	0.0	0.0	0.000128685
LYSINE-DEG1-PWY: L-lysine degradation XI (mammalian)	0.0	0.0	0.0	0.0	0.0	0.0	0.0	0.0	0.0	0.0	0.0	0.0	0.0	0.0	0.0	0.0	0.0	0.0	0.0	0.0	0.0	0.0	0.0	0.0	0.0	0.0	0.0	0.0	0.0	0.0	0.0	0.0	0.0	0.0	0.0	0.0	0.0	0.0	0.0	0.0	0.0	0.0	0.0	0.0	0.0	0.0	0.0	0.0	0.0	0.0	0.0	0.0	0.0	0.0	0.0	0.0	0.0	0.0	0.0	0.0	0.0	0.0	0.0	0.0	0.0	0.0	0.0	0.0	0.0	0.0	0.0	0.0	0.0	0.0	0.0	0.0	0.0	0.0	0.0	0.0	0.0	0.0	0.0	0.0	0.0	0.0	0.0	0.0	0.0	0.0	0.0	0.0	0.0	0.0	0.0	0.0	0.0	0.0	0.0	0.0	0.0	0.0	0.0	0.0	0.0	0.0	0.0	0.0	0.0	0.0	0.0	0.0	0.0	0.0	0.0	0.0	0.0	8.01276e-06	0.0	0.0	0.0	0.0	0.0	0.0	0.0	0.0	0.0	0.0	0.0	0.0	0.0	0.0	0.0	0.0	0.0	0.0	0.0	0.0	0.0	0.0	0.0	0.0	0.0	0.0	0.0	0.0	0.0	0.0	0.0	0.0	0.0	0.0	0.0	0.0	0.0	0.0	0.0	0.0	0.0	0.0	0.0	0.0	0.0	0.0	0.0	0.0	0.0	0.0	0.0	0.0	0.0	0.0	0.0	0.0	0.0	0.0	0.0	0.0	0.0	0.0	0.0
MET-SAM-PWY: superpathway of S-adenosyl-L-methionine biosynthesis	0.000130939	0.000304754	0.000193979	0.000834673	0.000748557	0.00212523	0.00114658	0.00199863	0.000608555	0.00096607	0.00514689	0.00218535	0.00128341	0.00306469	0.00329763	0.000966601	0.0	0.00166919	0.00391461	6.6167e-05	0.0	3.17143e-05	7.96432e-05	0.00072666	0.00406717	0.0018352	0.000331141	0.00367338	0.00341888	0.00159829	0.000379397	5.90572e-05	0.000142515	0.000807503	0.00196281	0.00477421	0.000813419	0.0	0.00559935	0.00355755	0.000310938	0.000512633	0.00200129	0.00414172	0.00490444	0.00134352	0.00282381	0.0	0.00160595	5.51666e-05	0.00293264	0.00254107	0.00324058	0.0	0.000232181	0.000147877	0.00297143	0.00204557	0.000381872	0.00175845	0.00145378	0.00480982	0.00137241	0.00137676	0.0	0.000492952	0.0	0.0	0.00266237	0.0	0.00269315	0.00156214	0.0	0.0	0.0018384	0.00137457	0.0	6.10778e-05	0.000128838	0.00369479	0.000106876	0.000132123	0.0	0.0	0.000315412	0.0	0.0	0.0014109	6.03825e-05	0.000100146	0.0	2.23498e-05	0.00335691	0.00238462	8.01099e-05	0.0	0.00011738	0.0	0.000216549	0.0	0.000314107	0.00023371	0.000500084	0.000939103	0.000116764	0.000861981	0.000290716	0.000841213	0.000980978	0.00396186	0.0	0.00102717	0.0	4.88694e-05	0.000508481	0.00120092	0.00397385	0.000842153	0.0	0.00222138	0.0	0.00102928	0.000108267	0.0	0.00159045	0.000171513	0.00288088	0.00010887	0.0	0.00317867	0.0	0.0	0.0	0.000202034	0.000348866	0.0	0.00116172	0.00353634	5.74739e-05	0.0	0.00142686	0.00478113	0.00234998	0.0012005	0.00040913	0.00012358	0.0022347	4.79042e-05	0.000433286	0.000480237	0.00421583	0.00488393	0.000355723	0.0039731	0.00470935	0.00338687	0.00144355	0.00137557	0.0	0.0010486	0.000175746	0.00149072	0.000629125	0.0024756	0.000100883	0.00254408	0.000412931	0.00101645	0.00149027	0.000450838	0.0021568	0.00311796	0.000346534	0.000604877	0.00456995	0.000663432	0.00140667	0.00273558	0.000345497	0.0	0.000699545
METH-ACETATE-PWY: methanogenesis from acetate	0.000882339	0.0	0.000194681	0.00054585	0.0	0.00106518	0.000807638	0.0	0.000148289	0.000641279	0.0	0.000767696	5.57022e-05	0.0	0.0	0.000482104	0.0	0.000996244	0.0	0.000191608	0.0	0.000987242	8.82367e-05	0.0002497	7.29371e-05	0.000342726	0.0	0.0	0.000545816	0.0	0.0	0.00100105	0.00130844	0.000130141	6.44925e-05	0.0	9.86209e-05	0.000816794	0.0	0.0	7.45128e-05	0.0	0.000181229	0.0	0.0	0.000991328	0.0	0.000439987	0.000248711	0.000208412	0.000167297	0.0	0.0	0.0	0.0	0.000104585	2.99484e-05	0.0	0.000201541	0.0	5.05881e-05	0.0	0.0	9.20302e-05	4.6078e-05	0.000126242	9.49177e-05	0.0	0.0	0.0	0.000100144	0.0	0.000200052	0.00100434	0.0	0.000202604	0.0010227	0.000936406	0.000251196	3.47824e-05	5.4007e-05	0.0	0.0	7.35875e-05	0.000356963	0.00076205	0.0	0.0	0.00106923	0.000247004	0.0	0.0	2.49196e-05	0.000476872	0.00067124	0.0	0.00133067	0.000816853	0.000117371	0.00060912	0.0	0.000225549	7.9926e-05	2.6606e-05	0.00121988	0.0	0.000157938	0.0	0.000128435	0.0	9.2262e-05	0.000564026	0.000279602	0.000809698	0.0	0.000427837	2.41482e-05	0.000624075	0.000544075	0.000147824	0.0	0.000469555	0.000704253	0.00179114	0.000121952	0.00169046	0.000167752	3.34539e-05	0.0	0.0	9.81361e-05	0.000214569	0.000155454	0.000262324	0.000119436	7.11579e-05	0.000424818	0.00010668	0.000186347	0.0	0.0	0.0	0.00102589	0.0	0.000202652	0.0	0.0	3.75462e-05	0.00011131	0.000147965	0.0	0.0	0.00032942	3.0793e-05	0.0	0.0	0.0	0.000418169	0.000422997	0.000519205	0.000489234	0.000412382	0.00117154	0.0	0.00124711	0.0	0.000409805	0.000251616	0.00109334	0.000558976	0.000326147	4.78762e-05	0.000407433	0.000357119	0.000160642	0.000621263	0.00050487	0.0	0.00159217	0.000483065	0.000561733
METHANOGENESIS-PWY: methanogenesis from H2 and CO2	0.0	0.0	0.0	0.0	0.0	0.0	0.0	0.0	0.0	0.0	0.0	0.0	0.0	0.0	0.0	0.0	0.0	0.0	0.0	0.0	0.0	0.0	0.0	0.0	0.0	0.0	0.0	0.0	0.0	0.0	0.0	0.0	0.0	0.0	0.0	0.0	0.0	0.0	0.0	0.0	0.0	0.0	0.0	0.0	0.0	0.0	0.0	0.0	0.0	0.0	0.0	0.0	0.0	0.0	0.0	0.0	0.0	0.0	0.0	0.0	0.0	0.0	0.0	0.0	0.0	0.0	0.0	0.0	0.0	0.0	0.0	0.0	0.0	0.0	0.0	0.0	0.0	0.0	0.0	0.0	0.0	0.0	0.0	0.0	0.0	0.0	0.0	0.0	0.0	0.0	0.0	0.0	0.0	0.0	0.0	0.0	0.0	0.0	0.0	0.0	0.0	0.0	0.0	0.0	0.0	0.0	0.0	0.0	0.0	0.0	0.0	0.0	0.0	0.0	0.0	0.0	0.0	0.0	0.0	0.0	0.0	0.0	0.0	0.0	0.0	0.0	0.0	0.0	0.0	0.0	0.0	0.0	0.0	0.0	0.0	0.0	0.0	0.0	0.0	0.0	0.0	0.0	0.0	0.0	0.0	0.0	0.0	0.0	0.0	0.0	0.0	0.0	0.0	0.0	0.0	0.0	0.0	8.13346e-05	0.0	0.0	0.0	0.0	7.46144e-05	0.0	0.0	0.0	0.0	0.0	0.0	0.0	0.0	0.0	0.0	0.0	0.0	0.0	0.0	0.0	0.0	0.0	0.0
METHGLYUT-PWY: superpathway of methylglyoxal degradation	8.16049e-05	7.36578e-05	2.63045e-05	0.000158136	3.56974e-05	0.000614399	9.24596e-05	0.0	3.65736e-05	6.18735e-05	0.000940535	0.000323514	0.000237348	0.000584961	0.0010601	0.000261687	0.0	0.000175484	0.00123331	5.20009e-05	8.90711e-05	0.0	0.0	0.000119078	0.000872355	0.000176651	1.59181e-05	0.0016285	0.000394561	0.000271789	0.000156359	0.000625669	0.0	9.80022e-05	0.000503894	0.00172036	0.000238103	0.0	2.06596e-05	0.000725402	0.000107266	4.84036e-05	0.000316899	0.00172051	0.00042773	0.000250173	0.00027836	0.0	0.000274732	8.7723e-05	0.000540581	0.000272424	0.000543981	0.0	0.000313187	3.30412e-05	0.000727989	0.000544107	0.000315971	0.000454955	0.000758516	0.00123533	0.000474757	0.00028173	5.45336e-05	9.46196e-05	0.0	0.0	0.000907332	0.0	0.000299996	0.000499052	0.0	0.0	0.000358362	0.000111107	0.0	5.5011e-05	5.33258e-05	0.000543063	3.9997e-06	0.000475068	0.0	2.34992e-05	7.50763e-06	0.0	0.000135097	0.000502607	7.38503e-05	0.0	0.0	0.000300671	0.00110523	0.000335976	7.172e-05	1.77849e-05	1.07913e-05	0.0	5.31899e-05	0.0	2.15901e-05	9.28047e-05	0.000113456	0.000210008	0.0	0.000187819	2.74332e-05	0.000360365	0.000140074	0.00093983	4.79265e-05	0.000208191	0.000225861	2.61175e-05	0.000263124	0.000330838	0.00104978	0.000442514	0.0	0.000246968	0.0	0.000121806	0.000253062	0.0	0.000269374	4.35519e-05	0.000373485	6.7354e-05	0.0	0.000572465	3.73333e-05	0.0	0.000345275	0.000147229	5.34987e-05	0.0	0.000145327	0.000666304	0.000391319	0.0	0.000258649	0.000401232	0.000685893	6.08712e-05	0.000191975	0.000302848	0.000327569	0.0	0.000285246	0.000303134	0.00106349	2.90846e-05	0.0	0.00115081	0.0021697	0.00103687	0.000183184	0.000406737	0.0	0.000163132	0.00023856	0.000932324	5.99805e-05	0.000443949	9.55138e-05	0.00112902	6.18097e-05	0.000169862	7.37486e-05	5.1946e-05	0.000595826	0.000454864	0.000143343	6.7577e-05	0.00164721	2.6376e-05	0.000904614	0.0010427	0.000159853	8.40113e-05	6.01686e-05
METSYN-PWY: superpathway of L-homoserine and L-methionine biosynthesis	0.000114791	0.000272822	0.000174229	0.000751378	0.00072461	0.0020041	0.00106872	0.0021184	0.000538082	0.000885514	0.00489047	0.00205312	0.00142295	0.00297641	0.00323179	0.000883871	0.0	0.0015649	0.00405562	5.80859e-05	0.0	2.78296e-05	7.03042e-05	0.000650345	0.0039067	0.00177011	0.000302899	0.00369324	0.00336911	0.00154113	0.000355262	5.1786e-05	0.000125352	0.000746091	0.00181298	0.00478787	0.00072321	0.0	0.0059702	0.00328805	0.00027812	0.00047421	0.00186281	0.00414199	0.00495826	0.00123557	0.00264522	0.0	0.00148234	4.85192e-05	0.00274079	0.00234208	0.00305562	0.0	0.000205149	0.000131834	0.00298189	0.00197773	0.000338547	0.00158089	0.00133093	0.00542372	0.00126169	0.00125464	0.0	0.000452539	0.0	0.0	0.0025613	0.0	0.00261544	0.00144382	0.0	0.0	0.00167675	0.00124464	0.0	5.3717e-05	0.00011304	0.00346625	9.37498e-05	0.000116677	0.0	0.0	0.000285719	0.0	0.0	0.00133826	5.30201e-05	8.79514e-05	0.0	1.95806e-05	0.00323729	0.00227786	7.04058e-05	0.0	0.000103174	0.0	0.000191367	0.0	0.000287917	0.000206094	0.000459448	0.000850414	0.000103125	0.000778967	0.000259316	0.000766928	0.000896865	0.00394306	0.0	0.000925172	0.0	4.28295e-05	0.000451399	0.00108064	0.00395601	0.00075722	0.0	0.00202429	0.0	0.000946957	9.59109e-05	0.0	0.00153083	0.000151943	0.00271149	9.71648e-05	0.0	0.00301554	0.0	0.0	0.0	0.00018241	0.0003077	0.0	0.00109745	0.00344767	5.07631e-05	0.0	0.00136036	0.00486226	0.00228985	0.00115637	0.000363389	0.000109705	0.00212445	4.21623e-05	0.000396449	0.000427808	0.00472078	0.00511733	0.000323493	0.00385869	0.00490682	0.00318655	0.00136532	0.00124718	0.0	0.000958132	0.000154623	0.00136163	0.000560063	0.00231019	8.86223e-05	0.0023602	0.000366458	0.000926827	0.00135974	0.000409958	0.00198763	0.00295951	0.000305115	0.000540443	0.00457788	0.000594494	0.00129268	0.00274311	0.000304204	0.0	0.000623949
NAD-BIOSYNTHESIS-II: NAD salvage pathway III (to nicotinamide riboside)	8.36604e-05	3.90469e-05	2.51769e-05	8.96445e-05	4.6186e-05	0.00106873	0.000168526	0.0	0.00019799	0.000165388	0.000727507	0.000255672	4.92166e-05	0.000544135	0.000281139	5.81361e-05	0.0	0.000142824	0.0014456	3.84046e-05	0.0	9.15958e-05	0.0	0.000156536	0.000594759	0.000363958	0.000108133	0.000587296	0.000582174	0.000153019	0.000170706	0.0	0.0	0.00020169	0.000299399	0.00230838	0.000121028	0.0	0.00485422	0.00115865	0.000244918	8.38281e-05	0.000500679	0.000392431	0.000616378	0.000131814	0.000585443	1.4036e-05	0.000195666	0.0	0.000818525	0.000163662	0.000648131	0.0	5.58106e-05	9.67755e-06	0.000728451	8.63662e-05	3.36166e-05	0.00039447	0.000572864	0.00160623	0.000637041	0.000311342	0.0001041	2.06827e-05	0.0	0.0	0.000398848	0.0	0.000405505	0.000793871	0.0	0.0	0.000469471	0.000198688	0.0	0.0	4.82773e-05	0.000683811	2.10301e-05	2.83788e-05	0.0	0.0	5.32016e-05	0.0	1.01636e-05	0.000100731	0.0	0.0	0.0	0.0	0.00179165	0.000358463	4.94568e-06	0.0	0.0	0.0	3.84465e-05	0.0	2.79071e-05	2.18096e-05	3.28567e-05	8.54652e-05	0.0	0.000138887	4.68499e-05	0.000147608	0.000173695	0.00133501	0.0	0.000146929	0.0	0.0	0.000205698	0.000396929	0.000454111	0.000266841	3.79461e-05	0.000449237	0.0	0.000162174	0.0	0.0	0.000181478	7.40157e-05	0.000433336	3.65541e-05	0.0	0.00179673	0.0	0.0	0.0	0.000219035	0.000151427	0.0	9.26663e-05	0.00115811	0.0	0.0	0.000228834	0.00379217	0.00127396	0.0	0.000190854	5.41714e-06	0.00037576	0.0	7.4604e-05	0.00011823	0.000797436	0.00317455	0.0	0.000935826	0.00320666	0.000413858	0.000225752	0.000145005	0.0	0.000156363	0.000149093	0.000274513	0.000120344	6.90224e-05	3.03025e-05	0.000590439	6.23922e-05	0.000338925	0.000101498	5.73379e-05	0.000359487	0.000318884	0.0	0.000466355	0.000228181	0.0	9.68716e-05	9.69842e-05	1.31453e-05	5.59501e-05	0.000140336
NAGLIPASYN-PWY: lipid IVA biosynthesis (E. coli)	0.00063073	0.00248432	0.00198464	0.00219996	0.000135734	0.00200939	0.00174139	0.00150677	0.00158458	0.00221851	0.00366365	0.00234671	0.000466961	0.00190047	0.0036253	0.000952579	0.0012004	0.00258221	0.00358271	0.00205341	0.00244023	0.00189727	0.0016645	0.00112838	0.00315361	0.00243512	0.0049644	0.00218772	0.00319855	0.00223659	0.00264681	0.00121265	0.00200232	0.00188591	0.00221604	0.00361714	0.00185219	0.00216666	0.00350923	0.00356954	0.00086098	0.00591837	0.0028861	0.00283697	0.0033077	0.00135443	0.00178787	0.00467039	0.00407722	0.00393728	0.00193573	0.00387741	0.00345964	0.00140015	0.000914684	0.00495205	0.00255922	0.00075481	0.00179474	0.00237459	0.00188148	0.00342356	0.0	0.00226182	0.0010095	0.00424588	0.00458735	0.00390458	0.00386021	0.00355467	0.00503389	0.00293615	0.00168249	0.00304078	0.00255772	0.0018442	0.00247203	0.00280561	0.00311691	0.00289561	0.00235327	0.00567272	8.17359e-05	0.00366024	0.00256621	0.00204099	0.000887961	0.00177516	0.00253346	0.0032564	0.00081883	0.00644778	0.00282087	0.00264886	0.00225963	0.00421934	0.00147193	0.00157711	0.00180548	0.00130227	0.000445023	0.00175229	0.00177413	0.00255172	0.00129661	0.00393621	0.00146965	0.00396923	0.00139375	0.00251276	0.000919051	0.000616517	0.00290335	0.0017323	0.00133224	0.00132808	0.00317248	0.00191451	0.000418608	0.00206559	0.000127651	0.00251346	0.00298711	0.00362296	0.0020813	0.00243335	0.00299864	0.00471976	0.00590695	0.00369518	0.0023212	0.00257768	0.003573	0.00582512	0.00125183	0.000424686	0.00358352	0.00306596	0.00312223	0.00200004	0.00191476	0.00307926	0.00222244	0.00564843	0.00175114	0.00548169	0.0028594	0.00269589	0.00253803	0.000395666	0.00346519	0.00354601	0.00325283	0.00275384	0.00349873	0.00187429	0.000448532	0.00166085	0.00268481	0.00279099	0.000967471	0.00338743	0.000661414	0.00106942	0.000769271	0.00299644	0.00188943	0.00215057	0.00313867	0.00115547	0.00235141	0.00320996	0.00228808	0.00227588	0.00359484	0.00179465	0.00203609	0.00122518	0.000889144	0.0019917	0.00296965
NONMEVIPP-PWY: methylerythritol phosphate pathway I	0.0125451	0.0093474	0.0112198	0.00893793	0.00677354	0.00738717	0.0102785	0.00220275	0.0128378	0.0103382	0.00454873	0.00751508	0.00547237	0.00307317	0.00479269	0.00993989	0.0138426	0.00870573	0.00367553	0.0123779	0.0103824	0.0115095	0.0122087	0.0109182	0.00462771	0.00738982	0.0109989	0.00304632	0.00449575	0.00866659	0.0131301	0.011005	0.0120726	0.00825185	0.00739529	0.0036019	0.00866598	0.0128251	0.00326001	0.00687235	0.0113634	0.0107992	0.00640648	0.00356492	0.00370484	0.00912783	0.00649702	0.0119797	0.00832164	0.0128731	0.00418206	0.00448075	0.00519469	0.0106856	0.0102276	0.0120319	0.00843647	0.00498508	0.0108713	0.00828217	0.00851804	0.00311023	0.00696199	0.00725082	0.0120597	0.0108936	0.0129262	0.0107136	0.00600529	0.0119495	0.00743574	0.0076626	0.01172	0.00928641	0.00807509	0.0105076	0.0101426	0.0107309	0.0119676	0.0052202	0.0106976	0.00992225	0.0120791	0.01203	0.0109475	0.0118089	0.0145895	0.00911424	0.0102745	0.0122006	0.0122626	0.0112177	0.00407796	0.00706098	0.0135306	0.0120443	0.0112578	0.0103703	0.013074	0.0129286	0.0159958	0.0108018	0.0096967	0.00874433	0.01308	0.00956371	0.0108635	0.0102168	0.0083046	0.00477182	0.0113442	0.00997907	0.0127212	0.0113531	0.0160593	0.0102905	0.00419121	0.00920908	0.0136209	0.00666557	0.0149002	0.00861016	0.0112499	0.0107076	0.0124406	0.00977761	0.00647373	0.011134	0.0112149	0.00540379	0.0114841	0.0123879	0.00938533	0.0102856	0.0140239	0.00838908	0.00880778	0.00471254	0.0125697	0.0156971	0.0101631	0.00375874	0.0071360699999999	0.00786324	0.0134296	0.00868657	0.00695339	0.0133703	0.00973999	0.00983444	0.00323662	0.00307989	0.0117062	0.00363715	0.00304889	0.0045661	0.00692743	0.00992635	0.0110625	0.00910083	0.00949984	0.00678219	0.0115741	0.00329826	0.0123769	0.00585279	0.011375	0.00932782	0.00957036	0.0098627	0.00629525	0.0065194	0.010288	0.0106844	0.00388937	0.0112131	0.00809939	0.00214707	0.0100832	0.00983584	0.0100479
NONOXIPENT-PWY: pentose phosphate pathway (non-oxidative branch) I	0.00664567	0.0108704	0.00344974	0.00452803	0.00829834	0.00650929	0.00456134	0.00666917	0.00472184	0.00470046	0.00884024	0.00684696	0.00625763	0.0099327	0.00655655	0.00406442	0.00716285	0.00528131	0.00699065	0.00400905	0.00480583	0.0047406	0.00282389	0.00416859	0.00678316	0.00551793	0.0021562	0.0074119	0.00735039	0.0053827	0.0024933	0.00547732	0.00466684	0.00378362	0.00478142	0.00885143	0.00680018	0.00501593	0.00836344	0.00727099	0.00437046	0.00321951	0.00702337	0.00617137	0.00795407	0.00402366	0.00625199	0.00289708	0.00528241	0.00344496	0.0071274	0.00569638	0.00780227	0.00491876	0.00645392	0.00320717	0.00738421	0.00706637	0.00406646	0.0087209	0.00520302	0.00637895	0.00633665	0.0100238	0.00499661	0.00320289	0.00179265	0.00130716	0.00790561	0.003129	0.00466518	0.00365904	0.00369429	0.00351443	0.00677879	0.00647235	0.00537409	0.00491635	0.00390754	0.00748313	0.00273121	0.00422214	0.00563135	0.00378856	0.00539412	0.00449334	0.00528678	0.00755215	0.00384415	0.00370184	0.00777931	0.00272287	0.00697829	0.00531667	0.00481218	0.00204239	0.00714507	0.00568468	0.00411964	0.0023805	0.00548066	0.00536911	0.00902388	0.0042211	0.00791374	0.00458454	0.00394148	0.00375165	0.00597068	0.00689812	0.00686968	0.00667283	0.00330534	0.0066378	0.00486161	0.00696377	0.00758924	0.00601309	0.00406549	0.00531947	0.00354845	0.00530881	0.00344331	0.00430743	0.0106381	0.00396817	0.00622005	0.00404767	0.00199717	0.00745372	0.00550075	0.00321595	0.00783121	0.00148749	0.00244849	0.00549176	0.00509657	0.00643591	0.00242034	0.00729599	0.00505207	0.0081721	0.00690822	0.00498489	0.00374913	0.00425622	0.00595674	0.00389069	0.00450535	0.00866745	0.00832962	0.00940362	0.00285935	0.00720347	0.00690199	0.00684528	0.00565723	0.00477723	0.00535367	0.00474338	0.00413685	0.00567435	0.00459831	0.00742846	0.00529498	0.00762193	0.00610388	0.00379451	0.00614605	0.00479537	0.00670676	0.00624235	0.00501429	0.00341784	0.00721446	0.00367247	0.00614367	0.0078838	0.00731233	0.00574963	0.0047468
OANTIGEN-PWY: O-antigen building blocks biosynthesis (E. coli)	0.00390759	0.00544618	0.00459119	0.00594993	0.00944333	0.00520957	0.00427398	0.00754765	0.00680934	0.00574752	0.0023852	0.00399234	0.00797825	0.00438567	0.00411953	0.00493087	0.00526766	0.00378663	0.00187512	0.005612	0.00431223	0.00505957	0.0035767	0.00418792	0.00366562	0.00473153	0.00643545	0.00367069	0.00451681	0.0053709	0.00653896	0.00484052	0.00444129	0.00394767	0.00421906	0.00273146	0.00402429	0.00700771	2.36112e-05	0.00271196	0.00664316	0.00257857	0.00324575	0.0015531	0.00426147	0.00207444	0.00576158	0.00419451	0.00322386	0.00349228	0.00470087	0.00544714	0.00269743	0.00588484	0.00773894	0.00275256	0.00517724	0.00631088	0.00438127	0.00344837	0.00499946	0.00190406	0.00662828	0.00554133	0.0062733	0.00354975	0.00508022	0.00212187	0.00379445	0.000872681	0.00288416	0.00315013	0.00568624	0.00368255	0.00371536	0.00633356	0.00244696	0.00492241	0.00518347	0.00322044	0.00581001	0.00241773	0.00402639	0.00649359	0.0058964	0.0071175	0.00553713	0.00214646	0.00394022	0.00701363	0.00302386	0.00423705	0.00262191	0.00380689	0.00648176	0.00567116	0.00513219	0.00441403	0.00680101	0.00502635	0.0065534	0.00408773	0.00517041	0.00403218	0.00695217	0.00393972	0.0061365	0.00370222	0.00583496	0.00249957	0.00413972	0.00254512	0.00660447	0.00587774	0.00817023	0.0063034	0.00287183	0.00551984	0.00500038	0.00524194	0.00788537	0.00437757	0.00461955	0.00440178	0.00801621	0.00433729	0.00387365	0.00395497	0.00404212	0.00327569	0.00486522	0.00439685	0.00701414	0.00280647	0.00451553	0.00173271	0.00531794	0.00400378	0.00627908	0.00369211	0.00525365	0.000409904	0.00499253	0.00381413	0.00745863	0.00355679	0.00407356	0.00646299	0.00478133	0.0123468	2.41459e-05	0.00241697	0.00611268	0.00223443	0.00169776	0.00402263	0.00718011	0.00529281	0.00472013	0.00247029	0.005014	0.00468282	0.00566749	0.00822894	0.00543484	0.00413911	0.00605681	0.00509592	0.00474054	0.00408124	0.0034639	0.00390461	0.00434772	0.0060154	0.00349171	0.00460477	0.00469361	0.0064482	0.00687832	0.00511337	0.00339441
ORNARGDEG-PWY: superpathway of L-arginine and L-ornithine degradation	0.0	1.60054e-05	0.0	0.000152541	7.59451e-05	0.0	0.0001287	0.0	0.0	0.000124009	0.000813746	2.14184e-05	0.0	0.000408842	0.000326447	2.25475e-05	0.0	9.92057e-06	0.00117315	0.0	0.0	0.0	0.0	7.34456e-05	0.000760047	0.000120457	1.56749e-05	0.00112952	0.00135781	5.37154e-05	4.1445e-05	0.0	0.0	0.00023257	0.000249822	0.000334928	2.66788e-05	0.0	1.49791e-05	0.000598138	0.0	0.0	0.000782033	0.00107099	0.0	0.0	6.73668e-05	0.0	0.0	0.0	0.000594803	0.000350352	0.0	0.0	0.0	0.0	0.000148574	0.0	7.28723e-05	0.000411219	4.72479e-05	0.00262383	0.0	0.00023774	6.54295e-05	0.0	0.0	0.0	0.000324798	0.0	0.0	2.54344e-05	0.0	0.0	0.00027009	0.000192224	0.0	0.0	0.0	0.0	1.14888e-05	0.0	0.0	0.0	8.38746e-05	0.0	0.0	0.000391164	0.0	0.0	0.0	0.0	0.000499385	0.0	0.0	0.0	0.0	0.0	0.0	0.0	4.17597e-05	6.27266e-05	0.0	0.000124747	0.0	0.000149579	7.30919e-05	0.000154318	0.0	0.0	0.0	0.0	0.0	0.0	0.0	0.000237719	0.00160253	5.54608e-05	2.88707e-05	0.000460314	0.0	0.000135499	0.0	0.0	0.000207583	0.0	0.0	0.0	0.0	0.000237001	0.0	0.0	0.0	0.0	2.336e-05	0.0	4.64277e-05	0.0	0.0	0.0	0.000278403	0.000184094	0.0	0.000135497	9.74628e-05	1.21254e-05	0.000129106	0.0	0.0	0.000189243	0.00163463	0.000875341	0.0	0.00119397	0.000805095	0.000655052	0.000302389	0.0	0.0	4.79885e-06	0.0	0.000408143	8.94276e-05	0.000184875	0.0	0.000207465	5.801e-05	6.29777e-05	8.69291e-05	0.0	0.000675271	0.0	3.95671e-05	0.0	0.000584174	0.0	0.000586512	0.000223406	0.0	0.0	3.48674e-05
ORNDEG-PWY: superpathway of ornithine degradation	0.000325428	0.000381183	0.000499036	0.000632596	0.00024197	0.000656634	0.000649582	0.0	0.000396417	0.000409786	0.00442403	0.00121169	0.00101027	0.00295846	0.00341242	0.00044684	0.0	0.00070399	0.00442086	0.000187051	0.0	0.000246672	0.0	0.00059358	0.00278919	0.00103771	0.000128795	0.00284839	0.0028844	0.000882379	0.000235056	6.03286e-05	0.000127884	0.000586841	0.00116535	0.00301202	0.00037107	0.000121852	0.00321881	0.00118947	0.00015359	0.000449206	0.00186944	0.00285939	0.0038614	0.000449271	0.000863488	2.13586e-05	0.00108284	0.0	0.00142981	0.00342478	0.00448996	0.0	0.000599712	0.0	0.00124306	0.000406231	0.000167769	0.00179926	0.000201473	0.0052729	0.0	0.00148736	0.000135497	0.000390359	0.0	0.0	0.00195864	0.0	0.00120204	0.000717523	0.0	0.0	0.00142784	0.000893561	0.0	0.0	0.000185286	0.00253976	0.000211679	0.000102258	0.0	0.0	0.000207538	0.0	0.000187278	0.000913612	0.0	0.0	0.0	0.0	0.00191964	0.00117552	0.000122355	0.0	1.93719e-05	1.56194e-05	0.000199066	0.0	0.000241314	0.00036172	0.000180071	0.000512806	5.07646e-05	0.000843359	0.000169549	0.000578249	0.000373717	0.00251146	0.000393236	0.0	0.0	1.91123e-05	0.000148635	0.000266739	0.00428386	0.000287987	0.000128549	0.00142024	0.0	0.000729315	0.0	0.0	0.000664362	2.98089e-05	0.00163443	0.000111356	0.0	0.00223214	0.0	0.0	0.0	0.0	0.000165353	0.0	0.000253052	0.00259172	7.66867e-05	0.0	0.00064155	0.00314433	0.000830435	0.000778922	0.000418611	0.000119028	0.00176929	8.19632e-05	0.000152256	0.000384384	0.00484792	0.00407187	0.0	0.00377392	0.00314557	0.00187365	0.00105998	0.000750938	0.0	0.000643145	0.000378369	0.000906773	0.000296982	0.00082772	0.000334776	0.00135348	0.000282324	0.000443567	0.000715559	0.000251363	0.00142522	0.00227846	0.000362068	0.000403397	0.00328321	0.000562866	0.00118907	0.000948305	0.000216305	5.49344e-05	0.000274333
P101-PWY: ectoine biosynthesis	0.0	0.0	0.0	0.0	0.0	0.0	0.0	0.0	0.0	0.0	0.0	0.0	0.0	0.0	0.0	0.0	0.0	0.0	0.0	0.0	0.0	0.0	0.0	0.0	0.0	0.0	0.0	0.0	0.0	0.0	0.0	0.0	0.0	0.0	0.0	0.0	0.0	0.0	0.0	0.0	0.0	0.0	0.0	0.0	0.0	0.0	0.0	0.0	0.0	0.0	0.0	0.0	0.0	0.0	0.0	0.0	2.23387e-05	0.0	0.0	0.0	0.0	0.0	0.0	0.0	0.0	0.0	0.0	0.0	0.0	0.0	0.0	0.0	0.0	0.0	0.0	0.0	0.0	0.0	0.0	0.0	0.0	0.0	0.0	0.0	0.0	0.0	0.0	0.0	0.0	0.0	0.0	0.0	0.0	0.0	0.0	0.0	0.0	0.0	0.0	0.0	0.0	0.0	0.0	0.0	0.0	0.0	0.0	0.0	0.0	0.0	0.0	0.0	0.0	0.0	0.0	0.0	0.0	0.0	0.0	0.0	0.0	0.0	0.0	0.0	0.0	0.0	0.0	0.0	0.0	0.0	0.0	0.0	0.0	0.0	0.0	0.0	0.0	0.0	0.0	0.0	0.0	0.0	0.0	0.0	0.0	0.0	0.0	0.0	0.0	0.0	0.0	0.0	0.0	1.41245e-05	0.0	0.0	0.0	0.000538345	0.0	0.0	0.0	0.0	0.0	0.0	0.0	0.0	0.0	0.0	0.0	0.0	0.0	0.0	0.0	0.0	0.0	0.0	0.0	0.0	0.0	0.0	0.0
P105-PWY: TCA cycle IV (2-oxoglutarate decarboxylase)	0.000145233	0.000230878	0.000133332	0.000681428	0.000312348	0.000711612	0.000806249	0.0	0.000453449	0.000472622	0.00233641	0.0010039	0.000362012	0.00245332	0.00246925	0.000240326	0.0	0.000570042	0.00212328	7.47767e-05	0.0	0.000255356	0.0	0.000676232	0.000934597	0.00156895	0.000165344	0.00198581	0.00241373	0.0008956599999999	0.000159014	1.96833e-05	0.000161044	0.000421178	0.00103002	0.00155609	0.00061117	8.34406e-05	1.72706e-05	0.00162307	8.97416e-05	0.000228397	0.0023646	0.00205388	0.0	0.000319512	0.000680835	0.000650564	0.000750803	4.63371e-05	0.00179939	0.00156671	0.00121243	0.0	0.000328637	0.0	0.000959884	0.00023181	0.000495147	0.0012047	0.000833328	0.00274412	0.000773351	0.000681457	0.000173063	0.000181142	0.0	0.0	0.00175399	0.0	0.000779082	0.000551866	0.000196797	9.57998e-05	0.00161664	0.00127203	0.0	0.000115317	0.00015964	0.0015379	5.60382e-05	0.0	0.0	0.0	0.00036661	0.0	8.51437e-05	0.00135003	0.0	0.0	0.0	0.0	0.00214779	0.00117007	0.000193706	4.42993e-06	0.0	0.0	0.000173954	4.15087e-05	0.000184564	0.000240594	0.000133208	0.000721476	0.000145945	0.000893865	0.000200697	0.0008905	0.000788222	0.00133835	0.0	0.0	0.0	0.0	0.000311211	0.000516672	0.00304002	0.000429461	0.000232327	0.00114739	6.11652e-05	0.00126054	0.0	0.0	0.00121435	0.0	0.00125743	0.000335531	0.0	0.0016195	0.0	0.0	0.0	1.76317e-05	0.000173477	0.0	0.00031473	0.0016796	5.7718e-05	0.0	0.000408954	0.000481553	0.000791638	0.00106346	0.000268977	0.000369202	0.00120755	0.0	0.000254239	0.000380676	0.00297525	0.00208539	0.0	0.00180759	0.00242076	0.00185053	0.000598069	0.000893021	0.0	0.000366278	0.000467931	0.00142575	0.000242825	0.000534145	0.0	0.000680173	0.000211095	0.000379374	0.00119005	0.000174173	0.00211795	0.00144803	0.00051445	0.00017919	0.00126428	0.000458305	0.00114942	0.000662735	0.00017023	0.000377927	0.000182318
P108-PWY: pyruvate fermentation to propanoate I	0.000327212	0.000514052	5.52283e-05	0.000385634	8.18903e-06	0.00111848	0.000420581	0.0	0.000341317	0.000333037	0.000265537	0.000799753	3.54104e-05	0.000897969	0.000416771	0.000377176	0.0	0.000429685	0.0	2.43252e-05	0.0	0.0	0.0	0.000302656	0.00123023	0.000289608	0.000185608	2.52951e-05	0.000293589	0.00132614	0.000428198	0.0	0.000122644	0.000373204	0.000890531	0.0	0.00033766	0.0	0.00533656	0.00048021	0.000233377	0.000213294	0.000829499	5.27195e-05	0.0	0.000324308	0.000221597	3.00498e-05	0.000488794	0.0	0.000491721	0.000139217	0.000263271	0.0	0.0	5.52138e-05	0.000791211	0.000325735	0.00015824	0.000514533	0.000873222	0.000164495	0.0	0.000709656	6.06633e-05	0.000182933	0.0	0.0	0.000949431	0.0	2.84218e-05	0.000730968	0.0	0.0	0.000296346	0.000146851	0.0	0.0	8.67129e-05	0.000380779	9.62967e-05	0.000202043	0.0	0.0	0.00022082	0.0	0.0	0.000139285	0.000295312	6.79964e-05	0.0	0.0	0.00127313	0.000568484	9.23829e-06	0.0	4.08675e-05	0.0	0.000481569	0.0	7.0175e-05	0.000376169	0.000101038	0.000221547	0.0	0.000318938	7.15421e-05	0.000444003	0.000253406	0.00112819	2.65129e-05	0.0	0.0	0.0	0.000283021	0.000762082	0.000599115	0.000145703	6.83115e-05	0.000393422	0.0	0.000418466	0.0	0.0	0.000527548	0.0	0.000641258	3.17852e-05	0.0	0.000283662	0.0	0.0	5.47885e-05	0.000225497	0.000293977	0.0	0.000445625	0.000116224	3.53643e-05	0.0	0.000548961	0.00390935	0.00125907	0.000222092	0.000199565	5.11326e-05	0.000738122	2.74576e-05	0.000171895	0.00041331	0.000420902	0.00314349	0.0	0.000297101	0.000539134	0.00110895	0.0	0.000690421	0.0	0.000372557	0.000772193	0.00123622	0.000267744	0.000430868	0.0	0.00135658	0.000354542	0.000587261	0.000572832	0.000170731	0.000937859	0.000824183	0.000315756	0.000235958	0.000197341	7.48953e-05	0.000595549	2.38044e-05	0.000217545	0.000174582	0.000192255
P122-PWY: heterolactic fermentation	0.000241133	0.00041908	0.0	0.000334225	0.000804094	0.00155422	0.000296251	0.00172121	0.000171031	0.00014557	0.00116975	0.00069258	0.000179583	0.000827241	0.00132132	6.14773e-05	0.0	0.000629736	0.00189915	0.0	0.0	0.0	0.0	0.000392979	0.00174737	0.000724808	5.21649e-05	0.00183327	0.00161539	0.00055661	0.000192926	0.0	0.000112073	0.000236565	0.000811301	0.00323359	0.000230184	0.0	0.000479343	0.000875502	0.00022361	7.7808e-05	0.000646787	0.00109214	0.00239446	0.000242151	0.000570525	0.0	0.000330804	0.0	0.000955226	0.00153367	0.00118368	0.0	0.000470753	0.0	0.00098977	0.000184501	0.000124931	0.00126609	0.00019498	0.00174845	0.0	0.000439628	6.97435e-05	5.49236e-05	0.0	0.0	0.000488803	0.0	0.000540297	0.000882128	0.0	0.0	0.000494578	0.000277283	0.0	0.0	3.86263e-05	0.00155989	2.17246e-05	0.0	0.0	0.0	0.000114415	0.0	0.0	0.000354781	6.49975e-05	0.0	0.0	0.0	0.00185858	0.000416412	4.78368e-06	0.0	0.0	0.0	1.63862e-05	0.0	0.0	0.000181072	0.000125718	0.000178205	0.0	0.000140649	8.401e-05	0.000200804	0.000103225	0.0012962	0.0	9.29959e-05	0.0	2.30851e-05	6.15671e-05	0.000528024	0.00171891	0.000106913	0.0	0.000509718	0.0	0.000459037	0.0	0.0	0.000102239	0.0	0.000769566	9.2718e-05	0.0	0.000504387	0.0	0.0	0.0	0.000245491	0.000183674	0.0	2.81794e-05	0.000911672	0.0	0.0	0.000586143	0.0024737	0.001844	0.000116258	0.000205763	4.25335e-05	0.000385413	0.0	1.8085e-05	0.000111659	0.00118705	0.00116516	0.0	0.00226809	0.00174442	0.00108468	0.000433358	0.00057534	0.0	0.000176349	0.000563285	0.00107095	5.28427e-05	0.000585111	0.0	0.000715337	0.000160221	0.00080549	0.00045506	0.000101678	0.000564325	0.00074557	8.91383e-05	0.000492995	0.00198114	2.89918e-05	0.000511392	0.000306737	3.99478e-05	0.0	0.000163957
P124-PWY: Bifidobacterium shunt	0.000307456	0.00081904	0.000201619	0.000208546	0.00565964	0.000153557	0.0	0.00275321	0.00114197	0.000198557	0.0	4.65833e-05	0.000620618	3.44334e-05	0.0	0.0016725	0.0	0.0	0.000130424	0.000520232	0.0	0.000211477	0.000361187	0.0	0.0	0.0	0.000154058	0.0	9.68587e-05	0.000569815	0.0	1.45983e-05	0.000195186	0.0	0.0	0.0	0.0	0.000112885	2.38152e-06	0.00026705	4.61023e-05	3.89845e-05	4.16965e-05	0.000620347	0.00229027	0.0	5.22147e-05	6.91456e-05	0.0	0.00078329	0.00104549	0.00160202	0.000180921	0.0	0.000482866	0.000114076	0.0	0.00272338	5.6227e-05	0.00167737	0.0	0.000378172	0.00629367	0.000131446	0.000247221	0.000154653	0.000588786	8.31589e-05	0.0	0.0	0.0	0.000510945	5.38401e-05	0.0	0.0	0.0	6.7075e-05	0.0	0.00135478	3.4237e-05	0.000639288	0.0	0.0	0.0	0.0	0.00255697	0.000863206	0.0	0.000126716	0.000715163	0.000234293	0.0	0.000264948	0.000551415	0.000274303	0.00082013	0.000371558	0.0	0.00152636	0.0	0.000461184	0.000464948	0.000127813	0.000434369	0.0	0.000124642	0.00047465	0.00011196	0.00041051	0.0	0.000212975	0.000436402	0.000268894	0.000977467	0.000206924	0.000313664	6.91717e-05	0.001201	0.00116356	0.0024688	0.000344172	0.000645675	0.000436059	0.000793559	2.31344e-05	0.00153842	8.95506e-05	0.000111357	0.0	1.84387e-05	0.0	0.000282578	0.0	0.0	0.000877827	0.0	0.0	4.34493e-05	0.0	0.0	0.0	0.00167423	9.65449e-05	6.46814e-05	0.000471232	0.000318448	0.000254778	0.00046556	0.000154988	0.000332619	0.0	0.000494766	6.90918e-05	0.000386305	6.52722e-05	0.00267888	0.00574158	0.000618773	0.0	0.0	0.0	0.0	3.929e-05	0.000117314	0.000282896	0.0	0.0	9.28557e-05	6.50924e-05	0.000166956	0.000115031	4.22612e-05	0.000733348	9.01981e-05	0.000624436	0.000329008	0.0	4.03043e-05	0.00276787	0.0012386	0.000313765
P125-PWY: superpathway of (R,R)-butanediol biosynthesis	0.0	2.07372e-05	0.0	0.0	0.00085405	0.000224674	0.0	0.000385333	5.9347e-05	0.0	0.0	0.0	4.22495e-05	2.16964e-05	0.0	0.0	0.0	0.0	0.0	1.50241e-05	0.0	0.0	0.0	0.0	1.56577e-05	0.0	0.0	0.000129808	7.3975e-06	0.0	0.0	0.0	0.0	0.0	0.0	0.0	0.0	0.000150432	3.4719e-05	0.0	1.35308e-05	0.0	0.0	4.75614e-05	0.000488669	0.0	0.000104802	0.0	0.0	0.0	0.000350461	0.0	5.72831e-05	0.0	4.81915e-05	0.0	0.0	0.0	0.0	9.83725e-05	0.0	0.0	0.00458025	0.0	3.56027e-05	0.0	0.0	0.0	0.0	0.0	0.0	0.0	0.0	0.0	3.95966e-05	0.0	0.0	0.0	0.0	1.14342e-05	0.0	0.0	0.0	0.0	4.87332e-05	0.0	0.0	1.00221e-05	2.01681e-05	0.0	0.0	0.0	2.46726e-05	0.0	0.000166222	0.0	0.0	0.0	0.0	0.0	0.0	0.0	0.0	0.0	0.0	4.21383e-05	0.0	3.07879e-05	0.000173277	0.0	0.0	3.12542e-05	0.0	0.0	2.22098e-05	0.0	0.0	0.000368156	0.0	6.35702e-05	0.0	0.0	0.0	0.0	0.0	0.0	0.0	0.0	0.0	0.0	0.0	0.0	0.0	0.000135553	1.75025e-05	0.0	0.0	5.33177e-05	0.0	0.0	0.0	0.0	0.000160442	0.000100307	0.0	1.75682e-05	0.0	0.0	0.0	0.000401033	0.0	2.10584e-05	0.0	0.000116757	0.0	0.000430744	0.000195398	6.58027e-05	0.0	7.84154e-05	0.0	0.000206621	5.81937e-05	1.66914e-05	1.51586e-05	0.000175065	4.4279e-06	1.84349e-05	1.37161e-05	0.0	4.58495e-05	2.58022e-05	0.0	6.87616e-05	0.000230388	0.0	1.87227e-05	0.0	0.0	0.0	6.99961e-05
P161-PWY: acetylene degradation (anaerobic)	0.00041388	0.00195108	0.000209435	0.000859172	0.00252964	0.00222139	0.000807559	0.000854588	0.000699638	0.000955298	0.00365027	0.00200449	0.00227779	0.00529252	0.00322694	0.000862145	0.0	0.000677519	0.00507405	0.000668594	0.00018407	0.000109049	8.53514e-05	0.00063273	0.00288394	0.00192152	0.000544943	0.00398624	0.00490683	0.00134017	0.000467801	0.000242222	0.000110161	0.00101899	0.00134824	0.00398211	0.000795115	4.52132e-05	0.00445475	0.00247647	0.000398896	0.000836003	0.00159449	0.0051862	0.00137886	0.000111861	0.00123593	6.30022e-05	0.000504826	0.000220856	0.00368405	0.0014056	0.00364961	0.00318517	0.000900013	2.62132e-05	0.00262051	0.00505889	0.000513713	0.00519821	0.000242009	0.00583407	0.0	0.00334826	0.000202523	0.000286722	0.000176535	0.0	0.00247754	0.000197733	0.00047679	0.000701022	0.000318227	0.000142603	0.00134073	0.0009535	0.000280343	0.000258208	0.000452882	0.00121489	0.000893326	0.00056839	0.0	0.000463534	0.000281617	0.000221317	0.000229312	0.00109643	0.00038067	0.000145553	0.000161074	0.000364002	0.00392831	0.00163818	0.0001178	0.000749298	0.000151965	0.00033054	0.000312262	0.000130401	0.000298592	0.000285664	0.00049532	0.000854271	0.000247632	0.00104981	0.000322163	0.00109996	0.000448546	0.00453975	9.02472e-05	4.62875e-05	3.62512e-05	0.000130994	0.000141945	0.000303394	0.00544907	0.00105761	0.0	0.00243094	0.000257128	0.00108479	9.82196e-06	0.00018816	0.0015355	0.00042211	0.00110637	0.00026279	0.000103788	0.00281357	0.000205481	0.000126132	0.000671548	9.72253e-05	0.000217112	0.0	0.000556307	0.000428307	0.000111372	0.00038515	0.000999978	0.00526139	0.0028211	0.00125755	0.000446917	0.000850672	0.00187922	0.000120733	0.00086949	0.00103156	0.00606789	0.00487086	0.000337067	0.00479878	0.00480419	0.00458612	0.0019712	0.000857941	0.000342865	0.00100865	0.000832603	0.00146938	0.000542391	0.00266997	0.000206033	0.00149686	0.00019771	0.000479654	0.000670297	0.000282548	0.00197569	0.000301905	0.000432236	0.000165389	0.0045597	0.000841805	0.00193941	0.00289459	0.000289687	0.0	0.000605261
P162-PWY: L-glutamate degradation V (via hydroxyglutarate)	0.0	0.0	1.14423e-05	0.0	0.0	0.000133545	0.0	0.0	0.0	0.000110775	0.0	0.0	0.0	0.0	0.0	0.0	0.0	0.0	0.0	0.0	0.0	9.42557e-05	0.0	0.0	0.0	0.0	2.89441e-05	0.0	0.0	0.0	8.80314e-05	0.0	0.0	0.0	0.0	0.0	8.54662e-05	0.0	0.0	0.0	0.000128081	1.08314e-05	0.000248212	0.0	0.0	0.0	0.0	0.0	0.0	0.0	0.0	0.0	0.0	0.0	0.0	0.0	0.000181047	0.0	0.0	0.0	0.0	0.0	0.0	0.0	0.0	0.0	0.0	0.0	0.000381894	0.0	8.56407e-05	9.27186e-05	0.0	0.0	0.000143922	0.0	0.0	0.0	3.46505e-05	0.0	1.27979e-05	0.0	0.0	0.0	0.0	0.0	0.0	0.0	0.0	0.0	0.0	0.0	0.0	0.0	0.0	0.0	0.0	0.0	3.23653e-05	0.0	0.0	0.0	0.0	0.0	0.0	0.000157839	0.0	0.0	8.23356e-05	0.0	0.0	0.0	0.0	0.0	0.0	3.01758e-05	0.0	0.0	0.0	4.2327e-05	0.0	0.000105567	0.0	0.0	0.0	0.0	0.0	0.0	0.0	0.0	0.0	0.0	0.0	0.0	0.000115486	0.0	0.0	0.0	0.0	0.0	0.0	0.0	0.000120612	0.0	0.0	0.0	0.0	0.0	2.21363e-05	0.0	0.0	0.0	0.0	0.0	0.0	0.0	0.0	0.0	0.0	0.0	0.0	0.0	0.0	0.0	0.0	0.0	0.0	0.0	0.0	0.0	0.0	0.0	4.7705e-05	0.0	0.0	0.0	0.0	0.0	0.0	0.0	0.0
P163-PWY: L-lysine fermentation to acetate and butanoate	0.0	8.95865e-05	0.0	0.0	0.0	0.0	0.0	0.0	0.000190294	0.0	0.0	0.000104745	0.0	0.0	0.0	9.14893e-05	0.000389679	0.000150894	0.0	0.0	0.0	0.0	0.000185622	0.0	0.0	0.0	7.71081e-05	0.0	0.0	9.59776e-05	9.39224e-05	0.000111071	0.0	0.0	0.000104134	0.0	9.14869e-05	5.05456e-05	0.0	0.0	0.000394771	0.0	0.0	0.0	0.0	0.0	3.03649e-05	7.40252e-05	0.0	5.3707e-05	0.0	0.0	0.0	0.00140383	0.00034884	0.0	0.0	0.0	0.000109843	0.0	0.0	0.0	0.0	0.0	0.0	0.0	6.00182e-05	0.0	0.0	0.0	0.0	6.68574e-05	5.10738e-05	5.89987e-05	0.0	0.0	0.0	0.0	0.0	0.0	0.0	0.0	0.0	0.0	0.0	3.93988e-05	0.0	0.0	0.0	0.000101593	0.0	0.0	0.0	0.0	6.96214e-05	0.0	0.0	0.0	4.28202e-05	6.25236e-05	0.0	0.0	0.0	0.0	6.26968e-05	0.0	0.0	2.83811e-05	0.0	6.41202e-05	0.0	0.0	0.0	0.0	0.000112137	0.0	0.0	2.10902e-05	0.0	0.0	0.0	0.000240198	0.0	7.6876e-05	0.000231822	0.0	0.0	0.000201989	0.0	0.0	0.0	0.0	0.0	0.0	0.0	0.0	0.0	0.0	0.0	0.0	7.72731e-05	0.0	0.0	0.0	0.000126235	0.000873761	0.000106714	0.0	0.000333952	0.0	0.0	0.0	0.0	0.0	0.0	0.0	0.0	0.0	0.0	9.05849e-06	0.000372795	0.0	0.0	0.0	0.000128947	0.0	6.27765e-05	7.86277e-05	0.000167139	0.0	3.0387e-05	4.60241e-05	5.78726e-05	6.05648e-05	0.00016546	0.0	0.000251262	0.0	0.000297515	0.0	8.01628e-05
P164-PWY: purine nucleobases degradation I (anaerobic)	0.000569227	0.0056288	0.000888948	0.00106433	3.23861e-05	0.00126072	0.0	0.00479565	0.000670547	0.00101684	0.0	0.00141718	0.00248512	0.00272845	0.0	0.000839375	0.000771558	0.00135809	0.00117957	0.000434032	0.0	0.000638667	0.000572162	0.00045931	0.000909007	0.0	0.000524266	0.0028976	0.00110223	0.00184399	0.000408007	0.00125632	0.000810253	0.00155996	0.000953769	0.0	0.0	0.000686975	4.45789e-05	0.000675502	0.000579938	0.00104797	0.00124658	0.000832774	0.000184048	0.00128713	0.0011305	0.000651729	0.000677716	0.000375933	0.00235347	0.00118857	0.000308665	0.00138827	0.00196325	0.000466776	0.0	0.00398039	0.00102177	0.00151285	0.00166117	0.0	0.000147772	0.00528373	0.000241098	0.0	0.000112909	0.0	0.00146964	0.000393528	0.00121999	0.00138605	0.000150665	0.000702519	0.000611502	0.000734813	0.00164427	0.000715555	0.000657924	0.00133419	0.000497505	0.00217165	0.000153855	0.00109789	0.0	0.000314309	0.00103934	0.0	6.10502e-05	0.000275741	0.000238616	0.00123426	0.00113316	0.00191793	0.000594441	0.000109033	0.0007134	0.000122634	0.000407707	0.000405479	0.000528641	0.000420947	0.000568648	0.00192247	0.000617024	0.00153628	0.00110076	0.0	0.00115562	0.0010578	0.0	0.00102303	0.000160002	0.000519077	0.000388768	0.000838067	0.000989133	0.000833473	9.73376e-05	0.000914133	0.000152812	0.00114337	0.000394906	0.000337264	0.000937135	0.000492161	0.000954658	0.0	0.000179368	0.000407482	0.000118613	0.000191063	0.000773374	0.000242498	0.0	0.000148907	0.00100531	0.00108474	0.000111865	0.000117821	0.000833691	0.0	0.0014696	0.00149703	0.000412062	0.00118649	0.00139941	0.000283496	0.00057965	0.000316261	3.5026e-05	0.0	0.000127577	0.00073258	6.10258e-05	0.00175856	0.000545416	0.00113765	0.0	0.00135893	0.0005575	0.00124336	0.000947633	0.00244774	0.00112896	0.00141209	0.000573063	0.000844105	0.00154619	0.000735044	0.000810843	0.000769293	0.00127818	0.000534263	0.00212142	0.00113763	0.00136181	0.00537143	0.00122931	0.000214467	0.00121681
P185-PWY: formaldehyde assimilation III (dihydroxyacetone cycle)	6.58511e-05	5.79143e-05	0.000262513	6.01438e-05	1.6783e-05	0.0014738	0.000140836	0.0	6.65594e-05	0.000601566	0.0	8.5056e-05	0.000129958	0.00309612	0.0	0.000191618	0.000650717	4.03255e-05	0.000595458	0.000122074	7.3656e-05	0.000154604	5.74008e-05	5.68102e-05	0.0	0.0	0.000283138	0.000598282	7.02883e-05	4.11953e-05	0.000158354	0.000202686	0.000149161	0.000146475	6.94197e-05	0.00149615	0.000162661	0.000490648	0.0052725	8.39294e-05	0.000437238	5.88031e-05	0.00166433	0.00188326	0.000166536	9.34888e-05	6.63532e-05	0.000169911	0.0	2.25807e-05	0.00111966	0.000121044	0.00037922	0.000600328	0.000263063	8.10363e-05	0.00193575	0.00167758	0.000152652	4.85731e-05	9.38877e-05	4.30731e-05	0.00240985	0.000345296	9.35148e-05	7.25084e-05	6.24376e-05	0.0	0.0	0.0	0.0	0.000236829	2.14413e-05	2.25568e-05	0.000938189	0.000241183	0.000168591	4.31877e-05	0.000757763	1.92312e-05	7.04598e-05	0.0	0.000330882	3.49074e-05	8.95498e-05	5.81094e-05	0.000211726	0.00010245	0.0	7.54801e-05	0.0	0.0	0.000788351	3.23694e-05	0.000656367	1.77843e-05	6.68295e-05	5.36992e-05	0.00021746	0.000191858	0.0	5.25989e-05	0.0	7.31254e-05	6.09775e-05	0.000482368	0.000197893	0.000152878	4.02819e-05	0.00131218	3.25836e-05	0.000438576	6.11309e-05	5.89852e-05	0.000204156	0.00144193	1.96888e-05	0.000352736	0.0	8.07824e-06	5.07101e-05	2.942e-05	0.000253186	0.000141044	5.89452e-05	5.63075e-05	6.7721e-06	2.48841e-05	0.0	0.0	7.42174e-05	5.45529e-05	6.74528e-05	0.0	0.000181549	3.9547e-05	5.07528e-05	2.36445e-05	5.8208e-05	0.0	6.39886e-05	0.00493348	0.00167767	4.64664e-05	0.00058868	3.62058e-05	4.70805e-05	0.000227221	2.78145e-05	0.000358808	0.0010023	0.00320048	0.000148074	0.00117755	0.000999812	0.000947203	0.000229774	5.374e-05	0.0	0.00024141	0.000874778	0.000179777	0.000100316	0.00146185	0.000762808	0.00122238	0.000168713	0.000265518	0.000245164	6.86321e-05	0.00141927	0.000195639	0.000105687	3.92726e-05	0.00164742	0.0	0.00119994	0.000921154	0.000291368	0.000270921	0.000428892
P221-PWY: octane oxidation	0.0	1.76144e-05	0.0	0.000113541	0.000407237	1.73016e-05	5.50335e-05	0.00221643	9.21471e-05	7.11549e-05	0.00030924	1.11323e-05	2.69837e-06	0.00133029	0.000292755	3.54837e-05	0.0	5.20367e-06	0.000499265	7.53651e-07	0.0	0.0	0.0	7.23834e-05	5.62971e-05	4.13733e-05	1.55638e-05	0.000184453	0.000626197	0.00049838	4.23997e-05	0.0	2.12372e-05	7.16099e-05	0.000153623	0.0012271	1.26184e-05	0.0	6.48078e-05	0.000133737	1.20355e-05	2.70735e-06	0.000745243	0.000744735	0.00109466	0.0	8.26498e-05	1.19834e-05	1.31982e-05	0.0	0.000606531	0.00252025	0.000357292	0.0	0.000279466	0.0	0.000714392	0.000247152	9.53886e-06	0.00097734	0.0	0.000280725	0.00257402	9.9449e-05	0.0	0.0	0.0	0.0	0.000359526	0.0	1.7026e-05	0.000204629	0.0	0.0	0.0004151	9.68479e-05	0.0	0.0	3.88229e-06	3.65257e-05	4.0672e-05	0.0	0.0	0.0	1.33732e-05	0.0	0.0	0.000178618	0.0	0.0	0.0	0.0	0.000208214	8.003e-06	0.0	0.0	0.0	0.0	1.1508e-06	0.0	8.93252e-06	2.92266e-05	0.0	6.77396e-05	0.0	0.000318432	4.78678e-05	7.44268e-05	2.01443e-05	4.92369e-05	0.0	0.0	0.0	0.0	0.0	4.3585e-05	0.000660682	3.55989e-05	0.0	0.000160683	0.0	0.000177862	0.0	0.0	8.25674e-06	0.0	2.36984e-05	6.30232e-05	0.0	0.00011311	0.0	0.0	0.0	0.0	1.62517e-05	0.0	2.89498e-05	0.000153234	5.45725e-06	0.0	1.22334e-05	0.000394569	6.1425e-06	0.000128343	1.37471e-05	0.0	0.000181971	0.0	5.63951e-05	0.000390474	0.000643504	0.00011244	0.0	0.000760437	0.000426581	0.0003689	0.000196643	0.000413742	0.0	4.85859e-05	0.000118845	0.0	3.78532e-05	2.8621e-05	4.05494e-06	0.000253369	5.16594e-06	3.3733e-05	5.18558e-05	0.0	0.000799404	9.19182e-05	3.46021e-05	0.0	0.000371976	0.0	0.000454925	8.31232e-05	2.03169e-05	0.0	2.31746e-05
P23-PWY: reductive TCA cycle I	0.000274506	0.000425613	3.52206e-05	3.7859e-05	0.000202413	0.000421087	0.000309901	0.0	0.000345506	0.000289589	0.0	0.000198606	0.0	0.0	0.0	0.000243202	0.0	0.00041601	0.0	1.46212e-05	0.0	0.0	0.0	0.000368362	0.0	0.0	7.94387e-05	0.0	3.48892e-06	0.000922643	0.000353964	0.0	7.64743e-05	0.000347028	0.000346852	0.0	0.000274032	0.0	0.0	0.00125871	0.000379164	0.000114902	0.000489453	0.0	0.0	0.000145393	2.071e-05	1.75e-05	0.000308818	0.0	0.0	0.000175522	0.0	0.0	0.0	3.22097e-05	8.70149e-05	0.0	9.46527e-05	0.000489208	0.0	0.0	0.0	0.0	3.74409e-05	0.000133518	0.0	0.0	0.00078415	0.0	0.000110827	0.000182456	0.0	0.0	0.000826281	0.000212147	0.0	0.0	5.4206e-05	8.33407e-05	6.19672e-05	0.0	0.0	0.0	0.000163986	0.0	0.0	0.000204301	4.69943e-05	4.03208e-05	0.0	0.0	0.0	0.0	5.44916e-06	0.0	2.13205e-05	0.0	0.000352398	0.0	8.8821e-05	5.67186e-05	0.0	0.000254278	0.0	0.000214158	4.71857e-05	0.000338001	0.000151423	0.000622803	2.18865e-05	0.0	0.0	0.0	0.000298443	0.00065672	0.000219243	8.77812e-05	6.04039e-05	0.000727288	0.0	0.000320561	0.0	0.0	0.000709453	0.0	0.0	1.85926e-05	0.0	0.0	0.0	0.0	3.2755e-05	0.0	0.000336456	0.0	0.0	0.0	2.15839e-05	0.0	0.000617331	0.0	0.000476431	0.0	0.00041592	2.0909e-05	0.000671512	1.61286e-05	0.000106081	0.00031046	0.0	0.0	0.0	6.67427e-05	0.0	0.0	0.0	0.000431544	0.0	0.000260964	5.94414e-05	0.000837738	0.000202681	0.0	0.0	0.000449746	0.000235791	0.000253093	0.000441323	0.000105626	0.000209075	4.71209e-05	0.000149402	0.000554276	0.00019419	4.46774e-05	0.000397708	0.0	0.000131514	0.0	0.000149331
P241-PWY: coenzyme B biosynthesis	0.0	0.0	0.0	0.0	0.0	0.0	0.0	0.0	0.0	0.0	0.0	0.0	0.0	0.0	0.0	0.0	0.0	0.0	0.0	0.0	0.0	0.0	0.0	0.0	0.0	0.0	0.0	0.0	0.0	0.0	0.0	0.0	0.0	0.0	0.0	0.0	0.0	0.0	0.0	0.0	0.0	0.0	0.0	0.0	0.0	0.0	0.0	0.0	0.0	0.0	0.0	0.0	0.0	0.0	0.0	0.0	0.0	0.0	0.0	0.0	0.0	0.0	0.0	0.0	0.0	0.0	0.0	0.0	0.0	0.0	0.0	0.0	0.0	0.0	0.0	0.0	0.0	0.0	0.0	0.0	0.0	0.0	0.0	0.0	0.0	0.0	0.0	0.0	0.0	0.0	0.0	0.0	0.0	0.0	0.0	0.0	0.0	0.0	0.0	0.0	0.0	0.0	0.0	0.0	0.0	0.0	0.0	0.0	0.0	0.0	0.0	0.0	0.0	0.0	0.0	0.0	0.0	0.0	0.0	0.0	0.0	0.0	0.0	0.0	0.0	0.0	0.0	0.0	0.0	0.0	0.0	0.0	0.0	0.0	0.0	0.0	0.0	0.0	0.0	0.0	0.0	0.0	0.0	0.0	0.0	0.0	0.0	0.0	0.0	0.0	0.0	0.0	0.0	0.0	0.0	0.0	0.0	5.53606e-05	0.0	0.0	0.0	0.0	0.0	0.0	0.0	0.0	0.0	0.0	0.0	0.0	0.0	0.0	0.0	0.0	0.0	0.0	1.83128e-05	0.0	0.0	0.0	0.0
P4-PWY: superpathway of L-lysine, L-threonine and L-methionine biosynthesis I	0.000235186	0.000456957	0.000295962	0.000590777	0.000244121	0.0023798	0.000599798	0.0023232	0.000960869	0.000712602	0.00288701	0.00176644	0.00154224	0.00330453	0.00213979	0.00143179	0.0	0.00120522	0.0027024	0.000130172	0.0	6.22012e-05	0.00014363	0.000266449	0.00290172	0.00146548	0.000344225	0.00288355	0.00247328	0.00138059	0.000443984	5.77681e-05	0.000244016	0.000980761	0.00157311	0.00403897	0.000662656	0.0	0.00463247	0.00248362	0.000488564	0.000400223	0.00236666	0.00364475	0.00461286	0.000993808	0.00166647	0.0	0.00125208	0.000110665	0.00286192	0.00304844	0.00265211	0.0	0.000388129	0.00022778	0.00272192	0.00287673	0.000270725	0.00153921	0.00148044	0.00374388	0.00223157	0.00153408	0.0	0.000313928	0.0	0.0	0.00157025	0.0	0.00171598	0.0019067	0.0	0.0	0.00195796	0.000909388	0.0	0.0	0.000253779	0.00310148	0.000211335	0.000117494	0.0	0.0	0.000248042	0.0	0.0	0.00101765	0.000118178	0.000192092	0.0	0.0	0.00346364	0.00215093	0.000147712	0.0	0.000217401	0.0	0.000420664	0.0	0.000532383	0.000337978	0.000621	0.00123916	0.0	0.000972263	0.000442502	0.00093749	0.000965	0.00365739	0.0	0.0	0.0	0.00010029	0.000858018	0.0014612	0.00285997	0.00124917	0.0	0.00290761	0.0	0.0011036	0.00017695	0.0	0.00119211	0.000335688	0.0021496	7.80996e-05	0.0	0.00271773	0.0	0.0	0.0	0.0	0.000583816	0.0	0.00062755	0.00274312	9.07404e-05	0.0	0.00148638	0.00450677	0.00260331	0.000797974	0.000476946	0.000208092	0.00191352	9.66492e-05	0.000529831	0.000725036	0.00346441	0.00410096	0.000397585	0.00344248	0.00396334	0.00358294	0.00264591	0.00138485	0.0	0.00075022	0.000256813	0.00159076	0.000453692	0.00230816	0.000182103	0.00205449	0.000298562	0.000459785	0.000656784	0.000683354	0.00224939	0.00234471	0.000571336	0.000295022	0.00370093	0.000480331	0.00133817	0.00263514	0.00065305	0.0	0.000940846
P41-PWY: pyruvate fermentation to acetate and (S)-lactate I	0.00280301	0.004797	0.00281675	0.00415024	0.00267478	0.00482486	0.00253078	0.00245174	0.00408378	0.00381391	0.000492303	0.00351613	0.00694375	0.00493847	0.00193044	0.00349228	0.00170256	0.00324939	0.000998576	0.00314583	0.00126052	0.00414739	0.00207929	0.00294197	0.00221087	0.00417394	0.00207627	0.00294369	0.00230432	0.00107761	0.00162954	0.0038132	0.0026622	0.00134745	0.00310998	0.00239333	0.0027182	0.00450952	0.00165011	0.00111805	0.00266281	0.00144044	0.00206771	0.00300301	0.00185037	0.00263896	0.00426081	0.00205412	0.00270599	0.00276529	0.00419159	0.00105644	0.00191249	0.001873	0.00161405	0.00174288	0.00265624	0.00556503	0.00382185	0.001184	0.00217786	0.00116504	0.00884969	0.00296892	0.00127999	0.00185205	0.00241257	0.000365483	0.00271513	0.0010962	0.000806328	0.00190623	0.00176721	0.00109462	0.00177629	0.00269711	0.00358917	0.00345196	0.00308405	0.00170555	0.00371307	0.00126703	0.00154481	0.00315149	0.00193311	0.00522221	0.00262013	0.000488228	0.00377877	0.00218432	0.000821282	0.00135451	0.00317317	0.00221752	0.00438116	0.00242421	0.00629078	0.00295925	0.0039244	0.00198677	0.00229412	0.00370817	0.00199919	0.00244723	0.0037569	0.00221186	0.00218926	0.00263134	0.00411377	0.00292864	0.00106535	0.00338539	0.00166625	0.00613951	0.00323633	0.00346951	0.00140015	0.0043064	0.00215856	0.00437471	0.00324858	0.00304212	0.00333525	0.00260564	0.00222741	0.00355721	0.00268296	0.00126716	0.00137804	0.00145708	0.00145758	0.00324018	0.0015513	0.000911959	0.00232481	0.00066111	0.00355988	0.00198112	0.0011067	0.000702464	0.00162259	0.00208595	0.0044207	0.00126173	0.00265122	0.00190683	0.00173165	0.00153104	0.00344139	0.00896716	0.000450735	0.00175454	0.00187246	0.00252242	0.0021099	0.00529026	0.00860162	0.00390301	0.00325718	0.00278429	0.00397764	0.00254823	0.00360977	0.00335585	0.00383372	0.00205156	0.00498577	0.00310819	0.0041643	0.0028843	0.0032734	0.00260939	0.00367829	0.0028554	0.0016461	0.00336828	0.00338659	0.00262921	0.0073275	0.00413873	0.00229772
P42-PWY: incomplete reductive TCA cycle	0.000971324	0.00218083	0.000764128	0.000372607	0.000567427	0.000872422	0.00062449	0.0	0.00241159	0.00112032	0.0	0.000605645	0.000259325	0.000716881	0.000852549	0.00137068	0.00169847	0.000894544	0.00111671	0.00142929	0.002685	0.000488186	0.000562804	0.0021957	0.00103611	0.000664997	0.000140046	0.00185369	0.00103958	0.00152707	0.000991237	0.000733403	0.00144406	0.000702994	0.000753805	0.0	0.000511615	0.00202202	2.84511e-05	0.00120595	0.00130157	0.000198197	0.00107409	0.000993929	0.00118734	0.000199715	0.000729472	0.000550148	0.000424829	0.000456786	0.000744371	0.000615737	0.000811789	0.00165322	0.00143837	0.000628906	0.0012546	0.000871751	0.00077973	0.00305332	0.000662236	0.000101783	0.00216801	0.000616998	9.47085e-05	0.00061297	0.000579086	0.000274103	0.0011843	0.000135775	0.000585562	0.00109739	0.000614594	0.00119296	0.00120406	0.000802361	9.27476e-05	0.00112505	0.00129884	0.000639705	0.00162306	0.000123824	0.000272885	0.000294152	0.00105569	0.00108811	0.00115733	0.000343593	0.000179792	0.00112173	0.000433494	0.00186691	0.00125489	0.000718574	0.0019415	0.000778026	8.3288e-05	0.000666068	0.000773775	0.0010539	0.000695066	0.000279636	6.21049e-05	0.0022613	0.00167531	0.00119497	0.000986438	0.000895338	0.000770555	0.00232433	0.000225711	0.0	0.000567537	0.000146334	0.00132405	0.00222355	0.000649902	0.00137353	9.11824e-05	0.000832782	0.00101318	0.0014168	0.00072881	0.00109128	0.000801554	0.000127671	0.00056975	0.00147538	0.00189279	0.00142091	0.00262222	0.000344679	0.0011197	0.000303946	0.000609577	0.000227499	0.000341409	0.00081658	0.000711603	0.0	0.00126132	0.000141144	0.000506577	0.000361888	0.000627117	3.3413e-05	0.001269	0.00116589	0.00118287	0.000589286	0.0	1.50323e-05	0.000362478	0.00111469	2.94245e-05	0.00107116	0.000404495	0.000596099	0.0	0.000660605	0.000544583	0.000914428	0.00163637	0.0012291	0.000493441	0.00107017	0.0017846	0.000692	0.00137213	0.000226873	0.000574916	0.00097575	0.000269373	0.000698438	0.00101782	0.000636185	0.00252847	0.00142978	0.00176584	0.000152365	0.00117413
P441-PWY: superpathway of N-acetylneuraminate degradation	0.00118225	0.0028114	0.000768012	0.00223924	0.00195542	0.00359866	0.00202018	7.46625e-05	0.00161547	0.00239034	0.00407889	0.00337128	0.00151846	0.00196317	0.00365822	0.00217641	0.0	0.00194197	0.00422594	0.00165841	0.000662608	0.000494203	0.000317004	0.00165562	0.00379912	0.0038037	0.0014992	0.0032207	0.00445877	0.00207758	0.00109173	0.00168661	0.00102078	0.00224617	0.00283493	0.00423445	0.00210561	0.000184775	0.00477139	0.00299951	0.00125767	0.00162503	0.00285857	0.00341532	0.00259429	0.00196764	0.00283353	0.000558713	0.00211362	0.000752626	0.00348919	0.00199579	0.00391569	0.00215613	0.00166061	0.00035449	0.00331751	0.00312421	0.00149155	0.00310683	0.00233935	0.00370518	0.0	0.00292601	0.000682283	0.000915412	0.000672654	0.0	0.00333279	0.000515231	0.00154355	0.00184475	0.000676241	0.000509128	0.00229073	0.00203625	0.00116109	0.0013359	0.00136281	0.00317666	0.00244044	0.000846796	0.0	0.00131994	0.000896201	0.00224863	0.000765386	0.00202291	0.00125574	0.000542884	0.000481991	0.000734988	0.00388149	0.00307615	0.000447481	0.00161139	0.000717898	0.00106866	0.00106103	0.000471847	0.000978181	0.00131053	0.00116267	0.00205086	0.00110609	0.00221176	0.00106428	0.00229874	0.00138848	0.00390587	0.000344382	0.000710692	0.000148903	0.000699746	0.000526332	0.00156704	0.00454113	0.00223092	0.00063523	0.00398317	0.000862643	0.00249079	0.000530006	0.000706282	0.00237583	0.001357	0.0033748	0.000882136	0.000373572	0.00384828	0.000675968	0.00047983	0.000685177	0.000770777	0.000773112	0.0	0.00178363	0.00327782	0.000505846	0.000657654	0.0019524	0.00449853	0.00381868	0.00235112	0.0013358	0.00187102	0.00261838	0.000430511	0.00217153	0.00161374	0.00418075	0.00421098	0.000978669	0.00398262	0.00363941	0.00371223	0.00189619	0.00205989	0.00119361	0.00230105	0.00232579	0.0028974	0.00162811	0.00262666	0.00122122	0.00337204	0.000751412	0.00234126	0.00223632	0.00167413	0.00364403	0.00373479	0.00136174	0.00215303	0.00423829	0.00192117	0.0033243	0.00259553	0.00206368	0.000392715	0.00154372
P461-PWY: hexitol fermentation to lactate, formate, ethanol and acetate	0.000764704	0.000194009	0.00028504	0.00116492	0.00461321	0.00228915	0.00125649	0.000163503	0.000842647	0.00105174	0.00769156	0.00255829	0.00379814	0.00430753	0.00467183	0.00107732	0.0	0.00121222	0.005844	0.000513302	0.000319642	0.000113817	0.000546787	0.000951843	0.00487226	0.00240369	0.000583827	0.00438878	0.00492185	0.00279875	0.000727019	0.000450858	0.000472726	0.00110911	0.00217843	0.00499092	0.00101466	8.20209e-05	0.00555237	0.00390184	0.000462027	0.000703139	0.00300167	0.00350319	0.00279215	0.00090759	0.0028211	0.000729582	0.00168677	0.000453603	0.00332784	0.00174585	0.0046373	0.0	0.00138027	0.000545755	0.00308835	0.00276392	0.00074088	0.00157599	0.000780631	0.00794482	0.00285881	0.00159266	0.000232465	0.000627238	0.000254468	0.0	0.00365747	0.000205726	0.00227441	0.00151096	0.000425717	0.000305518	0.00196376	0.00177423	0.000373512	0.000308621	0.000464471	0.00370155	0.000162676	0.000265934	0.0	0.000426862	0.000700974	0.000286048	0.0006999	0.0015977	0.00039077	0.000313497	0.000177192	0.000728054	0.00433096	0.00236044	0.00025063	0.000422676	0.000194465	0.000607755	0.000637992	0.000243233	0.000493828	0.000422297	0.000688221	0.00109303	0.000471861	0.000822554	0.000390495	0.00160121	0.000634172	0.00415799	0.000131884	8.25719e-05	0.000345109	0.000172654	0.00150371	0.000764788	0.00518771	0.00128913	0.000313462	0.002473	0.000333666	0.00140874	0.000251912	0.000164597	0.00216404	0.000233887	0.00242825	0.000570883	0.00034603	0.00442137	0.000339914	0.000145443	0.00111961	0.000121455	0.000413665	0.0	0.00100551	0.0037812	0.000600142	0.000108679	0.00195719	0.00467053	0.00255691	0.00203395	0.000845666	0.000210254	0.00326865	0.000222368	0.0014315	0.000750163	0.00580463	0.00645079	0.00059242	0.00509617	0.00445897	0.00325881	0.00288826	0.00114002	0.000353613	0.00118754	0.000615663	0.00193461	0.000686357	0.00634264	0.00053422	0.00231897	0.00070056	0.00086554	0.000919643	0.000419599	0.00253624	0.00316635	0.00064941	0.000238541	0.00292828	0.000615515	0.00231069	0.00488834	0.000636803	0.00023759	0.000736631
P562-PWY: myo-inositol degradation I	0.0	0.0	0.0	0.0	0.0	0.0	0.0	0.0	0.0	0.0	0.0	0.0	0.000148514	0.000128264	0.0	0.0	0.0	0.0	0.0	0.0	0.0	0.0	0.0	0.0	0.0	0.0	0.0	0.00011045	2.29093e-05	0.0	0.0	0.0	0.0	0.0	0.0	0.0	0.0	0.0	0.0	0.0	3.58667e-05	0.0	0.0	4.66584e-05	0.00161627	0.0	0.0	0.0	0.0	0.0	0.000109552	0.0	0.0	0.0	0.0	0.0	1.97585e-05	0.00059494	0.0	6.75284e-05	0.0	0.0	0.0	0.0	0.0	0.0	0.0	0.0	0.0	0.0	0.0	2.59828e-05	0.0	0.0	0.0	0.0	0.0	0.0	0.0	0.0	0.0	0.0	0.0	0.0	0.0	0.0	0.0	0.0	0.0	0.0	0.0	0.0	0.000477912	0.0	0.0	0.0	0.0	0.0	0.0	0.0	0.0	0.0	0.0	0.0	0.0	0.0	0.0	0.0	0.0	0.0	0.0	0.0	0.0	0.0	0.0	0.0	0.0	6.20052e-05	0.0	0.0	0.0	0.0	0.0	0.0	0.0	0.0	0.0	0.0	0.0	0.0	0.0	0.0	0.0	0.0	0.0	0.0	0.0	0.0	0.0	0.0	0.0	0.0	0.0	3.94914e-05	0.0	0.0	0.0	0.0	0.0	0.0	0.0	0.000290613	0.0	8.48772e-05	0.000736781	5.72962e-05	3.12482e-05	0.0	0.0	0.0	0.0	0.0	0.0	0.000221388	0.0	0.0	0.0	0.0	0.0	0.0	0.0	0.0	0.0	0.0	0.0	0.0	0.0	0.0	0.0	0.0	0.0
P621-PWY: nylon-6 oligomer degradation	0.0	0.0	0.0	5.64946e-05	0.000198529	0.000524762	0.0	0.00131465	0.0	0.0	0.0	0.0	0.00119715	0.00119013	0.0	0.0	0.0	0.0	0.0	7.42167e-05	0.0	2.57937e-05	0.0	0.0	0.0	0.0	0.0	0.000461643	1.2175e-05	0.0	0.0	0.0	0.0	0.0	0.0	0.0	2.88831e-05	0.0	4.58883e-05	0.0	0.0	0.0	0.0	6.18759e-06	0.0	0.0	2.91689e-05	0.0	0.0	0.0	0.000533511	0.0	3.52166e-05	0.0	0.0	0.0	0.000208181	0.000117426	0.0	0.0	0.0	0.0	0.0	1.08257e-05	0.0	0.0	0.0	0.0	0.0	0.0	0.0	0.0	0.0	0.0	0.0	0.0	0.0	0.0	0.0	0.0	2.00381e-05	0.0	0.0	0.0	8.26538e-05	0.0	0.0	0.0	0.0	0.0	0.0	0.0	0.000221635	0.0	0.0	0.0	0.0	0.0	0.0	0.0	0.0	0.0	0.0	0.0	0.0	0.0	0.0	3.18151e-05	0.000249472	0.0	0.0	0.000178685	0.0	0.0	8.64617e-05	0.0	7.12599e-06	0.000282671	0.0	1.75424e-05	0.0	0.0	0.0	0.0	0.0	2.35966e-05	0.0	0.0	0.0	0.0	0.0	0.0	0.0	0.0	0.0	0.0	0.0	0.0	0.0	0.0	0.0	0.0	0.000418889	0.000258685	0.000135953	0.0	0.0	0.0	0.0	8.17567e-05	0.0	3.88798e-05	0.0	7.85659e-05	4.76602e-05	0.000306603	0.000554433	0.0	0.0	5.72001e-05	0.0	0.0	0.0	5.81136e-06	0.0	0.0	0.0	0.0	0.0	0.0	1.47728e-05	0.0	0.0	0.0	0.0	0.0	0.0	2.50285e-05	0.0	0.0	7.39524e-05
PANTO-PWY: phosphopantothenate biosynthesis I	0.00954618	0.00471427	0.00952598	0.00621483	0.00625856	0.00523771	0.00646426	0.00545119	0.00668665	0.00691074	0.00288518	0.00579124	0.000797345	0.0031056	0.00601336	0.00770593	0.0107421	0.00600209	0.00348776	0.00837835	0.00918352	0.00901571	0.0124674	0.00803246	0.00411321	0.00620811	0.00761362	0.00425027	0.00553959	0.00773985	0.0113312	0.00815851	0.00919112	0.00806415	0.00625557	0.00264744	0.00721427	0.00874487	0.00418692	0.00669111	0.00768867	0.01174	0.00584713	0.00290918	0.00344984	0.00770952	0.00472766	0.00824184	0.00651963	0.00797944	0.0045382	0.00584671	0.0047828	0.0083557	0.010381	0.00938395	0.00607753	0.00171646	0.00829342	0.00803513	0.00677622	0.00203348	0.00584922	0.00433216	0.00922476	0.0102408	0.00960981	0.00723597	0.00548311	0.0132253	0.00855428	0.00743667	0.00725379	0.00871066	0.00560784	0.00728257	0.00922717	0.00916105	0.00756576	0.00457161	0.00796974	0.0107315	0.00996757	0.00687261	0.00765457	0.00463009	0.0101588	0.0058621	0.00545752	0.0067386	0.00750914	0.0110632	0.0043732	0.00659284	0.0085631	0.00913107	0.00735459	0.00733733	0.00674572	0.00863378	0.00807156	0.00806332	0.0088864	0.00706902	0.00632999	0.00901916	0.00786863	0.00624816	0.00431487	0.00441602	0.009108	0.0100041	0.00834281	0.00708186	0.00560311	0.00694692	0.00363298	0.0066417	0.00723574	0.00420978	0.00740771	0.0066699	0.00776661	0.00801546	0.00869468	0.00707827	0.00554009	0.00878235	0.00948686	0.00440652	0.00952572	0.00799435	0.00903305	0.0103473	0.00583756	0.00535396	0.0106937	0.00518758	0.00725739	0.0111863	0.00711355	0.00355839	0.005373	0.00726319	0.00617246	0.00984614	0.00589956	0.00913208	0.00789743	0.00612275	0.00377401	0.00355996	0.00874779	0.00372923	0.00400947	0.00345643	0.00171524	0.00724529	0.00843045	0.00848305	0.00789562	0.00576592	0.00736624	0.0023808	0.00767403	0.00527165	0.00762554	0.00655519	0.00628821	0.0079888	0.00535676	0.00542191	0.00797815	0.0067625	0.00420736	0.00732105	0.00781665	0.00337257	0.00460159	0.00801993	0.00827562
PANTOSYN-PWY: superpathway of coenzyme A biosynthesis I (bacteria)	0.00966507	0.00508375	0.00949697	0.00662187	0.00606602	0.0053137	0.00661445	0.00419483	0.0058944	0.0073796	0.00283843	0.00549705	0.00106304	0.00275013	0.00447449	0.00743645	0.0110139	0.0056445	0.0028496	0.00859864	0.00831101	0.00895292	0.0113133	0.00811787	0.00376598	0.00517506	0.00791141	0.0027726	0.00399489	0.00759848	0.0110831	0.00857655	0.00935886	0.00713446	0.00566978	0.00271098	0.00735886	0.00898577	0.00402045	0.00646113	0.00816553	0.0102849	0.00531816	0.00248104	0.0034936	0.00768744	0.00480033	0.00893081	0.00648773	0.00890479	0.00437118	0.00466477	0.00403725	0.0079701	0.00891974	0.00984874	0.00631676	0.00176876	0.00823978	0.00787751	0.00676337	0.00209989	0.00592043	0.00416508	0.00743055	0.00903883	0.00901476	0.00795646	0.00529553	0.00944549	0.00662858	0.00501521	0.00787254	0.00821242	0.00514072	0.00653426	0.00882403	0.00842258	0.00777277	0.00381941	0.00804337	0.00905901	0.00849072	0.0068372	0.00788895	0.00589775	0.00929091	0.00508564	0.00507105	0.00709337	0.00756322	0.00922308	0.00334154	0.00522043	0.00924776	0.0100047	0.00757757	0.00793743	0.00699135	0.00907928	0.00887161	0.00811216	0.00628778	0.0066003	0.0069449	0.00761288	0.00764522	0.00688387	0.00502289	0.00373554	0.00970771	0.00792565	0.00849733	0.00730745	0.00578518	0.00678899	0.00340762	0.00727569	0.00683155	0.00435677	0.00825786	0.00623592	0.00792537	0.00841985	0.00822069	0.00724006	0.00529841	0.0089512	0.0101635	0.00372604	0.00890375	0.00756993	0.00965128	0.00928907	0.00687429	0.00809004	0.00887401	0.00431177	0.00768709	0.0103495	0.00727526	0.00315342	0.00535792	0.00696771	0.00655034	0.00855	0.00544107	0.00925896	0.00705259	0.00670119	0.00243197	0.00274687	0.00844781	0.00309214	0.00344606	0.003167	0.00139606	0.00727447	0.00853594	0.00819511	0.00793068	0.00580008	0.00800252	0.00154952	0.0086037	0.00554877	0.00812213	0.00715525	0.00701513	0.00799356	0.00519153	0.00549678	0.00853485	0.00763935	0.0030871	0.00840143	0.00712796	0.00363052	0.00542114	0.00811994	0.00834155
PENTOSE-P-PWY: pentose phosphate pathway	0.0027793	0.00498141	0.00393322	0.00380822	0.00830063	0.00409601	0.00325247	0.0040826	0.00301956	0.00317391	0.00422499	0.00465009	0.00661861	0.00693326	0.00561548	0.00371767	0.00434903	0.00283969	0.0047252	0.0026858	0.00418277	0.00367284	0.00231476	0.00246424	0.00507668	0.0048833	0.00226585	0.00546585	0.00503341	0.00334438	0.00253722	0.00337798	0.00357137	0.00409477	0.00368494	0.00535081	0.00526842	0.00359207	0.00458154	0.00309516	0.00104167	0.00411065	0.00551875	0.00546956	0.00618277	0.00439089	0.00343963	0.00311613	0.00505845	0.00283738	0.00514931	0.003984	0.00587155	0.00504465	0.00419857	0.00368588	0.00268385	0.00658227	0.0044153	0.00331866	0.00576014	0.00239753	0.00578593	0.00745783	0.001653	0.00391251	0.00193755	0.00151564	0.00441428	0.00432369	0.0053398	0.00377032	0.00187628	0.00325057	0.00199285	0.00266052	0.00559686	0.00489627	0.00188031	0.0040918	0.00287017	0.00553468	0.000368616	0.00353385	0.00325123	0.00338671	0.00351601	0.00207918	0.00312522	0.00335052	0.00156193	0.00378	0.0048807	0.00513592	0.00367176	0.00249529	0.00483987	0.00462953	0.0031719	0.00197452	0.00116191	0.00319428	0.00276454	0.00392041	0.00293352	0.0052195	0.00258268	0.00361941	0.0039324	0.00322915	0.00197206	0.00686863	0.00307137	0.00466079	0.00109906	0.00401217	0.00439415	0.0045637	0.00129661	0.00447583	0.000711632	0.00427159	0.00336205	0.00437849	0.00239548	0.00378701	0.00479696	0.00288362	0.00228925	0.00440822	0.00451251	0.0032224	0.00538941	0.00220918	0.00183403	0.000901775	0.0061677	0.00496557	0.00264058	0.00112611	0.00413155	0.00480554	0.00440553	0.0054029	0.00185368	0.00462493	0.00453143	0.00334028	0.00322656	0.00154124	0.00620176	0.00517847	0.00304194	0.00471588	0.00430311	0.00510533	0.00615034	0.00298083	0.00462064	0.00476406	0.00382324	0.00442895	0.00213721	0.00744983	0.00211814	0.00618372	0.00316377	0.00344924	0.00361177	0.00472091	0.00496964	0.00408703	0.00440821	0.0035179	0.00495132	0.00263529	0.00487425	0.0066849	0.0043904	0.00489422	0.00458898
PEPTIDOGLYCANSYN-PWY: peptidoglycan biosynthesis I (meso-diaminopimelate containing)	0.013157	0.0093144	0.011245	0.0102425	0.0114328	0.00774108	0.0105571	0.00663009	0.0133233	0.0109372	0.00588042	0.00779022	0.00888788	0.00507462	0.00620832	0.0101636	0.0133846	0.00905181	0.00410808	0.0120349	0.010569	0.0121428	0.0123484	0.0125929	0.00516528	0.0076829	0.0120138	0.00464766	0.00536423	0.00923562	0.0131205	0.0124031	0.0124655	0.00914737	0.00763097	0.00372824	0.0117107	0.0127351	0.00413318	0.0103856	0.0122488	0.0112657	0.00661862	0.00427561	0.00479775	0.00920287	0.00750751	0.0122084	0.00879763	0.0129221	0.00562229	0.00505952	0.00567285	0.00991864	0.00977481	0.0120129	0.00921428	0.0074955	0.0110354	0.00792169	0.00944791	0.00388395	0.010958	0.00706656	0.0136461	0.0115233	0.0129073	0.0112945	0.00963473	0.0117171	0.00869615	0.00803515	0.0129238	0.00968145	0.0121932	0.0108909	0.0100925	0.0113284	0.0121174	0.00580231	0.0109442	0.0114338	0.0134263	0.0138802	0.0105962	0.0114126	0.0129931	0.0131909	0.0101674	0.0122184	0.0211407	0.0118656	0.00477031	0.00735863	0.0130497	0.0118748	0.0108754	0.0120551	0.013085	0.013276	0.0163668	0.0106314	0.012455	0.00914345	0.0125579	0.00950689	0.0106223	0.0114768	0.00894613	0.00520961	0.0147101	0.0112757	0.0126173	0.0110366	0.0193175	0.0102983	0.00535724	0.00967828	0.0157347	0.00706742	0.0147067	0.00893312	0.0112438	0.0101798	0.0146264	0.00965757	0.00689914	0.011252	0.0116178	0.00599985	0.0113669	0.0129575	0.0147914	0.0110101	0.0140526	0.0200595	0.0110472	0.00568962	0.0132253	0.0162124	0.00977396	0.00426588	0.00720849	0.00809576	0.013894	0.0102162	0.00720251	0.0129659	0.0104564	0.011091	0.00388443	0.00365331	0.0118978	0.00460681	0.00372622	0.00600347	0.00987972	0.0113772	0.0107374	0.00919164	0.0101179	0.00776525	0.013048	0.00819482	0.0128864	0.00646739	0.0117491	0.00953642	0.00962412	0.0105037	0.00693496	0.00714323	0.0105203	0.0107277	0.00458607	0.0123128	0.00839691	0.00638301	0.00997366	0.00959453	0.00973935
PHOSLIPSYN-PWY: superpathway of phospholipid biosynthesis I (bacteria)	0.00356711	0.00106353	0.00500595	0.00415716	0.00170046	0.00419644	0.00383702	0.00365215	0.00391963	0.00377254	0.00529792	0.00447668	0.00268177	0.00390905	0.00489067	0.00438615	0.00123979	0.00459767	0.00444982	0.0034306	0.00591468	0.00317915	0.00361878	0.00576807	0.00512718	0.00432557	0.00561767	0.00498489	0.00472144	0.00425451	0.00205217	0.00437994	0.00274749	0.00415775	0.00460135	0.00543708	0.00356553	0.00427315	0.00429143	0.00320911	0.00375758	0.00419873	0.00403984	0.00406352	0.00513362	0.00362761	0.00469992	0.00635897	0.00455894	0.00453861	0.00389381	0.00403865	0.00456511	0.00467369	0.00742187	0.00479256	0.00382435	0.0025642	0.0044403	0.00467213	0.00359883	0.00377955	0.000541065	0.00383998	0.00532069	0.00416839	0.00492769	0.00435309	0.00542678	0.00119988	0.00501035	0.00456347	0.00550419	0.004166	0.00497932	0.00524625	0.00544846	0.00469297	0.001872	0.00504878	0.00286305	0.00219767	0.0074675	0.0036951	0.00449556	0.00291019	0.0011245	0.00391035	0.00260904	0.00425281	0.00164465	0.00212479	0.00394999	0.00442741	0.00463825	0.00475587	0.00238411	0.00489244	0.00384502	0.00441522	0.00348406	0.00310568	0.00463153	0.00448105	0.00393724	0.00294579	0.00220246	0.00446152	0.00360959	0.00410942	0.00365239	0.00301245	0.00474204	0.00247834	0.00197696	0.00259492	0.00447168	0.00446659	0.00709569	0.00460452	0.00305873	0.00369084	0.00470776	0.00524423	0.00278054	0.00416387	0.00474502	0.00460128	0.00447701	0.00530066	0.00668023	0.00307569	0.00325028	0.00297673	0.00195906	0.00142867	0.0048249	0.00496536	0.00490238	0.00319774	0.00448245	0.00356631	0.00424463	0.00407972	0.00276097	0.00452687	0.00466415	0.00344379	0.0034279	0.00199216	0.00485375	0.00408741	0.00506581	0.0047896	0.00380691	0.00412603	0.00222004	0.00360873	0.0058661	0.00439645	0.00269897	0.00426914	0.00396342	0.00347797	0.00571268	0.00511481	0.00374859	0.00513168	0.00446249	0.00351399	0.00386137	0.00609064	0.00394949	0.00362797	0.00508778	0.00515551	0.003726	0.00409136	0.00289141	0.00386268	0.0043649
POLYAMINSYN3-PWY: superpathway of polyamine biosynthesis II	0.000574927	0.000114013	0.000912751	0.000338223	6.58625e-05	0.000439003	0.000229467	0.0	0.000874278	0.000772732	0.0	0.000107919	0.0	3.97824e-05	0.0	0.000846522	0.0	0.00053434	0.0	0.000704973	0.000104857	0.000342239	4.56011e-05	0.000702828	0.000178791	0.000329123	5.43146e-05	0.0	0.000251195	0.00106196	0.0	8.7872e-05	0.000298178	0.000223275	0.000848369	0.0	0.000265052	0.000249428	0.0	5.22327e-05	0.00018013	2.23776e-05	0.000318857	2.79526e-05	0.0	0.000186011	0.000996178	3.60075e-05	0.00016295	0.0	3.54494e-05	0.000396956	0.000400081	0.0	0.000501938	0.0	0.00116842	0.0	0.000162148	0.00104816	0.000324512	3.74815e-05	0.0	0.000237964	0.000222014	0.000524891	0.0	0.0	0.0	0.0	5.79554e-05	0.000682711	0.000556762	3.51989e-05	0.000233291	0.000929504	0.0	0.0	0.000141918	3.95121e-05	0.00018312	0.0	8.36337e-05	0.000298806	0.000775785	0.0	0.0	0.000115219	0.0	0.000140115	0.0	2.43358e-05	2.01861e-05	0.000239851	0.000352014	2.94778e-05	3.20636e-05	2.56161e-05	0.00033101	0.0	0.0	0.000605899	0.000105054	0.000205967	9.65885e-05	0.000620339	0.0003898	0.000784402	0.000484593	0.0	0.000847132	0.0	0.0	3.16072e-05	0.000257765	0.000488231	0.000201872	0.000465318	0.0	0.000322515	0.000417531	0.000634843	0.000442379	0.0	0.0	4.82258e-05	0.000152379	0.000332897	0.000321509	1.00934e-05	0.0	6.10644e-05	0.0	0.000206108	0.00031829	0.0	0.000436647	6.8391e-05	0.000414823	0.0	0.000711005	0.0	0.000144777	0.0	0.000558108	0.000171673	0.0	0.000176104	0.000191145	0.000235116	0.0	0.0	0.0	2.07609e-05	0.0	0.0	0.0	0.000946125	0.0	0.0	0.000437191	0.000325247	0.000552785	0.0	0.000851991	0.000476985	0.000604871	0.000598537	0.0003707	0.000217709	0.000307864	0.000176252	0.000829585	0.000107687	0.0	0.000887984	0.000942896	0.0	0.000460701	0.000119048	3.41204e-05
POLYAMSYN-PWY: superpathway of polyamine biosynthesis I	0.000699279	0.000622146	0.000977585	0.00148644	0.00089783	0.0017058	0.00139657	0.0	0.00179458	0.00109566	0.00374756	0.00214683	0.000536927	0.00221042	0.00277606	0.00136596	0.000227929	0.00177061	0.00293746	0.000817921	0.00132179	0.000468046	0.000374243	0.00142486	0.00268314	0.0023274	0.000566104	0.00199611	0.00259419	0.00231522	0.000548383	0.000669928	0.000669251	0.00121445	0.0020807	0.00293511	0.00104372	0.000434583	0.00439634	0.00157513	0.000391854	0.000593603	0.002036	0.00225047	0.00370973	0.000962642	0.00195172	0.000222555	0.00155838	0.00028065	0.0015247	0.00271643	0.00213562	0.0	0.00149819	0.00036269	0.00255506	0.000627795	0.000599253	0.00159615	0.000530115	0.00276229	0.000127417	0.00224231	0.000619675	0.000780709	9.31526e-05	7.44579e-05	0.00149941	0.00011725	0.0012876	0.00115764	0.000641027	0.00013375	0.00208581	0.00175491	0.00139662	0.000379193	0.00123781	0.00344512	0.000309608	0.00040553	0.000159303	0.000497875	0.00189134	0.00110725	0.000669232	0.00144218	7.1117e-05	0.000515539	0.0	6.62343e-05	0.00231721	0.00207182	0.000536663	3.12362e-05	0.000788759	0.000286415	0.000342428	0.0	0.000482066	0.000981527	0.000605169	0.00101065	0.00232916	0.00165406	0.00153055	0.00165503	0.000619299	0.00161253	0.000829012	0.000408512	0.000174104	0.000629387	0.000286831	0.00133582	0.0030999	0.000652924	0.00029762	0.00230337	0.000446901	0.000978966	0.000665071	0.000337731	0.000998056	0.000113489	0.00226548	0.000774434	0.000358508	0.00287447	0.00149407	0.000455543	0.0	0.000247163	0.000604066	0.0	0.000829744	0.00307609	0.00124138	9.57446e-05	0.00152934	0.00381833	0.00174882	0.00115986	0.00119483	0.000226742	0.00223695	0.000177257	0.00069684	0.000544435	0.00371353	0.00410427	0.000395784	0.00281762	0.00331886	0.00142131	0.000738511	0.00156926	0.0	0.00067992	0.00114432	0.00192626	0.000882904	0.000556386	0.000926206	0.00139293	0.00110806	0.000945171	0.00139697	0.000563616	0.00201036	0.00187453	0.000862548	0.000699425	0.00178634	0.0011184	0.00140302	0.000630785	0.000859868	0.00109483	0.00064103
POLYISOPRENSYN-PWY: polyisoprenoid biosynthesis (E. coli)	0.00115435	0.000622465	0.0027325	0.00220698	0.000599048	0.00174279	0.00141033	0.00437236	0.000558037	0.00129604	0.00236756	0.00221727	0.00330402	0.00370408	0.00396832	0.00188994	0.0	0.00179894	0.00296886	0.000891071	0.00172103	0.00165923	0.000852474	0.00119112	0.00336467	0.00321222	0.000914835	0.00308206	0.00236793	0.0013139	0.000904507	0.00126944	0.00126059	0.00328309	0.00253246	0.00354137	0.00283016	0.00112145	0.00250903	0.001334	0.00058614	0.00277967	0.00307184	0.00335673	0.00119344	0.00423265	0.00312955	0.000871314	0.00196991	0.000437332	0.00301448	0.00186759	0.00255889	0.00314592	0.00190383	0.000907693	0.00138905	0.00359076	0.00248462	0.00141065	0.00496234	0.00132698	0.00327661	0.00130694	0.000427714	0.00171622	0.000581003	0.000941942	0.00215465	0.00288107	0.00323127	0.00191888	0.000920861	0.00158768	0.00123364	0.000846943	0.00288171	0.00243779	0.000504262	0.00248357	0.00151818	0.0041195	0.0	0.00155007	0.000809537	0.00050944	0.000253856	0.000793869	0.00309844	0.000812332	0.000297007	0.0016855	0.0025902	0.0031614	0.00101942	0.000888155	0.00175955	0.00145036	0.000346219	0.00118424	0.000179931	0.00183611	0.00064956	0.00228069	0.000693023	0.00314557	0.0019741	0.000792996	0.00175001	0.00275106	0.00103525	0.00420048	0.00157132	0.00146469	0.000395449	0.00161557	0.00280343	0.00170137	0.0	0.00130608	0.000417152	0.00160483	0.00163412	0.00159408	0.000843849	0.0012941	0.00308349	0.000777144	0.000459096	0.00326298	0.00197552	0.00100437	0.00271012	0.00186042	0.00113215	8.28615e-05	0.00195771	0.00427102	0.000448888	0.000260631	0.00150236	0.00206068	0.00207154	0.00246417	0.00082249	0.00236378	0.00180712	0.000548823	0.00142984	0.000732096	0.00355465	0.00256113	0.00142933	0.00284617	0.0021629	0.00195276	0.00138606	0.0011608	0.00164854	0.00278369	0.00327992	0.00165073	0.000947948	0.00296106	0.00114999	0.00198723	0.000944858	0.00243885	0.00175784	0.00253836	0.00273098	0.0021015	0.00195794	0.0016629	0.00327099	0.00178681	0.00222523	0.0049301	0.000176576	0.00274064	0.00228312
PPGPPMET-PWY: ppGpp metabolism	0.000720403	0.00370372	0.000101003	0.000183131	0.000368332	0.00129048	0.000174792	0.0	0.000175775	0.000323989	0.000562995	0.000454518	0.00010672	0.00155981	0.000310388	0.000317934	0.00206755	0.000175656	0.00193843	0.000219179	5.37e-05	0.000254366	4.16983e-05	0.000386642	0.0003306	0.00030288	0.000176726	0.00133632	0.000526203	0.000451951	0.000197503	0.000928215	0.000235308	0.000232453	0.000353311	0.00336519	6.49112e-05	6.02765e-05	0.00400987	0.00137103	0.000192663	4.99826e-05	0.000848744	0.00211259	0.00384773	0.000341607	0.000642038	1.45523e-05	0.000151429	0.000931078	0.000817739	0.00011984	0.000645356	0.0	0.00312767	0.000272942	0.00115785	0.000701057	9.54334e-05	0.00328144	0.000560618	0.00093902	0.0	0.000360128	9.28871e-05	6.1174e-05	0.0	0.0	0.000343935	0.0	4.69985e-05	0.000868471	0.0	0.0	0.000736096	9.91087e-05	4.82466e-05	0.000120597	1.2147e-05	0.000275973	0.000263932	0.0	0.0	0.000124924	6.05312e-05	0.000181923	8.93442e-05	0.000144543	5.28982e-05	3.73633e-05	0.0	0.0	0.00172231	0.000136718	6.86196e-05	0.0	0.000256777	0.000115623	0.000251852	0.000165055	0.000237655	0.000315636	1.55398e-05	0.000146248	9.24391e-05	0.000278336	9.50607e-05	0.000195417	0.000155152	0.00157693	0.0	0.00067277	4.30516e-05	0.000156595	0.00033737	0.000413619	0.000455372	0.000586358	3.93748e-05	0.000253164	0.0	0.000127212	0.000153955	7.17721e-05	0.000113978	0.000100585	0.000269023	2.61896e-05	4.77676e-05	0.000353243	5.44519e-05	0.0	6.0015e-05	0.000114758	0.000225371	0.0	0.00039412	0.00081705	1.38899e-05	2.94373e-05	0.000419383	0.00334666	0.00166859	0.000129334	0.000350362	0.000100263	0.000218078	5.22154e-06	7.47419e-05	0.00013074	0.001339	0.00312209	0.0	0.0014397	0.00352437	0.000602388	0.000271541	0.00041099	0.0	0.000698681	0.00110949	0.00043029	0.000413038	0.00111756	0.000629022	0.000804106	0.000765171	0.000586344	0.00191096	0.000248007	0.000945395	0.000451264	0.000225511	0.000808325	0.00276589	0.000501629	0.00107721	0.00113794	0.000351848	0.000242682	0.000689354
PROPFERM-PWY: superpathway of L-alanine fermentation (Stickland reaction)	0.000217615	0.0	0.0	2.2731e-05	0.0	3.70964e-05	0.000107005	0.0	0.0	0.0	0.0	4.78837e-05	2.27893e-05	0.0	0.0	0.000356445	0.0	0.00011774	0.0	0.0	0.0	0.000163553	0.0	0.0	0.0	0.0	0.0	0.0	9.9392e-06	0.0	0.0	0.0	0.0	0.00028268	0.0	0.0	0.0	0.0	0.0	0.0	0.0	0.0	0.0	0.0	0.0	2.6684e-05	4.1624e-05	0.0	2.91398e-05	0.0	3.079e-05	0.0	0.0	0.0	0.0	0.0	0.0	0.0	4.68435e-05	0.0	0.0	0.0	0.0	6.60979e-05	0.0	0.0	6.02297e-05	0.0	0.0	0.0	0.0	0.0	0.0	0.0	0.0	0.0	0.0	7.57204e-05	0.0	0.0	2.8701e-05	0.0	0.0	3.37186e-05	2.05979e-05	0.0	0.0	0.0	0.0	0.000128239	0.0	0.0	0.0	2.92783e-05	9.53314e-05	0.0	0.0	0.0	0.0	0.0	0.0	0.0	0.0	5.12932e-05	7.04196e-05	0.0	0.0	0.0	2.3807e-06	0.0	0.0	6.57587e-05	0.0	0.0	4.69137e-05	0.0	1.15341e-05	9.54783e-05	0.0	0.0	0.0	2.94248e-05	0.000104799	0.0	0.0	6.35081e-05	0.0	0.0	0.0	0.0	0.0	0.0	0.0	0.0	0.0	0.0	0.000106598	0.000155626	0.0	0.0	0.0	0.0	0.0	0.0	0.000139707	0.0	0.0	0.0	0.0	0.0	0.0	0.0	0.0	0.0	0.0	0.0	0.0	0.0	0.0	6.60788e-05	0.0	0.000137651	7.18904e-05	0.0	0.000174481	0.0	6.54098e-05	0.0	0.000101397	7.79877e-05	9.37373e-05	0.0	0.000110979	0.0	5.35367e-05	0.0	0.000103089	0.0	5.9173e-05	0.0	5.69784e-05
PROTOCATECHUATE-ORTHO-CLEAVAGE-PWY: protocatechuate degradation II (ortho-cleavage pathway)	5.89116e-05	2.30852e-05	0.0	1.63957e-05	0.0	0.000560411	0.0	0.00317518	0.000123486	1.98828e-05	0.0	1.10705e-05	0.0	0.00139787	0.0	3.44057e-05	0.0	3.73263e-05	0.0	0.0	0.0	0.0	0.0	0.0	0.0	0.0	1.62722e-05	0.0	3.48451e-06	0.000501999	0.0	4.59291e-05	2.47834e-05	0.0	4.16039e-05	0.00073463	0.0	0.0	0.0	6.37858e-05	0.0	0.0	0.000663294	0.000171155	0.000897349	0.0	0.0	3.93461e-05	0.0	0.0	0.000407506	0.00307647	0.000314408	0.0	0.000189797	0.0	0.000538791	2.26374e-05	0.0	0.000576549	0.000271143	0.0	0.0	0.000269022	0.0	0.0	0.0	0.0	0.0	0.0	0.0	1.34834e-05	0.0	0.0	0.000385429	0.0	0.0	0.0	0.0	0.0	0.0	0.0	0.0	0.0	0.0	0.0	0.0	0.0	0.0	0.0	0.0	0.0	0.000431793	0.0	3.01308e-05	0.0	1.73454e-05	0.0	9.64448e-06	0.0	0.0	0.0	0.0	0.0	0.0	0.000299783	8.26246e-05	1.50155e-05	3.33573e-05	0.0	0.0	1.18188e-05	0.0	1.70897e-05	1.42042e-05	0.0	0.0	0.0	0.0	1.17041e-05	0.0	0.0	0.0	0.0	0.0	0.0	1.24504e-05	0.0	0.0	0.0	0.0	0.0	0.0	0.0	3.18856e-05	0.0	0.0	1.26916e-05	0.0	0.0	0.0	0.0	0.000748147	0.0	0.0	0.0	0.0	0.0	0.0	4.84671e-05	0.00021127	0.0012393	0.0	0.000625502	0.000558045	0.000205098	0.0	0.000240649	0.0	2.06265e-05	0.0	5.65258e-05	2.33249e-05	8.97834e-06	0.0	0.000165935	1.67049e-05	7.69691e-06	4.81215e-05	0.0	0.00072051	0.0	1.11615e-05	0.0	0.0	0.0	0.000162137	0.0	0.0	0.0	5.2623e-06
PRPP-PWY: superpathway of histidine, purine, and pyrimidine biosynthesis	0.000243875	0.000437076	0.0	0.000624207	0.000782857	0.00241764	0.000772649	0.0	0.00103984	0.00123477	0.00219989	0.00148767	0.000632703	0.00168579	0.00234985	0.00071505	0.0	0.0011954	0.00266672	0.0	0.0	0.0	0.0	0.000573327	0.00224477	0.00155139	0.000667434	0.00194685	0.0024178	0.00148031	0.000624868	0.0	0.0	0.00123018	0.00158306	0.00323151	0.000697094	0.0	0.00384334	0.00272488	0.0010208	0.000472289	0.00177892	0.00211303	0.0022181	0.000667364	0.00165999	0.000107816	0.00108277	0.0	0.00183858	0.00112799	0.00210957	0.0	0.0	7.34315e-05	0.00269934	0.000761148	0.0	0.000818897	0.000754666	0.00131819	0.0	0.00163289	0.000263746	0.000461383	0.0	0.0	0.00153718	0.0	0.00156956	0.00239747	0.0	0.0	0.0013395	0.00114463	0.0	0.0	4.19515e-05	0.00261233	0.0	0.0	0.0	0.0	0.000444001	0.0	0.0	0.000941064	0.0	0.0	0.0	0.0	0.00327441	0.00143392	0.0	0.0	0.0	0.0	0.000161285	0.0	0.0	0.0	0.000328679	0.000832573	0.0	0.000691426	0.000177787	0.00069133	0.000498246	0.00277454	0.0	0.0	0.0	0.0	0.000970572	0.000789549	0.00243678	0.000314919	0.0	0.00174707	0.0	0.00089712	0.0	0.0	0.00117173	0.0	0.00206798	0.0	0.0	0.00217269	0.0	0.0	0.0	0.000346456	0.000712778	0.0	0.000824322	0.00248724	0.0	0.0	0.00164305	0.00392566	0.00284134	0.000943635	0.000569914	0.0	0.00190395	0.0	0.000482493	0.000405525	0.00260271	0.0033822	0.0	0.00255705	0.003623	0.00227338	0.00112195	0.0	0.0	0.000670873	0.000596668	0.0022041	0.000394429	0.00106659	0.0	0.00159036	0.000441178	0.00118941	0.00081175	0.0	0.0012526	0.00190891	0.00055449	0.00113098	0.0026885	0.0	0.00134142	0.00123788	0.000271053	0.000326906	0.000540237
PWY-101: photosynthesis light reactions	0.0	0.0	0.0	0.0	0.0	0.0	0.0	0.0	0.0	0.0	0.0	0.0	0.0	0.0	0.0	0.0	0.0	0.0	0.0	0.0	0.0	0.0	0.0	0.0	0.0	0.0	0.0	0.0	0.0	0.0	0.0	0.0	0.0	0.0	0.0	0.0	0.0	0.0	0.0	0.0	0.0	0.0	0.0	0.0	0.0	0.0	0.0	0.0	0.0	0.0	0.0	0.0	0.0	0.0	0.0	0.0	0.0	0.0	0.0	0.0	0.0	0.0	2.98551e-05	0.0	0.0	0.0	0.0	0.0	0.0	0.0	0.0	0.0	0.0	0.0	0.0	0.0	0.0	0.0	0.0	0.0	0.0	0.0	0.0	0.0	0.0	0.0	0.0	0.0	0.0	0.0	0.0	0.0	0.0	0.0	0.0	0.0	0.0	0.0	0.0	0.0	0.0	0.0	0.0	0.0	0.0	0.0	0.0	0.0	0.0	0.0	0.0	0.0	0.0	0.0	0.0	0.0	0.0	0.0	0.0	0.0	0.0	0.0	0.0	0.0	0.0	0.0	0.0	0.0	0.0	0.0	0.0	0.0	0.0	0.0	0.0	0.0	0.0	0.0	0.0	0.0	0.0	0.0	0.0	0.0	0.0	0.0	0.0	0.0	0.0	0.0	0.0	0.0	0.0	0.0	0.0	0.0	0.0	0.0	0.0	0.0	0.0	0.0	0.0	0.0	0.0	0.0	0.0	0.0	0.0	0.0	0.0	0.0	0.0	0.0	0.0	0.0	0.0	0.0	0.0	0.0	0.0
PWY-1042: glycolysis IV	0.0120815	0.0103328	0.0118402	0.0114487	0.00597975	0.0107892	0.0117998	0.00483414	0.0123507	0.0113338	0.00562032	0.00892403	0.00491421	0.00511002	0.00718168	0.0126029	0.0135002	0.0112668	0.00594212	0.0149416	0.0155087	0.0135211	0.00642607	0.0141233	0.00743515	0.00998579	0.011833	0.00461386	0.00701258	0.00697022	0.0149171	0.0109299	0.0117708	0.0113065	0.00948086	0.00670214	0.010181	0.013249	0.00630407	0.00732103	0.0164499	0.00925803	0.00902892	0.00582423	0.00633286	0.0117258	0.00998513	0.0112199	0.00816213	0.012414	0.00630938	0.00458265	0.00616315	0.00611108	0.00868442	0.0120994	0.0106565	0.00650544	0.00964197	0.00783749	0.0126375	0.00524344	0.00721545	0.0113893	0.0148203	0.0136792	0.0141501	0.0204734	0.00953943	0.0166601	0.0123651	0.00926145	0.0145111	0.0206318	0.0145534	0.0123011	0.0126547	0.011609	0.0121417	0.00732129	0.0132807	0.0108399	0.0216992	0.0128995	0.0126526	0.0120741	0.0124029	0.0193785	0.0123984	0.0114848	0.0214966	0.00784877	0.00673467	0.00824004	0.0108131	0.0138609	0.0120699	0.0134842	0.0115681	0.0152151	0.0163282	0.0130889	0.0182561	0.0113693	0.0131336	0.00833665	0.0134671	0.00967673	0.0117889	0.00704464	0.0186071	0.0113463	0.0117177	0.0119806	0.0140433	0.0100208	0.00682832	0.0105638	0.0195617	0.00791875	0.0166414	0.0112081	0.0142703	0.01942	0.011536	0.0154505	0.00890651	0.0112028	0.0123628	0.00721236	0.0131055	0.0119985	0.0134307	0.0169415	0.0116132	0.0269819	0.0105899	0.00799403	0.0139045	0.0185627	0.0100874	0.00526165	0.0104773	0.00738883	0.0123878	0.0091817	0.00782532	0.0128443	0.0133761	0.0107398	0.00618915	0.00541997	0.0129765	0.00611965	0.0056991	0.00545438	0.00536923	0.0108275	0.0114418	0.00934665	0.014241	0.00856195	0.0134751	0.00664668	0.015186	0.00770305	0.0115202	0.0113583	0.0109161	0.0150147	0.00871714	0.00913432	0.0105861	0.0117789	0.0061142	0.0132046	0.0089123	0.00334094	0.0107244	0.0124644	0.0103738
PWY-1269: CMP-3-deoxy-D-manno-octulosonate biosynthesis	0.00197858	0.00390073	0.00315746	0.00317765	0.000177152	0.00254887	0.00185038	0.00199947	0.0017316	0.00210146	0.00377375	0.00270804	0.000526271	0.00167305	0.00259237	0.0026587	0.0016373	0.00212502	0.00382581	0.00194783	0.00264489	0.00154982	0.00176749	0.0041365	0.0031204	0.00168719	0.00159776	0.00220024	0.00287078	0.00307357	0.00251502	0.00227566	0.00173865	0.00374352	0.00264191	0.00406631	0.00186688	0.00250963	0.00374508	0.00430791	0.00267563	0.00159371	0.00310774	0.00293387	0.00488081	0.00261877	0.00192467	0.00325244	0.00269243	0.00136145	0.00247214	0.00339975	0.00406766	0.00618964	0.00453038	0.0027836	0.00453414	0.000825768	0.00357934	0.00173178	0.00124189	0.00199675	0.0	0.00155448	0.00372503	0.00237659	0.00395524	0.00260575	0.00371773	0.000967758	0.00313697	0.00179625	0.00288979	0.00176221	0.00424553	0.00356819	0.00317324	0.00214883	0.0021395	0.00336969	0.00145207	0.00567691	0.00584443	0.00137021	0.00322185	0.00180428	0.00199847	0.00545945	0.00140567	0.00172984	0.00594281	0.00196531	0.00296807	0.00269603	0.00244428	0.00274371	0.00138649	0.00196872	0.00260489	0.00410626	0.004793	0.0016869	0.00598806	0.00465178	0.0017409	0.00251128	0.0015884	0.00266365	0.00104992	0.00297801	0.00558602	0.00186019	0.00278411	0.00120104	0.00203181	0.00260601	0.00315041	0.00199314	0.00306509	0.00204301	0.00239082	0.00222148	0.00261673	0.00326491	0.00236157	0.00228399	0.00270752	0.00263334	0.00359266	0.00420388	0.00303211	0.00160142	0.00357925	0.00178001	0.00203504	0.0092815	0.001584	0.00319849	0.00163609	0.00673742	0.00198761	0.00357784	0.00269956	0.00552408	0.00152131	0.00425149	0.00384066	0.00300143	0.001614	0.000573815	0.00373309	0.00364651	0.00225345	0.00353444	0.00392011	0.0016387	0.000586717	0.00270804	0.00457474	0.00232104	0.000573219	0.00283579	0.00229723	0.00108455	0.00413528	0.00296307	0.00261914	0.00201625	0.00212813	0.0016656	0.00244739	0.0046235	0.00266869	0.00214378	0.00309412	0.00215436	0.00282991	0.00144058	0.000614471	0.0015043	0.00413285
PWY-1501: mandelate degradation I	0.0	0.0	0.0	0.0	0.0	0.0	0.0	0.0	0.0	0.0	0.0	0.0	0.0	0.0	0.0	0.0	0.0	0.0	0.0	0.0	0.0	0.0	0.0	0.0	0.0	0.0	0.0	0.0	0.0	0.0	0.0	0.0	0.0	0.0	0.0	0.0	0.0	0.0	0.0	0.0	0.0	0.0	0.0	1.90506e-05	0.0	0.0	0.0	0.0	0.0	0.0	0.0	0.0	0.0	0.0	0.0	0.0	0.0	0.0	0.0	0.0	0.0	0.0	0.0	0.0	0.0	0.0	0.0	0.0	0.0	0.0	0.0	0.0	0.0	0.0	0.0	0.0	0.0	0.0	0.0	0.0	0.0	0.0	0.0	0.0	0.0	0.0	0.0	0.0	0.0	0.0	0.0	0.0	0.0	0.0	0.0	0.0	0.0	0.0	0.0	0.0	0.0	0.0	0.0	0.0	0.0	0.0	0.0	0.0	0.0	0.0	0.0	0.0	0.0	0.0	0.0	0.0	0.0	0.0	0.0	0.0	0.0	0.0	0.0	0.0	0.0	0.0	0.0	0.0	0.0	0.0	0.0	0.0	0.0	0.0	0.0	0.0	0.0	0.0	0.0	0.0	0.0	0.0	0.0	0.0	0.0	0.0	0.0	0.0	0.0	0.0	0.0	0.0	0.0	0.0	0.0	0.0	0.0	0.0	0.0	0.0	0.0	0.0	0.0	0.0	0.0	0.0	0.0	0.0	0.0	0.0	0.0	0.0	0.0	0.0	0.0	0.0	0.0	0.0	0.0	0.0	0.0
PWY-1622: formaldehyde assimilation I (serine pathway)	0.0	0.0	0.0	0.0	0.000105745	0.0	0.0	0.0	0.0	0.0	0.0	0.0	0.0	0.0	0.0	0.0	0.0	0.0	0.0	0.0	0.0	0.0	0.0	0.0	0.0	0.0	0.0	0.0	0.0	0.0	0.0	0.0	0.0	0.0	0.0	0.0	0.0	0.0	0.0	0.0	0.0	0.0	0.0	0.0	0.0	0.0	0.0	0.0	0.0	0.0	0.0	0.0	0.0	0.0	0.0	0.0	0.0	0.0	0.0	0.0	0.0	0.0	0.0	0.0	0.0	0.0	0.0	0.0	0.0	0.0	0.0	0.0	0.0	0.0	0.0	0.0	0.0	0.0	0.0	0.0	0.0	0.0	0.0	0.0	0.0	0.0	0.0	0.0	0.0	0.0	0.0	0.0	0.0	0.0	0.0	0.0	0.0	0.0	0.0	0.0	0.0	0.0	0.0	0.0	0.0	0.0	0.0	0.0	0.0	0.0	0.0	0.0	0.0	0.0	0.0	0.0	0.0	0.0	0.0	0.0	0.0	0.0	0.0	0.0	0.0	0.0	0.0	0.0	0.0	0.0	0.0	0.0	0.0	0.0	0.0	0.0	0.0	0.0	0.0	0.0	0.0	0.0	0.0	0.0	0.0	0.0	0.0	0.0	0.0	0.0	0.0	0.0	0.0	0.0	0.0	0.0	0.0	0.0	0.0	0.0	0.0	0.0	0.0	0.0	0.0	0.0	0.0	0.0	0.0	0.0	0.0	0.0	0.0	0.0	0.0	0.0	0.0	0.0	0.0	0.0	0.0
PWY-181: photorespiration	0.0	0.0	0.0	0.0	0.000632938	0.0	0.0	0.0	0.0	0.0	0.0	0.0	0.0	0.0	0.0	0.0	0.0	0.0	0.0	0.0	0.0	0.0	0.0	0.0	0.0	0.0	0.0	0.0	0.0	0.0	0.0	0.0	0.0	0.0	0.0	0.0	0.0	0.0	0.0	0.0	0.0	0.0	0.0	0.0	0.0	0.0	0.0	0.0	0.0	0.0	0.0	0.0	0.0	0.0	0.0	0.0	0.0	0.0	0.0	0.0	0.0	0.0	0.0	0.0	0.0	0.0	0.0	0.0	0.0	0.0	0.0	0.0	0.0	0.0	0.0	0.0	0.0	0.0	0.0	0.0	0.0	0.0	0.0	0.0	0.0	0.0	0.0	0.0	0.0	0.0	0.0	0.0	0.0	0.0	0.0	0.0	0.0	0.0	0.0	0.0	0.0	0.0	0.0	0.0	0.0	0.0	0.0	0.0	0.0	0.0	0.0	0.0	0.0	0.0	0.0	0.0	0.0	0.0	0.0	0.0	0.0	0.0	0.0	0.0	0.0	0.0	0.0	0.0	0.0	0.0	0.0	0.0	0.0	0.0	0.0	0.0	0.0	0.0	0.0	0.0	0.0	0.0	0.0	0.0	0.0	0.0	0.0	0.0	0.0	0.0	0.0	0.0	0.0	0.0	0.0	0.0	0.0	0.0	0.0	0.0	0.0	0.0	0.0	0.0	0.0	0.0	0.0	0.0	0.0	0.0	0.0	0.0	0.0	0.0	0.0	0.0	0.0	0.0	0.0	0.0	0.0
PWY-1861: formaldehyde assimilation II (assimilatory RuMP Cycle)	0.000181479	5.95152e-05	6.2492e-05	0.0	0.00545775	0.00253262	0.0	3.01686e-05	0.00101431	7.87909e-05	0.00159056	0.00100297	0.00042085	0.000298008	0.0	0.00126314	0.0	0.000508031	0.000362359	0.0	0.0	6.0116e-05	0.0	0.000374684	0.0	0.0	0.000108557	0.000128598	0.000228015	0.000869136	0.000190251	0.000279319	0.000227476	0.0	0.000533187	0.00204833	0.000339864	0.000216603	0.0	0.000793649	0.0	0.00118324	0.0	0.000283023	0.0	0.000691599	0.00134089	3.96802e-05	0.000631972	0.0	0.000851711	0.000462046	0.000124996	0.0	7.9664e-05	0.0	0.000385695	0.00393563	8.04894e-05	0.0	0.0	1.55696e-05	0.00546662	0.000281617	0.0	0.00030403	0.0	0.000148461	3.57742e-05	0.0	0.000725362	0.0	0.0	0.0	0.000734873	9.25382e-05	0.0004231	0.000142429	0.000121208	0.00185615	0.000235342	0.000235133	0.0	0.000383653	0.0	0.00186459	0.0	0.0	0.0	0.0	0.0	0.0	5.18594e-05	0.00135202	9.85072e-05	0.0	0.000230722	0.0	6.46802e-05	0.0	0.000175492	0.0	0.000331876	0.000286119	5.93133e-05	1.9633e-05	5.21727e-05	0.0	0.000470635	0.0022268	0.000188277	4.57607e-05	0.0	0.000153484	0.0	0.000694938	4.594e-05	0.00082268	0.0	5.66812e-05	0.0	0.0	0.0	0.0	0.000798112	3.63313e-05	0.00221805	3.24697e-05	0.0	0.00262862	3.81862e-05	6.24901e-05	4.02869e-05	3.51045e-05	0.000156473	0.0	0.000692392	0.00125423	0.0	0.0	0.0	8.30186e-05	0.00249537	0.00032338	0.000221469	8.74769e-05	0.000668775	0.000454247	0.0	0.00115268	8.20755e-06	0.00286583	0.0	0.00022544	0.0	0.00113834	0.00152019	0.000457728	0.000579933	0.000844482	0.000339823	0.0	0.000744102	0.00285022	0.000478666	0.0010877	0.000181141	0.000371744	0.000227588	0.000505248	0.000154994	0.00306226	0.000246897	0.000273904	0.000355524	0.000179498	0.000345609	0.00236604	0.000635106	0.000278928	0.000694778
PWY-2201: folate transformations I	0.0	0.0	0.0	0.0	0.0	0.0	0.0	0.0	0.0	0.0	0.0	0.0	0.0	0.0	0.0	0.0	0.0	0.0	0.0	0.0	0.0	0.0	0.0	0.0	0.0	0.0	0.0	0.0	0.0	0.0	0.0	0.0	0.0	0.0	0.0	0.0	0.0	0.0	0.0	0.0	0.0	0.0	0.0	0.0	0.000622182	0.0	0.0	0.0	0.0	0.0	0.0	0.0	0.0	0.0	0.0	0.0	0.0	0.0	0.0	0.0	0.0	0.0	0.0	0.0	0.0	0.0	0.0	0.0	0.0	0.0	0.0	0.0	0.0	0.0	0.0	0.0	0.0	0.0	0.0	0.0	0.0	0.0	0.0	0.0	0.0	0.0	0.0	0.0	0.0	0.0	0.0	0.0	0.0	0.0	0.0	0.0	0.0	0.0	0.0	0.0	0.0	0.0	0.0	0.0	0.0	0.0	0.0	0.0	0.0	0.0	0.0	0.0	0.0	0.0	0.0	0.0	0.0	0.0	0.0	0.0	0.0	0.0	0.0	0.0	0.0	0.0	0.0	0.0	0.0	0.0	0.0	0.0	0.0	0.0	0.0	0.0	0.0	0.0	0.0	0.0	0.0	0.0	0.0	0.0	0.0	0.0	0.0	0.0	0.0	0.0	0.0	0.0	0.0	0.0	0.0	0.0	0.0	0.0	0.0	0.0	0.0	0.0	0.0	0.0	0.0	0.0	0.0	0.0	0.0	0.0	0.0	0.0	0.0	0.0	0.0	0.0	0.0	0.0	0.0	0.0	0.0
PWY-2221: Entner-Doudoroff pathway III (semi-phosphorylative)	0.0	0.0	0.0	0.0	0.0	0.0	0.0	0.0	0.0	0.0	0.0	0.0	0.0	0.0	0.0	0.0	0.0	0.0	0.0	0.0	0.0	0.0	0.0	0.0	0.0	0.0	2.52448e-05	0.0	0.0	0.0	0.0	0.0	0.0	0.0	0.0	0.0	0.0	0.0	0.0	0.0	0.0	0.0	0.0	0.0	0.0	0.0	0.0	1.80156e-05	0.0	0.0	0.000166926	0.0	0.0	0.0	0.0	0.0	0.000113908	0.0	0.0	0.0	0.0	0.0	0.0	0.0	0.0	0.0	0.0	0.0	0.0	0.0	0.0	4.95199e-05	0.0	0.0	0.0	0.0	0.0	0.0	0.0	0.0	0.0	0.0	0.0	0.0	0.0	0.0	0.0	0.0	0.0	0.0	0.0	0.0	0.0	0.0	0.0	0.0	0.0	0.0	0.0	0.0	0.0	0.0	0.0	0.0	0.0	0.0	0.0	0.0	0.0	0.0	0.0	0.0	0.0	0.0	0.0	0.0	0.0	2.40448e-05	0.0	0.0	0.0	0.0	0.0	0.0	1.26383e-05	0.0	0.0	0.0	0.0	0.0	0.0	0.0	0.0	0.0	0.0	0.0	0.0	0.0	0.0	0.0	6.02116e-05	0.0	0.0	0.0	0.0	0.0	0.0	0.0	0.000145161	0.0	2.78123e-05	0.0	0.0	0.0	2.01016e-05	0.0	0.0	0.0	0.0	1.15685e-05	0.0	0.0	0.0	0.0	0.0	0.0	0.0	0.0	0.0	0.0	0.0	0.0	0.0	0.0	0.0	0.0	0.000222145	0.0	0.0	0.0	0.0
PWY-241: C4 photosynthetic carbon assimilation cycle, NADP-ME type	0.000472511	0.00104673	0.000478045	0.00124148	0.000463922	0.00229723	0.00174211	0.000968432	0.00197474	0.00105932	0.00209915	0.0021083	0.00260931	0.00292356	0.00295553	0.00216737	0.00117863	0.00138569	0.000236043	0.00067645	7.26902e-05	0.000224711	0.000459317	0.00107217	0.00281146	0.00202944	0.000421575	0.00198745	0.00271275	0.001647	0.000656039	3.73422e-05	0.000496262	0.00136252	0.00248053	5.72755e-05	0.000871974	0.000701866	1.29086e-05	0.0022225	0.000653225	0.000532208	0.00268513	0.000353894	0.0	0.00107121	0.0018237	3.71118e-05	0.00160371	0.000927015	0.00259008	0.00302162	0.00243035	0.0	0.000639158	0.000556741	0.0025732	0.00285991	0.000617592	0.00247615	0.00223708	0.00227401	0.00232505	0.00115742	0.000666391	0.000660675	0.000502143	0.000329288	0.00302176	5.11635e-05	0.0025137	0.00222098	0.000126441	0.000195424	0.00245822	0.00159827	0.000284328	0.0	0.00191225	0.00306361	0.00212403	0.000491345	0.000266279	5.09753e-05	0.00048048	0.00381424	0.00120022	0.001506	0.000660316	0.00069478	0.000127741	0.000167798	0.0029177	0.00246189	0.000615024	0.00130629	0.00118788	7.3723e-05	0.00236746	0.0	0.000897112	0.00118172	0.000707985	0.00207284	3.74796e-05	0.00105146	0.000689323	0.00168049	0.0015283	0.00260068	0.000205114	7.01362e-05	0.00026793	0.00201224	0.00100697	0.00136109	0.0031646	0.00216148	0.00170964	0.00296089	0.000448549	0.00219872	5.82224e-05	0.00131843	0.00141096	0.00279899	0.00229795	0.00028486	0.00041829	0.00212997	0.0	0.000492943	4.32468e-05	0.000376236	0.00149877	0.0	0.00104165	0.00272367	0.000401751	3.674e-05	0.00120135	0.00011264	0.00235202	0.00149063	0.000775128	0.000681639	0.00243793	0.000796717	0.000794801	0.00124088	0.0	2.25942e-05	0.000259791	0.00226247	1.83774e-05	0.00254718	0.00084605	0.00135552	0.0	0.000876073	0.00116758	0.00218049	0.000509394	0.00171944	0.000479795	0.00275603	0.000476406	0.0010572	0.00144936	0.00127448	0.00301663	0.00247425	0.0014412	0.00106349	0.00171033	0.000625671	0.00191884	0.00223775	0.00296113	0.00139977	0.000886151
PWY-2941: L-lysine biosynthesis II	0.00151606	0.00520205	0.00415669	0.00287167	0.00896111	0.00216784	0.00140763	0.00622733	0.000388165	0.00107863	0.000313662	0.00278413	0.00700874	0.00439986	0.00133109	0.000547796	0.00484026	0.000969792	0.000717057	0.00197426	0.00281757	0.00243467	0.00189249	0.00184993	0.00341157	0.000441958	0.00230708	0.00347475	0.000641249	0.00166298	0.00116178	0.00373285	0.00147751	0.00428473	0.0027364999999999	0.000421402	0.00394877	0.0014514	8.15145e-05	0.000931725	0.00175021	0.0021636	0.00223483	0.00297368	0.00229467	0.00425295	0.0019937	0.00203897	0.00278901	0.00119328	0.00366695	0.00103248	0.00348934	0.00632139	0.00820949	0.00115462	0.000789135	0.00568203	0.00462689	0.00179446	0.0031416	0.000530222	0.00662407	0.00194694	0.00300776	0.00111856	0.00151887	0.000635059	0.00105897	0.00426539	0.00132861	0.00179639	0.0015514	0.00226139	0.000553507	0.00115034	0.00247183	0.00467145	0.000760141	0.000193417	0.00184754	0.00600274	0.00116056	0.00345896	0.000877327	0.00189059	0.00181987	0.000570896	0.00332929	0.00210885	0.000250999	0.00277825	0.00226741	0.0026487	0.00130066	0.00139908	0.00292776	0.00214691	0.00144942	0.00114379	0.000283031	0.00172769	0.00191244	0.00329545	0.00130109	0.00388349	0.00120403	0.000956931	0.0026248	0.00141104	0.00114233	0.00371392	0.00111715	0.00313035	0.00171255	0.00305957	0.000338832	0.00375204	0.000714298	0.0017052	0.00125768	0.00159735	0.00156252	0.00187762	0.00261774	0.00197541	0.00274583	0.00115465	0.000545481	0.00103436	0.00293951	0.00104697	0.00231334	0.00219462	0.00097133	0.000570657	0.00148325	0.0014916	0.00220139	0.00269445	0.00131321	0.0	0.00172713	0.00427849	0.00168003	0.00241636	0.00127468	0.00197375	0.00174403	0.00730471	0.000908514	0.000172617	0.00311598	0.00120951	0.000399147	0.00357997	0.00566333	0.0038224	0.00565082	0.00563641	0.00474876	0.00464042	0.00123638	0.00730555	0.00139443	0.00425261	0.00195425	0.00416017	0.0035308	0.0021777	0.00333872	0.0021946	0.00437666	0.00417909	0.00278051	0.00290229	0.00573628	0.00542013	0.00626947	0.00297204	0.00352255
PWY-2942: L-lysine biosynthesis III	0.00983957	0.00856624	0.0100122	0.00788407	0.0114781	0.00582803	0.0068695	0.00691616	0.00892855	0.00837695	0.00350622	0.00639287	0.00948717	0.00554846	0.00432444	0.00805139	0.00895921	0.00697743	0.00386868	0.0085774	0.00906986	0.00963831	0.01249	0.00865805	0.00526376	0.00583656	0.00733505	0.00498344	0.00429087	0.00894701	0.00815473	0.00916932	0.0102404	0.00850358	0.00608299	0.00448682	0.00781659	0.00992377	0.0042072	0.0072806	0.00814086	0.00933461	0.00626457	0.00516607	0.00545056	0.00837365	0.00603223	0.00860911	0.00742208	0.0100036	0.00525218	0.00557649	0.00671775	0.00816656	0.00989444	0.00952371	0.00659444	0.00702442	0.00922518	0.00735783	0.0069855	0.00332861	0.00875246	0.00794384	0.0086314	0.00995257	0.00826242	0.0110141	0.00575414	0.0112467	0.00647283	0.00623141	0.00719952	0.0106309	0.00876413	0.00727991	0.00824735	0.00921403	0.00919847	0.00587976	0.0102923	0.0091547	0.00964648	0.00953144	0.00885304	0.0083211	0.0112165	0.0082441	0.00862872	0.0090975	0.0143277	0.00901304	0.00500507	0.00631008	0.00974975	0.00877646	0.00824546	0.00819722	0.00747146	0.0101457	0.0095307	0.00723199	0.0104061	0.00698745	0.00883296	0.00792551	0.00750729	0.0078691	0.00608714	0.00598013	0.0119209	0.00801181	0.00802914	0.00800993	0.00672449	0.00809717	0.00442744	0.00780311	0.00717305	0.00653179	0.00701101	0.00732768	0.00879567	0.00936742	0.00810685	0.00798845	0.00532625	0.00889363	0.00938278	0.00484742	0.00949875	0.00846671	0.0065908	0.0108618	0.00983174	0.022139	0.00695918	0.00500274	0.00778932	0.0128363	0.00781203	0.00450024	0.0055134	0.00726777	0.00934655	0.00804768	0.00656506	0.00926638	0.0078278	0.00836599	0.00407733	0.00377371	0.00828395	0.00407908	0.0041039	0.0061395	0.0107444	0.00879765	0.00853578	0.0085211	0.00811677	0.00632825	0.00797405	0.00816089	0.00925319	0.00615151	0.00805165	0.007067	0.00755878	0.00831151	0.00593765	0.00613278	0.00717424	0.00870643	0.00441991	0.009054	0.00742287	0.00564725	0.00865883	0.00763167	0.00909869
PWY-3001: superpathway of L-isoleucine biosynthesis I	0.00655545	0.00379429	0.00572111	0.0070304	0.00492071	0.00655914	0.00565365	0.0031485	0.00643332	0.00643661	0.00491279	0.00574502	0.00739093	0.00441043	0.00388217	0.00730481	0.00563747	0.00608335	0.0051311	0.00690375	0.00596907	0.00686929	0.00611047	0.0054235	0.00459609	0.0064209	0.00615558	0.00417021	0.00503599	0.00591244	0.00579206	0.00677905	0.00623825	0.00483192	0.00574519	0.00542131	0.00531667	0.00634613	0.00587325	0.00409575	0.00627783	0.00491485	0.00544343	0.0051554	0.00564963	0.00527696	0.00681792	0.00693602	0.00619073	0.0062805	0.00532362	0.00581924	0.00478645	0.00602593	0.00579199	0.00615145	0.00604303	0.00629014	0.00498906	0.00405876	0.00513892	0.00631906	0.00836957	0.00475915	0.00700242	0.00630247	0.00775513	0.00591364	0.00484251	0.0031192	0.00413656	0.00631121	0.00772241	0.00805487	0.00480711	0.00633337	0.0067607	0.0065632	0.00638254	0.00526987	0.00697882	0.00177272	0.00631092	0.0064049	0.00659119	0.00705025	0.00665544	0.0040663	0.00648606	0.00682629	0.00296541	0.00754632	0.00487323	0.00540612	0.00649222	0.00642691	0.00719388	0.00702125	0.00709132	0.006768	0.00505756	0.00633849	0.00594196	0.00682036	0.00606322	0.00588761	0.00668533	0.0057224	0.00440983	0.00540847	0.005382	0.00651537	0.00646867	0.00722083	0.00559422	0.00635035	0.00489341	0.00673043	0.0065493	0.0068524	0.00753765	0.00656464	0.00719	0.00717949	0.00492709	0.00756316	0.00553774	0.00662055	0.00760405	0.00528734	0.00567032	0.00642843	0.00621067	0.0055841	0.00585614	0.00223084	0.00669534	0.00541108	0.00709156	0.00542746	0.00550173	0.00550502	0.00638252	0.00473608	0.00589521	0.00522047	0.00543888	0.00703242	0.00734863	0.00851276	0.00432725	0.00515895	0.00673253	0.00512167	0.00471309	0.00555005	0.00880455	0.00626736	0.00692318	0.00573026	0.00606971	0.00622915	0.00620892	0.00400875	0.00702553	0.00576553	0.00662127	0.00672451	0.00595386	0.00664764	0.00548477	0.00540085	0.00646212	0.00663864	0.00551201	0.00578842	0.00564462	0.00477166	0.00731184	0.00671476	0.00526077
PWY-3781: aerobic respiration I (cytochrome c)	0.0	0.0	0.0	0.0	0.0	0.0	0.0	0.0	0.0	0.0	0.0	0.0	0.0	0.0	0.0	0.0	0.0	0.0	0.0	0.0	0.0	0.0	0.0	0.0	0.0	0.0	0.0	0.0	0.0	0.0	0.0	0.0	0.0	0.0	0.0	0.0	0.0	0.0	0.0	0.0	0.0	0.0	0.0	0.0	0.0	0.0	0.0	0.0	0.0	0.0	0.0	0.0	0.0	0.0	0.0	0.0	0.0	0.0	0.0	0.0	0.0	0.0	0.0	0.0	0.0	0.0	0.0	0.0	0.0	0.0	0.0	0.0	0.0	0.0	0.0	0.0	0.0	0.0	0.0	0.0	0.0	0.0	0.0	0.0	0.0	0.0	0.0	0.0	0.0	0.0	0.0	0.0	0.0	0.0	0.0	0.0	0.0	0.0	0.0	0.0	0.0	0.0	0.0	0.0	0.0	0.0	0.0	0.0	0.0	0.0	0.0	0.0	0.0	0.0	0.0	0.0	0.0	0.0	0.0	0.0	0.0	0.0	0.0	0.0	0.0	0.0	0.0	0.0	0.0	0.0	0.0	0.0	0.0	0.0	0.0	0.0	0.0	0.0	0.0	0.0	0.0	0.0	0.0	0.0	0.0	0.0	0.0	0.0	0.0	0.0	0.0	0.0	0.0	0.0	0.0	0.0	2.66454e-06	0.0	0.0	0.0	0.0	0.0	0.0	0.0	0.0	0.0	0.0	0.0	0.0	0.0	0.0	0.0	0.0	0.0	0.0	0.0	0.0	0.0	0.0	0.0	0.0
PWY-3801: sucrose degradation II (sucrose synthase)	0.0	0.0	0.0	0.0	0.0	0.0	0.0	0.0	0.0	0.0	0.0	0.0	0.0	0.001287	0.0	0.0	0.0	0.0	0.0	0.0	0.0	0.0	0.0	0.0	0.0	0.0	0.000221656	0.0	0.0	0.0	0.0	0.0	0.0	0.0	0.0	0.0	0.0	0.0	0.000428817	0.0	0.0	0.0	0.00101476	1.99038e-05	0.0	0.0	0.0	0.0	0.0	0.0	0.000405058	0.0	0.0	0.0	0.0	0.0	0.0	0.0	0.0	0.0	0.0	0.0	0.0	1.39354e-05	0.0	0.0	0.0	0.0	0.0	0.0	0.0	0.0	0.0	0.0	0.00070374	0.0	0.0	0.0	0.0	0.0	0.0	0.0	0.0	0.0	0.0	0.0	0.0	0.0	0.0	0.0	0.0	0.0	0.0	0.0	0.0	0.0	0.0	0.0	0.0	0.0	0.0	0.0	0.0	0.0	0.0	0.000241334	7.22429e-05	0.0	0.0	0.0	0.0	0.0	0.0	0.0	0.0	0.0	0.0	0.0	0.0	0.0	0.0	0.0	0.0	0.0	0.0	0.0	0.0	0.0	0.0	0.0	0.0	0.0	0.0	0.0	0.000184456	0.0	0.0	0.0	0.0	0.0	0.0	0.00305341	0.0	0.0	0.0	0.0	0.0	0.0	0.0	0.000693815	0.000361534	0.00283393	0.0	4.68695e-05	0.0	0.0	0.0	0.0	0.0	1.0948e-05	0.0	0.0	0.0	0.0	0.0	0.0	0.0	0.0	0.0	0.0	0.000937657	0.0	0.0	0.0	0.0	0.0	3.40899e-05	0.0	0.0	0.0	0.0
PWY-3841: folate transformations II (plants)	0.0130239	0.0087663	0.0104521	0.00724743	0.00967998	0.00812933	0.00854601	0.0072035	0.0130763	0.0105024	0.00416738	0.00690306	0.00832098	0.00474454	0.00474248	0.0080068	0.0112121	0.00843883	0.00330706	0.011473	0.0110705	0.0110505	0.0126017	0.0116765	0.0045922	0.00602633	0.0113496	0.00400492	0.0041025	0.0092882	0.0125997	0.0114912	0.0116176	0.00822945	0.00642812	0.00351075	0.0101247	0.0125032	0.00383522	0.0082524	0.0102986	0.0106598	0.0064965	0.00406564	0.00437492	0.00827323	0.00566491	0.0109614	0.00774031	0.0127292	0.00507764	0.00532463	0.00499899	0.00964768	0.00836535	0.0124237	0.0070625	0.00650449	0.010768	0.0089553	0.00773861	0.00455041	0.00920119	0.00798603	0.0116775	0.0108342	0.0113764	0.0123311	0.00760147	0.0177971	0.00820598	0.0067775	0.0116869	0.0163263	0.00844727	0.00973391	0.00920499	0.00998075	0.0109983	0.00519766	0.00887146	0.00930324	0.0105905	0.0118977	0.0104474	0.0111216	0.0152209	0.00899051	0.00818289	0.0117568	0.0131525	0.0114806	0.00458356	0.00619192	0.0128356	0.0107303	0.00925853	0.0106878	0.0116151	0.0131156	0.0148279	0.00969544	0.0110836	0.00831346	0.0126319	0.00893836	0.00818374	0.0101681	0.00927394	0.00508867	0.0102809	0.00864899	0.0115129	0.00953155	0.0184435	0.00938584	0.00436227	0.00954885	0.0119895	0.00597979	0.0123493	0.00789792	0.0110824	0.012644	0.0115901	0.00962159	0.00541217	0.0106034	0.010525	0.00485312	0.0109246	0.0106654	0.0134972	0.0133373	0.0101887	0.0138788	0.00781119	0.0040712	0.011406	0.015207	0.00989841	0.00418449	0.00756714	0.00837999	0.0151307	0.00912795	0.00723144	0.012521	0.0110996	0.00830218	0.00321534	0.00361372	0.0106377	0.00382903	0.00341707	0.00572532	0.00964791	0.0112038	0.0101908	0.00899212	0.00904701	0.00688115	0.0113825	0.00898228	0.0108313	0.00702598	0.0103334	0.0080684	0.00892944	0.00965646	0.00653424	0.00567791	0.0090875	0.00960316	0.00476456	0.010769	0.00820373	0.00565178	0.00927248	0.00946721	0.00954029
PWY-4041: &gamma;-glutamyl cycle	0.00128425	0.000754176	0.00104799	0.00125148	0.00110982	0.00234975	0.00148267	1.71619e-05	0.000736401	0.00112304	0.00430965	0.00299589	0.00589741	0.00283399	0.00470459	0.00156736	0.00080246	0.00152284	0.0050268	0.00104751	0.00152481	0.000631727	0.00041973	0.000960414	0.00407425	0.0030165	0.000472038	0.00320359	0.0037825	0.00208197	0.000491841	0.00103062	0.000720739	0.00158591	0.00235035	0.00503261	0.00139922	0.000636959	0.00468961	0.00235833	0.000652061	0.000510828	0.00334204	0.0050706	0.00446612	0.0016812	0.00232888	0.000780135	0.0016666	0.00184656	0.00351192	0.00188406	0.0033274	0.0	0.00111924	0.00192654	0.00156007	0.00315897	0.00193726	0.00269913	0.00131304	0.00603981	0.0027473	0.00122066	0.000504559	0.00118122	0.00132425	0.000624629	0.00286911	7.57307e-05	0.00298881	0.00161602	0.000653343	3.9069e-05	0.00141243	0.00125675	0.000961197	0.000808491	0.00107438	0.00360624	0.0016371	0.000959249	0.000213725	0.000359139	0.000938559	0.00112455	0.000858604	0.00111107	0.00135484	0.00114977	0.000173243	0.0034427	0.00376019	0.0025815	0.000825634	0.00266333	0.00198455	0.00125504	0.00116936	0.000677408	0.000453534	0.00238233	0.000962934	0.00206037	0.000812647	0.00133445	0.00149945	0.00132351	0.00123656	0.00335511	0.000779378	0.00207393	0.00130465	0.00212753	0.000767717	0.00198253	0.00365323	0.00173394	0.000298362	0.00351497	0.000611695	0.00152455	0.000518433	0.00217722	0.00122734	0.00186216	0.00359943	0.000645947	0.000612773	0.00375963	0.00161699	0.000823208	0.000847933	0.00102366	0.00135382	5.09964e-05	0.000923928	0.00452143	0.000455182	0.000269133	0.00118548	0.00485963	0.00242793	0.00375715	0.000861192	0.00189775	0.002558	0.000546453	0.00225765	0.00289599	0.00492301	0.00490125	0.000593592	0.00306554	0.00466221	0.00357981	0.00840716	0.00206274	0.000669253	0.00140653	0.00172237	0.00298884	0.000580826	0.00198674	0.000795995	0.00528501	0.00162409	0.00133581	0.00183102	0.00142366	0.00329937	0.0035934	0.00160393	0.00138458	0.00459637	0.000593574	0.00182626	0.00189232	0.00228237	0.00122038	0.000970375
PWY-4361: S-methyl-5-thio-&alpha;-D-ribose 1-phosphate degradation I	0.0	0.0	0.0	0.0	0.0	1.1646e-05	0.0	0.0	0.0	0.0	0.0	0.0	0.0	0.0	0.0	0.0	0.0	0.0	0.0	0.0	0.0	0.0	0.0	0.0	0.0	0.0	0.0	0.0	0.0	0.0	0.0	0.0	0.0	0.0	0.0	0.0	0.0	0.0	0.0	0.0	0.0	0.0	0.0	0.0	0.0	0.0	0.0	0.0	0.0	0.0	5.64219e-05	0.0	0.0	0.0	0.0	0.0	1.01091e-05	1.51154e-05	0.0	0.0	0.0	0.0	0.0	0.0	0.0	0.0	0.0	0.0	0.0	0.0	0.0	3.04188e-05	0.0	0.0	0.0	0.0	0.0	0.0	0.0	0.0	0.0	0.0	0.0	0.0	0.0	0.0	0.0	0.0	0.0	0.0	0.0	0.0	0.00041381	0.0	0.0	0.0	0.0	0.0	0.0	0.0	0.0	0.0	0.0	0.0	0.0	0.0	0.0	0.0	0.0	0.0	0.0	0.0	0.0	0.0	0.0	0.0	0.0	0.0	0.0	0.0	0.0	0.0	0.0	0.0	0.0	0.0	0.0	0.0	0.0	0.0	0.0	0.0	0.0	0.0	0.0	0.0	0.0	0.0	0.0	0.0	0.0	0.0	0.0	0.0	0.0	0.0	0.0	0.0	0.0	0.0	8.10353e-06	0.0	0.0	0.0	3.01363e-05	0.000172638	0.0	0.0	0.0	0.0	0.0	0.0	0.0	0.0	0.0	0.0	0.0	0.0	0.0	0.0	0.0	0.0	0.0	0.0	0.0	0.0	0.0	0.0	0.0	0.0	0.0
PWY-4984: urea cycle	0.00457465	0.00132469	0.00246812	0.0029713	0.00219652	0.00286902	0.00266654	0.0	0.00241545	0.00295609	0.000209564	0.00348092	7.43582e-05	9.67138e-05	0.0	0.00300202	0.000396649	0.00330052	0.000123194	0.00351386	0.00282347	0.00406139	0.0115116	0.00313299	0.00027793	0.00411608	0.00456802	0.00010645	0.00196046	0.00555723	0.00313019	0.00508974	0.00312403	0.00342041	0.00288318	0.0	0.00257931	0.00366969	0.0	0.000473594	0.00316387	0.00261665	0.00570571	5.15418e-05	0.0	0.00387668	0.00218947	0.00357019	0.00295314	0.00341779	0.00213992	0.000304011	0.00441197	0.00301401	0.00342636	0.00416326	0.00119751	1.71616e-05	0.0017203	0.000963314	0.00372838	0.000164971	0.00352057	0.00348231	0.00199176	0.00482683	0.00180074	0.00652422	0.00133118	0.00183725	0.00289327	0.00435089	0.0027533	0.00588385	0.000197629	0.00127264	0.00268324	0.00608101	0.00165013	0.00239505	0.00650124	0.00190925	0.000470873	0.00704576	0.00163696	0.00225833	0.00159172	0.00189613	0.00302718	0.0047077	0.0015725	0.00514865	0.00283053	0.00384378	0.00349866	0.00471984	0.0062144	0.00425805	0.0012114	0.00253234	0.000640129	0.00421348	0.00236411	0.00790997	0.00248274	0.00401108	0.00123181	0.00245123	0.00503045	0.00117316	0.0012383	0.00477226	0.00413465	0.00561795	0.000494169	0.00391016	0.000645693	0.00290168	0.000467766	0.00196897	0.0015695	0.00291499	0.00489816	0.005087	0.000554519	0.00755863	0.00368199	0.00475061	0.00650187	0.0023629	0.00250753	0.00597539	0.00297473	0.00262573	0.00349661	0.000235621	0.0024641899999999	0.00173245	0.00316398	0.00224178	0.00292838	4.48297e-05	0.00272135	0.00272295	0.00138393	0.00479297	0.00335311	0.00244527	0.00506774	0.000833236	0.000279393	0.0	0.00599174	0.00242839	0.00065782	0.00102683	0.0	0.00253594	0.00280983	0.00398377	0.00565535	0.00329935	0.000822053	0.00120179	0.00221582	0.000689207	0.00461606	0.00337194	0.00235906	0.00510726	0.00304381	0.00246453	0.00427073	0.00420859	0.000483826	0.0044723	0.00199756	0.00140656	0.000776508	0.00500449	0.0031753
PWY-5004: superpathway of L-citrulline metabolism	0.00015601	0.0	0.0	5.94963e-05	0.0	0.000591604	0.000252755	0.0	0.000278423	0.00043336	0.0	0.000182495	0.0	4.47186e-05	0.0	0.000488197	0.0	0.0	0.0	0.000164544	0.000228222	0.0	0.0	0.00020009	0.0	0.0	0.000709202	0.00010642	5.45823e-06	0.000296744	0.00022568	0.000119241	0.0	6.80469e-05	0.000518798	0.0	0.000381777	0.000194408	0.0	5.76248e-05	0.000374622	0.0	0.0	2.84027e-05	0.0	9.4163e-05	3.94517e-05	0.0	0.0	0.000244453	0.000219234	0.000362516	1.54552e-05	0.0	0.0	8.03812e-05	0.00020618	2.53741e-05	0.000210598	0.000417552	0.0	0.0	0.0	0.0	0.000145878	0.000318096	0.000158857	0.0	0.0	0.0	0.0	0.0	0.000317875	0.000125529	0.000131344	0.000348262	0.0	0.0	0.000148891	0.000694687	0.000171157	0.000175886	0.000125005	0.0	8.57956e-05	0.000400141	0.0	5.75286e-05	0.000177893	0.000116864	0.000261303	0.00013188	0.0	0.0	0.0002111	0.0	9.39644e-05	0.000247441	0.000349665	0.000388182	0.000326641	3.62635e-05	0.0	0.0	9.68621e-05	0.0	4.31803e-05	0.000136124	0.000204765	0.000315084	0.000152437	0.0	0.000192774	0.000112079	0.000255408	0.000373781	0.000373283	0.0	5.50589e-05	0.0	0.000433894	0.000167625	0.0	0.0	0.000750917	0.0	0.0	3.51645e-05	0.0	0.0	0.000271732	0.000323026	0.000284612	0.0	0.00024896	0.0	0.0	0.0	0.000346275	0.000305569	0.00091008	0.0	0.00065784	6.95738e-05	0.000178299	0.0	0.0	0.000289739	0.0	0.0	0.0	0.0	0.0	0.0	0.0	0.000429489	0.0	0.000354486	0.0	0.0	0.0	0.00010615	0.000341585	0.000366085	4.03571e-05	0.0	5.5688e-05	0.000297913	0.000257446	4.69205e-05	8.42061e-05	0.0	0.0	0.0	0.0	9.53148e-05	3.77917e-05	7.17705e-05	9.83333e-05	0.000146234	0.000231289
PWY-5005: biotin biosynthesis II	0.0	0.000341722	0.000160982	0.000117817	0.000539684	0.000463117	0.000226267	0.0	0.000587615	0.000155255	0.0	2.85894e-05	0.0	0.0	0.0	0.0	0.00157616	0.0002515	0.0	0.0	0.000265268	0.000108498	0.000222773	0.000849026	0.000473124	0.0	0.000722858	0.0	0.00023908	0.0	0.0	0.000648135	0.000271179	8.81916e-05	0.000292134	0.0	0.00122247	0.0	4.86459e-06	0.0	0.000879585	0.000108308	0.000122726	0.0	0.0	0.0	0.000658829	0.000316209	0.00036827	0.000526715	8.40697e-05	0.0	0.0	0.000843305	0.00162387	0.000265972	1.98652e-05	0.0	0.0	0.0	0.00126496	2.02944e-05	0.00101286	0.00196619	0.00147998	0.000272866	0.00164002	0.00014978	0.0	0.000110836	2.99218e-05	0.000104038	0.0	9.58454e-05	0.00054381	0.0	0.000354075	0.000178039	0.0	0.00023857	0.000773542	0.000558807	0.000712234	0.000685373	0.00042623	0.0	0.000274535	0.000149265	0.00027316	0.000716841	9.81906e-05	0.00141169	2.81341e-05	0.00159958	0.0	0.000360921	0.000811256	0.0006724	0.000717404	0.000162114	0.00023812	0.000735632	0.00211282	0.000145652	0.000707386	0.0	0.000597838	0.000190133	0.000264501	1.29027e-05	0.0	0.000622099	0.00118706	0.000719501	0.000399619	7.63093e-05	0.0	0.000290301	0.000220432	0.000251917	0.0	0.000394726	4.74083e-05	0.000465539	7.12176e-05	0.000641884	0.000610994	0.000181525	7.51411e-05	5.61265e-05	0.000595051	0.00035178	0.000673456	0.000112671	0.000429215	0.0	0.000218591	6.74369e-05	0.000296308	0.00134473	0.0	6.91357e-05	0.000401129	0.0	0.000834106	0.00084141	0.00011837	0.00166048	0.00160296	0.000369391	0.0	0.0	0.000269736	9.53952e-05	0.0	0.0	0.0	0.000204936	0.00112286	0.000327429	0.000660116	0.000455356	0.000594752	0.0	0.000120074	0.0	0.000209577	0.000206044	0.000186858	0.000466085	0.000158581	0.000173008	0.000122939	6.66553e-05	0.000175623	0.000620673	9.48814e-05	0.0	0.000211982	0.000708321	0.000787152
PWY-5022: 4-aminobutanoate degradation V	0.000169344	0.00016183	0.000111175	0.000867306	0.0	0.00112316	0.000647468	0.0	0.000744026	0.000814567	0.0	0.00114675	0.0	0.0	0.00169137	0.000500236	0.0	0.000502873	0.0	0.000263594	0.00131787	7.60127e-05	9.18536e-05	0.000706022	0.00184706	0.0	0.000332146	0.0	0.00159468	0.000863196	0.000388455	3.8951e-05	0.000528146	0.00154228	0.000917835	0.0	0.000623353	0.000160779	0.0	0.000241447	0.000434733	0.000505917	0.00202889	0.0	0.0	0.000391988	0.000628035	0.000190419	0.000640707	0.000236341	0.00111625	0.00368271	0.00041729	0.000787682	0.000210499	0.000255774	0.000364281	4.44822e-05	0.000477404	0.00149458	0.000559008	0.0	0.0	0.000966732	0.000129662	0.000398878	0.000425516	0.0	0.00180852	0.000200574	0.00107271	0.0010021	0.000118366	0.000107898	0.000186487	0.000662683	0.000172943	0.000278485	0.000521363	0.000720728	0.000591092	0.00080838	0.0	0.000494701	0.00178113	0.000100634	0.000133066	0.000864633	0.000257637	0.000221329	5.73781e-05	0.000247958	0.000310546	0.00124624	0.000271966	0.000186018	8.51304e-05	0.000274606	0.000120092	7.46825e-05	0.000195345	0.000351553	0.00049649	0.000770467	0.00105235	0.0011305	0.00122271	0.000953361	0.00138334	0.00158324	4.48653e-05	0.00184535	0.000124573	8.88723e-05	0.000397376	0.00110089	0.00033272	0.000420286	0.000142945	0.000666369	0.000140887	0.00125413	4.30664e-05	0.000465293	0.000506601	0.000522558	0.00126601	0.000797259	0.000135833	0.00196115	0.00147757	4.01518e-05	5.50855e-05	4.45583e-05	0.000207944	0.0	0.000523024	0.000905199	0.00137218	0.000253587	0.00147907	0.0	0.0	0.00161168	0.0004054	0.000969776	0.000939387	5.63292e-05	0.000616671	0.000387246	0.0	0.0	0.000165458	0.000333374	0.0	0.00131229	0.0	0.000845702	0.000120156	0.00049469	0.0	0.00135776	0.000573277	0.00040654	0.000229471	0.0	0.000469217	0.000286643	0.00100839	0.000307881	0.0018767	0.00139441	0.000655076	6.66032e-05	0.0	0.000368594	0.00150424	0.0	0.000897713	6.52463e-05	0.000402317
PWY-5028: L-histidine degradation II	0.0	0.0	0.0	0.0	0.0	0.0	3.35898e-05	0.0	0.0	0.0	0.0	0.0	3.37355e-05	0.0	0.0	0.0	0.0	0.0	0.0	0.0	0.0	0.0	0.0	0.0	0.0	0.0	0.0	0.0	0.0	0.0	3.90831e-05	0.0	0.0	0.0	0.0	0.0	0.0	0.0	4.76932e-06	0.0	0.0	0.0	0.0	0.0	0.0019687	0.0	0.0	0.0	0.0	0.0	0.000148559	0.0	0.0	0.0	0.0	0.0	0.00127496	0.000177093	0.0	0.0	0.0	0.0	0.0	0.0	0.0	0.0	0.0	0.0	0.0	0.0	0.0	0.0	0.0	0.0	0.000179792	0.0	0.0	4.26989e-05	0.0	0.0	0.0	0.0	0.0	0.0	0.0	0.0	0.0	0.0	0.0	0.0	0.0	0.0	0.000298883	0.0	0.0	0.0	0.0	0.0	0.0	0.0	0.0	0.0	0.0	0.0	0.0	0.0	0.0	0.0	0.0	0.0	0.0	0.0	0.0	0.0	0.0	0.0	0.0	0.0	0.0	0.0	0.0	0.0	0.0	0.0	0.0	0.0	0.0	0.0	0.0	0.0	0.0	0.0	0.0	0.0	0.0	0.0	0.0	0.0	0.0	0.0	0.0	0.0	0.0	0.0	0.0	0.0	0.0	0.0	0.0	0.0	1.25447e-05	0.000286464	0.0	0.0	0.0	0.0002336	0.0	0.0	0.0	0.0	0.0	0.0	0.0	4.26145e-05	0.0	0.0	0.0	0.0	0.0	0.0	0.0	0.0	0.0	0.0	0.0	0.0	0.0	0.0	0.0	0.0	0.0
PWY-5030: L-histidine degradation III	0.00296335	0.000108513	0.00419435	0.00335191	4.32483e-05	0.00334635	0.00320558	3.81007e-05	0.00349651	0.00351319	0.000411412	0.00298478	2.07448e-05	1.29537e-05	0.00246732	0.0036257	0.00381079	0.00316646	0.0	0.00344533	0.00540062	0.00344272	0.00927526	0.00330947	0.00139579	0.00408258	0.00753158	9.77153e-05	0.00121916	0.00475937	0.00929009	0.00387056	0.00325327	0.00508746	0.00316386	0.0	0.00530838	0.00255259	0.0	0.000797019	0.00347663	0.00966179	0.00410506	0.0	0.000620242	0.00520968	0.00214117	0.00531985	0.00395502	0.00552192	0.00159883	0.000521326	0.0	0.00806697	0.0072914	0.00731501	0.000795586	7.79836e-05	0.00503015	0.00749875	0.0059363	9.07429e-05	0.00100695	0.00256758	0.00224705	0.00877905	0.00570734	0.00341104	0.00342169	0.00959633	0.00751037	0.00291354	0.00435748	0.00698725	0.000376807	0.00125056	0.0053387	0.00596846	0.00354895	0.00141367	0.00228596	0.00970045	0.000880487	0.00401875	0.00292325	0.00190809	0.00265597	0.00166103	0.00333854	0.00397478	0.00194468	0.0132473	0.000613415	0.00446865	0.00253932	0.00652256	0.00300713	0.00654482	0.00288547	0.00513868	0.00404739	0.00323847	0.00201146	0.00396844	0.00291091	0.00510538	0.00332013	0.0046075	0.00259676	0.000620251	0.00121094	0.0108445	0.00360514	0.00271988	0.00160994	0.00247245	0.000821543	0.00311645	0.000315424	0.00158573	0.00101943	0.00331099	0.00544713	0.00391765	0.000985815	0.0043993	0.00357327	0.00570195	0.00697923	0.00229757	0.00570429	0.00413257	0.00730918	0.0094792	0.00271595	0.000313503	0.00744671	0.00306634	0.00491881	0.00139551	0.00519317	0.0	0.0040777	0.00637003	0.000858994	0.00941001	0.0028805	0.0043133	0.00455584	0.000413834	0.0	2.54289e-05	0.00562469	0.000325142	0.0	0.0	0.0	0.00155923	0.00339532	0.00524853	0.00457394	0.00279838	0.00201882	4.52658e-05	0.0019257	0.00147364	0.00217593	0.00364564	0.00194848	0.00555738	0.00203304	0.00151329	0.00342684	0.00414098	0.000913162	0.00217354	0.00380444	3.6978e-05	0.000446602	0.00348768	0.00395728
PWY-5055: nicotinate degradation III	0.0	0.0	0.0	0.0	0.0	0.0	0.0	0.0	0.0	0.0	0.0	0.0	0.0	0.0	0.0	0.0	0.0	0.0	0.0	0.0	0.0	0.0	0.0	0.0	0.0	0.0	2.04907e-05	0.0	0.0	0.0	0.0	0.0	0.0	0.0	0.0	0.0	0.0	0.0	0.0	0.0	0.0	0.0	2.00156e-05	0.0	0.0	0.0	0.0	1.11602e-05	0.0	0.0	7.11303e-06	0.0	0.0	0.0	0.0	0.0	0.0	0.0	0.0	0.0	0.0	0.0	0.0	0.0	0.0	0.0	0.0	0.0	0.0	0.0	0.0	0.0	0.0	0.0	0.0	0.0	0.0	0.0	0.0	0.0	0.0	0.0	0.0	0.000121614	0.0	0.0	0.0	0.0	0.0	0.0	0.0	0.0	0.0	0.0	0.0	0.0	0.0	0.0	0.0	0.0	0.0	0.0	0.0	0.0	0.0	0.0	0.0	0.0	0.0	0.0	0.0	0.0	0.0	0.0	0.0	0.0	0.0	0.0	0.0	0.0	0.0	0.0	0.0	0.0	0.0	0.0	0.0	0.0	0.0	0.0	0.0	0.0	0.0	0.0	0.0	0.0	0.0	0.0	0.0	0.0	0.0	0.0	0.0	0.0	0.0	0.0	0.0	0.0	0.0	0.0	0.0	0.0	0.0	0.0	0.0	0.0	0.0	0.0	0.0	0.0	0.0	0.0	0.0	0.0	0.0	0.0	0.0	0.0	0.0	0.0	0.0	0.0	0.0	0.0	0.0	0.0	0.0	0.0	0.0	0.0	0.0
PWY-5088: L-glutamate degradation VIII (to propanoate)	0.0	0.0	0.0	8.06697e-05	0.0	0.0	8.1108e-05	0.0	2.95361e-05	2.73093e-05	0.000170458	0.0	0.0	0.0	0.0	8.12028e-05	0.0	0.0	0.0	0.0	0.0	0.0	0.0	0.0	0.000198782	0.0	1.45764e-05	0.0	0.0	0.000223454	6.58818e-05	0.0	0.0	0.0	4.62971e-05	0.0	0.0	0.0	0.0	0.000365803	0.0	0.0	0.0	0.0	0.0	0.0	0.000203338	0.0	0.0	0.0	0.00015994	0.0	0.000309084	0.0	0.0	0.0	0.0	0.0	0.0	0.000106255	0.0	2.73626e-05	0.0	6.61719e-05	0.0	0.0	0.0	0.0	0.000101307	0.0	0.0	0.0	0.0	0.0	0.0	5.02071e-05	0.0	0.0	0.0	0.0	9.02658e-06	0.0	0.0	0.0	0.0	0.0	0.0	0.0	0.0	0.0	0.0	0.0	0.000128634	0.0	0.0	0.0	0.0	0.0	0.0	0.0	0.0	0.0	0.0	1.54308e-05	0.0	5.48214e-05	0.0	0.0	0.0	0.0	0.0	0.0	0.0	0.0	0.0	0.0	8.28843e-05	2.10562e-05	0.0	0.0	0.0	0.0	0.0	0.0	0.000165891	0.0	0.0	0.0	0.0	0.000117346	0.0	0.0	0.0	0.0	3.58737e-05	0.0	0.000124394	9.39516e-06	0.0	0.0	0.000158173	0.0	0.0	0.0	0.000109239	9.91628e-06	0.0	0.0	0.0	0.0	0.0	0.0	0.0	0.000179278	0.0	0.0	0.0	0.0	0.0	0.0	0.0	0.000178646	8.37227e-05	0.0	0.0	0.0	0.0	4.67021e-05	7.33418e-05	0.0	0.00019936	0.0	0.0	0.0	0.0	0.0	0.000251658	0.0	0.0	0.0	0.0
PWY-5097: L-lysine biosynthesis VI	0.0101559	0.00824996	0.0101561	0.00878376	0.0107183	0.00660242	0.00879782	0.00687293	0.00946959	0.00901808	0.00409685	0.0064948	0.00936056	0.00546976	0.00515588	0.00965548	0.00649407	0.00776746	0.00384529	0.00978952	0.00906452	0.00991548	0.0125449	0.00887355	0.00519679	0.00674069	0.00947335	0.00488978	0.00433678	0.00898239	0.0108626	0.00934505	0.0106916	0.0079307	0.00692507	0.00415244	0.00771245	0.0106209	0.00438186	0.00676287	0.00988515	0.0102208	0.00633714	0.00506365	0.00556137	0.00810628	0.00674215	0.00973026	0.00780914	0.0103881	0.00525556	0.00571422	0.00667437	0.00778388	0.0101669	0.0110021	0.00730713	0.00707929	0.00927891	0.00508203	0.00682447	0.00444162	0.00699244	0.00889584	0.00995294	0.0106555	0.0100528	0.0112195	0.00586802	0.0102582	0.00648473	0.00775626	0.0111215	0.00995686	0.00947102	0.00904129	0.0085054	0.00991493	0.0100247	0.00581554	0.0110884	0.00874339	0.0106862	0.0113463	0.00946996	0.0100076	0.0115814	0.00897213	0.0103995	0.010691	0.0148247	0.0098916	0.00563231	0.00687061	0.0106208	0.00891958	0.00980987	0.00898621	0.0106991	0.010487	0.0102184	0.009805	0.0110875	0.006822	0.0099917099999999	0.00876801	0.0108719	0.00851633	0.0066175	0.00592649	0.0127577	0.00881306	0.0103672	0.00987875	0.00734249	0.00834482	0.00446545	0.0079353	0.008023	0.00689934	0.00813703	0.00814922	0.00908815	0.00936724	0.00822581	0.00889511	0.00583156	0.00953346	0.0106381	0.00526302	0.00967555	0.0102554	0.00678836	0.010406	0.0107626	0.0213486	0.00803356	0.00627247	0.00998631	0.0137407	0.00819321	0.00459205	0.00622215	0.00702491	0.00979619	0.00871477	0.00710291	0.00989643	0.00897134	0.00799549	0.00405116	0.00386129	0.00942662	0.00409468	0.0040713	0.00608758	0.010254	0.00912854	0.00910369	0.00863145	0.00831775	0.00638325	0.00963735	0.00808458	0.010091	0.00541597	0.00871377	0.00789966	0.00766671	0.00847572	0.00603082	0.0065574	0.00818149	0.00906804	0.0043926	0.00983543	0.00742574	0.00571917	0.0089372	0.00809723	0.00909684
PWY-5100: pyruvate fermentation to acetate and lactate II	0.00280301	0.004797	0.00281675	0.00415024	0.00267478	0.00482486	0.00253078	0.00245174	0.00408378	0.00381391	0.00217474	0.00351613	0.00694375	0.00493847	0.00193044	0.00349228	0.00170256	0.00324939	0.00261675	0.00314583	0.00260364	0.00414739	0.00207929	0.0034947	0.00221087	0.00417394	0.00280138	0.00294369	0.00230432	0.00107761	0.00177263	0.0038132	0.0026622	0.00134745	0.00310998	0.00239333	0.0027182	0.00450952	0.000132839	0.00111805	0.0033344	0.0014672	0.00214349	0.00300301	0.00185037	0.00263896	0.00426081	0.00238053	0.00270599	0.00276529	0.00419159	0.00127254	0.00191249	0.001873	0.00161405	0.00174288	0.00354069	0.00556503	0.00382185	0.00225352	0.00217786	0.00268148	0.00884969	0.00438581	0.00238514	0.00185205	0.00241257	0.00238963	0.00271513	0.0010962	0.000806328	0.00210292	0.00284857	0.00109462	0.00343952	0.00320988	0.00358917	0.00345196	0.00308405	0.00170555	0.00371307	0.00126703	0.00215187	0.00416896	0.00193311	0.00522221	0.00262013	0.00198434	0.00377877	0.00218432	0.00144181	0.00190617	0.00317317	0.00221752	0.00438116	0.00242421	0.00629078	0.00295925	0.0039244	0.0023522	0.00229412	0.00370817	0.00328384	0.00244723	0.0037569	0.00221186	0.00218926	0.00263134	0.00411377	0.00292864	0.00162209	0.00338539	0.00166625	0.00613951	0.00323633	0.00354489	0.00223388	0.0043064	0.00483956	0.00437471	0.00365525	0.00304212	0.00333525	0.00292387	0.00222741	0.00355721	0.00268296	0.00190282	0.00150292	0.0020465	0.00237405	0.00324018	0.0015513	0.000911959	0.00232481	0.00132814	0.00355988	0.00198112	0.0011067	0.00417605	0.00162259	0.00208595	0.0044207	0.00126173	0.00265122	0.00382806	0.00177231	0.00265649	0.00344139	0.00896716	0.00279086	0.00175454	0.00187246	0.00252242	0.00166908	0.00529026	0.00860162	0.00390301	0.00325718	0.00278429	0.00397764	0.00254823	0.00360977	0.00335585	0.00383372	0.00205156	0.00498577	0.00310819	0.0041643	0.0028843	0.0032734	0.00260939	0.00367829	0.0028554	0.0016461	0.00336828	0.00338659	0.00262921	0.0073275	0.00434132	0.00229772
PWY-5103: L-isoleucine biosynthesis III	0.00965144	0.00773675	0.00669503	0.00879145	0.00985563	0.00719068	0.00801292	0.0027667	0.00935739	0.00809106	0.00665974	0.00773534	0.00734438	0.00303198	0.00574274	0.0110031	0.00725469	0.00766573	0.00666496	0.0102284	0.0108243	0.00812338	0.00587516	0.00815652	0.00647991	0.00612367	0.00918718	0.0037018	0.00563519	0.00742668	0.0101349	0.00874891	0.00770147	0.00716046	0.00732572	0.0057404	0.00761785	0.0110472	0.00585505	0.00866097	0.0120127	0.00976152	0.00514567	0.00464922	0.00673439	0.00753644	0.00776536	0.00863503	0.00834705	0.00860873	0.00526942	0.00637645	0.00755803	0.00798805	0.00737976	0.0100829	0.00839547	0.00639333	0.00875337	0.00665525	0.00548	0.00974655	0.00957499	0.00573815	0.0165247	0.0093754	0.0108698	0.0124251	0.00604599	0.00610671	0.00547427	0.0074436	0.0115731	0.0124919	0.0122382	0.010275	0.00784366	0.00980923	0.010484	0.00620085	0.00726734	0.00933707	0.0185031	0.00785058	0.00962898	0.0102844	0.0100259	0.0167069	0.010377	0.00767197	0.0233412	0.00933152	0.00568207	0.00595097	0.00963263	0.0092229	0.00898978	0.0082062	0.00933624	0.00873892	0.00841221	0.00772848	0.0182945	0.00812041	0.00928034	0.00878232	0.0078526	0.00885215	0.00614189	0.00712146	0.0166017	0.00770478	0.00958866	0.00899364	0.0052292	0.00894047	0.00579893	0.00829027	0.0115009	0.00745638	0.0117134	0.00871861	0.00995115	0.012835	0.00902479	0.0101474	0.00580521	0.0103205	0.00774304	0.00549394	0.0106243	0.00757107	0.00824434	0.00864347	0.00503606	0.0368425	0.00753879	0.00579306	0.00851582	0.0159358	0.00842199	0.00509115	0.00699181	0.00735026	0.00582178	0.00942892	0.00766702	0.0106705	0.00807087	0.00897425	0.00461396	0.00544153	0.00849871	0.00612735	0.00476468	0.0062246	0.00946155	0.00613766	0.00896691	0.0081066	0.00599175	0.00719878	0.00960423	0.00416617	0.0111958	0.0062552	0.00854776	0.00694171	0.00756888	0.00566311	0.00654813	0.00593473	0.00860358	0.00622151	0.00481296	0.00805729	0.00669983	0.00342492	0.00922759	0.00699247	0.00742111
PWY-5104: L-isoleucine biosynthesis IV	0.0	4.49361e-05	3.99499e-05	0.00046638	0.0	0.000121063	0.00048449	0.0	0.000137388	0.000305552	0.0	0.00106669	3.10456e-05	0.0	0.00157217	0.00035338	0.0	0.000981243	0.0	0.0	5.98197e-05	0.0	7.18381e-05	8.65417e-05	0.00112268	0.00123736	0.000137598	3.35498e-05	0.00164495	0.000965809	0.000144398	0.0	0.000140452	0.000439827	0.00132648	0.0	0.000569791	7.06722e-05	0.0	0.000502392	7.2176e-05	0.000214965	0.000273884	0.0	0.0	0.000602672	0.00109746	0.0	0.00113154	2.63968e-05	0.000919052	0.000880217	0.00240404	0.00071098	0.000179874	0.0	0.00034307	2.50262e-05	0.000134298	0.00161111	0.0	0.000166879	0.0	0.000756106	2.49598e-05	0.000267123	0.0	3.09025e-05	0.00146747	0.0	0.00130216	0.000149286	5.17229e-05	0.0	0.000204309	0.000883972	0.0	0.0	7.5873e-05	0.00068899	3.78785e-05	0.000104491	0.0	0.0	0.000211124	0.00012936	0.0	0.0011283	0.0	5.14895e-05	8.51092e-05	7.49152e-05	0.00174045	0.00149636	1.69647e-05	0.0	0.0	0.0	0.000183046	0.0	0.00021208	0.000142635	4.13031e-05	0.000463833	0.0	0.000120892	1.8247e-05	0.000409238	0.000371671	0.000951504	3.73759e-05	0.0	5.1857e-05	0.0	8.69339e-05	9.81719e-05	0.000530902	0.000163888	0.00010788	0.000475322	0.0	0.000811026	9.61977e-05	0.0	0.000440522	0.0	0.00193207	0.000176821	6.94039e-05	0.00264187	0.0	0.0	0.0	2.25832e-05	2.51928e-05	0.0	0.000515915	0.00210323	0.0	3.73086e-05	0.000824971	0.0	0.000130062	0.000957207	0.000218182	0.00011857	0.00174884	0.0	0.000291645	0.000314634	0.0	0.0	0.0	0.000372033	0.0	0.0	0.0	0.00057364	0.0	0.000266582	4.24838e-05	0.000783857	0.000241749	0.0	0.000162005	0.00144847	9.82516e-05	0.000334594	0.000916982	0.000122484	0.000510183	0.00156775	0.000284337	0.000116768	0.000848188	0.000269474	0.001123	5.09923e-05	8.16047e-05	6.51629e-05	0.000226695
PWY-5121: superpathway of geranylgeranyl diphosphate biosynthesis II (via MEP)	0.00212259	0.000954087	0.00516981	0.0035122	0.00038582	0.0024847	0.00255621	0.0022799	0.000985499	0.00223323	0.00117501	0.00272506	0.00374035	0.00193788	0.004171	0.00341362	0.0	0.00323078	0.00220091	0.00205762	0.00370199	0.00366075	0.00159316	0.00207441	0.00265032	0.00559556	0.00223119	0.00213434	0.00256006	0.00214276	0.00273705	0.00209199	0.00267092	0.00519672	0.00372277	0.00170297	0.00524119	0.00237363	0.000147517	0.00184642	0.00130245	0.00615045	0.00414408	0.00182586	0.00167217	0.00621199	0.00474481	0.00216918	0.00308255	0.000915469	0.00331759	0.00345378	0.0016684	0.00409724	0.00347211	0.0030995799999999	0.00137176	0.00401448	0.00353323	0.00223428	0.00754682	0.00110162	0.00416665	0.00226906	0.00127518	0.00507187	0.00186873	0.002987	0.00302412	0.00854904	0.00634689	0.00287798	0.00194947	0.00324104	0.000677116	0.00105692	0.00613387	0.0039885	0.00076663	0.00250334	0.0029246	0.0070493	0.0	0.00388321	0.0013243	0.00192572	0.000520516	0.000812955	0.00511835	0.00171033	0.000776895	0.00445732	0.00174061	0.00445794	0.00190897	0.00498639	0.00292548	0.0042748	0.000555952	0.00256755	0.000362521	0.00339402	0.000880561	0.0041462	0.00138816	0.00461359	0.00595521	0.00106303	0.00352031	0.00239995	0.00243192	0.00839424	0.00442301	0.0024343	0.000620035	0.00292394	0.0016449	0.00274881	0.00027267	0.00182023	0.00112547	0.00284859	0.00318273	0.00279219	0.000604624	0.00243196	0.00484997	0.00144855	0.00667447	0.0041686	0.00391888	0.00478816	0.0043538	0.00668438	0.00236565	0.000197233	0.00838025	0.00424446	0.00485352	0.000655305	0.00258746	0.000427228	0.00242762	0.00360666	0.00140256	0.00456043	0.00274741	0.00132079	0.00305523	0.00125168	0.00163104	0.00149072	0.00387231	0.0012412	0.00114827	0.00221323	0.00179334	0.00191964	0.00266847	0.00402521	0.00502301	0.00220909	0.00103495	0.00244143	0.00198329	0.00241525	0.00164452	0.00402174	0.00250279	0.00657811	0.00262065	0.00295393	0.00321049	0.0055479	0.00243862	0.00314826	0.00295004	0.00182664	6.59328e-05	0.00557974	0.0039416
PWY-5130: 2-oxobutanoate degradation I	0.00120419	0.000531807	0.000967438	0.00031637	0.0	0.000623211	0.00115366	0.0	0.000331205	0.000987432	0.000236945	0.00145596	0.0	0.0	0.0	0.00149475	0.000151798	0.0012124	0.0	0.00238617	0.000784708	0.000881172	0.000147181	0.000556638	8.74206e-05	0.0	0.00278328	0.0	0.000130855	0.00174028	0.00723826	0.00200108	0.000728862	0.00086492	0.0008712	0.0	0.000138897	0.00081557	0.0	0.000255326	0.00317779	0.00181732	0.000209543	0.0	0.0	0.00043852	0.000143342	0.000865561	0.00181514	0.00235982	0.000161386	0.0	0.00213455	0.0014337	0.00359298	0.0030781	0.000848573	0.0	0.000428089	0.00695553	0.00121223	1.173e-05	0.000274595	0.00263027	0.00116489	0.00127853	0.00177004	0.000956429	0.000143053	0.000888172	0.0	0.0	0.00211856	0.00014948	0.000123294	0.000757199	0.000252354	0.00229987	0.0015000599999999	0.000282659	0.000456731	0.0	0.000539358	0.000443416	0.00112187	0.000953778	0.000382159	0.000585337	0.000168383	0.00139077	0.000734	0.000225056	5.29582e-05	0.000271605	0.000861819	0.00215218	0.00106343	0.00131372	0.000848797	0.00195849	0.00125849	0.00106031	0.0	9.81966e-05	0.000879302	0.00151586	0.00118515	0.00139317	0.00021654	4.35425e-05	0.000627729	0.000290487	0.00137249	0.000995235	9.42471e-05	0.000229626	0.000589746	0.00132222	0.0	2.94344e-05	0.000401131	0.000932357	0.00216481	0.00190945	0.000105007	0.000903565	0.000164989	0.00129185	0.00307811	7.18017e-05	0.000784083	0.0010423	6.64938e-05	6.48671e-05	0.000251701	0.0	0.000104791	5.10051e-05	0.00179409	0.000305272	0.00258077	0.000332529	0.000501935	0.000145726	0.000340176	0.00112158	0.00164981	0.00245769	0.000830671	0.000183451	0.0	0.0	0.0017731	9.35348e-05	0.0	0.0	0.0	0.000650043	0.000117116	0.00205637	0.000121243	0.000907423	0.00108485	0.0	0.00120661	0.0	0.00145937	0.000832904	0.000641315	0.000493731	0.00045393	0.000329171	0.00086558	0.000368037	0.000181524	0.000466716	0.00127833	1.98531e-05	0.000524321	0.00034332	0.000417815
PWY-5136: fatty acid &beta;-oxidation II (plant peroxisome)	0.000117084	0.000629358	0.000575932	0.00101981	0.000544748	0.0019985	0.00117618	0.0051325	0.000559696	0.0010927	0.0057946	0.00220695	0.000483482	0.00302267	0.0051908	0.000922977	0.0	0.00195211	0.00449738	0.000219064	0.000147457	0.000386472	0.000641111	0.00089921	0.00257195	0.00197092	0.000792599	0.00510151	0.00451203	0.00247222	0.0005066	0.000213138	0.000153927	0.0018104	0.00238704	0.00542062	0.0013068	0.000386181	0.00792107	0.00272181	0.00154429	0.000780033	0.00232962	0.0061351	0.00527407	0.000667373	0.00142725	0.000371731	0.00168036	0.000328376	0.00216374	0.0103815	0.00385035	0.0	0.000649825	0.000335675	0.0020234	0.00127212	0.000739853	0.00319612	0.00101574	0.00438659	0.0	0.00175265	0.000227948	0.000546549	0.000398497	4.10817e-05	0.00306295	8.56304e-05	0.00161051	0.0026443	0.000267287	0.000317123	0.00161231	0.0014951	0.000379883	0.0	0.00100621	0.00388356	0.00192756	0.000371236	0.0	0.00064958	0.000805449	0.000331893	0.000378778	0.00127504	0.000647934	0.000707006	0.000150028	0.0	0.00541599	0.00229371	0.000340992	0.000492021	0.000165428	0.000234896	0.000605905	0.000155997	0.000246551	0.000501858	0.000900356	0.00143957	0.000261817	0.00117825	0.000339789	0.00170078	0.00234057	0.00371623	7.32234e-05	0.000354329	0.0	0.000195793	0.00109224	0.00132071	0.00567304	0.000584635	0.0001861	0.00214344	0.00035447	0.00224741	0.000122829	0.000216971	0.0014999	0.000555902	0.00186916	0.000906626	0.000208706	0.00343421	0.000224961	3.76925e-05	0.000266103	9.23455e-05	0.000368889	0.0	0.00119366	0.00285819	8.62777e-05	0.000306866	0.00137381	0.00649977	0.00220214	0.00140073	0.00103195	0.00239754	0.00243698	0.0	0.00170813	0.000696792	0.00627791	0.00781402	0.000234717	0.0057005	0.00687295	0.00368166	0.00129534	0.00178366	0.000219456	0.000579204	0.000399021	0.00242577	0.000642261	0.00202698	0.000175241	0.00345632	0.000726406	0.000826264	0.00123082	0.00021536	0.00228271	0.0025448	0.00067063	0.000404468	0.00515131	0.000549222	0.00198552	0.00235303	0.00136222	0.000383683	0.000671217
PWY-5138: fatty acid &beta;-oxidation IV (unsaturated, even number)	0.0	7.95344e-05	9.39461e-05	0.000245909	5.98886e-05	0.00107049	0.000226785	0.0030959	0.000213331	0.000143472	0.00216767	0.000697412	0.00040059	0.00225741	0.000528566	0.00019382	0.0	0.000715447	0.00209709	0.0	0.0	0.0	0.0	0.000145908	0.00104751	0.000267976	0.000140617	0.0023804	0.000852441	0.000753551	0.000141856	0.0	2.76977e-05	0.000153854	0.000782969	0.00342674	0.000361772	0.0	0.00637195	0.00148086	0.000312231	0.000316366	0.000753321	0.0029563	0.00444786	0.000315313	0.000585159	2.21272e-05	0.000430949	0.0	0.00136416	0.00374092	0.00127202	0.0	0.000391572	6.77483e-05	0.00145005	0.0013683	0.000101749	0.0012753	0.0005536	0.00223501	0.0	0.00105615	7.42583e-05	0.000159822	0.0	0.0	0.000689904	0.0	0.000570613	0.000934992	0.0	0.0	0.00075307	0.000264641	0.0	0.0	0.000173298	0.00155288	5.09173e-05	0.000154305	0.0	0.0	4.63071e-05	0.0	0.0	0.000271005	0.0	1.43337e-05	0.0	0.0	0.00242064	0.000992895	7.84855e-06	0.0	0.0	0.0	9.58473e-05	0.0	8.42546e-05	0.000121812	0.000161949	0.000207587	0.0	0.000672995	8.83905e-05	0.000209839	0.000365413	0.00252801	0.0	0.0	0.0	0.0	0.000364923	0.000397729	0.000972863	0.000141083	3.75116e-05	0.000450096	0.0	0.000337144	0.0	0.0	0.00056925	0.0	0.000810865	0.000103962	0.0	0.00167385	0.0	0.0	0.0	0.0	0.000104497	0.0	0.000302196	0.00128516	2.10647e-05	0.0	0.000449488	0.00448091	0.0014006	0.000277982	0.00021416	9.72154e-05	0.00078399	0.0	0.000132966	0.000261287	0.00171828	0.00425995	0.0	0.00219603	0.00415507	0.00182391	0.000479251	0.0006137	0.0	0.000345095	8.27129e-05	0.000537881	0.000132236	0.00164868	1.56171e-05	0.00158735	0.000100176	0.000154634	0.000245165	0.000164231	0.000819686	0.00135004	5.46901e-05	4.88895e-05	0.00244123	2.88285e-05	0.000485317	0.00200998	0.00015803	0.0	0.000349551
PWY-5154: L-arginine biosynthesis III (via N-acetyl-L-citrulline)	0.00505861	0.00549771	0.00523568	0.00671908	0.00176979	0.00372912	0.00408119	0.00215111	0.00338088	0.00451878	0.003927	0.00429616	0.00145398	0.00260229	0.00404929	0.00598669	0.00096489	0.00303405	0.00443924	0.0053586	0.00644942	0.00604312	0.0109183	0.00535232	0.00441961	0.00540249	0.00558771	0.00301644	0.00387408	0.00651095	0.00420324	0.0059387	0.00483891	0.00380137	0.00433852	0.00453483	0.00496446	0.0060337	0.00501307	0.00380805	0.0066198	0.00299842	0.00504064	0.00423247	0.00381899	0.00430034	0.00480667	0.00727896	0.0051629	0.00810219	0.00315976	0.00492083	0.00413042	0.00371015	0.00346136	0.00564729	0.00551417	0.00228049	0.0064342	0.00274757	0.00417009	0.00516474	0.00189372	0.00432652	0.00710323	0.00451707	0.00702722	0.00618144	0.0037535	0.00248412	0.00350898	0.00472564	0.00822636	0.00569219	0.00570107	0.00734408	0.00601857	0.0061322	0.00464132	0.00563218	0.00539495	0.0035694	0.0102638	0.00616498	0.00611812	0.00230098	0.00510051	0.00455342	0.00435398	0.005926	0.00397746	0.00522192	0.00401288	0.00514976	0.0058193	0.00477339	0.00473386	0.0069723	0.00377015	0.00835764	0.00726522	0.00572184	0.00593696	0.00646892	0.00404125	0.00406408	0.00665992	0.00556188	0.00457757	0.00460152	0.00623835	0.00648995	0.00596648	0.00461109	0.003566	0.00498457	0.00457779	0.00464138	0.00813849	0.00357705	0.00735049	0.00519059	0.0058975	0.00625879	0.00327986	0.00663181	0.00472505	0.00746177	0.00612305	0.00405823	0.00610304	0.0061949	0.00385277	0.00253931	0.00374729	0.00428788	0.00566504	0.00425579	0.00618021	0.00660481	0.00461354	0.00477837	0.00395401	0.00380763	0.00200454	0.00504018	0.00409214	0.00571336	0.00676817	0.00101196	0.00438167	0.00447678	0.00585947	0.00438644	0.00416089	0.00348355	0.00154541	0.00426318	0.00696624	0.00427322	0.00610453	0.00395734	0.0060073	0.00164203	0.00710112	0.00380652	0.00345054	0.00572267	0.00413533	0.00530884	0.00368819	0.0043003	0.00522989	0.00477847	0.00425104	0.00589128	0.00397587	0.00258751	0.00283335	0.00528416	0.00516437
PWY-5156: superpathway of fatty acid biosynthesis II (plant)	0.0	0.0	0.0	0.0	0.0	0.0	0.0	0.0	0.0	0.0	0.0	0.0	0.0	0.0	0.0	0.0	0.0	0.0	0.0	0.0	0.0	0.0	0.0	0.0	0.0	0.0	0.0	0.0	0.0	0.0	0.0	0.0	0.0	0.0	0.0	0.0	0.0	0.0	0.0	0.0	0.0	0.0	0.0	0.0	0.0	0.0	0.0	0.0	0.0	0.0	0.000287034	0.0	0.0	0.0	0.0	0.0	0.0	3.90921e-05	0.0	0.0	0.0	0.0	0.0	0.0	0.0	0.0	0.0	0.0	0.0	0.0	0.0	0.0	0.0	0.0	0.0	0.0	0.0	0.0	0.0	0.0	0.0	0.0	0.0	0.0	0.0	0.0	0.0	0.0	0.0	0.0	0.0	0.0	0.0	0.0	0.0	0.0	0.0	0.0	0.0	0.0	0.0	0.0	0.0	0.0	0.0	0.0	0.0	0.0	0.0	0.0	0.0	0.0	0.0	0.0	0.0	0.0	0.0	0.0	0.0	0.0	0.0	0.0	0.0	0.0	0.0	0.0	0.0	0.0	0.0	0.0	0.0	0.0	0.0	0.0	0.0	0.0	0.0	0.0	0.0	0.0	0.0	0.0	0.0	3.64151e-05	0.0	0.0	0.0	0.0	0.0	0.0	0.0	0.0	0.0	0.0	0.0	1.70888e-05	0.0	0.0	0.0	0.0	0.0	0.0	0.0	0.0	0.0	0.0	0.0	0.0	0.0	0.0	0.0	0.0	0.0	0.0	0.0	0.0	0.0	0.0	0.0	0.0	0.0
PWY-5178: toluene degradation IV (aerobic) (via catechol)	0.0	0.0	0.0	0.0	0.0	0.0	0.0	0.0	0.0	0.0	0.0	0.0	0.0	0.0	0.0	0.0	0.0	0.0	0.0	0.0	0.0	0.0	0.0	0.0	0.0	0.0	0.0	0.0	0.0	0.0	0.0	0.0	0.0	0.0	0.0	0.0	0.0	0.0	0.0	0.0	0.0	0.0	0.0	0.0	0.0	0.0	0.0	0.0	0.0	0.0	4.19959e-05	0.0	0.0	0.0	0.0	0.0	0.0	0.0	0.0	0.0	0.0	0.0	0.0	0.0	0.0	0.0	0.0	0.0	0.0	0.0	0.0	0.0	0.0	0.0	0.0	0.0	0.0	0.0	0.0	0.0	0.0	0.0	0.0	0.0	0.0	0.0	0.0	0.0	0.0	0.0	0.0	0.0	0.0	0.0	0.0	0.0	0.0	0.0	0.0	0.0	0.0	0.0	0.0	0.0	0.0	0.0	0.0	0.0	0.0	0.0	0.0	0.0	0.0	0.0	0.0	0.0	0.0	0.0	0.0	0.0	0.0	0.0	0.0	0.0	0.0	0.0	0.0	0.0	0.0	0.0	0.0	0.0	0.0	0.0	0.0	0.0	0.0	0.0	0.0	0.0	0.0	0.0	0.0	0.0	0.0	0.0	0.0	0.0	0.0	0.0	0.0	0.0	0.0	0.0	0.0	0.0	0.0	0.0	0.0	0.0	0.0	0.0	0.0	0.0	0.0	0.0	0.0	0.0	0.0	0.0	0.0	0.0	0.0	0.0	0.0	0.0	0.0	0.0	0.0	0.0	0.0
PWY-5180: toluene degradation I (aerobic) (via o-cresol)	0.0	0.0	0.0	0.0	0.0	0.000555002	0.0	0.0	0.0	0.0	0.0	0.0	6.06222e-05	0.00162819	0.0	0.0	0.0	0.0	0.00245447	0.0	0.0	0.0	0.0	0.0	0.0	0.0	0.0	0.00205386	0.0	0.0	0.0	0.0	0.0	0.0	0.0	0.0	0.0	0.0	3.08667e-05	0.0	0.000169688	0.0	0.0	0.00143066	0.0	0.0	0.0	0.0	0.0	0.0	0.00118153	0.0	0.00133572	0.0	0.0	0.0	0.0	0.000276878	0.0	0.0	0.0	0.0	0.0	0.0	6.81886e-05	0.0	0.0	0.0	0.0	0.0	0.0	0.0	0.0	0.0	0.0	0.0	0.0	0.0	0.0	0.0	0.0	0.0	0.0	0.0	0.0	0.0	0.0	0.0	0.0	0.0	0.0	0.0	0.00135822	0.0	0.0	0.0	0.0	0.0	0.0	0.0	0.0	0.0	0.0	0.0	0.0	0.0	0.0	0.000447917	0.0	0.0	0.0	0.0	0.0	0.0	0.0	0.0	0.0	0.000173403	0.0	0.000951631	0.0	0.0	0.0	0.0	0.0	0.0	0.0	0.0	0.0	0.0	0.0	0.0	0.0	0.0	0.0	0.0	0.0	0.0	0.0	0.0	0.0	0.0	0.0	0.000474412	0.0	0.0	0.0	0.0	0.0	0.000236542	0.0	0.0	0.0	0.0	0.00112117	0.00146193	0.000692272	0.0	0.0	0.0	0.0	0.0	0.0	0.000422443	0.0	0.000398146	0.0	0.0	0.0	0.0	0.0	0.0	0.0	0.0	0.0	0.0	0.00054181	0.00121128	0.0	0.0	0.0
PWY-5188: tetrapyrrole biosynthesis I (from glutamate)	0.00482181	0.00407274	0.0021094	0.00168703	0.00207857	0.00196356	0.0018534	0.00199361	0.00190157	0.0014625	0.00394285	0.00196809	0.000719005	0.00203708	0.00256546	0.00165912	0.00179684	0.00173551	0.00361179	0.00205376	0.00086486	0.00241802	0.00112232	0.00151098	0.00244931	0.00124033	0.00118998	0.00304189	0.00328062	0.00342489	0.000619122	0.00175595	0.00199805	0.00107687	0.00207607	0.00368186	0.00352379	0.00271476	0.00375577	0.00798028	0.00275661	0.00107078	0.0019487	0.00313652	0.00407606	0.00115461	0.00156167	0.00120662	0.00161604	0.000969242	0.00171588	0.00425322	0.00234652	0.000832399	0.00213298	0.00106237	0.00290661	0.00137687	0.00135813	0.00245973	0.0029683	0.00296318	0.00376092	0.00403039	0.000876472	0.000654748	0.00117993	0.000243975	0.00235744	0.000345748	0.00140341	0.00146527	0.00119029	0.00094368	0.00151461	0.00149759	0.00185336	0.000987812	0.00390701	0.00266508	0.00103597	0.000811666	0.00037652	0.00079096	0.000814938	0.00231929	0.00355454	0.00116561	0.00159023	0.0017881	0.000549713	0.000742104	0.0025907	0.0017298	0.00277188	0.000888022	0.00278257	0.00179262	0.00125427	0.00111946	0.000399474	0.00282564	0.00165991	0.00220059	0.00208309	0.00171015	0.00106328	0.00108249	0.00161584	0.00390755	0.0013313	0.00310355	0.00154949	0.00266731	0.00197714	0.00261019	0.0029431	0.00208653	0.000631543	0.00215082	0.000566877	0.00150063	0.00117453	0.000965556	0.0062609	0.00182156	0.00206037	0.00138233	0.00115303	0.00356143	0.00102272	0.00144732	0.00114629	0.000760277	0.000933638	0.000759809	0.00147476	0.00219108	0.000764004	0.00133645	0.00111296	0.00356003	0.0022385	0.00109093	0.00236241	0.00126138	0.00249219	0.00191851	0.00139678	0.00126976	0.00405794	0.00339597	0.00195014	0.00325272	0.00339251	0.00325456	0.000899895	0.00175193	0.00217619	0.00120261	0.00145305	0.00208574	0.0025819	0.00177515	0.00234341	0.00185481	0.00186898	0.00151548	0.00179687	0.000799993	0.00232839	0.00239453	0.00342174	0.0016723	0.00316902	0.00237727	0.00241122	0.00173514	0.00307318	0.00201463	0.00288436
PWY-5189: tetrapyrrole biosynthesis II (from glycine)	0.000155125	0.00389573	3.73175e-05	0.00033513	0.000862262	0.00161906	0.000563615	0.0015272	0.000222261	0.000403329	0.00360991	0.000845578	0.000347505	0.000997389	0.00233561	0.000511443	0.000894944	0.00118145	0.00256752	0.0	4.69279e-05	0.0	7.32214e-05	0.000415145	0.00177579	0.000954652	0.000124907	0.00182587	0.00212779	0.00117489	0.000124668	1.63262e-05	9.643e-05	0.000624787	0.00116291	0.00235079	0.000503051	8.34012e-05	0.00396737	0.00204233	0.000302718	0.000139537	0.000947022	0.00171788	0.00206897	0.0002096	0.000971212	4.83254e-05	0.000499317	0.0	0.000868922	0.00294127	0.00165332	0.0	0.00141966	6.72773e-05	0.000729713	0.000425787	0.000181622	0.00202679	0.000763012	0.00214046	0.00184431	0.000545053	0.0	0.000154013	3.23925e-05	0.0	0.00152911	0.0	0.000731326	0.000561617	5.20192e-05	3.8234e-05	0.000682457	0.000835087	0.0	0.0	0.00017773	0.00172353	0.000182506	0.000138567	0.0	0.0	0.000242816	0.000108416	0.000247815	0.000695801	0.0	0.000155538	0.0	1.97064e-05	0.0016084	0.000875073	6.74528e-05	0.0	7.54159e-06	0.0	0.000374805	0.0	0.00013978	0.000111183	0.00012565	0.000364519	0.0	0.000276775	6.70382e-05	0.000661214	0.000152106	0.00147464	7.23598e-05	0.0	0.0	0.0	0.000562351	0.000436121	0.00235844	0.000410364	7.60956e-05	0.00129001	0.0	0.000686646	0.0	0.0	0.000908354	0.0	0.0011026	9.79731e-05	5.37651e-05	0.0025248	0.0	0.0	0.0	0.0	0.000176183	0.000171817	0.000354675	0.00137752	6.90525e-05	0.0	0.000536594	0.00350689	0.00185896	0.000505831	0.000369165	0.000687319	0.00113585	0.0	0.000443441	0.00066966	0.0030663	0.00336597	0.0	0.00206736	0.00286758	0.00119386	0.000623543	0.000629556	0.0	0.000276063	0.000297423	0.000841291	0.000328664	0.000247387	3.139e-05	0.00152728	0.000161667	0.000154915	0.000506202	0.000212785	0.000908462	0.00128785	0.00014022	0.00010687	0.00150503	0.000144606	0.00101262	0.000815638	0.00039798	0.0	0.000220884
PWY-5198: factor 420 biosynthesis II (mycobacteria)	0.0	0.0	0.0	0.0	0.0	0.0	0.0	0.0	0.0	0.0	0.0	0.0	0.0	0.0	0.0	0.0	0.0	0.0	0.0	0.0	0.0	0.0	0.0	0.0	0.0	0.0	0.0	0.0	0.0	0.0	0.0	0.0	0.0	0.0	0.0	0.0	0.0	0.0	0.0	0.0	0.0	0.0	0.0	0.0	0.0	0.0	0.0	0.0	0.0	0.0	0.0	0.0	0.0	0.0	0.0	0.0	0.0	0.0	0.0	0.0	0.0	0.0	0.0	0.0	0.0	0.0	0.0	0.0	0.0	0.0	0.0	0.0	0.0	0.0	0.0	0.0	0.0	0.0	0.0	0.0	0.0	0.0	0.0	0.0	0.0	0.0	0.0	0.0	0.0	0.0	0.0	0.0	0.0	0.0	0.0	0.0	0.0	0.0	0.0	0.0	0.0	0.0	0.0	0.0	0.0	0.0	0.0	0.0	0.0	0.0	0.0	0.0	0.0	0.0	0.0	0.0	0.0	0.0	0.0	0.0	0.0	0.0	0.0	0.0	0.0	0.0	0.0	0.0	0.0	0.0	0.0	0.0	0.0	0.0	0.0	0.0	0.0	0.0	0.0	0.0	0.0	0.0	0.0	0.0	0.0	0.0	0.0	0.0	0.0	0.0	0.0	0.0	0.0	0.0	0.0	0.0	0.0	6.04992e-05	0.0	0.0	0.0	0.0	6.76924e-05	0.0	0.0	0.0	9.77198e-06	0.0	0.0	0.0	0.0	0.0	0.0	0.0	0.0	0.0	1.23645e-05	0.0	0.0	0.0	0.0
PWY-5209: methyl-coenzyme M oxidation to CO2	0.0	0.0	0.0	0.0	0.0	0.0	0.0	0.0	0.0	0.0	0.0	0.0	0.0	0.0	0.0	0.0	0.0	0.0	0.0	0.0	0.0	0.0	0.0	0.0	0.0	0.0	0.0	0.0	0.0	0.0	0.0	0.0	0.0	0.0	0.0	0.0	0.0	0.0	0.0	0.0	0.0	0.0	0.0	0.0	0.0	0.0	0.0	0.0	0.0	0.0	0.0	0.0	0.0	0.0	0.0	0.0	0.0	0.0	0.0	0.0	0.0	0.0	0.0	0.0	0.0	0.0	0.0	0.0	0.0	0.0	0.0	0.0	0.0	0.0	0.0	0.0	0.0	0.0	0.0	0.0	0.0	0.0	0.0	0.0	0.0	0.0	0.0	0.0	0.0	0.0	0.0	0.0	0.0	0.0	0.0	0.0	0.0	0.0	0.0	0.0	0.0	0.0	0.0	0.0	0.0	0.0	0.0	0.0	0.0	0.0	0.0	0.0	0.0	0.0	0.0	0.0	0.0	0.0	0.0	0.0	0.0	0.0	0.0	0.0	0.0	0.0	0.0	0.0	0.0	0.0	0.0	0.0	0.0	0.0	0.0	0.0	0.0	0.0	0.0	0.0	0.0	0.0	0.0	0.0	0.0	0.0	0.0	0.0	0.0	0.0	0.0	0.0	0.0	0.0	0.0	0.0	0.0	6.82044e-05	0.0	0.0	0.0	0.0	5.76856e-05	0.0	0.0	0.0	0.0	0.0	0.0	0.0	0.0	0.0	0.0	0.0	0.0	0.0	9.22113e-06	0.0	0.0	0.0	0.0
PWY-5265: peptidoglycan biosynthesis II (staphylococci)	0.000200499	8.36661e-05	0.000246955	0.0	0.00609075	0.0	0.0	0.00380468	0.0	0.0	0.0	0.000128276	0.00666891	0.0049723	0.0	0.0	0.0	0.000143974	0.000715162	0.000143895	0.0	0.0	0.000160657	0.0	7.29569e-05	0.0	0.0	0.00422323	1.42996e-05	0.0	0.0	0.0	0.0	0.0	0.0	0.0	0.0	0.0	3.622e-05	0.0	0.000240949	0.000104601	0.00014373	0.000149112	0.000490773	0.000303821	8.93117e-05	6.00632e-05	0.0	0.0	0.0039319	0.0	0.0	0.0	0.0	0.0	0.0	0.00563832	0.0	0.0	0.0	0.0	0.00776313	0.0	0.0	0.0	0.00013388	0.0	0.0	0.0	0.0	0.000215309	0.0	0.0	0.0	0.0	0.0	0.0	0.0	0.0	0.0	0.0	0.0	0.00119346	0.0	0.0	0.0	0.0	0.0	0.0	0.0	0.0	0.00045039	0.0	9.38443e-05	3.24995e-05	0.0	0.0	0.000141194	0.0	0.0	0.0	0.0	8.65225e-05	0.000132682	0.0	0.0	0.0	0.0	0.000239558	0.0	0.0	0.0	0.0	0.0	0.0	0.0	0.000492578	0.0	0.000169509	0.0	0.000297615	0.0	0.0	0.000279528	0.0	0.0	0.000552827	0.0	0.0	0.000212159	0.0	0.000171721	0.0	0.0	0.0	0.0	0.0	0.0	0.0	0.0	0.0	0.0	0.00116091	0.0	0.00048336	0.00011392	0.0	0.000143611	0.00260662	0.0	0.0	0.0	0.000469439	0.0	0.00270855	0.00283818	0.0	0.0	0.000213556	0.0	0.00146795	0.0	0.00488023	0.0	0.0	0.0	0.000247015	0.0	0.0	0.000102918	0.000101818	0.0	0.0	0.000861223	0.0	0.000279489	0.00575087	0.000361731	0.000540942	5.46358e-05
PWY-5345: superpathway of L-methionine biosynthesis (by sulfhydrylation)	0.000673572	0.000625617	0.000513268	0.00241039	0.00135568	0.0033423	0.00237187	0.000152249	0.000944415	0.00202535	0.00293691	0.0032879	0.000745911	0.000474691	0.00212363	0.00148047	0.000752788	0.00263637	0.00117678	0.000251982	0.000139222	0.0	0.0	0.00261959	0.00393554	0.00358687	0.00128226	0.00211772	0.00335314	0.00215691	0.000781073	0.000517976	3.64444e-05	0.00202752	0.00339176	0.00293619	0.00199651	0.0	0.000173228	0.00310036	0.00101136	0.00118334	0.00393632	0.0029301	0.00299955	0.00210809	0.00326638	0.000361876	0.00272911	0.000158499	0.00304722	0.0028804	0.00444317	0.0	0.000743196	0.000534509	0.0035211	0.0013027	0.00105083	0.00186449	0.00289982	0.00416188	0.0	0.0022757	0.000216861	0.000920968	0.0	0.0	0.00307904	5.81393e-05	0.00205912	0.00230637	9.68459e-05	0.0	0.00264517	0.00258132	0.00195854	0.0	0.000671237	0.00284412	0.000308316	0.000514635	0.000161365	4.3105e-05	0.00113599	0.000155667	0.0011176	0.00294698	0.0	0.00119667	0.0	6.34418e-05	0.00386866	0.00308533	0.0	0.0	5.25311e-05	0.000318322	0.000501578	0.00239849	0.000987195	0.000888465	0.000840293	0.00206748	0.00120716	0.00255224	0.00121669	0.00231509	0.00111277	0.00368601	0.0	0.0	0.000151518	3.28936e-05	0.00162747	0.00190948	0.00276291	0.00131892	0.000465156	0.00353437	0.00162308	0.00277523	0.0	0.000137866	0.00291163	0.0	0.0030479	0.000555005	0.000481886	0.00310257	0.0	0.000197169	0.0	0.000508092	0.00100826	0.000564417	0.00192752	0.00261263	0.000392946	0.0	0.00267201	0.00333758	0.00366672	0.00246674	0.00128484	0.000559075	0.00376491	0.000102682	0.00139907	0.000957148	0.00208022	0.00046658	0.0	0.0032889	0.000792034	0.00317553	0.00167369	0.00190955	0.0	0.00179275	0.00183367	0.00390425	0.0016101	0.00115739	0.00189946	0.00443297	0.001289	0.00159995	0.00256086	0.000655292	0.00473134	0.00313648	0.00128673	0.000665087	0.00369745	0.00112234	0.00359686	0.00176739	0.00073435	0.00365708	0.00112996
PWY-5347: superpathway of L-methionine biosynthesis (transsulfuration)	0.000130792	0.000286661	0.000198608	0.00084794	0.000777992	0.00220687	0.00116645	0.00220916	0.000600264	0.00098842	0.00493398	0.00222573	0.0015746	0.00322873	0.00347936	0.000985152	0.0	0.00170359	0.0041774	6.62724e-05	0.0	3.17872e-05	8.00002e-05	0.000736034	0.00411214	0.00196952	0.000342373	0.00374414	0.00350326	0.00160136	0.000402601	5.90619e-05	0.000142723	0.000843602	0.00200514	0.00491989	0.000817572	0.0	0.00643849	0.00297861	0.000315686	0.000539726	0.00205439	0.0041909	0.00463978	0.00138858	0.00286951	0.0	0.00164873	5.53081e-05	0.00292999	0.002545	0.0032421	0.0	0.000232815	0.000150178	0.00318132	0.00212511	0.00038472	0.00164907	0.00148946	0.00536958	0.00138482	0.00133244	0.0	0.000514854	0.0	0.0	0.00267949	0.0	0.00291809	0.00159351	0.0	0.0	0.00188767	0.00138651	0.0	6.13313e-05	0.000128677	0.00366062	0.000106869	0.000133158	0.0	0.0	0.000323927	0.0	0.0	0.00151307	6.04526e-05	0.000100145	0.0	2.23729e-05	0.00337851	0.00252058	8.03084e-05	0.0	0.00011751	0.0	0.000216951	0.0	0.00031921	0.000233278	0.000522866	0.000951109	0.000117377	0.000878734	0.000293109	0.000846712	0.000997751	0.003992	0.0	0.00104456	0.0	4.88716e-05	0.000497963	0.00119852	0.00400047	0.000850605	0.0	0.00216289	0.0	0.00105297	0.000109424	0.0	0.00157581	0.000172865	0.0029646	0.000110307	0.0	0.00321729	0.0	0.0	0.0	0.000208203	0.000347247	0.0	0.00123637	0.00372265	5.79297e-05	0.0	0.00150795	0.00525821	0.00252196	0.00129005	0.000407072	0.00012506	0.00227182	4.81506e-05	0.000449343	0.000484119	0.00476754	0.00543343	0.000365159	0.00401115	0.00506941	0.00318254	0.00151764	0.00137116	0.0	0.00108096	0.000176113	0.00151011	0.000630251	0.00226674	0.00010111	0.00256826	0.000412666	0.00104123	0.00148674	0.000465835	0.00218887	0.00320081	0.000346349	0.000612486	0.00457929	0.000670502	0.00142871	0.00289443	0.00034361	0.0	0.000702943
PWY-5367: petroselinate biosynthesis	8.67317e-05	1.63767e-05	8.99038e-05	0.00160972	0.00042941	0.000113063	0.000195838	0.00639117	0.0	0.000477626	0.00203796	0.000444282	0.0048411	0.00405761	0.000959567	0.000354622	0.0	0.000394559	0.00210007	0.0	0.0	0.000283881	0.0	0.000271996	0.00201143	0.000391015	5.80311e-05	0.00376004	0.00139093	0.000377967	0.000176144	0.000460812	6.99666e-05	0.00060707	0.000683246	0.00118109	0.000165757	0.0	2.13635e-05	0.00183924	8.41859e-05	9.40574e-05	0.000178258	0.00100826	0.000226585	0.000193038	0.00341586	5.15984e-05	0.000318473	0.0	0.00261113	0.000569459	0.000978686	0.0	0.000125985	0.0	0.000240391	0.00435532	1.07248e-05	0.000398258	7.06761e-05	0.00355545	0.000211667	0.00049708	0.0	9.09972e-05	0.0	0.0	0.000665747	0.0	0.000693707	0.000222708	0.0	0.0	0.000292333	0.000264123	0.000441566	0.0	4.512e-05	0.00144964	6.1839e-06	0.0	0.0	0.0	0.000130433	0.0	0.0	0.000350469	0.0	0.0	0.0	0.0	0.00115167	0.000528895	0.0	0.0	0.000167804	0.0	4.04938e-05	0.0	0.000224253	0.000117487	9.78221e-05	0.000172885	0.0	6.69983e-05	5.09071e-06	0.000362287	0.000107278	0.00166149	0.0	3.31135e-05	0.0	0.000173862	4.90645e-05	8.52654e-05	0.00157679	0.000185867	8.84423e-05	0.000623903	0.0	0.000273166	0.000427752	0.0	0.000387362	4.12213e-05	0.000859362	2.09555e-05	0.0	0.00124786	0.0	0.0	0.0	0.0	4.00949e-05	0.0	0.000358654	0.00161162	0.0	0.0	0.000476697	0.000269384	7.71193e-05	0.000774425	0.000128917	6.94102e-05	0.000738434	3.59445e-05	5.99671e-05	9.65973e-05	0.0016502	0.000949138	0.0	0.00135486	0.000681774	0.00169152	0.00111779	0.000458294	0.0	0.000115953	0.000359442	0.000826895	0.00043879	0.00213347	0.000214937	0.00127877	7.38908e-05	0.000341229	0.000252738	0.000242102	0.000287842	0.000763298	0.000126825	0.000115683	0.00113187	0.000858337	0.000227541	0.0066356	2.03878e-05	9.07105e-05	9.0448e-05
PWY-5384: sucrose degradation IV (sucrose phosphorylase)	0.001524	0.00583587	0.00188362	0.000776222	0.00713278	0.00364722	0.000953024	0.00542809	0.00115877	0.00143005	0.00305882	0.0022441	0.00615577	0.00625415	0.00323805	0.00168294	0.00093208	0.000993073	0.00447892	0.00162767	0.00118672	0.000895413	0.00164862	0.0012124	0.00395982	0.00396779	0.00151289	0.0041481	0.00314792	0.00122056	0.000831958	0.000792041	0.00176079	0.00266269	0.00206615	0.00255112	0.0019969	0.0025283	0.0048867	0.00113705	0.0011236	0.00105526	0.00278298	0.00408697	0.00291551	0.00337412	0.00184209	0.00199298	0.00143783	0.000894752	0.00401564	0.00129257	0.00189428	0.00568918	0.00482716	0.0011388	0.00342484	0.00497005	0.000483535	0.00109953	0.00167846	0.00406049	0.00474388	0.00335627	0.000388915	0.000949694	0.000962039	0.00183921	0.00163619	0.00160523	0.00215943	0.00297831	0.000741483	0.000483805	0.00248961	0.0013887699999999	0.00254018	0.00184805	0.00132333	0.00184652	0.00124385	0.00242018	0.000648915	0.00157174	0.00171575	0.00372566	0.000888335	0.00124936	0.00170722	0.00165138	0.000464559	0.000747209	0.00351011	0.00224672	0.00221702	0.00108275	0.00205358	0.0012199	0.00185034	0.00169654	0.00162562	0.00288736	0.0014277	0.00271101	0.000752954	0.00181472	0.00170363	0.00136913	0.00203832	0.00202432	0.00237561	0.00413292	0.00225049	0.00222894	0.0014219	0.00200386	0.00323985	0.00171407	0.00147331	0.00486226	0.000394968	0.00195297	0.00092286	0.000864731	0.001428	0.00144097	0.0029582	0.00060438	0.00143669	0.00236861	0.00101862	0.00232495	0.00132553	0.00210239	0.00271992	0.000554405	0.00141508	0.00175742	0.00182916	0.000347423	0.00124512	0.00518904	0.00333636	0.00229418	0.00205414	0.00120776	0.00125776	0.00192524	0.00150238	0.000857459	0.00499091	0.00460889	0.00185264	0.00384179	0.00445696	0.00434811	0.0088547	0.00167825	0.00327824	0.00227256	0.00288656	0.00199071	0.000796565	0.0045945	0.00166142	0.00111019	0.00120362	0.0029492	0.00130478	0.00249753	0.003177	0.00180431	0.00175134	0.00242282	0.00276207	0.00177797	0.00220185	0.00645379	0.0027194	0.00307544	0.00280366
PWY-5392: reductive TCA cycle II	0.0	0.000181612	2.94632e-05	3.18786e-05	0.0	0.000322439	0.000247284	0.0	0.0	0.000120692	0.0	0.000126971	0.0	0.0	0.0	0.0	0.0	6.27417e-05	0.0	0.0	0.0	0.0	0.0	9.10445e-05	0.0	0.0	5.6479e-05	0.0	3.45063e-06	0.000547973	3.34557e-05	0.0	0.0	0.000153183	0.000236257	0.0	0.0	0.0	0.0	0.000113642	7.03962e-05	0.0	0.00022206	0.0	0.0	0.0	1.86915e-05	0.0	0.000103034	0.0	0.0	0.000144296	0.0	0.0	0.0	0.0	8.51378e-05	0.0	0.0	0.00030499	0.0	0.0	0.0	0.0	2.88002e-05	0.0	0.0	0.0	0.000309172	0.0	0.0	0.00012916	0.0	0.0	0.000285742	0.000105892	0.0	0.0	0.0	6.56534e-05	2.49679e-05	0.0	0.0	0.0	0.0	0.0	0.0	0.000144179	4.59648e-05	3.64201e-05	0.0	0.0	0.0	0.0	0.0	0.0	2.05251e-05	0.0	0.0	0.0	2.36149e-05	5.57144e-05	0.0	0.000145956	0.0	0.0	4.22849e-05	0.000234422	9.8349e-05	0.000153342	2.14466e-05	0.0	0.0	0.0	0.0	0.00020154	0.000149327	6.66842e-05	0.0	0.000227068	0.0	0.000227899	0.0	0.0	8.547e-05	0.0	0.0	0.0	0.0	0.0	0.0	0.0	0.0	0.0	0.000123198	0.0	0.0	0.0	0.0	0.0	0.000326765	0.0	0.000363851	0.0	0.0	1.8176e-05	0.000166741	0.0	9.84878e-05	0.0	0.0	0.0	0.0	6.25053e-05	0.0	0.0	0.0	0.000177781	0.0	8.50477e-05	0.0	0.00032785	0.0	0.0	0.0	0.000214587	2.72189e-05	0.000152162	0.000289368	0.0	0.0001587	4.20969e-05	4.32233e-05	0.0	0.0	3.75141e-05	0.000267345	0.0	6.24211e-05	0.0	0.000118253
PWY-5415: catechol degradation I (meta-cleavage pathway)	0.0	0.0	0.0	0.0	0.0	2.62795e-05	0.0	0.0	0.0	0.0	0.0	0.0	4.38128e-05	0.00149103	0.0	0.0	0.0	0.0	0.000326921	3.13373e-05	0.0	0.0	0.0	0.0	0.0	0.0	0.0	0.00194737	0.0	0.0	0.0	0.0	0.0	0.0	0.0	0.0	0.0	0.0	6.16782e-06	0.0	1.55986e-05	0.0	0.0	6.40492e-05	0.0	0.0	0.0	0.0	0.0	0.0	0.00103551	0.0	1.66673e-05	0.0	0.0	0.0	0.0	0.000195795	0.0	0.0	0.0	0.0	0.0	0.0	2.46287e-05	0.0	0.0	0.0	0.0	0.0	0.0	0.0	0.0	0.0	0.0	0.0	0.0	0.0	0.0	0.0	0.0	0.0	0.0	0.0	0.0	0.0	0.0	0.0	0.0	0.0	0.0	0.0	0.000143275	0.0	0.0	0.0	0.0	0.0	0.0	0.0	0.0	0.0	0.0	0.0	0.0	0.0	0.0	2.3361e-05	0.0	0.0	0.0	0.0	0.0	0.0	0.0	0.0	0.0	9.41466e-05	0.0	2.15344e-05	0.0	0.0	0.0	0.0	0.0	0.0	0.0	0.0	0.0	0.0	0.0	0.0	0.0	0.0	0.0	0.0	0.0	0.0	0.0	0.0	0.0	0.0	0.0	0.000373044	0.0	0.0	0.0	0.0	0.0	0.000166538	0.0	0.0	0.0	0.0	1.46931e-05	0.000817852	0.000547242	0.0	0.0	0.0	0.0	0.0	0.0	0.000273271	0.0	0.000179703	0.0	0.0	0.0	0.0	0.0	0.0	0.0	0.0	0.0	0.0	2.35964e-05	0.00072483	0.0	0.0	0.0
PWY-5417: catechol degradation III (ortho-cleavage pathway)	0.0	2.13501e-05	0.0	0.0	0.0	0.000433893	0.0	0.002062	0.000141931	4.4042e-05	0.0	0.0	0.0	0.00135818	0.0	0.0	0.0	0.0	0.0	0.0	0.0	0.0	0.0	0.0	0.0	0.0	0.0	0.0	0.0	0.000368629	0.0	0.0	0.0	0.0	4.6327e-05	0.000846119	0.0	0.0	0.00272848	0.000108338	0.0	0.0	0.000645574	0.000143274	0.000469135	0.0	0.0	1.31856e-05	0.0	0.0	0.000344787	0.00215352	8.08256e-05	0.0	0.000246247	0.0	8.05689e-05	4.2864e-05	0.0	0.000705957	0.0	0.0	0.0	9.84259e-05	0.0	0.0	0.0	0.0	0.0	0.0	0.0	0.0	0.0	0.0	0.000413618	0.0	0.0	0.0	0.0	0.0	0.0	0.0	0.0	0.0	0.0	0.0	0.0	4.15698e-05	0.0	0.0	0.0	0.0	0.000315974	0.0	0.0	0.0	0.0	0.0	0.0	0.0	0.0	0.0	0.0	0.0	0.0	0.000232867	6.85243e-05	0.0	1.15488e-05	0.0	0.0	0.0	0.0	0.0	0.0	0.0	0.0	0.0	0.0	0.0	0.0	0.0	0.0	0.0	0.0	0.0	0.0	0.0	0.0	0.0	0.0	0.0	0.0	0.0	8.45824e-05	0.0	0.0	0.0	0.0	0.0	0.0	0.00270895	0.000643193	0.0	0.0	0.0	0.0	0.0	0.0	5.07548e-05	0.000176686	0.00206573	0.0	0.000746097	0.000458648	1.17081e-05	0.0	0.000318995	0.0	1.13586e-05	0.0	0.0	1.3983e-05	1.00468e-05	0.0	0.0	0.0	0.0	5.19762e-05	0.0	0.000586124	0.0	0.0	0.0	0.0	0.0	6.35638e-05	0.0	0.0	0.0	0.0
PWY-5431: aromatic compounds degradation via &beta;-ketoadipate	0.0	2.13501e-05	0.0	0.0	0.0	0.000433893	0.0	0.002062	0.000141931	4.4042e-05	0.0	0.0	0.0	0.00135818	0.0	0.0	0.0	0.0	0.0	0.0	0.0	0.0	0.0	0.0	0.0	0.0	0.0	0.0	0.0	0.000368629	0.0	0.0	0.0	0.0	4.6327e-05	0.000846119	0.0	0.0	0.00272848	0.000108338	0.0	0.0	0.000645574	0.000143274	0.000469135	0.0	0.0	1.31856e-05	0.0	0.0	0.000344787	0.00215352	8.08256e-05	0.0	0.000246247	0.0	8.05689e-05	4.2864e-05	0.0	0.000705957	0.0	0.0	0.0	9.84259e-05	0.0	0.0	0.0	0.0	0.0	0.0	0.0	0.0	0.0	0.0	0.000413618	0.0	0.0	0.0	0.0	0.0	0.0	0.0	0.0	0.0	0.0	0.0	0.0	4.15698e-05	0.0	0.0	0.0	0.0	0.000315974	0.0	0.0	0.0	0.0	0.0	0.0	0.0	0.0	0.0	0.0	0.0	0.0	0.000232867	6.85243e-05	0.0	1.15488e-05	0.0	0.0	0.0	0.0	0.0	0.0	0.0	0.0	0.0	0.0	0.0	0.0	0.0	0.0	0.0	0.0	0.0	0.0	0.0	0.0	0.0	0.0	0.0	0.0	0.0	8.45824e-05	0.0	0.0	0.0	0.0	0.0	0.0	0.00270895	0.000643193	0.0	0.0	0.0	0.0	0.0	0.0	5.07548e-05	0.000176686	0.00206573	0.0	0.000746097	0.000458648	1.17081e-05	0.0	0.000318995	0.0	1.13586e-05	0.0	0.0	1.3983e-05	1.00468e-05	0.0	0.0	0.0	0.0	5.19762e-05	0.0	0.000586124	0.0	0.0	0.0	0.0	0.0	6.35638e-05	0.0	0.0	0.0	0.0
PWY-5464: superpathway of cytosolic glycolysis (plants), pyruvate dehydrogenase and TCA cycle	0.0	0.000115434	0.0	0.0	0.0	0.000229542	0.0	0.0	0.0	0.0	0.0	6.61632e-05	0.0	0.0	0.0	0.000145473	0.0	0.0	0.0	0.0	0.0	0.0	0.0	0.000166121	4.82661e-05	0.0	0.0	0.0	4.3881e-05	0.0	0.0	0.0	0.0	0.0	0.0	0.0	0.0	0.0	0.0	0.0	0.0	0.0	0.0	0.0	0.0	0.0	0.0	0.0	0.0	0.0	7.37204e-05	0.00028158	0.0	0.0	0.000432828	0.0	0.000140556	0.0	0.0	0.0	0.0	0.0	0.0	0.0	0.000343885	0.0	0.0	0.0	0.0	0.0	0.0	0.0	0.0	0.0	6.27364e-05	0.0	0.0	0.0	0.0	7.50354e-05	8.2139e-05	0.0	0.0	0.0	8.00424e-05	0.0	0.0	0.0	0.0	9.46618e-05	0.0	0.0	0.0	0.0	2.52796e-05	0.0	0.0	0.0	0.0	0.0	0.0	0.0	0.0	0.000108814	0.0	0.0	2.02012e-05	0.0	0.000105363	0.0	0.0	0.0	0.0	0.0	0.0	0.0	4.81362e-05	0.000241554	0.0	0.0	0.0	0.0	0.0	0.0	0.000152269	0.0	0.0	0.0	0.0	0.0	0.0	0.0	0.0	0.0	0.0	0.0	0.0	0.000153546	0.0	0.0	0.0	0.0	0.000211811	0.0	0.0	0.0	0.0	0.0	0.0	0.000306461	0.0	0.0	0.0	4.41336e-05	0.0	9.57955e-05	0.000510065	0.000109055	0.0	6.56717e-05	0.0	0.0	7.35545e-05	0.0	0.0	0.000339359	4.29852e-05	0.000287742	0.00020993	0.000150557	7.5722e-05	0.000193267	0.0	0.0	0.000322643	0.0	0.000151412	0.0	5.17909e-05	0.000119403	4.54169e-05
PWY-5484: glycolysis II (from fructose 6-phosphate)	0.0035123899999999	0.00451873	0.00492501	0.0037133	0.00493221	0.00552308	0.00338609	0.00316291	0.00405549	0.00402242	0.00438894	0.00508806	0.00194389	0.00387292	0.00513133	0.00477989	0.0069146	0.00445043	0.00511833	0.00505156	0.00385517	0.00407351	0.00418131	0.00567077	0.00476427	0.00451689	0.00665128	0.00455186	0.00522071	0.00443428	0.0044997	0.00391474	0.00336859	0.00564925	0.00416101	0.00469624	0.00584545	0.00437626	0.00411713	0.00410811	0.00459538	0.00417252	0.00548817	0.00460026	0.00463635	0.00467732	0.00394461	0.00748433	0.00551874	0.00510108	0.00429314	0.00419736	0.00541559	0.00721341	0.00738744	0.00668247	0.0046989	0.00403687	0.00559847	0.00432059	0.00565727	0.00293803	0.00425332	0.00540653	0.00434575	0.00388037	0.00963579	0.00650126	0.00562283	0.00488215	0.00436887	0.00599597	0.00429659	0.00247095	0.00553075	0.00440543	0.00520257	0.00443529	0.00510978	0.00504357	0.00640517	0.00828862	0.0021053	0.00532517	0.00459656	0.00585955	0.00618393	0.0038604	0.00471892	0.00605946	0.00184826	0.00719934	0.00488165	0.00518632	0.00423624	0.00610462	0.00447869	0.00415815	0.00468117	0.0026438	0.00274857	0.00305617	0.00559659	0.00477597	0.00335659	0.0063102	0.00301291	0.0062572	0.00489607	0.00470781	0.00356442	0.0021107	0.00624396	0.00502482	0.00437494	0.00406955	0.00580889	0.00501779	0.00412168	0.00529254	0.00315108	0.00484799	0.00500809	0.00740373	0.00461751	0.00518869	0.00457449	0.0054144	0.00765269	0.00500989	0.00310318	0.00352868	0.00783283	0.0038863	0.00294553	0.00187286	0.00430415	0.00475398	0.00595483	0.00298311	0.00391446	0.00402288	0.00561021	0.00751225	0.0053118	0.00899929	0.0050233	0.00519956	0.00411052	0.00332427	0.00495561	0.00408337	0.00531065	0.00488129	0.00430658	0.00415779	0.00223766	0.00363462	0.006443	0.00420143	0.00391334	0.00459021	0.00306565	0.00311142	0.0027247	0.00574666	0.00514413	0.00414376	0.00524436	0.00379079	0.00573675	0.00465381	0.00552015	0.00330363	0.00448127	0.00338579	0.00407939	0.00263552	0.00557182	0.00375589	0.0054989
PWY-5494: pyruvate fermentation to propanoate II (acrylate pathway)	0.000111085	0.0	0.0	1.03157e-05	0.0	1.67646e-05	5.61765e-05	0.0	0.0	0.0	0.0	2.17973e-05	1.02225e-05	0.0	0.0	0.000178728	0.0	5.75397e-05	0.0	0.0	0.0	8.99246e-05	0.0	0.0	0.0	0.0	0.0	0.0	4.42968e-06	0.0	0.0	0.000104899	0.0	0.000178847	0.0	0.0	0.0	0.0	0.0	0.0	0.0	0.0	0.0	0.0	0.0	1.21961e-05	1.89615e-05	0.0	1.32817e-05	0.0	1.38257e-05	0.0	0.0	0.0	0.0	0.0	0.0	0.0	2.24308e-05	0.0	0.0	0.0	0.0	3.04646e-05	0.0	0.0	2.78487e-05	0.0	0.0	0.0	0.0	0.0	0.0	0.0	0.0	0.0	0.0	3.69951e-05	0.0	0.0	1.30764e-05	0.0	0.0	1.95939e-05	9.39706e-06	0.0	0.0	0.0	0.0	6.09395e-05	0.0	0.0	0.0	1.31984e-05	4.57669e-05	0.0	0.0	0.0	0.0	0.0	0.0	0.0	0.0	2.35613e-05	3.3542e-05	0.0	0.0	0.0	1.05909e-06	0.0	0.0	4.43559e-05	0.0	0.0	2.15157e-05	0.0	5.14275e-06	4.39041e-05	0.0	0.0	0.0	1.32615e-05	5.2183e-05	0.0	0.0	2.90019e-05	0.0	0.0	0.0	0.0	0.0	0.0	1.16241e-05	0.0	0.0	0.0	5.1954e-05	7.57699e-05	0.0	0.0	0.0	0.0	0.0	0.0	7.22425e-05	0.0	0.0	0.0	0.0	0.0	0.0	0.0	0.0	0.0	0.0	1.02076e-05	0.0	0.0	0.0	3.14414e-05	0.0	6.5643e-05	3.31128e-05	0.0	8.69622e-05	0.0	3.01355e-05	0.0	5.0201e-05	3.73295e-05	4.32463e-05	0.0	5.19954e-05	0.0	2.43218e-05	0.0	4.77388e-05	0.0	2.67045e-05	0.0	2.7556e-05
PWY-5497: purine nucleobases degradation II (anaerobic)	0.000411264	0.000731751	0.000560829	0.000971712	0.000154628	0.000817152	0.000966623	0.0	0.00105991	0.00121119	0.0	0.0011119	0.000173777	0.000456405	0.000962668	0.000747372	8.0429e-05	0.00166201	0.00196976	0.000686185	0.000307316	0.00039288	0.000427278	0.000591974	0.000864797	0.000805676	0.00101068	0.00125018	0.00100461	0.00113623	0.000585096	0.000169532	0.000449395	0.00138479	0.000784072	0.00112525	0.000452178	0.0	2.15799e-05	0.000728911	0.000476808	0.00117243	0.000555216	0.000531942	0.0	0.000876793	0.000561097	0.000403481	0.00113671	0.00017372	0.000676333	0.00061364	0.000983308	0.0	0.00072684	0.000642786	0.000220989	0.000504013	0.00118521	0.000492033	0.000728689	0.000595237	0.0	0.00265976	0.000360217	0.000793465	0.0	0.000251602	0.00147476	0.000354705	0.00203275	0.00128033	0.000331097	0.0	0.00036362	0.00065241	0.000740822	0.0	0.00100516	0.00136926	0.000735124	0.00105692	0.0	0.000347292	0.000804091	0.000285168	0.000435728	0.000471476	0.000212086	0.00044116	0.000228432	0.000946023	0.0016999	0.00202143	0.000418858	0.0	0.000250575	0.0	0.000622077	0.0	0.000469715	0.000702021	0.000885834	0.00199318	0.0	0.0014298	0.00119271	0.0010583	0.000750105	0.00118751	0.000257887	0.00158181	0.0	0.0	0.000444587	0.000863962	0.00102935	0.000950465	4.37671e-05	0.00102751	0.00011111	0.00160494	0.0	0.0	0.000749223	0.0	0.000817572	0.000929305	0.000362952	0.000600719	0.000315629	0.000257053	0.000276813	0.000288877	0.000602651	0.0	0.00158171	0.000770748	0.000223565	0.000245718	0.00103797	0.000225096	0.000865663	0.00215057	0.000491771	0.00198793	0.0018491	0.000462693	0.000996066	0.000266148	0.00218536	0.00107547	0.000439708	0.00177762	0.00158624	0.00109014	0.000189988	0.000442768	0.000275906	0.00143074	0.000472182	0.00124478	0.000270663	0.000226911	0.000450505	0.000905515	0.000617694	0.000741546	0.000473898	0.000725791	0.000395039	0.000850949	0.00110339	0.000435761	0.00102927	0.000865686	0.00106076	0.000507306	0.000346109	0.000844325	0.00115287
PWY-5505: L-glutamate and L-glutamine biosynthesis	0.00145528	0.000155168	0.000764706	0.00373006	2.83837e-05	0.00152071	0.00136196	0.0	0.000600337	0.00192938	0.000263671	0.00133923	2.52104e-05	2.53797e-05	0.00174746	0.0017539	0.0	0.00127435	0.0	0.000818917	0.00168898	0.00205489	0.000652235	0.00121099	0.00196161	0.0027414	0.00137803	0.000204744	0.00151767	0.000181576	0.000706141	0.00102023	0.00132503	0.00126065	0.00135913	0.0	0.0013116	0.000917096	0.0	0.000483293	0.00229688	0.000377673	0.00038252	0.0	0.0	0.000725268	0.00149531	0.00113005	0.0013576	0.00320211	0.000496437	0.000563331	0.000156245	0.000568415	0.000124712	0.00244627	0.000820538	0.000158944	0.000621742	0.000623303	0.000553281	0.000108906	0.000247626	0.000689442	0.00136486	0.000718845	0.00104229	0.00107556	0.000728971	8.83818e-05	9.75599e-05	0.00231633	0.0020133	0.000887625	0.00186254	0.00119856	0.00206218	0.00164813	0.00132317	0.00166372	0.00180804	0.000349385	0.00224535	0.00175995	0.00144064	0.000876381	0.00146947	0.0015834	0.00122835	0.00118262	0.00101758	0.0	0.000162269	0.00149657	0.00100869	0.00100613	0.00152746	0.00117847	0.00144984	0.00342316	0.000895142	0.00188107	0.00148544	0.000731041	0.00113618	0.000380063	0.00246024	0.00174622	0.00319513	0.000414295	0.00151651	0.00187704	0.00100589	0.00143666	0.000795602	0.000503974	0.000472689	0.00111729	0.000996453	0.00128451	0.00135254	0.00186455	0.00107351	0.00160236	0.000557627	0.00150929	0.00120502	0.00137158	0.000919451	0.0012959	0.00173724	0.0014229	0.000601185	0.000514293	0.000856204	0.00129014	0.00169785	0.00149836	0.00103646	0.00208067	0.00108885	0.0	0.00137878	0.000358629	0.000800903	0.00128439	0.000591287	0.0011841	0.00100589	0.00014414	0.000158244	0.0	0.00127372	0.000175478	0.0	0.000164674	0.0	0.00112804	0.00152398	0.00104096	0.00152154	0.00172281	0.00111352	0.0	0.00188664	0.000756682	0.00134612	0.00153138	0.00184313	0.0015008	0.000703074	0.00184583	0.00138483	0.00213319	0.0012742	0.00242577	0.00118425	0.000111599	0.00180279	0.00277013	0.000764624
PWY-5514: UDP-N-acetyl-D-galactosamine biosynthesis II	0.0	0.0	0.0	0.0	0.0	0.0	0.0	0.0	0.0	4.99699e-05	0.0	0.0	0.0	0.0	0.0	0.0	0.0	0.0	0.0	0.0	0.0	0.0	0.0	0.0	0.0	0.0	0.0	0.0	0.0	0.0	0.0	0.0	0.0	0.0	0.0	0.0	0.0	0.0	0.0	0.0	0.0	0.0	0.0	0.0	0.0	0.0	0.0	0.0	0.0	0.0	0.0	0.0	0.0	0.0	0.0	0.0	0.0	0.0	0.0	0.0	0.0	0.0	0.0	0.0	0.0	0.0	0.0	0.0	0.0	0.0	0.0	0.0	0.0	0.0	3.32837e-05	0.0	0.0	0.0	0.0	0.0	0.0	0.0	0.0	0.0	0.0	0.0	0.0	0.0	0.0	0.0	0.0	0.0	0.0	0.0	0.0	0.0	0.0	0.0	0.0	0.0	0.0	0.0	0.0	0.0	0.0	0.0	0.0	0.0	0.0	0.0	0.0	0.0	0.0	0.0	0.0	0.0	0.0	0.0	0.0	0.0	0.0	2.85631e-05	0.0	0.0	0.0	0.0	0.0	0.0	0.0	0.0	0.0	0.0	0.0	0.0	0.0	0.0	0.0	0.0	0.0	0.0	0.0	0.0	0.0	0.0	0.000128326	0.0	0.0	0.0	0.0	0.0	0.0	0.0	0.0	0.0	0.0	0.0	9.07928e-06	0.0	0.0	0.0	0.0	0.0	0.0	0.0	0.0	0.0	0.0	0.0	0.0	0.0	0.0	0.0	0.0	0.0	0.0	0.0	0.0	0.0	0.0	0.0	0.0
PWY-5531: 3,8-divinyl-chlorophyllide a biosynthesis II (anaerobic)	0.0	0.000405293	0.0	0.0	0.0	0.0	2.91359e-05	0.0	0.0	0.0	0.0	0.0	0.0	0.0	0.0	0.0	0.0	0.0	0.0	0.0	0.0	0.0	0.0	0.0	0.0	0.0	0.0	0.0	0.0	0.0	0.0	0.0	0.0	0.0	0.0	0.0	0.0	0.0	0.0	0.0	0.0	0.0	0.0	0.0	0.0	0.0	0.0	0.0	0.0	0.0	0.0	0.0	5.21639e-05	0.0	0.0	0.0	0.0	0.0	0.0	0.000117417	0.0	0.0	0.0	0.0	0.0	0.0	0.0	0.0	0.0	0.0	0.0	0.0	0.0	0.0	0.0	0.0	0.0	0.0	0.0	0.0	0.0	0.0	0.0	0.0	0.0	0.0	0.0	0.0	0.0	0.0	0.0	0.0	0.0	5.68849e-05	0.0	0.0	5.41219e-05	0.0	0.0	0.0	0.0	0.0	0.0	0.0	0.0	0.0	0.0	0.0	0.0	0.0	0.0	0.0	0.0	2.9734e-05	0.0	0.0	0.0	6.79399e-05	0.0	0.0	0.0	0.00010625	0.0	0.0	2.0144e-05	0.0	0.0	0.0	0.0	0.0	0.0	0.0	0.0	0.0	0.0	0.0	0.0	0.0	0.0	0.0	0.0	0.0	0.0	0.0	0.000126999	0.0	0.0	0.0	0.0	0.0	0.0	0.0	0.0	0.0	0.0	0.0	0.0	0.000108311	0.0	4.87861e-05	0.0	0.0	0.0	0.0	0.0	0.0	2.25539e-05	0.0	0.0	0.0	0.0	0.0	0.0	0.0	0.0	0.0	0.000193528	0.0	1.85173e-05	0.0	3.53228e-05
PWY-561: superpathway of glyoxylate cycle and fatty acid degradation	4.31889e-05	0.000247963	0.000134886	0.000911466	0.000390593	0.00108771	0.000806517	0.0	0.000652094	0.000703419	0.00416952	0.00177655	0.000448739	0.00246879	0.00357798	0.000611797	0.0	0.00107215	0.00362684	9.20224e-05	0.0	0.0	2.86315e-05	0.000637462	0.00259027	0.00194036	0.000273754	0.00283314	0.00291614	0.00116272	0.000306484	0.0	0.000158454	0.00107231	0.00185366	0.00293556	0.000859546	0.0	2.71198e-05	0.00193115	0.000290351	0.000337746	0.00237176	0.00259928	0.0	0.000540619	0.0014728	0.0	0.0011574	0.0	0.00186759	0.00219883	0.0026062	0.0	0.000395086	0.000175331	0.00179885	0.000532482	0.000356307	0.0016211	0.000968763	0.00434539	0.0	0.000887845	4.79174e-05	0.000292023	0.0	0.0	0.0023103	0.0	0.00166067	0.00148049	3.40107e-05	0.0	0.00182385	0.0013475	0.0	0.0	0.000106683	0.00302076	0.000150569	0.000237664	0.0	0.0	0.000479364	0.0	0.000106218	0.00139002	0.0	5.52283e-05	0.0	0.0	0.00361197	0.00184297	3.49054e-05	0.0	0.0	0.0	0.000223737	0.0	0.000123244	0.000373982	0.000205117	0.000866752	0.0	0.0010194	0.000208197	0.00121177	0.000741137	0.00273636	0.0	0.0	0.0	0.0	0.000530366	0.000802577	0.00394705	0.000334598	0.000151222	0.00188712	0.0	0.00127714	0.0	0.0	0.0014054	0.0	0.00181948	0.000126222	0.0	0.00237405	0.0	0.0	0.0	0.0	0.00031458	0.0	0.00069222	0.00256748	0.000129942	0.0	0.000988435	0.000722381	0.00112754	0.00116088	0.00055398	0.000301309	0.00190156	0.0	0.000366416	0.00057078	0.00433708	0.00295385	0.0	0.00354118	0.00406624	0.0020774	0.00071745	0.000896971	0.0	0.000521401	0.000257117	0.00177053	0.000422048	0.000748097	5.68351e-05	0.00100915	0.00027675	0.00047112	0.000901553	0.000250481	0.00205808	0.00177251	0.000472086	0.000163516	0.00226718	0.000334437	0.00129913	0.00111157	0.000211391	0.0	0.000402784
PWY-5647: 2-nitrobenzoate degradation I	0.0	3.12743e-06	0.0	0.0	0.0	0.0	0.0	0.0	0.0	0.0	0.0	0.0	0.0	1.51461e-05	0.0	0.0	0.0	0.0	0.0	0.0	0.0	0.0	0.0	0.0	0.0	0.0	0.0	0.0	0.0	0.0	0.0	0.0	0.0	0.0	0.0	0.0	0.0	0.0	0.0	0.0	0.0	0.0	0.0	0.0	0.0	0.0	0.0	0.0	0.0	0.0	3.04124e-06	0.0	0.0	0.0	0.0	0.0	0.0	0.0	0.0	0.0	0.0	0.0	0.0	0.0	0.0	0.0	0.0	0.0	0.0	0.0	0.0	0.0	0.0	0.0	0.0	0.0	0.0	0.0	0.0	0.0	0.0	0.0	0.0	0.0	0.0	0.0	0.0	0.0	0.0	0.0	0.0	0.0	0.0	0.0	0.0	0.0	0.0	0.0	0.0	0.0	0.0	0.0	0.0	0.0	0.0	0.0	0.0	0.0	0.0	0.0	0.0	0.0	0.0	0.0	0.0	0.0	0.0	0.0	0.0	0.0	0.0	0.0	0.0	0.0	0.0	0.0	0.0	0.0	0.0	0.0	0.0	0.0	0.0	0.0	0.0	0.0	0.0	0.0	0.0	0.0	0.0	0.0	0.0	0.0	0.0	0.0	0.0	0.0	0.0	0.0	0.0	0.0	0.0	0.0	0.0	0.0	0.0	0.0	0.0	5.7199e-07	0.0	0.0	0.0	0.0	0.0	0.0	0.0	0.0	0.0	0.0	0.0	0.0	0.0	0.0	0.0	0.0	1.23677e-06	0.0	0.0	0.0	0.0
PWY-5654: 2-amino-3-carboxymuconate semialdehyde degradation to 2-hydroxypentadienoate	0.0	2.50586e-06	0.0	0.0	0.0	0.0	0.0	0.0	0.0	0.0	0.0	0.0	0.0	9.79961e-05	0.0	0.0	0.0	0.0	0.0	0.0	0.0	0.0	0.0	0.0	0.0	0.0	0.0	0.0	0.0	0.0	0.0	0.0	0.0	0.0	0.0	0.0	0.0	0.0	0.0	0.0	0.0	0.0	0.000222976	0.0	0.0	0.0	0.0	0.0	0.0	0.0	0.00013528	0.0	0.0	0.0	0.0	0.0	0.0	0.0	0.0	0.0	0.0	0.0	0.0	0.0	0.0	0.0	0.0	0.0	0.0	0.0	0.0	5.00943e-06	0.0	0.0	5.48508e-05	0.0	0.0	0.0	0.0	0.0	0.0	0.0	0.0	0.0	1.17325e-05	0.0	0.0	5.17256e-06	0.0	0.0	0.0	0.0	1.34643e-05	0.0	0.0	0.0	0.0	0.0	0.0	0.0	0.0	0.0	0.0	0.0	0.0	1.99462e-05	0.0	0.0	0.0	0.0	0.0	0.0	0.0	0.0	0.0	0.0	0.0	0.0	0.0	0.0	0.0	0.0	0.0	0.0	0.0	0.0	0.0	0.0	0.0	0.0	0.0	0.0	0.0	0.0	0.0	0.0	0.0	0.0	0.0	0.0	0.0	0.0	0.0	0.0	0.0	0.0	0.0	0.0	0.0	0.0	0.0	1.94246e-05	0.0	0.0	8.27611e-07	0.0	0.0	0.0	0.0	4.59948e-07	0.0	0.0	0.0	0.0	0.0	0.0	0.0	0.0	0.0	0.0	0.0	0.0	0.0	0.0	3.28273e-05	0.0	9.9134e-07	0.0	0.0	0.0	0.0
PWY-5656: mannosylglycerate biosynthesis I	0.0	4.68327e-05	2.75943e-05	0.000248506	0.000144678	4.947e-05	0.000327891	0.0	0.0	0.000309398	0.00171799	0.00082826	0.000232893	0.000192097	0.00201895	0.000241869	0.0	0.000485753	0.00142839	0.0	0.0	0.0	0.0	0.000132048	0.00128189	0.000674851	1.27995e-05	0.000965174	0.00107031	0.000396451	0.0	0.0	0.0	0.000684401	0.000931939	0.00097964	0.000336584	0.0	6.33142e-06	0.000997924	0.000130736	0.000104579	0.000300243	0.00148955	0.0	0.000420246	0.00101108	0.0	0.000559781	0.0	0.000649448	0.000985355	0.00144317	0.0	0.0	0.0	1.18093e-05	0.000155846	9.31346e-05	0.000439687	1.42802e-05	0.00139436	5.13574e-05	0.000490007	0.0	4.14522e-05	0.0	0.0	0.00103751	0.0	0.000816937	0.000540503	0.0	0.0	0.000217323	0.000512251	0.0	0.0	6.24141e-05	0.00130032	9.47443e-05	0.0	0.0	0.0	0.000179802	0.0	3.18081e-05	0.000639251	0.0	0.0	0.0	1.08854e-05	0.00126158	0.000688334	8.37866e-06	0.0	0.0	0.0	5.88685e-05	0.0	8.04752e-05	3.59501e-05	0.0	0.000231961	0.0	3.77589e-05	5.46842e-06	0.000368969	9.1763e-05	0.000931341	0.0	0.0	0.0	0.0	0.0	3.74533e-05	0.00197091	0.000138079	0.0	0.00106057	0.0	0.000590046	0.0	0.0	0.000727266	0.0	0.00119161	5.43842e-05	0.0	0.00178342	0.0	0.0	0.0	1.75832e-05	1.16663e-05	0.0	0.000377965	0.00142923	6.56059e-05	0.0	0.000386679	0.000261727	0.0	0.000458594	9.72183e-05	0.000139061	0.00127289	1.10136e-05	0.000106634	4.39992e-05	0.000239246	0.000554667	0.0	0.00182459	0.000631614	0.00091419	0.000356627	0.000345372	0.0	0.000243495	3.27896e-05	0.000934288	6.90105e-05	0.000155809	3.35114e-05	0.00081365	5.20895e-05	0.000155387	0.000492582	7.84256e-05	0.000355367	0.00142849	0.000169093	7.70159e-05	4.0617e-05	0.000113465	0.0	0.000586747	8.53051e-05	0.0	0.000105866
PWY-5659: GDP-mannose biosynthesis	0.00208338	0.0024128	0.00351185	0.00252484	0.00307155	0.00241165	0.00305427	0.00291483	0.00186459	0.00240121	0.00308472	0.00237026	0.00350252	0.00428287	0.00288928	0.00217013	0.00685842	0.00386257	0.00289408	0.00234513	0.00292858	0.00270182	0.00192283	0.00153222	0.00273774	0.00466205	0.00215269	0.00352745	0.0022286	0.00273183	0.00157961	0.00296934	0.00236833	0.0032016	0.00314682	0.00354145	0.00201483	0.00246584	0.00280391	0.00196734	0.00236147	0.00239869	0.00301325	0.00258894	0.0028755	0.0048435	0.00415344	0.00274912	0.0025815	0.00245716	0.0027464	0.0029007	0.00339221	0.00208252	0.00579358	0.00204802	0.000873131	0.00480481	0.00271409	0.00613675	0.00548752	0.00331466	0.00337967	0.00446896	0.00165031	0.00318236	0.0027842	0.00233267	0.00200195	0.0070229	0.00221118	0.00305753	0.00391698	0.00264678	0.00134589	0.00169831	0.00455943	0.00293608	0.000965298	0.00316531	0.0031079	0.00431298	0.00245936	0.00198121	0.00380023	0.00233494	0.000664816	0.00184862	0.00412578	0.0041955	0.000694116	0.00584916	0.00225402	0.00267637	0.0023838	0.00292959	0.00181146	0.00264696	0.00142582	0.00300051	0.00241585	0.00353169	0.00163745	0.00361416	0.0030629	0.00273487	0.00350258	0.0041786	0.00311393	0.00248768	0.00146604	0.00317788	0.00375322	0.00178458	0.00197915	0.00353666	0.00285668	0.00258064	0.00184814	0.00267292	0.00143734	0.0033192	0.00233621	0.00196258	0.00179474	0.0026842	0.00332555	0.00478321	0.00383923	0.00262315	0.00287355	0.00274311	0.00204079	0.00331599	0.00260339	0.000567253	0.0054588	0.00372867	0.00256991	0.00141831	0.00236056	0.0025552	0.0020874	0.00367538	0.00149185	0.00213894	0.00301823	0.00218723	0.00225587	0.000562148	0.0012642	0.00221516	0.00285012	0.00250458	0.00354266	0.00338139	0.00291998	0.00196468	0.00450258	0.00288377	0.0028603	0.00293888	0.00161629	0.00429897	0.00167582	0.00204363	0.00268477	0.00354856	0.00234674	0.00253857	0.00236975	0.00317131	0.00317435	0.00400286	0.00139022	0.00284966	0.00274297	0.00540442	0.00278274	0.00398248	0.00369297
PWY-5667: CDP-diacylglycerol biosynthesis I	0.00827869	0.00739505	0.0100549	0.00814808	0.0049989	0.00668179	0.00878197	0.00366587	0.00670929	0.00939221	0.00587103	0.00670057	0.0043678	0.00426897	0.00568944	0.00805115	0.0150302	0.00813948	0.00493473	0.00851884	0.00774906	0.00898747	0.00949892	0.0117312	0.00555569	0.00658495	0.00848163	0.00544433	0.00510662	0.00709909	0.00681124	0.00998789	0.00959249	0.00741396	0.00668451	0.00597059	0.00697586	0.00855788	0.00440938	0.00334412	0.00803766	0.0078492	0.0052796	0.00457868	0.00536557	0.00881579	0.00586885	0.011065	0.00687218	0.00799688	0.00528706	0.00403256	0.00498736	0.00643463	0.00989959	0.00894956	0.00515668	0.00472746	0.00843832	0.0071154	0.00794973	0.00493511	0.00524179	0.00631791	0.00769246	0.00862028	0.00945909	0.00703902	0.00549909	0.0106029	0.00712773	0.00640399	0.00948018	0.00763702	0.00644221	0.0069068	0.00924615	0.0089859	0.00652485	0.0060543	0.00790635	0.00884329	0.00882842	0.0109457	0.00953689	0.00598586	0.00743288	0.00423253	0.00955293	0.00896513	0.00287731	0.00900601	0.00492612	0.00647066	0.0084025	0.00784393	0.00846783	0.00930892	0.00930972	0.00909328	0.00835677	0.00894324	0.0059299899999999	0.0067412	0.00960849	0.00694096	0.00902498	0.00884285	0.00722973	0.00484461	0.00666469	0.0082613	0.0098362	0.00768355	0.00705297	0.00755475	0.00482696	0.00722815	0.0133411	0.00542707	0.0115157	0.0073799	0.00906217	0.00778636	0.00377517	0.00751056	0.00624392	0.00946081	0.0077526	0.00571335	0.00855058	0.0089819	0.007565	0.0100834	0.00906157	0.00365138	0.00816603	0.0054997	0.00939591	0.0057132	0.00763629	0.00365142	0.00585063	0.00729035	0.00803539	0.00789622	0.0057846	0.00846614	0.00725327	0.00318386	0.00471943	0.00405191	0.00903533	0.00492129	0.00401702	0.00398937	0.00210382	0.00909945	0.00969824	0.009454	0.00905582	0.00636488	0.00974884	0.00491107	0.00995393	0.00700919	0.00869553	0.0091263	0.00857581	0.010076	0.00600059	0.00807651	0.00788402	0.00922003	0.00547932	0.0114517	0.00651667	0.00487451	0.00835272	0.00851983	0.00785889
PWY-5675: nitrate reduction V (assimilatory)	1.4923e-05	0.000216436	7.08312e-05	0.00057511	0.00067082	0.000510863	0.00107349	0.0	0.000255396	0.000487214	0.00392994	0.00129519	0.000572072	0.000837296	0.00368674	0.00034609	0.0	0.000643488	0.00516565	8.13413e-05	0.0	0.0	0.0	0.000727315	0.00274116	0.00130024	0.00012638	0.00325996	0.00388678	0.00127623	0.000328445	0.0	6.55466e-05	0.0010644	0.0013949	0.00312145	0.000500686	2.53854e-05	0.0040621	0.00160268	0.000203851	0.000149279	0.0011248	0.00286071	0.00377042	0.000371457	0.00143415	1.55733e-05	0.000645812	0.0	0.00132656	0.00214908	0.00248977	0.0	0.000119033	0.000169508	0.000749774	0.000329658	0.000245747	0.0011598	0.000432602	0.0036854	0.000963368	0.000614172	1.43048e-05	7.14362e-05	0.0	0.0	0.00315179	0.0	0.0010356	0.000812106	1.70212e-05	0.0	0.00140396	0.00189867	0.0	0.0	7.95557e-05	0.0022312	8.30702e-05	0.0	0.0	0.0	0.000386463	0.0	0.000265919	0.00118746	0.0	6.52536e-05	0.0	0.0	0.00290649	0.00112524	4.86649e-06	0.0	0.0	0.0	0.000113794	0.0	8.71204e-05	0.000359587	0.000150698	0.000737287	0.0	0.000138541	0.000143172	0.00106159	0.000177374	0.00130777	7.2417e-05	0.0	0.0	0.0	0.000327019	0.000362498	0.00446814	0.000197166	5.55435e-05	0.00200438	4.01112e-05	0.00158793	0.000102234	3.15108e-05	0.00135116	2.25795e-05	0.00133361	6.45841e-05	0.0	0.00227952	0.0	3.08141e-05	0.0	0.0	0.000267461	0.0	0.000610076	0.00217751	4.87983e-05	2.10581e-05	0.00121224	0.00427464	0.000377495	0.000876106	0.000619072	0.000175875	0.00174012	4.45169e-05	0.000205974	0.000439913	0.00476108	0.00411057	0.0	0.00329316	0.00422363	0.0027525	0.000999611	0.000704695	0.0	0.000204068	0.000294071	0.00199673	0.000275497	0.000462991	7.37605e-05	0.00156076	0.00024828	0.000462157	0.00129978	4.19181e-05	0.000753072	0.00160768	0.000346053	0.000266776	0.00237274	0.000245803	0.00175157	0.00100733	7.57981e-05	7.00538e-05	0.000260534
PWY-5676: acetyl-CoA fermentation to butanoate II	0.000446651	0.00183428	0.000708678	0.00129834	0.000685002	0.00125026	0.000981637	0.0	0.000733751	0.00159615	0.00193672	0.00223028	0.000282671	5.25154e-05	0.00202638	0.00139943	0.0	0.00246809	0.0	0.000431378	0.000219246	0.000586108	0.00078302	0.000789772	0.00135042	0.00125756	0.00124143	7.0552e-05	0.00197054	0.000815643	0.000850771	0.00084148	0.000744159	0.000597384	0.00232738	0.0	0.00106456	0.000335166	0.0	0.00112473	0.00237489	0.00112901	0.00101773	3.35024e-05	7.6357e-05	0.000644111	0.00174936	0.00030137	0.00119249	0.000961931	0.00116951	0.000825643	0.000588579	0.00123287	0.000526271	0.000366558	0.00107158	0.00150518	0.000774745	0.00169455	0.000398587	0.00284945	0.0	0.002466	9.08097e-05	0.000616882	0.000535298	0.000104031	0.00100827	0.000310179	0.000373521	0.00160205	0.000407807	0.000674462	0.00133447	0.00152995	0.000973579	0.000772949	0.00148557	0.00232978	0.0016076	0.00101908	0.00010924	0.00163384	0.00033136	0.000676255	0.000310154	0.0011965	0.00181773	0.000868461	0.000234308	0.000429662	0.000837293	0.00216753	0.000473324	0.000753873	0.000339641	0.000704914	0.000694264	0.00102733	0.00237164	0.000226334	0.00187571	0.00195246	0.000303015	0.00160741	0.000146853	0.000347394	0.00473265	0.00266086	0.000443693	0.000486301	6.29806e-05	0.000332337	0.000640482	0.000532197	0.00208122	0.000868188	0.000558167	0.00162659	0.000387184	0.0021344	0.000567317	0.000867901	0.00150418	0.000795365	0.00177415	0.00110616	0.000673471	0.000493051	0.000229198	0.000269087	0.000294086	0.000231003	0.000121202	0.0	0.00151983	0.00226823	0.000525363	0.000517226	0.00113396	0.000166655	0.00143928	0.000761477	0.000914747	0.0036866	0.00147462	0.00036762	0.00215558	0.000718517	5.40713e-05	0.000104275	0.00105552	0.00078911	0.0	0.00264605	0.000782501	0.00107891	0.00078336	0.00107248	0.000580907	0.00122473	0.000838684	0.00148293	0.000768321	0.00125861	0.000698412	0.00112472	0.00136262	0.000656805	0.00133042	0.00139728	0.000871704	0.000674909	0.000654214	0.00072326	0.00172345	0.000137832	0.00233147	0.000917265	0.00127687
PWY-5677: succinate fermentation to butanoate	4.20142e-05	3.29696e-05	4.30144e-05	4.14464e-05	0.0	1.26379e-05	5.0862e-05	0.0	7.59375e-05	6.70823e-05	0.0	1.63586e-05	0.0	0.0	0.0	0.000120419	0.0	0.00038367	0.0	0.000124971	6.70812e-05	0.0	5.34024e-05	0.0	5.52849e-05	0.0	7.63206e-05	0.0	0.0	0.0	0.0	3.82792e-05	0.0	0.0	6.46933e-05	0.0	5.06503e-05	0.0	0.0	0.0	0.000189367	0.000160974	0.000144419	0.0	0.0	2.06577e-05	0.0	5.53383e-05	5.44286e-05	2.83645e-05	0.000120446	0.0	0.000148209	0.0	0.0	1.30871e-05	9.98818e-06	1.99141e-05	0.000198148	5.70653e-05	0.0	0.0	0.0	0.00014927	3.49899e-05	0.0	0.0	0.0	0.000205395	0.0	0.0	3.70996e-05	3.17434e-05	6.20549e-05	0.0	0.000117502	4.67337e-05	0.0	0.000317299	0.0	9.57285e-05	0.0	0.0	0.000344138	2.38843e-05	0.0	0.0	0.0	0.000108382	0.0	0.0	0.0001326	6.8219e-05	0.000206379	2.29255e-05	3.96465e-05	3.56669e-05	4.59753e-05	6.33526e-05	2.87283e-05	0.0	0.0	0.000108371	0.000156793	0.0	0.000346665	2.00167e-05	0.0	0.000327195	0.000572832	2.2339e-05	0.0	0.0	7.15705e-05	0.0	0.0	1.71292e-05	0.0	0.0	0.000174012	0.0	0.000232799	3.72732e-05	0.0	0.000113875	8.39592e-05	4.82963e-05	0.000184697	0.000101256	2.72171e-05	4.58544e-05	0.0	0.0	0.0	0.0	0.0	0.000168765	2.25093e-05	0.0	0.0	0.0	0.0	0.0	1.95125e-05	0.0	9.41109e-05	0.000146327	0.0	0.000269448	0.00011058	0.0	0.0	8.98529e-05	3.82641e-05	0.0	0.000464224	0.0	0.0	0.0	0.000167478	0.0	0.0	0.0	0.000268065	0.0	0.0	0.0	4.07427e-05	5.59355e-05	0.0	1.40197e-05	3.35579e-05	0.0	3.34783e-05	0.0	0.0	0.000308025	0.0	0.000232619	4.07709e-05	0.000178495
PWY-5686: UMP biosynthesis I	0.0135385	0.00946974	0.0112935	0.0110819	0.0116046	0.00891458	0.0114248	0.00696732	0.0148659	0.0122783	0.00331653	0.00745833	0.00815912	0.00515334	0.00447472	0.0120835	0.0126297	0.0100343	0.00337042	0.0137851	0.0134994	0.0128172	0.0154896	0.0124652	0.00506674	0.00837993	0.0131107	0.00406167	0.00432799	0.0109931	0.0132561	0.0117831	0.0131407	0.00904924	0.00733461	0.00304245	0.00825655	0.0122134	0.00408011	0.00796031	0.0140201	0.0109582	0.00694933	0.004482	0.00451642	0.0087725	0.00734571	0.0138238	0.00889809	0.0146266	0.00562172	0.00554188	0.00549619	0.0112255	0.0120205	0.0127171	0.00972524	0.00717491	0.010977	0.00955375	0.00855509	0.00351528	0.00819824	0.00881058	0.0161856	0.0123925	0.0132162	0.0153544	0.00550603	0.0127189	0.00783084	0.00930903	0.0154466	0.0127655	0.0118887	0.0120782	0.0105791	0.0113358	0.0140964	0.00557239	0.0135325	0.00947662	0.0178153	0.0144667	0.0138266	0.0131838	0.0149163	0.0127985	0.0131458	0.0136582	0.0194783	0.0107733	0.00508834	0.00743855	0.0121052	0.0125495	0.0120018	0.0116617	0.0127816	0.0141826	0.0156586	0.0120407	0.0144977	0.00904427	0.0148439	0.00885586	0.0133255	0.0123016	0.0118067	0.00589709	0.0180064	0.0103053	0.0134317	0.0119489	0.0113588	0.0101845	0.0044221	0.0100195	0.0150314	0.00720295	0.0158568	0.0100791	0.0126272	0.0123412	0.0104235	0.0122323	0.00640126	0.0136956	0.0121826	0.0039149	0.0131179	0.0123749	0.00948307	0.013573	0.013335	0.0205399	0.00934261	0.00499404	0.0136224	0.0180306	0.0107501	0.0047703	0.00847479	0.00818171	0.0137864	0.0102877	0.00753549	0.0140374	0.0122848	0.0123164	0.00349651	0.00358454	0.0127903	0.00388209	0.00378195	0.00531271	0.00840618	0.0102717	0.0117615	0.00949629	0.0104849	0.00747766	0.0127886	0.00801956	0.0136759	0.00664547	0.0115493	0.00997282	0.00966871	0.0103758	0.00694944	0.00642003	0.0111109	0.0107053	0.00413655	0.0123771	0.00931657	0.00552211	0.0107769	0.0105118	0.0104048
PWY-5690: TCA cycle II (plants and fungi)	0.000111203	6.78799e-05	7.65108e-05	0.00033361	0.0	0.00012783	0.0	0.0	0.0	0.000262796	0.0	0.000101875	0.0	0.0	0.0	8.82554e-05	0.0	0.000342973	0.0	0.0	0.0	0.000205643	0.000116036	0.000162363	5.45406e-05	0.0	0.000272033	0.0	6.15041e-05	0.0	0.0	0.000123725	9.07045e-05	0.000253114	0.000108681	7.29124e-05	0.000171708	8.63199e-05	0.0	0.0	0.000244261	4.54962e-05	0.0	0.0	0.0	0.000192809	0.000836208	0.000301978	0.000330034	0.000351927	4.01072e-05	0.000155959	0.0	0.0	0.000446367	0.000297351	0.000136207	0.000432567	0.000261215	0.0	0.000129277	0.000103512	0.0	0.0	0.000309388	0.000123759	4.37679e-05	0.0	0.0	0.000128116	9.17195e-05	0.000193244	8.96444e-05	5.20914e-05	3.41937e-05	0.0	0.00032323	0.00022636	0.0	0.000157132	0.000138486	0.000155445	0.000125875	0.000158327	9.76194e-05	0.000128503	0.0	0.000193409	0.000255144	0.000189037	0.0	0.0001296	0.0	0.000319799	8.87287e-05	7.48548e-05	0.000381656	0.000205377	0.000151684	0.0	0.0	0.000460401	0.000251007	0.000256305	9.62758e-05	0.0	0.0002834	0.000103323	0.000447505	0.0	0.00016362	0.000490185	0.000243782	0.000338893	0.0	0.0	3.83648e-05	0.0001775039999999	0.0	0.000935312	0.0	0.000148025	0.0	0.0	8.51545e-05	0.000145169	8.96811e-05	8.6404e-05	0.000302705	0.0	0.0	7.9008e-05	0.0	1.90531e-05	0.000109249	9.73498e-05	0.00031558	0.000107375	7.666e-05	0.000244267	0.0	0.0	0.000117248	0.0	0.000148758	0.0	0.000268485	9.78959e-05	0.000248165	0.0002925	0.0	0.0	0.000594608	2.38857e-05	0.0	5.21895e-05	0.000322277	6.07638e-05	0.000131806	0.000135788	0.000780331	0.0	4.29473e-05	0.000350556	0.000103124	0.000194197	2.54631e-05	0.000287113	0.000372195	9.96215e-05	4.12233e-05	0.000389144	4.28258e-05	0.000257634	0.00018007	0.000151652	0.000195029	0.0	0.00014295	0.000226397	8.3418e-05
PWY-5692: allantoin degradation to glyoxylate II	0.0	3.5259e-06	0.0	6.92272e-06	0.0	2.32963e-06	4.35912e-05	0.0	0.0	1.51108e-05	0.000399974	3.61711e-05	1.07654e-05	1.39823e-05	0.0	4.35251e-05	0.0	2.85169e-05	0.000180235	0.0	0.0	0.0	0.0	0.0	0.000198717	5.71366e-05	0.0	0.00017473	8.74993e-05	1.33563e-05	0.0	0.0	0.0	1.90304e-05	7.47888e-05	3.96024e-05	4.77146e-05	0.0	4.98824e-07	0.000661274	0.0	5.33726e-06	8.6995e-05	0.000131837	0.0	1.03549e-05	0.000174488	0.0	0.000101161	0.0	0.000109707	3.97487e-05	0.0	0.0	0.0	0.0	0.0	3.09838e-05	1.15086e-05	3.16259e-05	0.0	0.00207636	0.0	0.000102878	0.0	0.0	0.0	0.0	1.52309e-05	0.0	1.42489e-05	1.14846e-05	0.0	0.0	7.66015e-05	1.47655e-05	0.0	0.0	8.74162e-06	2.18127e-05	0.0	0.0	0.0	0.0	7.83372e-06	0.0	0.0	0.0	0.0	0.0	0.0	0.0	0.000295447	2.35859e-05	3.20335e-06	0.0	0.0	0.0	5.30702e-06	0.0	8.56854e-06	8.92426e-06	0.0	5.98077e-06	0.0	3.00113e-05	0.0	1.3403e-05	2.92059e-05	1.58158e-05	0.0	0.0	0.0	0.0	0.0	0.0	0.00011354	4.63449e-06	0.0	3.04756e-05	0.0	0.0	0.0	0.0	3.07637e-05	0.0	0.000195922	0.0	0.0	0.000132026	0.0	0.0	0.0	0.0	0.0	0.0	1.15937e-05	1.69335e-05	0.0	0.0	0.0001571	1.21323e-05	0.000403365	0.000110089	1.13157e-05	6.3554e-06	7.28931e-05	0.0	0.0	0.0	0.000207396	0.0	0.0	0.000329447	5.39973e-05	0.000376586	5.15746e-05	1.62864e-05	0.0	9.3919e-06	0.0	6.13572e-05	1.71995e-05	2.82364e-05	0.0	6.84224e-05	0.0	1.75414e-05	1.044e-05	7.39197e-06	4.63413e-05	2.11491e-05	1.15424e-05	0.0	2.22919e-05	0.0	3.63327e-05	1.73518e-05	1.69835e-06	0.0	5.44863e-06
PWY-5695: inosine 5'-phosphate degradation	0.00894485	0.0105835	0.0111073	0.0097525	0.00386509	0.00738157	0.00871126	0.0102737	0.0101489	0.0100331	0.00691411	0.00811023	0.00833145	0.00582907	0.00705855	0.00910392	0.0100899	0.00801136	0.00566189	0.0111333	0.0101008	0.0107006	0.0129407	0.0108328	0.00729266	0.00929715	0.0100027	0.00585225	0.00749665	0.00957861	0.0128701	0.0111735	0.0105836	0.0101074	0.00869226	0.00610791	0.0085212	0.011128	0.00441293	0.00631042	0.0099688	0.010757	0.00749052	0.00530424	0.00634883	0.0101531	0.00830401	0.010365	0.00880987	0.011273	0.00633957	0.00619565	0.00725231	0.00927647	0.0107138	0.012187	0.00753653	0.00720756	0.0105246	0.00974278	0.00952121	0.00614654	0.010542	0.00706515	0.0110998	0.0117221	0.00909238	0.0114065	0.00748517	0.0138201	0.0100441	0.00672884	0.00938756	0.0115411	0.00993996	0.00836532	0.0106898	0.0105624	0.0098801	0.00763559	0.00789021	0.0111969	0.0108803	0.0111241	0.0100107	0.00916341	0.011006	0.00916529	0.00913434	0.00942259	0.0127433	0.0116386	0.00529599	0.00720157	0.0108474	0.0103285	0.00958406	0.0100766	0.0094849	0.0118642	0.0120835	0.00889806	0.00938209	0.00932512	0.00944694	0.0085744	0.00834718	0.00858891	0.0075825	0.0062188	0.0105524	0.00837105	0.00897954	0.00932647	0.00671959	0.00919577	0.00696175	0.00837102	0.00968553	0.00733779	0.00885949	0.00830601	0.0111998	0.0115654	0.00646155	0.00855047	0.00817673	0.0109052	0.0104493	0.00698333	0.010059	0.0103491	0.00796158	0.0134046	0.00974627	0.0176278	0.0107924	0.00720165	0.0107608	0.010631	0.0105651	0.00457611	0.00723533	0.00875815	0.00713762	0.00930398	0.00844687	0.0114842	0.0107912	0.00590631	0.00748778	0.00475081	0.0102148	0.00735038	0.00430035	0.00628935	0.00750096	0.00891922	0.00899288	0.00979034	0.0103066	0.00816397	0.0093523	0.00778245	0.0110597	0.00811613	0.00962911	0.0095287	0.00903226	0.0104396	0.00724223	0.00813395	0.00857315	0.00983718	0.00620828	0.0102706	0.00905004	0.00724873	0.00832011	0.0100172	0.00951131
PWY-5705: allantoin degradation to glyoxylate III	0.0	3.15341e-05	2.64384e-05	5.79902e-05	1.99442e-05	0.000494263	0.000213106	0.0	0.0	5.90087e-05	0.00175897	0.000269007	0.000161903	4.58963e-05	0.000609729	0.000102856	0.0	0.000180587	0.00111501	0.0	0.0	0.0	0.0	5.17724e-05	0.000780964	0.000195966	5.78848e-05	0.000715909	0.00057131	0.000150914	6.18133e-05	0.0	0.0	0.000175759	0.000355902	0.000471147	0.000128156	0.0	9.67966e-07	0.000833697	0.0	6.66466e-05	0.000121509	0.000455756	0.0	0.000102413	0.000298098	0.0	0.000234388	0.0	0.000215232	0.000193805	6.143e-06	0.0	0.0	0.0	3.02403e-05	7.38662e-05	3.44425e-05	0.000200452	0.0	0.00226	0.0	0.000195648	0.0	1.50987e-05	0.0	0.0	0.000192641	0.0	0.000423435	3.22206e-05	0.0	0.0	0.000183463	0.000162786	0.0	0.0	5.36232e-05	0.000756661	5.21788e-06	3.49103e-05	0.0	0.0	3.07962e-05	0.0	0.0	0.000109256	0.0	0.0	0.0	0.0	0.000863973	0.000314094	3.44186e-06	0.0	0.0	0.0	3.42179e-05	0.0	6.10504e-05	6.03883e-05	2.41127e-05	6.36306e-05	0.0	4.55434e-05	0.0	0.000156881	0.000129421	0.000479276	0.0	0.000161195	0.0	0.0	0.0	0.0	0.000289465	6.59803e-05	1.64398e-05	0.000294714	0.0	0.000123148	0.0	0.0	0.000257594	0.0	0.00057854	5.43975e-05	0.0	0.000855889	0.0	7.94684e-06	0.0	0.0	0.0	0.0	0.00012652	0.000669364	3.43095e-05	0.0	0.000236174	0.000129087	0.000637629	0.000185633	7.23978e-05	3.38985e-05	0.000335593	0.0	4.99814e-05	3.79363e-05	0.000985586	0.0	0.0	0.000881532	0.00026268	0.000529209	9.14208e-05	5.70923e-05	0.0	9.46913e-05	0.0	0.000327074	6.56109e-05	9.46258e-05	0.0	0.000496791	2.24221e-05	0.000105192	0.000117259	1.14092e-05	0.000139225	0.000715728	4.27409e-05	9.61647e-05	0.000109209	0.0	0.000165469	0.000254958	3.09996e-05	0.0	4.3237e-05
PWY-5723: Rubisco shunt	0.000184636	0.000311939	0.000157136	0.00114602	0.00066435	0.00234554	0.00124586	9.01197e-05	0.000568203	0.00152742	0.00594311	0.0029385	0.00102863	0.00287284	0.00487528	0.00086781	0.00559613	0.00143677	0.00428828	0.000120478	0.000147051	0.000102079	0.0	0.00101517	0.00433275	0.00299883	0.000755409	0.00323291	0.0054621	0.00155654	0.000608376	6.08266e-05	0.0	0.00114435	0.00265924	0.0055274	0.000760537	0.0	0.00594184	0.00276364	0.000353493	0.000624275	0.00265316	0.00316148	0.0049026	0.000826953	0.00269574	1.5572e-05	0.0016368	0.0	0.00294318	0.00196498	0.00406103	0.0	0.00392445	0.000199175	0.00274629	0.00174609	0.000301204	0.00179833	0.00126066	0.00431825	0.0	0.0017173	0.000101566	0.000956077	0.0	0.0	0.0036688	0.0	0.00296811	0.00171803	3.51182e-05	0.0	0.00277576	0.00182037	0.0	0.0	0.000180202	0.00469069	0.000279467	0.000302505	0.0	0.0	0.00050458	0.0	0.0	0.00190429	0.0	0.0	0.0	1.86613e-05	0.0042621	0.00251233	1.89239e-05	0.0	0.0	0.0	0.000143767	1.69534e-05	0.000259074	0.000382301	0.00036162	0.0012925	0.0	0.000917146	0.00027537	0.0012773	0.000667983	0.00436654	8.39353e-05	0.0	0.0	0.0	0.00127053	0.000656481	0.00522104	0.000439954	0.0	0.00284805	0.0	0.00153766	0.0	0.0	0.00250732	0.0	0.00328055	0.00023492	3.49872e-05	0.00449059	0.0	8.33028e-05	0.0	3.29001e-05	0.000322463	0.0	0.000953331	0.00429244	0.000238064	0.0	0.00138703	0.00547452	0.00266993	0.00158655	0.000668134	0.000205682	0.0028533	0.0	0.000571943	0.000506986	0.00430796	0.0059846	0.0	0.00554689	0.00523597	0.00287098	0.00165154	0.00105524	0.0	0.000724455	0.000212835	0.00150973	0.00053453	0.00262088	0.000120211	0.00294873	0.000361943	0.000675224	0.00109737	0.00022486	0.00179383	0.00334477	0.000510503	0.000335802	0.00488432	0.000129954	0.00132138	0.0019502	0.000162043	0.0	0.000754873
PWY-5724: superpathway of atrazine degradation	0.0	0.0	0.0	0.0	0.0	0.0	0.0	0.0	0.0	0.0	0.0	0.0	0.0	0.0	0.0	0.0	0.0	0.0	0.0	0.0	0.0	0.0	0.0	0.0	0.0	0.0	0.0	0.0	0.0	0.000104301	0.0	0.0	0.0	0.0	0.0	0.0	0.0	0.0	0.0	0.0	0.0	0.0	0.0	0.0	0.0	0.0	0.0	0.0	0.0	0.0	0.0	9.75972e-05	0.0	0.0	0.0	0.0	0.0	2.81471e-05	0.0	0.000158534	0.0	0.0	0.0	0.0	0.0	0.0	0.0	0.0	5.33875e-05	0.0	0.0	0.0	0.0	0.0	0.0	0.0	0.0	0.0	0.0	0.0	0.0	0.0	0.0	0.0	0.0	0.0	0.0	0.0	0.0	0.0	0.0	0.0	0.0	2.72911e-05	0.0	0.0	0.0	0.0	0.0	0.0	0.0	0.0	0.0	0.0	0.0	2.73083e-05	0.0	0.0	0.0	0.0	0.0	0.0	0.0	0.0	0.0	0.0	0.0	0.0	0.0	0.0	0.0	0.0	0.0	0.0	0.0	0.0	0.0	0.0	0.0	0.0	0.0	0.0	0.0	0.0	0.0	0.0	1.68997e-05	0.0	0.0	0.0	0.0	0.0	0.0	1.21112e-05	0.0	0.0	0.0	0.0	0.0	0.0	0.0	0.0	0.0	0.0	0.0	0.0	0.0	8.26861e-05	0.0	3.09253e-05	0.0	0.0	0.0	0.0	0.0	0.0	0.0	0.0	0.0	0.0	0.0	0.0	0.0	0.0	0.0	0.0	0.0	0.0	1.57179e-05	0.0	1.52573e-05
PWY-5742: L-arginine degradation IX (arginine:pyruvate transaminase pathway)	0.0	0.0	0.0	0.0	0.0	0.0	0.0	0.000741395	2.36566e-05	0.0	0.0	0.0	0.0	8.76622e-06	0.0	0.0	0.0	0.0	0.0	0.0	0.0	0.0	0.0	0.0	0.0	0.0	0.0	0.0	0.0	0.000199865	0.0	0.0	0.0	0.0	1.76106e-05	0.0	0.0	0.0	0.0	0.0	0.0	0.0	0.0	8.36945e-05	0.000327111	0.0	0.0	0.0	0.0	0.0	0.0	0.000450112	6.05439e-05	0.0	8.88815e-05	0.0	0.0	0.0	0.0	0.000279665	0.0	0.0	0.0	0.0	0.0	0.0	0.0	0.0	0.0	0.0	0.0	0.0	0.0	0.0	0.0	0.0	0.0	0.0	0.0	0.0	0.0	0.0	0.0	0.0	0.0	0.0	0.0	0.0	0.0	0.0	0.0	0.0	0.0	0.0	0.0	0.0	0.0	0.0	0.0	0.0	0.0	0.0	0.0	0.0	0.0	0.0	0.0	0.0	0.0	0.0	0.0	0.0	0.0	0.0	0.0	0.0	0.0	0.0	0.0	0.0	0.0	0.0	0.0	0.0	0.0	0.0	0.0	0.0	0.0	0.0	0.0	0.0	0.0	0.0	0.0	0.0	0.0	0.0	0.0	0.0	0.0	0.0	0.0	0.0	0.0	0.0	0.0	0.0	0.0	0.0	0.0	0.0	0.0	0.0	0.0	0.0	0.0	0.000105115	0.0	0.0	0.0	0.0	0.0	0.0	0.0	0.0	0.0	0.0	1.06094e-05	0.0	0.0	0.0	0.0	0.0	0.0	0.0	0.0	0.0	0.0	0.0	0.0
PWY-5747: 2-methylcitrate cycle II	0.0	2.68245e-05	2.70089e-06	0.000130286	0.000113988	2.35734e-05	8.46987e-05	0.0	6.55291e-05	8.24499e-05	0.000549757	0.000195449	5.85564e-05	0.000304559	0.000456782	4.89772e-05	0.0	0.000111366	0.0014016	0.0	0.0	0.0	0.0	2.25838e-05	0.000446288	0.000195111	3.91036e-05	0.00111124	0.000734892	0.000327002	2.76063e-05	0.0	0.0	0.000153539	0.000220246	0.00160356	5.63649e-05	0.0	6.32626e-06	0.00118053	0.0	3.31244e-05	0.00015956	0.00132878	0.0	5.56044e-05	0.000287811	0.0	0.000117253	0.0	0.000343503	0.0013009	0.000635075	0.0	2.89207e-05	0.0	0.00017558	0.000152358	1.23106e-05	0.000509142	0.0	0.00057898	0.0	0.000255491	0.0	2.38594e-05	0.0	0.0	0.000306119	0.0	0.000169729	0.000105995	0.0	0.0	0.000303826	0.000135053	0.0	0.0	1.75158e-05	0.000437595	4.26822e-06	0.0	0.0	0.0	4.25505e-05	0.0	0.0	0.000172065	0.0	0.0	0.0	0.0	0.000849615	0.000162174	0.0	0.0	0.0	0.0	8.71314e-05	0.0	1.2916e-05	3.9725e-05	1.44054e-05	5.88258e-05	0.0	6.53735e-05	1.07673e-05	0.000153215	4.4202e-05	0.00113428	0.0	0.0	0.0	0.0	4.39609e-05	5.49201e-05	0.00045142	9.38225e-05	1.24197e-05	0.000362963	0.0	0.000126329	0.0	0.0	0.000152531	0.0	0.000163719	1.25591e-05	6.22234e-06	0.000384357	0.0	0.0	0.0	0.0	0.0	0.0	7.25638e-05	0.000395548	0.0	0.0	0.000157127	0.000464337	2.21454e-05	0.00017984	0.000132447	1.74857e-05	0.000314046	0.0	3.53483e-05	0.000115796	0.00149083	0.00141661	0.0	0.00123216	0.000799287	0.000565395	0.000214233	0.00026718	0.0	5.17398e-05	7.89274e-06	0.000193226	3.33387e-05	0.000116884	0.0	0.00051764	1.02889e-05	2.37493e-05	0.000140367	8.15756e-06	0.00024862	0.000489996	4.3792e-05	0.0	0.00114809	0.0	0.000225857	0.000530731	9.05865e-06	0.0	2.992e-05
PWY-5837: 2-carboxy-1,4-naphthoquinol biosynthesis	0.000208646	0.000976415	3.9002e-05	0.000468563	0.000343683	0.000961683	0.000481757	0.000693267	0.00023073	0.000348973	0.00213808	0.000791882	0.000882974	0.00350141	0.00107937	0.000310828	0.0	0.000454513	0.0024037	7.59335e-05	0.000176327	5.04228e-05	0.0	0.000307592	0.00124628	0.000703647	0.000126396	0.00287919	0.00218962	0.000654023	0.000322395	0.0	0.000313685	0.000623883	0.00116487	0.00356231	0.000519293	0.0	0.00273382	0.00136901	0.000278824	0.000301424	0.00119359	0.00206484	0.00245879	0.000671167	0.000762088	0.0	0.000662981	0.000112404	0.00252162	0.000807991	0.00141596	0.0	2.46582e-05	0.000251816	0.00101066	0.00141153	6.92167e-05	0.000783047	0.00247168	0.00258437	0.00242553	0.00147511	4.23212e-05	0.000182873	0.0	0.0	0.000810232	6.45699e-05	0.000796403	0.000864521	0.0	5.84341e-05	0.000925523	0.000535834	0.000164458	0.0	9.04551e-05	0.00136295	5.09095e-05	0.0	0.0	4.32778e-05	0.000264545	9.92114e-05	0.0	0.000387185	6.50614e-05	6.48357e-05	0.0	0.0	0.00219711	0.000974702	0.0	0.000227121	0.0	0.0	8.2252e-05	0.000120578	0.000158571	0.000217562	9.66868e-05	0.000244133	8.61505e-05	0.000579434	8.35289e-05	0.000408727	0.000416109	0.00161691	0.0	0.000130371	0.0	2.80003e-05	0.000544494	0.000473824	0.00152984	0.000465144	0.000110752	0.00089772	0.0	0.00053508	0.0	4.79764e-05	0.000975055	0.000125046	0.00123393	0.000156804	6.00608e-05	0.00171341	0.000144973	0.00018047	0.0	0.000241794	0.000116235	0.0	0.000440346	0.00176043	0.000151154	4.86154e-05	0.000447243	0.00277668	0.0011305	0.00111195	0.000167403	7.57845e-05	0.00111701	0.000220934	0.000174521	0.000596624	0.00227422	0.00280427	0.0	0.00199638	0.00214587	0.00186005	0.000715109	0.000388335	0.0	0.000622718	0.000318445	0.000777572	0.000216368	0.00166175	0.0	0.000890154	0.000207332	0.000717654	0.0006023	0.000146012	0.00139558	0.00158295	0.00028496	0.00081643	0.00278623	0.000143501	0.000676226	0.00312486	0.00013321	7.9241e-05	0.000361057
PWY-5838: superpathway of menaquinol-8 biosynthesis I	0.000658013	0.00198013	0.000132131	0.00132697	0.000639612	0.00205777	0.00132086	0.0	0.000704089	0.00103309	0.00302117	0.00192338	0.00106017	0.00182138	0.0022291	0.000936712	0.0	0.00128702	0.00316126	0.000252442	0.00056613	0.000169821	0.0	0.000936842	0.00244786	0.00163605	0.000416814	0.00262823	0.00286912	0.00178788	0.001025	0.0	0.000959929	0.00173659	0.00243831	0.00359528	0.00142587	0.0	0.00379363	0.00291718	0.000767951	0.000961017	0.00271464	0.00300451	0.00285898	0.00184862	0.00151789	0.0	0.00180088	0.000370205	0.00271322	0.00148847	0.00265895	0.0	8.34163e-05	0.000811398	0.00228867	0.00140876	0.000231164	0.00189591	0.00460398	0.00345373	0.000680876	0.00265124	0.000141758	0.000596101	0.0	0.0	0.00197985	0.000217612	0.00213901	0.00216656	0.0	0.000196125	0.0020414	0.00134662	0.000531048	0.0	0.000295933	0.00255485	0.000170522	0.0	0.0	0.000146013	0.000824837	0.0003077	0.0	0.00105522	0.000214558	0.00021716	0.0	0.0	0.00325293	0.00223116	0.0	0.000740821	0.0	0.0	0.000268258	0.000396179	0.000455943	0.000666637	0.0003056	0.000768542	0.000283775	0.00167841	0.000271881	0.00122021	0.00110269	0.00295646	0.0	0.00042295	0.0	9.44304e-05	0.000855215	0.00130297	0.00267901	0.00131766	0.0	0.00187883	0.0	0.00145508	0.0	0.000162139	0.00237467	0.000405416	0.00251224	0.000515009	0.000203155	0.00317999	0.000472333	0.000571913	0.0	0.000778416	0.000368177	0.0	0.00126701	0.00283831	0.000490704	0.00015994	0.00132117	0.00337009	0.00239011	0.00290807	0.000517644	0.000255435	0.00254996	0.000705395	0.000547162	0.000906668	0.00321488	0.00322633	0.0	0.0029739	0.00326549	0.00230086	0.000925076	0.00103659	0.0	0.00173505	0.000960945	0.0019061	0.000621419	0.00123341	0.0	0.00209835	0.000633063	0.00183895	0.0014961	0.000473959	0.00258601	0.00326361	0.00086108	0.00214932	0.00305208	0.000464095	0.00173374	0.00157322	0.000280245	0.000262812	0.001112
PWY-5840: superpathway of menaquinol-7 biosynthesis	0.000560943	0.00198013	0.000121703	0.000976174	0.000793736	0.00187098	0.000735519	9.07989e-05	0.000690465	0.000586758	0.00240834	0.00166355	0.0012095	0.00199378	0.00184014	0.000818723	0.0	0.00105694	0.00310644	0.000236113	0.000551642	0.000161127	0.0	0.000851258	0.00197723	0.00123132	0.000338535	0.00265812	0.00251121	0.00137126	0.00079874	0.0	0.000857409	0.0013205	0.00152598	0.00251526	0.0011162	0.0	0.00363394	0.00271799	0.000791343	0.000819913	0.00220906	0.00263817	0.00285898	0.000876596	0.00123113	0.0	0.00147167	0.000301022	0.00279226	0.00104702	0.00236331	0.0	8.35014e-05	0.000521857	0.00203836	0.00156144	0.000218285	0.00211988	0.00147245	0.00276399	0.00421193	0.00204027	0.000139459	0.000393145	0.0	0.0	0.00151296	0.000195332	0.00171188	0.00161683	0.0	0.000174551	0.00178552	0.00115794	0.000346436	0.0	0.000268883	0.00225099	0.000164746	0.0	0.0	0.000140741	0.000792986	0.000274684	0.0	0.000644225	0.000198536	0.000208881	0.0	0.0	0.00307239	0.00155184	0.0	0.000481514	0.0	0.0	0.000243979	0.000323513	0.0	0.000443422	0.000298654	0.00069553	0.000281425	0.0012371	0.000268659	0.000996877	0.00106939	0.00272735	0.0	0.000334619	0.0	8.6221e-05	0.00104628	0.00127269	0.00234885	0.00109145	0.000337588	0.00164316	0.0	0.00071949	0.0	0.000152183	0.00180138	0.000110344	0.00184049	0.000489798	0.000155541	0.00260471	0.000459129	0.000538983	0.0	0.0	0.000141309	0.0	0.000809615	0.0023549	0.000464271	0.000148917	0.00114228	0.00328005	0.00214902	0.00255854	0.000510533	0.000252695	0.00202877	0.000231484	0.000516152	0.00102222	0.00300267	0.00308452	0.0	0.00258044	0.00316441	0.00238544	0.00100969	0.000605683	0.0	0.00123388	0.000906193	0.00125104	0.000573046	0.00131791	0.0	0.00161772	0.000571039	0.00091886	0.00154833	0.000258733	0.00234499	0.00270556	0.000692553	0.000445243	0.00232671	0.000250886	0.00147942	0.00164076	0.000406249	0.00024819	0.000944075
PWY-5845: superpathway of menaquinol-9 biosynthesis	0.00020432	0.00198013	0.000130737	0.00123329	0.000223595	0.00187098	0.00108491	0.0	0.000550882	0.000904103	0.00240834	0.00166355	0.000683774	0.0017803	0.00184014	0.000586106	0.0	0.000833049	0.00310644	0.000248173	0.000480423	0.000150698	0.0	0.000736467	0.00225128	0.00123132	0.000362365	0.00230677	0.00251121	0.00137126	0.000567585	0.0	0.00081726	0.00141297	0.00218636	0.00251526	0.0011162	0.0	0.00363394	0.00271799	0.000512395	0.000959172	0.00220906	0.00263817	0.00285898	0.00177378	0.00123113	0.0	0.00147167	0.0	0.00210694	0.00104702	0.00236331	0.0	8.32624e-05	0.000542685	0.00203836	0.000972041	0.000230058	0.00147616	0.00398045	0.00276399	0.0	0.00134434	0.000119358	0.00059472	0.0	0.0	0.00151296	0.000216973	0.00206762	0.00161683	0.0	0.000195998	0.00178552	0.000900626	0.000495743	0.0	0.000287778	0.00225099	0.000102949	0.0	0.0	8.39644e-05	0.000530815	0.000285984	0.0	0.000644225	0.000208841	0.000121337	0.0	0.0	0.00307239	0.00155184	0.0	0.000112744	0.0	0.0	0.000236557	0.000264271	0.000306296	0.000443422	0.000287581	0.000363712	0.000116157	0.00135386	0.000178223	0.00108712	0.000605439	0.00272735	0.0	0.000390511	0.0	7.49859e-05	0.000832428	0.00116619	0.00234885	0.00120939	0.0	0.00164316	0.0	0.00126121	0.0	0.0	0.00180138	0.000276787	0.00184049	0.000496456	0.0	0.00260471	0.000395092	0.000375831	0.0	0.000773545	0.000345559	0.0	0.00122753	0.0023549	0.000234216	0.000155383	0.00100134	0.00328005	0.00214902	0.00132001	0.000447113	0.000222559	0.00205552	0.0	0.000530755	0.000520357	0.00300267	0.00308452	0.0	0.00258044	0.00316441	0.00190443	0.000712069	0.000606056	0.0	0.00170267	0.000950247	0.0018391	0.000324904	0.000839565	0.0	0.00216414	0.000582741	0.0016043	0.00141921	0.000422881	0.00258879	0.00270556	0.000726561	0.00067812	0.00232671	0.000355267	0.00170472	0.00117313	0.0004127	0.000251708	0.000780384
PWY-5850: superpathway of menaquinol-6 biosynthesis	0.0	0.00198013	6.15361e-05	0.000976174	0.000223595	0.00187098	0.000735519	0.0	0.0	0.000586758	0.00240834	0.00166355	0.000683774	0.0017803	0.00184014	0.000586106	0.0	0.000833049	0.00310644	9.55471e-05	0.0	0.0	0.0	0.000410087	0.00197723	0.00123132	0.000293835	0.00230677	0.00251121	0.00137126	0.000300626	0.0	0.0	0.0013205	0.00152598	0.00251526	0.0011162	0.0	0.00363394	0.00271799	0.000512395	0.000446945	0.00220906	0.00263817	0.00285898	0.000876596	0.00123113	0.0	0.00147167	0.0	0.00210694	0.00104702	0.00236331	0.0	0.0	0.000107444	0.00203836	0.00093453	0.000172145	0.00147616	0.00147245	0.00276399	0.0	0.00134434	0.0	0.000365756	0.0	0.0	0.00151296	0.0	0.00171188	0.00161683	0.0	0.0	0.00178552	0.000900626	0.000336785	0.0	0.000159316	0.00225099	0.000102949	0.0	0.0	0.0	0.000530815	0.0	0.0	0.000644225	0.0	0.000121337	0.0	0.0	0.00307239	0.00155184	0.0	0.000112744	0.0	0.0	0.0	0.000159657	0.0	0.000443422	0.000187925	0.000363712	0.0	0.000916016	0.000178223	0.000819368	0.000605439	0.00272735	0.0	0.0	0.0	0.0	0.000832428	0.00103252	0.00234885	0.000573491	0.0	0.00164316	0.0	0.000552368	0.0	0.0	0.00180138	0.000110344	0.00184049	0.000308543	0.0	0.00260471	0.0	0.0	0.0	0.0	0.000138377	0.0	0.000809615	0.0023549	0.000234216	0.0	0.00100134	0.00328005	0.00214902	0.00132001	0.000352513	0.0	0.00202877	0.0	0.000435254	0.000520357	0.00300267	0.00308452	0.0	0.00258044	0.00316441	0.00190443	0.000712069	0.000425024	0.0	0.00123388	9.59613e-05	0.00125104	0.000324904	0.000839565	0.0	0.00142189	0.000158854	0.000773041	0.000997045	0.000258733	0.00234499	0.00270556	0.000582642	0.000445243	0.00232671	0.0	0.00125972	0.00117313	0.000267355	0.0	0.000780384
PWY-5855: ubiquinol-7 biosynthesis (early decarboxylation)	8.63652e-06	9.61947e-06	1.74928e-05	0.000162031	1.40192e-05	0.00078688	8.13727e-05	0.00170121	9.66509e-05	0.000114486	0.000257906	0.000368376	0.000278669	0.000462546	0.000134847	2.4155e-05	0.0	0.000260135	0.00148189	2.5515e-05	0.0	0.0	0.0	7.00443e-05	0.000511495	7.70208e-05	6.78789e-05	0.000883125	0.000462878	0.000505756	0.00015067	0.0	2.0216e-05	2.67094e-05	0.000264095	0.00151449	0.000146639	0.0	0.00390794	0.00106437	8.29644e-05	0.000106982	0.000291986	0.00199703	0.00286018	0.000124539	0.00033761	9.22439e-06	0.000232603	0.0	0.000442903	0.00318207	0.000567865	0.0	0.000208997	0.0	0.000878988	0.000537164	1.2675e-05	0.000949161	0.00021058	0.00104209	0.0	0.000333841	4.43667e-05	8.80895e-05	0.0	0.0	0.000244911	0.0	0.000368262	0.000610308	0.0	0.0	0.000410777	0.000138523	0.0	0.0	1.25967e-05	0.000960262	7.05618e-06	0.0	0.0	0.0	1.36384e-05	0.0	0.0	0.000182266	0.0	9.47234e-06	0.0	0.0	0.0014717	0.000478156	0.0	0.0	0.0	0.0	4.11873e-05	0.0	6.40017e-05	3.07158e-05	6.84619e-05	1.82456e-05	0.0	4.7153e-05	2.05989e-05	5.39997e-05	6.5363e-05	0.00134699	0.0	0.0	0.0	0.0	2.64337e-05	0.000387455	0.000361214	0.000156629	3.09349e-05	0.000159485	0.0	8.2956e-05	0.0	0.0	0.000215153	0.0	0.000498733	3.76146e-05	0.0	0.00108364	0.0	0.0	0.0	0.0	6.70847e-05	0.0	3.37762e-05	0.000771359	1.12887e-05	0.0	0.000192035	0.00317087	0.00104575	6.8011e-05	1.96155e-05	1.15614e-05	0.000460452	0.0	1.89387e-05	7.40889e-05	0.000839399	0.00259809	0.0	0.00106291	0.00284731	0.00048641	0.000195626	0.00074361	0.0	0.000147096	0.0	6.91887e-05	3.8319e-05	0.000941634	0.0	0.000711462	2.18138e-05	0.000105341	0.000134478	5.73592e-05	0.000224081	0.000575061	9.71641e-06	3.8433e-05	0.00134718	4.12112e-05	0.000123497	0.000775109	3.08008e-05	0.0	0.00011653
PWY-5860: superpathway of demethylmenaquinol-6 biosynthesis I	0.0	0.00148479	4.11273e-05	0.000689591	0.000161044	0.00146119	0.000514672	0.0	0.0	0.000405543	0.00199452	0.00126143	0.000637148	0.00198993	0.00148926	0.000403231	0.0	0.000580701	0.00296963	6.38948e-05	0.0	0.0	0.0	0.000276752	0.0015675	0.000949156	0.00019843	0.00209628	0.00223075	0.000963342	0.000201982	0.0	0.0	0.000942217	0.00112569	0.00217691	0.000798291	0.0	0.00323876	0.00201337	0.000351617	0.000302361	0.00166291	0.00244325	0.00267332	0.000611509	0.00100723	0.0	0.00106101	0.0	0.00180133	0.000737506	0.00190754	0.0	0.0	7.18917e-05	0.0015386	0.000832645	0.000115713	0.00104183	0.00105602	0.00243284	0.0	0.000959692	0.0	0.000246931	0.0	0.0	0.00113319	0.0	0.00124805	0.00120591	0.0	0.0	0.0012785	0.000632418	0.0002287	0.0	0.000107009	0.0017951	6.91142e-05	0.0	0.0	0.0	0.000362965	0.0	0.0	0.0004393	0.0	8.12821e-05	0.0	0.0	0.00262772	0.00116661	0.0	7.54777e-05	0.0	0.0	0.0	0.000106956	0.0	0.000304016	0.000125992	0.000246914	0.0	0.000634394	0.000120773	0.000567638	0.000429532	0.00219374	0.0	0.0	0.0	0.0	0.000571225	0.000732955	0.00195397	0.000394442	0.0	0.00133268	0.0	0.000382353	0.0	0.0	0.00124031	7.40701e-05	0.00143672	0.00020771	0.0	0.00212054	0.0	0.0	0.0	0.0	9.36577e-05	0.0	0.000571707	0.00199959	0.000158032	0.0	0.000693699	0.00322515	0.00169637	0.000933741	0.000238314	0.0	0.00153491	0.0	0.000296478	0.000359814	0.00284795	0.00280549	0.0	0.0021644	0.0028286	0.00171424	0.000750362	0.000291329	0.0	0.000872886	6.43179e-05	0.000915355	0.000219879	0.000704955	0.0	0.00102333	0.000106844	0.000538503	0.000717463	0.000175013	0.00191284	0.00206885	0.00040272	0.000303376	0.00215978	0.0	0.000900475	0.00112963	0.000182676	0.0	0.000537591
PWY-5861: superpathway of demethylmenaquinol-8 biosynthesis I	0.000450636	0.00148479	8.85647e-05	0.000957931	0.000541692	0.00163506	0.000962246	0.0	0.000481937	0.000734555	0.00266642	0.00149044	0.00126477	0.00206815	0.00188952	0.000657008	0.0	0.000920025	0.00304535	0.000169674	0.000385933	0.000114129	0.0	0.00064238	0.0020321	0.00132942	0.000283015	0.00251571	0.00267546	0.00127689	0.000701873	0.0	0.000668563	0.00126717	0.00192103	0.00356861	0.00104078	0.0	0.00343189	0.00217866	0.000534809	0.000661362	0.00210573	0.00294149	0.00267332	0.00135953	0.00131125	0.0	0.00132246	0.000250477	0.00252487	0.00107408	0.00220428	0.0	5.59176e-05	0.000556275	0.00175605	0.0015136	0.000155827	0.00136077	0.00393633	0.00330402	0.00046687	0.0020326	9.47801e-05	0.000405684	0.0	0.0	0.00154163	0.000146249	0.00159672	0.00168394	0.0	0.000131456	0.00147739	0.000971232	0.000364529	0.0	0.000200062	0.00209284	0.000115008	0.0	0.0	9.80938e-05	0.000572153	0.000209131	0.0	0.00073021	0.00014564	0.00014603	0.0	0.0	0.00282916	0.00177657	0.0	0.000507795	0.0	0.0	0.00018276	0.000267333	0.000310116	0.000463689	0.000205614	0.000532595	0.000192073	0.00120123	0.00018585	0.000861844	0.000825843	0.00242001	0.0	0.000288509	0.0	6.33897e-05	0.000587333	0.00094091	0.00230906	0.000945143	0.0	0.00157267	0.0	0.00107449	0.0	0.000108815	0.00165229	0.000277255	0.00209159	0.000348989	0.000136318	0.00272185	0.000320661	0.000396057	0.0	0.000531946	0.000255664	0.0	0.000925668	0.00255354	0.000335536	0.000107017	0.000926853	0.00335746	0.00192647	0.00222021	0.000352271	0.000172054	0.00199847	0.000481979	0.0003748	0.000644751	0.00314312	0.00298445	0.0	0.00259664	0.00295108	0.00223393	0.00117974	0.000740533	0.0	0.00125869	0.000676844	0.00146969	0.000426433	0.00117921	0.0	0.00156957	0.000437395	0.00136557	0.00112113	0.000324547	0.00215906	0.00257361	0.000605828	0.00159952	0.00322798	0.000316657	0.00127394	0.00179152	0.000191714	0.000177582	0.000777041
PWY-5862: superpathway of demethylmenaquinol-9 biosynthesis	0.000137346	0.00148479	8.76252e-05	0.000885126	0.000161044	0.00146119	0.000777479	0.0	0.000374889	0.000637547	0.00199452	0.00126143	0.000637148	0.00198993	0.00148926	0.000403231	0.0	0.000580701	0.00296963	0.000166783	0.000326392	0.000101185	0.0	0.000501923	0.00183282	0.000949156	0.000245452	0.00209628	0.00223075	0.000963342	0.000384007	0.0	0.000565441	0.00101318	0.00169077	0.00217691	0.000798291	0.0	0.00323876	0.00201337	0.000351617	0.000660052	0.00166291	0.00244325	0.00267332	0.00129906	0.00100723	0.0	0.00106101	0.0	0.00180133	0.000737506	0.00190754	0.0	5.58139e-05	0.000368589	0.0015386	0.000877923	0.000155072	0.00104183	0.00327782	0.00243284	0.0	0.000959692	7.97667e-05	0.000404724	0.0	0.0	0.00113319	0.000145816	0.00153729	0.00120591	0.0	0.000131371	0.0012785	0.000632418	0.000339625	0.0	0.000194473	0.0017951	6.91142e-05	0.0	0.0	5.62242e-05	0.000362965	0.000194104	0.0	0.0004393	0.000141691	8.12821e-05	0.0	0.0	0.00262772	0.00116661	0.0	7.54777e-05	0.0	0.0	0.000160746	0.000177605	0.000206956	0.000304016	0.000193385	0.000246914	7.79177e-05	0.000955365	0.000120773	0.00076289	0.000429532	0.00219374	0.0	0.000265908	0.0	5.02652e-05	0.000571225	0.000834846	0.00195397	0.0008621	0.0	0.00133268	0.0	0.000918163	0.0	0.0	0.00124031	0.00018775	0.00143672	0.000336217	0.0	0.00212054	0.000267422	0.000256854	0.0	0.000528535	0.000239346	0.0	0.000894149	0.00199959	0.000158032	0.000103957	0.000693699	0.00322515	0.00169637	0.000933741	0.000303413	0.00014971	0.00155792	0.0	0.000363262	0.000359814	0.00284795	0.00280549	0.0	0.0021644	0.0028286	0.00171424	0.000750362	0.000420459	0.0	0.00123317	0.000668888	0.00141026	0.000219879	0.000704955	0.0	0.001625	0.000401466	0.00117427	0.00105677	0.000288726	0.00216196	0.00206885	0.000506802	0.000467445	0.00215978	0.000241076	0.00125047	0.00112963	0.000285856	0.000169982	0.000537591
PWY-5870: ubiquinol-8 biosynthesis (late decarboxylation)	0.0	0.0	0.0	0.0	0.0	0.0	0.0	0.0	0.0	0.0	0.0	0.0	0.0	0.0	0.0	0.0	0.0	0.0	0.0	0.0	0.0	0.0	0.0	0.0	0.0	0.0	0.0	0.0	0.0	0.0	0.0	0.0	0.0	0.0	0.0	0.0	0.0	0.0	0.0	0.0	0.0	0.0	0.0	0.0	0.0	0.0	0.0	0.0	0.0	0.0	0.0	0.0	0.0	0.0	0.0	0.0	0.0	0.0	0.0	0.0	0.0	0.0	0.0	0.0	0.0	0.0	0.0	0.0	0.0	0.0	0.0	0.0	0.0	0.0	0.0	0.0	0.0	0.0	0.0	0.0	0.0	0.0	0.0	0.0	0.0	0.0	0.0	0.0	0.0	0.0	0.0	0.0	0.0	0.0	0.0	0.0	0.0	0.0	0.0	0.0	0.0	0.0	0.0	0.0	0.0	0.0	0.0	0.0	0.0	0.0	0.0	0.0	0.0	0.0	0.0	0.0	0.0	4.40826e-05	0.0	0.0	0.0	0.0	0.0	0.0	0.0	0.0	0.0	0.0	0.0	0.0	0.0	0.0	0.0	0.0	0.0	0.0	0.0	0.0	0.0	0.0	0.0	0.0	0.0	0.0	0.0	0.0	0.0	0.0	0.0	0.0	0.0	0.0	0.0	0.0	0.0	0.0	1.2243e-05	0.0	0.0	0.0	0.0	0.0	0.0	0.0	0.0	0.0	0.0	0.0	0.0	0.0	0.0	0.0	0.0	0.0	0.0	0.0	0.0	0.0	0.0	0.0	0.0
PWY-5896: superpathway of menaquinol-10 biosynthesis	0.0	0.00198013	6.15361e-05	0.000976174	0.000223595	0.00187098	0.000735519	0.0	0.0	0.000586758	0.00240834	0.00166355	0.000683774	0.0017803	0.00184014	0.000586106	0.0	0.000833049	0.00310644	9.55471e-05	0.0	0.0	0.0	0.000410087	0.00197723	0.00123132	0.000293835	0.00230677	0.00251121	0.00137126	0.000300626	0.0	0.0	0.0013205	0.00152598	0.00251526	0.0011162	0.0	0.00363394	0.00271799	0.000512395	0.000446945	0.00220906	0.00263817	0.00285898	0.000876596	0.00123113	0.0	0.00147167	0.0	0.00210694	0.00104702	0.00236331	0.0	0.0	0.000107444	0.00203836	0.00093453	0.000172145	0.00147616	0.00147245	0.00276399	0.0	0.00134434	0.0	0.000365756	0.0	0.0	0.00151296	0.0	0.00171188	0.00161683	0.0	0.0	0.00178552	0.000900626	0.000336785	0.0	0.000159316	0.00225099	0.000102949	0.0	0.0	0.0	0.000530815	0.0	0.0	0.000644225	0.0	0.000121337	0.0	0.0	0.00307239	0.00155184	0.0	0.000112744	0.0	0.0	0.0	0.000159657	0.0	0.000443422	0.000187925	0.000363712	0.0	0.000916016	0.000178223	0.000819368	0.000605439	0.00272735	0.0	0.0	0.0	0.0	0.000832428	0.00103252	0.00234885	0.000573491	0.0	0.00164316	0.0	0.000552368	0.0	0.0	0.00180138	0.000110344	0.00184049	0.000308543	0.0	0.00260471	0.0	0.0	0.0	0.0	0.000138377	0.0	0.000809615	0.0023549	0.000234216	0.0	0.00100134	0.00328005	0.00214902	0.00132001	0.000352513	0.0	0.00202877	0.0	0.000435254	0.000520357	0.00300267	0.00308452	0.0	0.00258044	0.00316441	0.00190443	0.000712069	0.000425024	0.0	0.00123388	9.59613e-05	0.00125104	0.000324904	0.000839565	0.0	0.00142189	0.000158854	0.000773041	0.000997045	0.000258733	0.00234499	0.00270556	0.000582642	0.000445243	0.00232671	0.0	0.00125972	0.00117313	0.000267355	0.0	0.000780384
PWY-5897: superpathway of menaquinol-11 biosynthesis	0.000594834	0.00218528	0.000115905	0.00121371	0.000730836	0.00198964	0.00122128	8.91065e-05	0.000640041	0.000939863	0.00300874	0.00179617	0.00115545	0.00197264	0.0020893	0.00084765	0.0	0.00117518	0.00318911	0.000223977	0.000504758	0.000149297	0.0	0.000854093	0.0023472	0.0015114	0.000368655	0.00264572	0.00284296	0.00168616	0.00092087	0.0	0.000870126	0.00158648	0.00233091	0.00369786	0.00130075	0.0	0.00371426	0.00311896	0.000767779	0.00085511	0.00255873	0.00296001	0.00304288	0.00168656	0.00142453	0.0	0.00164713	0.000329227	0.00278523	0.00148518	0.00252264	0.0	7.33111e-05	0.000720999	0.00223375	0.00150998	0.000203678	0.0019541	0.00440551	0.00361869	0.00410665	0.00265072	0.000125094	0.000528392	0.0	0.0	0.001845	0.000191068	0.0019502	0.00202073	0.0	0.000172653	0.0021019	0.00127726	0.000469762	0.0	0.000265142	0.00245489	0.000150063	0.0	0.0	0.00012825	0.000738773	0.00028776	0.0	0.00100334	0.000189421	0.000191243	0.0	0.0	0.00329892	0.00207828	0.0	0.000655835	0.0	0.0	0.000238961	0.000352537	0.000457571	0.000598723	0.000276049	0.000684484	0.000251865	0.00151731	0.000240079	0.00110611	0.00101039	0.00293119	0.0	0.000373518	0.0	8.29603e-05	0.00133208	0.00120381	0.00262397	0.00120589	0.000319462	0.00182207	0.0	0.00133577	0.0	0.000142378	0.0024185	0.000359746	0.00236768	0.000456944	0.000178286	0.0030394	0.000419336	0.000508537	0.0	0.000690531	0.000330172	0.0	0.0011374	0.0027128	0.000434401	0.00014417	0.00120782	0.00334328	0.00231495	0.00265517	0.000474666	0.000224204	0.00241192	0.000631453	0.00048995	0.00111888	0.00313006	0.00319987	0.0	0.00294988	0.00321481	0.00237996	0.000969322	0.000983692	0.0	0.00158844	0.000867591	0.00179802	0.000591245	0.00128452	0.0	0.0020351	0.000569867	0.0017174	0.00145298	0.000419066	0.0025678	0.00314864	0.000775321	0.00199019	0.00307615	0.000412466	0.00165099	0.00161571	0.000370437	0.000231473	0.000996593
PWY-5898: superpathway of menaquinol-12 biosynthesis	0.000594834	0.00218528	0.000115905	0.00121371	0.000730836	0.00198964	0.00122128	8.91065e-05	0.000640041	0.000939863	0.00300874	0.00179617	0.00115545	0.00197264	0.0020893	0.00084765	0.0	0.00117518	0.00318911	0.000223977	0.000504758	0.000149297	0.0	0.000854093	0.0023472	0.0015114	0.000368655	0.00264572	0.00284296	0.00168616	0.00092087	0.0	0.000870126	0.00158648	0.00233091	0.00369786	0.00130075	0.0	0.00371426	0.00311896	0.000767779	0.00085511	0.00255873	0.00296001	0.00304288	0.00168656	0.00142453	0.0	0.00164713	0.000329227	0.00278523	0.00148518	0.00252264	0.0	7.33111e-05	0.000720999	0.00223375	0.00150998	0.000203678	0.0019541	0.00440551	0.00361869	0.00410665	0.00265072	0.000125094	0.000528392	0.0	0.0	0.001845	0.000191068	0.0019502	0.00202073	0.0	0.000172653	0.0021019	0.00127726	0.000469762	0.0	0.000265142	0.00245489	0.000150063	0.0	0.0	0.00012825	0.000738773	0.00028776	0.0	0.00100334	0.000189421	0.000191243	0.0	0.0	0.00329892	0.00207828	0.0	0.000655835	0.0	0.0	0.000238961	0.000352537	0.000457571	0.000598723	0.000276049	0.000684484	0.000251865	0.00151731	0.000240079	0.00110611	0.00101039	0.00293119	0.0	0.000373518	0.0	8.29603e-05	0.00133208	0.00120381	0.00262397	0.00120589	0.000319462	0.00182207	0.0	0.00133577	0.0	0.000142378	0.0024185	0.000359746	0.00236768	0.000456944	0.000178286	0.0030394	0.000419336	0.000508537	0.0	0.000690531	0.000330172	0.0	0.0011374	0.0027128	0.000434401	0.00014417	0.00120782	0.00334328	0.00231495	0.00265517	0.000474666	0.000224204	0.00241192	0.000631453	0.00048995	0.00111888	0.00313006	0.00319987	0.0	0.00294988	0.00321481	0.00237996	0.000969322	0.000983692	0.0	0.00158844	0.000867591	0.00179802	0.000591245	0.00128452	0.0	0.0020351	0.000569867	0.0017174	0.00145298	0.000419066	0.0025678	0.00314864	0.000775321	0.00199019	0.00307615	0.000412466	0.00165099	0.00161571	0.000370437	0.000231473	0.000996593
PWY-5899: superpathway of menaquinol-13 biosynthesis	0.000594834	0.00218528	0.000115905	0.00121371	0.000730836	0.00198964	0.00122128	8.91065e-05	0.000640041	0.000939863	0.00300874	0.00179617	0.00115545	0.00197264	0.0020893	0.00084765	0.0	0.00117518	0.00318911	0.000223977	0.000504758	0.000149297	0.0	0.000854093	0.0023472	0.0015114	0.000368655	0.00264572	0.00284296	0.00168616	0.00092087	0.0	0.000870126	0.00158648	0.00233091	0.00369786	0.00130075	0.0	0.00371426	0.00311896	0.000767779	0.00085511	0.00255873	0.00296001	0.00304288	0.00168656	0.00142453	0.0	0.00164713	0.000329227	0.00278523	0.00148518	0.00252264	0.0	7.33111e-05	0.000720999	0.00223375	0.00150998	0.000203678	0.0019541	0.00440551	0.00361869	0.00410665	0.00265072	0.000125094	0.000528392	0.0	0.0	0.001845	0.000191068	0.0019502	0.00202073	0.0	0.000172653	0.0021019	0.00127726	0.000469762	0.0	0.000265142	0.00245489	0.000150063	0.0	0.0	0.00012825	0.000738773	0.00028776	0.0	0.00100334	0.000189421	0.000191243	0.0	0.0	0.00329892	0.00207828	0.0	0.000655835	0.0	0.0	0.000238961	0.000352537	0.000457571	0.000598723	0.000276049	0.000684484	0.000251865	0.00151731	0.000240079	0.00110611	0.00101039	0.00293119	0.0	0.000373518	0.0	8.29603e-05	0.00133208	0.00120381	0.00262397	0.00120589	0.000319462	0.00182207	0.0	0.00133577	0.0	0.000142378	0.0024185	0.000359746	0.00236768	0.000456944	0.000178286	0.0030394	0.000419336	0.000508537	0.0	0.000690531	0.000330172	0.0	0.0011374	0.0027128	0.000434401	0.00014417	0.00120782	0.00334328	0.00231495	0.00265517	0.000474666	0.000224204	0.00241192	0.000631453	0.00048995	0.00111888	0.00313006	0.00319987	0.0	0.00294988	0.00321481	0.00237996	0.000969322	0.000983692	0.0	0.00158844	0.000867591	0.00179802	0.000591245	0.00128452	0.0	0.0020351	0.000569867	0.0017174	0.00145298	0.000419066	0.0025678	0.00314864	0.000775321	0.00199019	0.00307615	0.000412466	0.00165099	0.00161571	0.000370437	0.000231473	0.000996593
PWY-5910: superpathway of geranylgeranyldiphosphate biosynthesis I (via mevalonate)	0.0	2.65461e-05	0.0	0.0	0.000285864	0.000213272	0.0	0.00124714	0.0	0.0	0.0	0.0	0.00152929	0.00160646	0.0	0.0	0.0	0.0	0.000168488	0.0	0.0	3.31765e-05	0.0	0.0	0.0	0.0	0.0	0.00125649	0.0	0.0	0.0	0.0	0.0	0.0	0.0	0.0	0.0	0.0	2.09233e-05	0.0	0.0	0.0	0.0	8.2013e-05	0.00044811	0.0	0.000166936	0.0	0.0	0.0	0.00144388	0.0	1.33023e-05	0.0	0.0	0.0	2.60913e-05	0.00223508	0.0	0.0	0.0	0.0	0.00212448	2.33759e-05	0.0	0.0	0.0	0.0	0.0	2.47839e-05	0.0	0.0	0.0	0.0	0.0	0.0	0.0	0.0	0.0	0.0	0.0	0.0	0.0	0.0	0.0	0.0	0.0	0.0	2.92076e-05	0.0	0.0	0.0	0.000191938	0.0	0.0	0.0	0.0	0.0	0.0	0.0	0.0	0.0	0.0	0.0	0.0	0.0	0.0	7.18568e-05	0.000130046	0.0	0.0	0.000169904	0.0	0.0	0.0	0.0	0.0	0.000419816	0.0	7.35673e-05	0.0	0.0	0.0	0.0	0.0	9.22341e-05	0.0	0.0	0.0	0.0	0.0	0.0	0.0	0.000129873	0.0	0.0	0.0	8.61595e-05	0.0	0.0	0.0	0.0	0.00013659	0.000360803	0.000192253	0.0	0.0	0.0	0.0	0.000207866	0.0	3.04562e-05	0.0	3.2499e-05	1.35611e-05	0.000565154	0.000462051	0.0	0.0	8.96574e-05	0.0	0.000262912	1.98809e-05	0.00123334	0.0	0.000175754	0.0	1.51313e-05	0.0	0.0	2.36463e-05	7.73405e-05	0.0	0.0	0.000236336	0.0	0.0	0.00319726	0.0	0.0	4.9957e-05
PWY-5913: partial TCA cycle (obligate autotrophs)	0.000319104	0.000445234	0.000302018	0.000804738	0.00144379	0.00161361	0.00125715	0.00263626	0.00146853	0.00068533	0.00489214	0.00170223	0.00191205	0.00316837	0.00324155	0.00123876	0.000228158	0.00095291	0.00514634	0.000437825	7.82846e-05	0.000152038	0.000319782	0.00067376	0.00266345	0.00180534	0.00029047	0.00293609	0.00348581	0.00144552	0.000412183	2.91964e-05	0.000356887	0.000857061	0.00199288	0.00442425	0.000608021	0.000554933	0.00513035	0.00254077	0.000512747	0.000317472	0.00261823	0.00487334	0.0050241	0.000681501	0.00137816	4.44366e-05	0.00109012	0.000715167	0.00239515	0.00556556	0.00294505	0.0	0.000438456	0.000373453	0.00188409	0.00127911	0.000400738	0.00220941	0.00127492	0.00521868	0.00365796	0.000798886	0.000436437	0.000394922	0.000374523	0.000212396	0.00283387	3.49026e-05	0.00194396	0.00159877	9.99647e-05	0.000103785	0.00185905	0.0011879	0.000174324	0.0	0.000936853	0.00297691	0.00162396	0.000286073	0.000223537	3.99073e-05	0.000324312	0.00193424	0.000796194	0.00125539	0.000443104	0.00052943	7.47232e-05	0.000102083	0.00325496	0.00212824	0.000470867	0.000851531	0.000844884	5.67586e-05	0.00165601	0.0	0.000749178	0.000888842	0.000333575	0.00140879	2.96887e-05	0.000817049	0.000521193	0.00100429	0.00110222	0.00302131	0.00014265	5.2668e-05	0.000204712	0.0014068	0.000886425	0.00108118	0.0043455	0.00116833	0.000801785	0.00321759	0.000353535	0.00159151	4.33056e-05	0.000469617	0.00143043	0.00175934	0.00221535	0.000201877	0.0002619	0.00385984	0.0	0.00039283	3.29658e-05	3.63759e-05	0.00101655	0.0	0.000672765	0.00266435	0.000295759	2.86626e-05	0.000784538	0.00522252	0.00172926	0.000952392	0.00058812	0.000415911	0.00206864	0.000359587	0.000462706	0.00145859	0.00492883	0.00475272	0.000194059	0.00367668	0.00508064	0.00306003	0.00290544	0.00108082	0.0	0.00055048	0.000816554	0.00158126	0.000389328	0.00146137	0.000311441	0.00183018	0.000313473	0.000606351	0.00104187	0.00063358	0.0024473	0.00229868	0.000697232	0.00072391	0.00276186	0.000428297	0.00141049	0.00140126	0.00124858	0.0005033	0.000462255
PWY-5918: superpathway of heme b biosynthesis from glutamate	0.00021602	0.00152964	8.5872e-05	0.000567894	0.00073209	0.00126349	0.000810058	0.00184045	0.000307585	0.000579311	0.00367362	0.00112458	0.000499109	0.00159812	0.0019796	0.000606758	0.000427514	0.00106038	0.00289619	0.000224106	0.00010082	0.0	0.0	0.000500046	0.00229157	0.000750066	0.000460031	0.0026586	0.00231814	0.00146814	0.000416307	3.84824e-05	0.000124109	0.000790016	0.00138307	0.00292751	0.000690912	0.000144564	0.00328937	0.00274509	0.000387402	0.000394403	0.0012824	0.00274794	0.00342578	0.000575617	0.00123276	8.32386e-05	0.000734658	0.0	0.00115004	0.00367641	0.00196215	0.0	0.000722233	0.000147475	0.00107857	0.000996671	0.000341291	0.00245639	0.00125636	0.00291965	0.00311002	0.00167674	8.52116e-05	0.000216158	0.0	0.0	0.00153547	0.0	0.00103193	0.000916182	0.000100661	7.62614e-05	0.000981039	0.000722826	0.0	0.0	0.000213385	0.00222674	0.00032371	0.000285566	0.0	0.0	0.000271645	0.0	0.000483185	0.000678115	0.0	0.000262918	0.0	4.39641e-05	0.00259132	0.00107241	0.000138931	0.0	1.86378e-05	0.0	0.000323264	0.0	0.000142278	0.000244227	0.00024764	0.000544238	0.0	0.000739078	8.74484e-05	0.000718075	0.00046448	0.00202515	0.0001168	0.0	0.0	0.0	0.000751449	0.000732706	0.00238467	0.000626587	7.99134e-05	0.00140873	6.22607e-05	0.000710195	0.0	0.0	0.00129063	0.0	0.00143507	0.000168914	9.88757e-05	0.00290441	0.0	2.1563e-05	0.0	0.0	0.000260304	0.000160141	0.000579997	0.00180102	0.000198055	0.0	0.000673826	0.00314719	0.00157585	0.000648163	0.000557904	0.000187252	0.00136641	0.0	0.000348677	0.00086861	0.00345873	0.00347116	0.0	0.00264417	0.00333172	0.00173847	0.000685184	0.0008464	0.0	0.000453841	0.000427132	0.00120741	0.000552277	0.00134288	7.05545e-05	0.00169184	0.000330114	0.000574421	0.000722932	0.000172794	0.00166057	0.00165628	0.000260184	0.00022721	0.00249422	0.000255571	0.00112095	0.00165017	0.000232521	0.0	0.000480798
PWY-5920: superpathway of heme b biosynthesis from glycine	5.20788e-05	0.000126729	4.60326e-05	0.000368817	0.000334861	0.000621844	0.000468087	6.38501e-05	9.24374e-05	0.00028643	0.00250109	0.000568293	0.000349428	0.00119328	0.00163679	0.000311267	0.0	0.000813696	0.00249553	0.0	0.0	0.0	0.0	0.000343639	0.00195847	0.000563452	0.000186131	0.00205107	0.00185173	0.000553581	0.000185264	1.89945e-05	6.72118e-05	0.000535671	0.000968517	0.00213372	0.000356003	0.0	5.43992e-06	0.000666661	0.000197592	0.000184109	0.00085159	0.00201621	0.00246491	0.000283975	0.000765512	0.0	0.000515646	0.0	0.00088891	0.00101221	0.00108921	0.0	0.000433887	6.97156e-05	0.000613484	0.000557561	0.000155241	0.00191933	0.000605106	0.00120983	0.000290219	0.000760071	0.0	0.000145577	0.0	0.0	0.00111726	0.0	0.000358324	0.000636392	0.0	0.0	0.000594028	0.000502068	0.0	0.0	8.97755e-05	0.000771352	4.79881e-05	0.000162047	0.0	0.0	0.000179084	0.0	0.0	0.000396335	0.0	5.29658e-05	0.0	0.0	0.00198511	0.000464394	3.49792e-05	0.0	0.0	0.0	0.000153841	0.0	0.0	4.35905e-05	0.00013913	0.000322971	0.0	0.000362464	5.14121e-05	0.000549896	0.000208871	0.00138934	0.0	0.0	0.0	0.0	0.000477625	0.000458551	0.00194396	0.000248787	0.0	0.000985689	0.0	0.00039003	0.0	0.0	0.000474822	0.0	0.00110804	9.55337e-05	0.0	0.00125982	0.0	0.0	0.0	0.0	0.000113694	0.0	0.000247058	0.00104808	9.55414e-05	0.0	0.000480388	0.000755472	0.000670977	0.000464065	0.000319345	9.64482e-05	0.000958753	0.0	0.000162656	0.000527198	0.00298076	0.001099	0.0	0.00171438	0.00312342	0.00125071	0.000538774	0.000610142	0.0	0.000282098	0.000142058	0.000888338	0.000329265	0.000404729	0.0	0.00151504	0.000176708	0.000230119	0.000423747	0.000105201	0.0010696	0.00118722	0.000118072	0.00011928	0.00175709	0.0	0.000762822	0.00108423	6.11054e-05	0.0	0.000248613
PWY-5941: glycogen degradation II	0.00745613	0.00782735	0.00494235	0.00898168	0.00982693	0.00755543	0.00900651	0.00164837	0.00707494	0.00788188	0.0073204	0.0067913	0.0102974	0.00330211	0.0070426	0.00775974	0.00870191	0.00913198	0.00651094	0.0066062	0.00777379	0.00714817	0.00420566	0.00611502	0.00636153	0.00985631	0.00663126	0.00377707	0.0062099	0.00339055	0.00468797	0.00675733	0.00753505	0.00546943	0.00689816	0.00561523	0.00579175	0.00785155	0.00614057	0.00417968	0.00840944	0.00333659	0.00532017	0.00618491	0.00518676	0.00579941	0.0110248	0.00672076	0.00605955	0.00722124	0.00495198	0.00350807	0.00481238	0.00706529	0.00621998	0.00460742	0.00449564	0.00586412	0.00785495	0.0047721	0.00379047	0.00742272	0.0072317	0.00688394	0.00990915	0.00589119	0.00663904	0.00627301	0.00491329	0.00412404	0.00463689	0.00938527	0.0106892	0.00953369	0.00628216	0.00806943	0.00887974	0.00865187	0.00563398	0.00780697	0.00756055	0.00600462	0.0132849	0.00652484	0.00867152	0.00961662	0.00501215	0.00766829	0.010082	0.00826754	0.00598015	0.00413239	0.00576804	0.0060821	0.00720572	0.00491449	0.010781	0.00837971	0.00896424	0.00725328	0.00731869	0.00881569	0.00729473	0.0063342	0.00903141	0.00395524	0.0118581	0.00802969	0.0103454	0.00537049	0.0070269	0.00853387	0.00769381	0.0102599	0.00703257	0.00750002	0.00738438	0.00644635	0.0116299	0.0106624	0.0119698	0.00803412	0.00700915	0.00808176	0.00537135	0.0113397	0.00650652	0.00657842	0.00434521	0.00488052	0.00752839	0.00891015	0.00416227	0.00660072	0.00930492	0.0032494	0.00775407	0.00685099	0.00789771	0.00601208	0.00514065	0.00641216	0.0069102	0.00677997	0.00722108	0.00535781	0.00463478	0.00691081	0.00605593	0.0109365	0.00657403	0.00628719	0.00813969	0.0067585	0.00550036	0.0060323	0.010895	0.00684578	0.00909274	0.00523135	0.00693095	0.00520828	0.00963249	0.00385997	0.00855524	0.00505242	0.00876606	0.00689243	0.00780974	0.00777155	0.00565352	0.00378482	0.00801803	0.00607156	0.00405	0.00758184	0.00531256	0.00148179	0.0114977	0.00988782	0.00540823
PWY-5971: palmitate biosynthesis (type II fatty acid synthase)	0.00151998	0.00137558	0.00222356	0.00326512	0.000713355	0.00305735	0.00216801	0.0114528	0.0	0.00244815	0.00408906	0.00434121	0.00659331	0.00829305	0.00426707	0.0029327	0.0	0.00362208	0.00522539	0.0	0.0	0.00186918	0.0	0.00299015	0.00511355	0.00433675	0.0014713	0.00648349	0.00496492	0.00671545	0.00293797	0.0038742	0.00209056	0.0050235	0.00457573	0.0048886	0.0038847	0.0	0.00154081	0.00516341	0.00138296	0.00361644	0.00505374	0.0059771	0.00517932	0.00417868	0.00415214	0.00178464	0.00512463	0.0	0.00606514	0.00704184	0.00564122	0.0	0.00418021	0.0	0.00419004	0.00661494	0.000722467	0.00445555	0.00223561	0.0038245	0.000844844	0.00291954	0.0	0.00259624	0.0	0.0	0.0053522	0.0	0.00611001	0.00363263	0.0	0.0	0.00386698	0.00333366	0.00167938	0.0	0.00137085	0.00435039	0.000349917	0.0	0.0	0.0	0.00235872	0.0	0.0	0.00310048	0.0	0.0	0.0	0.0	0.00433193	0.00483317	0.0	0.0	0.00167968	0.0	0.00151342	0.0	0.00147985	0.0021729	0.00167964	0.0030182	0.0	0.00227068	0.000426516	0.00300861	0.00268734	0.00559395	0.0	0.00177607	0.0	0.00187778	0.00204037	0.00267883	0.00445325	0.00265136	0.00128466	0.00349376	0.0	0.00319519	0.00339066	0.0	0.0039515	0.0016607	0.00576121	0.0015258	0.0	0.00535935	0.0	0.0	0.0	0.0	0.00167497	0.0	0.00237952	0.00519556	0.0	0.0	0.0044634	0.00462827	0.0028253	0.00353634	0.00173707	0.0011192	0.00573959	0.00159205	0.00226882	0.000862475	0.00459659	0.00483101	0.0	0.00478401	0.00497831	0.00492315	0.00644279	0.00456923	0.0	0.00334299	0.0032693	0.0048715	0.00142266	0.00589818	0.000819848	0.00554281	0.00223153	0.00345351	0.00344444	0.00362495	0.00412503	0.00536985	0.0021151	0.00317904	0.00547528	0.00170417	0.00349513	0.00835925	0.00113127	0.00136398	0.0022896
PWY-5972: stearate biosynthesis I (animals)	0.0	1.61598e-05	3.43475e-05	0.0	0.0	1.0037e-05	0.0	0.0	0.0	8.84808e-05	0.0	8.83062e-05	0.000161661	0.000150821	0.0	0.000123574	0.0	0.00027259	0.000292848	0.0	0.0	0.0	0.0	3.50581e-05	0.000128587	0.0	4.99527e-05	0.000844625	6.83789e-06	0.000300545	7.55422e-05	0.0	0.0	0.0	0.000225082	0.0	8.05016e-05	0.0	4.56675e-06	0.0	7.82432e-05	9.18943e-05	0.000140737	0.00020362	0.0	0.0	0.0	0.0	0.000106647	0.0	0.000359839	0.000537516	0.00056152	0.0	0.0	0.0	0.0	9.58283e-05	1.06061e-05	0.000350734	0.0	0.0	0.0	0.000382283	0.0	7.86129e-05	0.0	0.0	0.000428751	0.0	4.31554e-05	0.000197678	0.0	0.0	0.0	0.000162286	0.0	0.0	4.39386e-05	5.90174e-05	6.16315e-06	0.0	0.0	0.0	4.23306e-05	0.0	0.0	0.0	0.0	0.0	0.0	0.0	0.000153151	0.000335767	0.0	0.0	0.0	0.0	3.53441e-05	0.0	7.03538e-05	0.0	9.5872e-05	0.000165724	0.0	6.52499e-05	4.94661e-06	4.6817e-05	0.000106114	0.00122488	0.0	0.0	0.0	0.0	0.0	3.05427e-05	0.0	4.10738e-05	4.53463e-05	0.000362544	6.15807e-05	0.000216445	0.0	0.0	0.000129406	0.0	0.000156146	2.05008e-05	0.0	7.48042e-05	0.0	0.0	0.0	0.0	0.0	0.0	0.000135633	2.75442e-05	0.0	0.0	3.64415e-05	0.0	0.0	0.000198948	6.63045e-05	4.5613e-05	0.000272754	0.0	5.76737e-05	0.000103816	0.0	0.0	0.0	6.17088e-05	0.0	0.000611336	0.000253717	0.000177046	0.0	9.9138e-05	7.15001e-05	0.000107655	6.52853e-06	0.000142308	1.53189e-05	0.000129982	1.43026e-05	9.82305e-06	0.000166732	2.75567e-05	0.0	8.32998e-05	0.0	0.0	0.0	0.0	0.000189561	0.000266671	2.00056e-05	0.0	0.0001059
PWY-5973: cis-vaccenate biosynthesis	0.00817043	0.00807206	0.0097793	0.00745871	0.000888922	0.00535689	0.00586596	0.00988697	0.00459881	0.00725493	0.00360279	0.00569842	0.00719616	0.00909444	0.0040036	0.0051807	0.0106103	0.00464404	0.00449021	0.00755289	0.0116583	0.00931162	0.0134733	0.00685954	0.00484416	0.00606199	0.00520014	0.00595298	0.00452721	0.00887454	0.00828733	0.0095918	0.00820795	0.00968134	0.00490112	0.00429426	0.00759699	0.00774289	0.00496501	0.00680192	0.00653547	0.0104849	0.00729839	0.00510188	0.00521564	0.00843941	0.00448921	0.00755681	0.00685628	0.00949583	0.00675753	0.00706745	0.00598852	0.00814434	0.00935271	0.0111175	0.00705775	0.00848251	0.00777167	0.00505743	0.00657188	0.00375616	0.000628255	0.0059564	0.00686392	0.00971137	0.00818609	0.0128117	0.00818773	0.0138212	0.00785026	0.00541484	0.00718583	0.0162753	0.00573125	0.00542473	0.00849589	0.00889814	0.00948308	0.00400048	0.00706868	0.00977139	0.00702609	0.00752982	0.00813348	0.00496126	0.00844454	0.00722234	0.00439205	0.00596424	0.00403945	0.0101322	0.00377216	0.00589856	0.00738222	0.00896544	0.00757352	0.00941291	0.00633229	0.00905059	0.00627047	0.00709939	0.00564535	0.00794969	0.00701576	0.00735966	0.00434639	0.00504769	0.00467622	0.00516518	0.00610675	0.0062965	0.00603242	0.00681486	0.00404941	0.00624729	0.00405166	0.00697416	0.00500763	0.00342503	0.0069315	0.00534462	0.0100016	0.0104088	0.0066957	0.00897217	0.00601511	0.00960721	0.0103118	0.00529834	0.0103662	0.00797485	0.00959997	0.0144571	0.00729121	0.00324342	0.00644925	0.00463342	0.00624686	0.00492326	0.00726073	0.00495618	0.00550003	0.0076353	0.00460548	0.00797584	0.00630373	0.00889211	0.00850408	0.000881245	0.00369392	0.0044087	0.00700742	0.00421299	0.00423601	0.00491416	0.00471724	0.00828808	0.0086075	0.00861132	0.0077279	0.00668687	0.00641137	0.00821696	0.00838121	0.00666231	0.00751589	0.00764106	0.00720186	0.0102545	0.00592388	0.00671515	0.00622194	0.00925067	0.0049162	0.00894722	0.00721056	0.010557	0.00444206	0.00696758	0.00890304
PWY-5981: CDP-diacylglycerol biosynthesis III	0.00520984	8.15687e-05	2.80077e-05	8.5216e-05	0.000945858	0.00177332	0.00096962	0.00279216	0.00132356	0.000105327	0.000930668	0.000756502	0.00294658	0.00331163	0.000523729	0.000464354	0.000675757	0.000205664	0.00169965	0.000784893	0.0	0.00210325	0.00091026	7.80026e-05	0.000769644	7.13507e-05	6.96522e-05	0.00282064	0.000372267	0.00238079	0.000213738	0.00165126	0.00167074	0.000136751	0.000562537	0.00200927	0.00355823	0.00113224	0.00383863	0.00298244	0.000649131	6.90894e-05	0.000689729	0.00113973	0.00365358	7.27509e-05	0.000478088	0.0	0.000200779	0.0	0.00283127	0.00310889	0.00112323	0.00172939	0.000473272	0.0	0.00149035	0.00387759	1.85985e-05	0.00147868	0.000994734	0.00122592	0.00195178	0.000409355	0.000169717	0.0	3.52276e-05	0.0	0.00127635	0.000181444	0.000499417	0.000804212	0.0	0.0	0.000462777	0.000150037	0.0	0.000777837	0.00321182	0.000891498	1.58231e-05	2.34017e-05	0.0	0.0	0.000257634	0.000757203	0.00334518	0.000201693	9.65333e-05	0.000805053	0.000526107	0.0	0.00231518	0.000397683	0.00135454	0.0	0.0	0.000107938	4.3872e-05	0.0	5.13068e-05	9.44321e-05	4.80348e-05	0.00183322	8.6299e-05	0.000256383	8.10923e-05	0.000432376	0.000535873	0.00297323	0.0	0.00068947	0.00119879	0.0	0.000859803	0.00129091	0.000778547	0.00174884	8.99084e-05	0.000367623	5.2428e-05	0.000109739	0.0	0.0	0.00347358	7.18039e-05	0.000499636	0.000318032	0.0	0.00081446	0.0	0.000542482	0.0	0.000226601	0.000151175	0.000179994	0.000147787	0.000878193	0.0	0.0	0.000304884	0.00303023	0.00179774	0.00050759	0.000658312	0.00011067	0.000411694	7.6774e-05	8.52917e-05	0.00039949	0.00112342	0.00289371	0.0	0.00104629	0.00169928	0.00178206	0.000900578	0.00130965	0.0	0.000289938	0.000479486	0.000256737	0.000260298	0.00219594	0.000573802	0.00129691	0.000316771	0.000172118	0.000495005	1.95794e-05	0.00150821	0.00102736	0.000751344	0.00011975	0.000606698	5.27563e-05	0.00137868	0.00429267	3.97804e-05	0.000151062	0.00322972
PWY-5989: stearate biosynthesis II (bacteria and plants)	0.00122124	0.00855707	0.00205111	0.00246249	0.000452013	0.00344282	0.00175813	0.00948033	0.00169589	0.0018073	0.00372739	0.00422535	0.00513946	0.00459538	0.00415301	0.0025444	0.0015546	0.00338806	0.00455277	0.0010181	0.00252249	0.00133033	0.00991179	0.00252313	0.00482689	0.00437189	0.00138445	0.00446897	0.00442544	0.00730512	0.002544	0.00306736	0.00209016	0.00428737	0.00454513	0.00423403	0.00420034	0.000692033	0.00431491	0.0036402	0.00112191	0.00467547	0.00670405	0.00542835	0.00553422	0.00448862	0.00372825	0.00193256	0.0056028	0.00260315	0.00458782	0.00775977	0.00563697	0.00514282	0.004894	0.00295402	0.00385712	0.0044721	0.00151931	0.0047979	0.00257513	0.00439534	0.000729407	0.00232038	0.000823459	0.00263388	0.000863332	0.00164749	0.0046661	0.00421284	0.00657506	0.00363129	0.00190718	0.00288591	0.00403608	0.00326769	0.00116819	0.00219967	0.00123353	0.00391877	0.000513703	0.00109566	6.09419e-05	0.000965145	0.00194122	0.00172943	0.00190241	0.00262522	0.000815206	0.00268603	0.000443877	0.00409687	0.00370352	0.00507568	0.000805133	0.00173864	0.00124274	0.00352366	0.00169579	0.0016543	0.00106743	0.00185153	0.00148736	0.0027517	0.00144768	0.00252294	0.00206326	0.0025543	0.00301947	0.00389784	0.000109268	0.00316855	0.00176033	0.00142957	0.00308053	0.00308816	0.00385266	0.00223834	0.00106471	0.00329166	0.000556212	0.00292634	0.00260579	0.000897696	0.00312062	0.00191187	0.00579413	0.0040036	0.00490622	0.00526896	0.00213506	0.0026346	0.00168615	0.00475744	0.00198844	0.0	0.00187531	0.00501511	0.00171929	0.000288708	0.00396152	0.00430682	0.00373407	0.00276867	0.00139212	0.000870615	0.0055862	0.00200488	0.00263122	0.000829987	0.00387744	0.00427607	0.00245215	0.004353	0.00399316	0.0029646	0.00162063	0.00384088	0.000722259	0.00362804	0.002732	0.00429939	0.000981449	0.00315717	0.000541064	0.00511925	0.00220915	0.0028932	0.00299449	0.00313788	0.00408627	0.0049556	0.00183094	0.0032664	0.00514335	0.00119482	0.00320191	0.00636547	0.00191603	0.00108154	0.00217297
PWY-5994: palmitate biosynthesis (type I fatty acid synthase)	0.0	0.0	3.91477e-05	0.0	0.0	0.0	0.0	0.0	0.0	0.000116207	0.0	0.0	8.27319e-05	9.27645e-06	0.0	0.0	0.0	0.0	0.0	0.0	0.0	0.0	0.0	0.0	0.0	0.0	0.0	1.00347e-05	3.85955e-05	0.0	0.0	0.0	0.0	0.0	0.0	0.0	0.0	0.0	0.0	0.0	0.0	0.0	0.0	9.27606e-05	0.000162077	0.0	8.55812e-05	0.0	0.0	0.0	0.000378858	0.0	0.0	0.0	0.0	0.0	0.0	0.000127415	0.0	0.0	0.0	2.4144e-05	0.0	0.0	0.0	0.0	0.0	0.0	0.0	0.0	0.0	0.000184126	0.0	0.0	0.0	0.0	0.0	0.0	0.000430989	2.8976e-05	0.000123624	0.0	0.0	0.0	0.0	0.0	0.0	0.0	0.0	0.0	0.0	0.0	7.47728e-05	0.000232577	0.0	0.0	0.000173565	0.0	0.0	0.0	0.0	6.65097e-05	0.0	0.00021265	0.0	0.0	0.000145682	0.0	5.9706e-05	0.0	0.0	0.0	0.0	0.000288473	0.0	3.07027e-05	0.0	0.000133975	2.46198e-05	0.000367557	0.0	0.0	0.0	0.0	0.0	0.000149864	5.05507e-05	0.0	0.0	0.0	0.0	0.0	0.0	0.0	9.22794e-05	0.0	0.0	0.0	0.0	0.0	0.0	0.0	0.0	7.2916e-05	0.0	0.000119601	0.0	0.0	6.70813e-05	0.0	0.0	0.0	0.0	1.88703e-05	5.99249e-06	0.0	0.0013067	0.0	0.0	0.0	0.0	0.000181103	0.0	0.0	0.0	0.000200681	5.86502e-05	0.000115577	0.0	9.15263e-05	0.0	0.0	0.000228987	3.3184e-05	8.76466e-05	0.0	3.81727e-05	1.04198e-05	0.000135572	0.000198473	0.000244946
PWY-6071: superpathway of phenylethylamine degradation	0.0	4.49632e-06	0.0	5.17295e-05	1.03283e-05	0.0	1.33883e-05	0.0	0.0	1.40501e-05	0.0	1.01991e-05	0.0	5.24649e-06	0.000135351	0.0	0.0	0.0	3.41185e-05	0.0	0.0	0.0	0.0	0.0	0.0	0.000116711	0.0	0.000464372	0.000330879	0.0	0.0	0.0	0.0	0.00010992	2.21101e-05	0.0	0.0	0.0	1.94596e-06	0.0	0.0	0.0	6.93679e-05	0.000365338	0.0	0.0	0.0	0.0	0.0	0.0	6.65409e-05	4.45647e-05	8.70038e-05	0.0	0.0	0.0	0.0	0.0	1.41765e-05	3.43875e-05	0.0	0.0	0.0	0.0	0.0	0.0	0.0	0.0	3.89039e-05	0.0	0.0	4.70595e-05	0.0	0.0	0.0	2.77176e-05	0.0	0.0	0.0	0.0	4.2698e-06	0.0	0.0	0.0	1.05323e-05	0.0	0.0	0.000110941	0.0	0.0	0.0	0.0	0.000290427	0.0	0.0	0.0	0.0	0.0	0.0	0.0	0.0	1.84614e-05	0.0	6.37348e-06	0.0	0.0	0.0	6.95491e-05	0.0	0.0	0.0	0.0	0.0	0.0	0.0	0.0	0.000337497	2.70385e-06	0.0	0.000167845	0.0	4.81578e-05	0.0	0.0	0.0	0.0	0.0	0.0	0.0	5.85495e-06	0.0	0.0	0.0	0.0	0.0	0.0	0.0	0.0	0.0	0.0	0.0	2.04897e-05	0.0	5.93862e-05	0.0	0.0	4.42492e-05	0.0	1.24796e-05	0.0	0.000674511	0.0	0.0	0.000274758	4.44097e-05	0.000222669	6.86806e-05	0.0	0.0	0.0	0.0	0.000100379	0.0	0.0	0.0	0.0	0.0	0.0	0.0	0.0	0.0	0.0	1.0958e-05	0.0	4.86043e-05	0.0	0.0	1.8375e-06	0.0	0.0	2.55447e-06
PWY-6113: superpathway of mycolate biosynthesis	0.0	0.0	0.0	0.0	0.0	0.0	0.0	0.0	0.0	0.0	0.0	0.0	0.0	0.0	0.0	0.0	0.0	0.0	0.0	0.0	0.0	0.0	0.0	0.0	0.0	0.0	0.0	0.0	0.0	0.0	0.0	0.0	0.0	0.0	0.0	0.0	0.0	0.0	0.0	0.0	0.0	0.0	0.0	0.0	0.0	0.0	0.0	0.0	0.0	0.0	0.000716541	0.0	0.0	0.0	0.0	0.0	0.0	0.000205801	0.0	0.0	0.0	0.0	0.0	0.0	0.0	0.0	0.0	0.0	0.0	0.0	0.0	0.0	0.0	0.0	0.0	0.0	0.0	0.0	0.0	0.0	0.0	0.0	0.0	0.0	0.0	0.0	0.0	0.0	0.0	0.0	0.0	0.0	0.000123501	0.0	0.0	0.0	0.0	0.0	0.0	0.0	0.0	0.0	0.0	0.0	0.0	0.0	0.0	0.0	0.0	0.0	0.0	0.0	0.0	0.0	0.0	0.0	0.0	0.000332653	0.0	0.0	0.0	0.0	0.0	0.0	0.0	0.0	0.000168645	0.0	0.0	0.0	0.0	0.0	0.0	0.0	0.0	0.0	0.0	0.0	0.0	0.0	0.0	0.0	0.0	0.000188812	0.0	0.0	0.0	0.0	0.000193074	0.0	0.0	0.0	0.0	0.0	0.0	0.0	0.0	0.0	0.0	0.0	0.0	0.0	0.0	0.0	0.0	0.0	0.00016654	0.000293913	0.0	0.0	0.0	0.0	0.0	0.0	0.0	0.0	0.000137626	0.0	0.000137452	0.0	0.000484299
PWY-6121: 5-aminoimidazole ribonucleotide biosynthesis I	0.0107065	0.00837857	0.0107159	0.00849458	0.0109367	0.0071155	0.00848336	0.00698048	0.0161899	0.00930101	0.00601642	0.00707159	0.00842903	0.00513241	0.00483586	0.00795988	0.0131953	0.00806606	0.00451831	0.01064	0.01009	0.0102533	0.0117531	0.00842192	0.00483533	0.00675568	0.0107099	0.00498798	0.00579839	0.00860084	0.0120156	0.0101644	0.00915181	0.0089722	0.00655147	0.00445929	0.00801739	0.0097022	0.00368154	0.00719345	0.0113582	0.0103251	0.00637281	0.00463621	0.00444876	0.00897225	0.00595109	0.0103636	0.00881725	0.0119991	0.00562352	0.00481187	0.00595169	0.00857338	0.010988	0.0116596	0.00581155	0.00738712	0.00899121	0.0076146	0.00860864	0.00520726	0.00970592	0.00776975	0.00982462	0.010522	0.0112071	0.0118229	0.00539449	0.011126	0.00812312	0.00772731	0.0112475	0.0100884	0.00563614	0.00862107	0.0094385	0.00982957	0.0106061	0.00598676	0.00931218	0.0098521	0.00965862	0.00880645	0.0103576	0.00987993	0.00975888	0.00624852	0.0094966	0.0116682	0.00554927	0.00971444	0.00487655	0.0074331	0.0102841	0.0111146	0.010308	0.0101913	0.0104767	0.0109692	0.0136589	0.0105498	0.00680614	0.00774001	0.0108276	0.00917726	0.00976585	0.00995399	0.00877638	0.00537876	0.00757562	0.0104944	0.0108948	0.01052	0.00833943	0.00837196	0.00541305	0.00869365	0.00864009	0.00678265	0.0110344	0.00754097	0.0105311	0.00948172	0.00882775	0.00967538	0.00676474	0.0118748	0.0107353	0.00585972	0.0101415	0.0106866	0.00763385	0.0114295	0.0118003	0.00443768	0.00840294	0.00468211	0.00937625	0.00766659	0.00926968	0.00408865	0.00674344	0.0080141	0.0133315	0.00926493	0.00709089	0.0116728	0.0088523	0.011994	0.00460129	0.00343859	0.0102612	0.00489147	0.00371453	0.006747	0.00891345	0.0076095	0.0101806	0.00937473	0.00982679	0.00761922	0.00973228	0.00827333	0.0101843	0.00603077	0.0100635	0.00908999	0.00876727	0.00956128	0.006777	0.00588177	0.00907611	0.0095465	0.004746	0.00932934	0.00863902	0.00623551	0.00925562	0.0085091	0.00928937
PWY-6122: 5-aminoimidazole ribonucleotide biosynthesis II	0.0107399	0.00855251	0.0106474	0.00968342	0.0118712	0.00713863	0.00845355	0.00729432	0.0164368	0.00975327	0.00653494	0.00728394	0.00981906	0.00552438	0.00568442	0.00849871	0.0127751	0.00808496	0.00478934	0.011059	0.0129725	0.0113901	0.0120828	0.0124754	0.00523721	0.00728854	0.0105497	0.00596969	0.00598792	0.00903543	0.0120769	0.00997	0.01011	0.00886577	0.00759023	0.00506895	0.00787069	0.00971383	0.00386277	0.00712707	0.0123131	0.0112838	0.0069655	0.00476553	0.00455692	0.00883879	0.00626555	0.0102959	0.00963615	0.0119205	0.00617229	0.00507005	0.00614207	0.0081974	0.0111762	0.0112586	0.00947253	0.00774175	0.00893368	0.00714803	0.00853557	0.0065114	0.010806	0.00838112	0.0121682	0.0122265	0.0111101	0.0118989	0.00579716	0.0122772	0.00821676	0.00843379	0.0118594	0.0140508	0.0124343	0.0104593	0.00945928	0.0098896	0.011484	0.00658904	0.0103076	0.00994684	0.013763	0.00972556	0.0106967	0.0102692	0.00961824	0.0133182	0.0100982	0.0120526	0.0176875	0.0123745	0.00530294	0.00826837	0.0103804	0.0117576	0.00987425	0.0102723	0.0109238	0.0108133	0.0134112	0.0102604	0.0124369	0.00792021	0.0111121	0.00938063	0.00954339	0.0101545	0.00920199	0.00554725	0.0154307	0.010563	0.0106775	0.010265	0.00873358	0.00813704	0.005905	0.00863028	0.0126705	0.00702668	0.0122818	0.0076905	0.0111614	0.0120798	0.00876078	0.0102398	0.00736283	0.012172	0.0112515	0.00618809	0.0123225	0.0104782	0.00782521	0.0131412	0.0131606	0.0240173	0.0088927	0.00564483	0.00919497	0.014356	0.00947239	0.0045171	0.00687985	0.00815316	0.0140645	0.00977709	0.00820702	0.0119741	0.00946577	0.0127202	0.00508804	0.00432111	0.010243	0.0050033	0.00418884	0.00692634	0.00913085	0.00757774	0.00992869	0.00949303	0.0096694	0.00758499	0.0104858	0.00923331	0.01168	0.00598824	0.009997	0.00982068	0.0087695	0.00952365	0.00664301	0.0074016	0.00896381	0.0109058	0.0048393	0.0110092	0.0091045	0.00653987	0.00954594	0.00827359	0.00918708
PWY-6123: inosine-5'-phosphate biosynthesis I	0.0106193	0.00623157	0.0101669	0.0069192	0.0104764	0.00661472	0.00699774	0.00653418	0.00880151	0.00658379	0.0043768	0.00605072	0.00602768	0.00410273	0.00464546	0.00749457	0.0133668	0.00691951	0.00326146	0.00962875	0.0103938	0.00979772	0.0132733	0.00565775	0.00422957	0.00507614	0.0100521	0.00381733	0.00372598	0.00903603	0.0120824	0.0096981499999999	0.00801928	0.00872401	0.00574674	0.00378969	0.00776934	0.00789533	0.00323651	0.00934424	0.0100318	0.00923852	0.00572783	0.00321378	0.0045221	0.00901362	0.00487993	0.00957326	0.00753924	0.0129241	0.00460027	0.00463866	0.0042366	0.00828419	0.00962909	0.0122657	0.00350153	0.00571594	0.00886472	0.00825887	0.00829095	0.00339555	0.00796108	0.00463832	0.00793845	0.0109874	0.0100464	0.0130839	0.00535223	0.0106708	0.00712796	0.00681236	0.0103938	0.016653	0.00347247	0.00425008	0.00850143	0.00867468	0.0108599	0.0048821	0.00847564	0.00943195	0.00758183	0.00723461	0.0100197	0.00808412	0.0111218	0.00422021	0.00936343	0.00971431	0.00449345	0.00985951	0.00426715	0.00691679	0.00774264	0.0118474	0.00861926	0.0090954	0.00823957	0.0111897	0.0116159	0.00975644	0.00535623	0.00700161	0.0089528	0.00789376	0.00938448	0.00836684	0.00762892	0.00394193	0.00584539	0.00752112	0.00996618	0.008903	0.00835343	0.00698532	0.00373687	0.0079089	0.005407	0.0058497	0.00889796	0.00706477	0.009746	0.0112078	0.00856991	0.0108894	0.00509572	0.0123547	0.0113873	0.00461926	0.00912106	0.00897549	0.00747144	0.0135972	0.00739812	0.00272302	0.00584244	0.00430249	0.0100115	0.00599444	0.00885621	0.00311206	0.006535	0.00743164	0.00997356	0.00955134	0.00584585	0.00942008	0.00937427	0.00847405	0.00292329	0.00308562	0.00989189	0.00334096	0.0035119	0.00466602	0.00449074	0.00712548	0.0097031	0.00851781	0.00923863	0.00654941	0.00685064	0.00691403	0.00711754	0.00684957	0.00740271	0.00829241	0.00787419	0.0093717	0.00563416	0.00451866	0.00800227	0.00850608	0.0044195	0.00739407	0.00764258	0.0060395	0.00735537	0.00836542	0.00950355
PWY-6124: inosine-5'-phosphate biosynthesis II	0.0102858	0.00589647	0.00993114	0.00660074	0.0104072	0.00632203	0.00656958	0.00650674	0.00814836	0.00604678	0.00344018	0.00578773	0.00582407	0.00360883	0.0055341	0.00994336	0.0130681	0.0065391	0.00271201	0.00908241	0.0100113	0.009577	0.0129893	0.00509076	0.00416541	0.0049841	0.00958619	0.00340526	0.00358486	0.00879833	0.011585	0.00939567	0.00745981	0.00856465	0.00551771	0.00390134	0.00746639	0.0074095	0.0030783	0.0092332	0.00953799	0.00886431	0.0054857	0.00324682	0.00451256	0.00880694	0.00476956	0.00908584	0.00736961	0.0128028	0.00459328	0.0045191	0.00404688	0.0078155	0.00922262	0.0119203	0.00308666	0.0056803	0.00860263	0.0081713	0.0081707	0.00339269	0.007958	0.00434002	0.00750787	0.0108177	0.00968891	0.0133521	0.00537009	0.0103812	0.00681606	0.00665087	0.0101071	0.0171441	0.00303633	0.0038433	0.00827834	0.00838877	0.0104955	0.00487912	0.0081365	0.0089636	0.00691307	0.00682857	0.00973835	0.00738982	0.0105955	0.00373908	0.00901642	0.00941218	0.00393171	0.00988866	0.00418866	0.00678248	0.00717051	0.0114784	0.00811859	0.00857794	0.00758181	0.0108508	0.0110046	0.00959344	0.00485907	0.00663672	0.00839699	0.00763189	0.0091134	0.00824737	0.00742137	0.00383763	0.00527455	0.007138	0.00954519	0.00840063	0.00806213	0.00662393	0.00324924	0.0076264	0.00483224	0.00577222	0.00810997	0.00688023	0.0092924	0.0110181	0.00828663	0.0107561	0.00486528	0.0123194	0.0111165	0.00440432	0.00866762	0.00864561	0.00733341	0.0136005	0.00671927	0.00230489	0.00551482	0.00423809	0.00956099	0.00528745	0.00847311	0.00313897	0.00617817	0.0073331	0.00969602	0.00918953	0.00556156	0.00878354	0.00916531	0.00786521	0.00226504	0.00311426	0.0096827	0.00313648	0.00328926	0.0047625	0.00502724	0.00680188	0.00957484	0.00835028	0.00892959	0.00637936	0.00633354	0.00648285	0.00654993	0.00654351	0.00695505	0.00789913	0.00748389	0.00916738	0.00537641	0.00417332	0.00763726	0.00809486	0.00439206	0.00678493	0.00743627	0.00558246	0.00702302	0.00806743	0.00925171
PWY-6125: superpathway of guanosine nucleotides de novo biosynthesis II	0.00490662	0.00292024	0.0081547	0.004822	0.00903131	0.00379417	0.00652741	0.00939452	0.00319382	0.00568612	0.00440762	0.0049512	0.00693014	0.00512471	0.00450764	0.0043385	0.0071414	0.00349186	0.00295128	0.00551278	0.00678632	0.0065363	0.00224845	0.00644816	0.00379692	0.00514349	0.00322401	0.00492258	0.00382226	0.00286761	0.00439437	0.00481857	0.00887089	0.0082789	0.00489206	0.00365521	0.00786346	0.00584581	0.00473	0.00306695	0.00419589	0.00656616	0.00494929	0.00391327	0.00534791	0.00871237	0.00497587	0.00473469	0.00457393	0.00225869	0.00474019	0.00494327	0.00536258	0.00683954	0.00525752	0.00465064	0.00553917	0.00496709	0.00678252	0.00349256	0.00840452	0.00287121	0.0077482	0.00242261	0.00433708	0.00633016	0.00198821	0.0101712	0.00585373	0.0108108	0.00594046	0.00396518	0.00293594	0.00640047	0.00231773	0.00322713	0.00609407	0.00564576	0.00776201	0.00297029	0.00389835	0.00880126	0.0016948	0.00591785	0.00344036	0.0071338	0.00619626	0.00487251	0.00334064	0.00225569	0.00278863	0.00593547	0.00358462	0.00510518	0.00518934	0.00756426	0.00448178	0.00725475	0.00580385	0.00356025	0.00078849	0.00370006	0.00232056	0.00514684	0.00563688	0.00680857	0.00514964	0.00133195	0.00428322	0.0026066	0.00405249	0.00649073	0.0038969	0.00437083	0.0025825	0.00400196	0.00319362	0.00554769	0.00644207	0.00289887	0.00370992	0.003533	0.00662088	0.00466567	0.0024912	0.00539971	0.00555923	0.00190786	0.00582705	0.00551177	0.00703549	0.00712928	0.009296	0.00798435	0.00919438	0.00168538	0.0050757	0.00485214	0.00551454	0.00495108	0.00556721	0.00429843	0.0040598	0.00476086	0.00474389	0.0033478	0.00583626	0.00615983	0.00650752	0.0098094399999999	0.00346668	0.00367545	0.00493858	0.00245172	0.0039823	0.00364323	0.00522632	0.00541021	0.0067527	0.00616827	0.00783967	0.00526374	0.00686545	0.00829291	0.00447252	0.00562338	0.00531991	0.00723949	0.00420868	0.00863352	0.00496524	0.00445519	0.00528866	0.0096894	0.00499797	0.00629485	0.00516207	0.00634227	0.00452022	0.00700533	0.00599211
PWY-6126: superpathway of adenosine nucleotides de novo biosynthesis II	0.00638541	0.00384158	0.00949772	0.00615971	0.0105844	0.00502715	0.00856975	0.00776404	0.00457852	0.00734953	0.00502707	0.00616059	0.00684609	0.00534531	0.00562903	0.00576949	0.00925195	0.00484852	0.0034358	0.00723286	0.00834914	0.00829354	0.00314767	0.00816276	0.00458714	0.00670606	0.00451101	0.00486253	0.00448678	0.00390077	0.00585157	0.00616582	0.0110412	0.00984445	0.00627947	0.00411741	0.00939339	0.00757499	0.00514465	0.00417383	0.00565243	0.00801485	0.00583772	0.00415159	0.00536203	0.00912851	0.00604097	0.0063401	0.00583522	0.00323309	0.00533478	0.00561775	0.00573281	0.00768135	0.00682516	0.00632285	0.00655938	0.00592283	0.0083469	0.00447991	0.00934974	0.00330825	0.0086861	0.00325243	0.00575962	0.00837478	0.0028858	0.0131925	0.00669415	0.012287	0.00722961	0.00533743	0.00417508	0.0086609	0.00315397	0.00437404	0.00763187	0.00727591	0.00974406	0.00402861	0.00555634	0.0100415	0.0024533	0.00761421	0.00476261	0.00908162	0.00835395	0.00597712	0.00472305	0.00321839	0.00381961	0.0078135	0.00427421	0.00648993	0.00674121	0.00937575	0.0058472	0.00901004	0.0077812	0.0049526	0.00116531	0.00519196	0.00313694	0.00639829	0.00716251	0.00831346	0.00699466	0.0019346	0.00577287	0.00339279	0.00523584	0.00783659	0.00540257	0.00576263	0.00381359	0.00543743	0.00408193	0.00686942	0.00827534	0.00390333	0.00519836	0.00480608	0.00844468	0.00624215	0.00355212	0.00713532	0.00657286	0.00275991	0.00751053	0.00639937	0.00840732	0.00953544	0.0127237	0.0102634	0.0113669	0.00233883	0.00674724	0.00587664	0.00732253	0.0063483	0.00723033	0.00466252	0.00522979	0.00576926	0.00661043	0.00460584	0.0069469	0.00764926	0.00858793	0.0100193	0.00326219	0.00390725	0.00667711	0.00310718	0.00438535	0.00433187	0.00542407	0.00695772	0.00817904	0.00713568	0.00928891	0.00613375	0.00825159	0.00891065	0.00582531	0.0060535	0.00698125	0.00842861	0.00561835	0.00975496	0.00578298	0.0053073	0.00665046	0.0106857	0.00520538	0.00780147	0.00628016	0.00676523	0.00581836	0.0082071	0.00721873
PWY-6138: CMP-N-acetylneuraminate biosynthesis I (eukaryotes)	0.0	0.0	0.0	0.0	0.0	0.0	0.0	0.0	0.0	0.0	0.0	0.0	0.0	1.38459e-05	0.0	0.0	0.0	3.43945e-05	0.0	0.0	0.0	0.0	0.0	0.0	0.0	0.0	0.0	0.0	0.0	0.0	0.0	0.0	0.0	0.0	0.0	0.0	0.0	0.0	0.0	0.0	0.0	0.0	0.0	0.0	0.0	0.0	0.0	0.0	0.0	0.0	0.0	0.0	0.0	0.0	0.000138598	0.0	0.0	0.0	0.0	0.0	0.0	0.0	0.0	0.0	0.0	0.0	0.0	0.0	0.0	0.0	0.0	0.0	0.0	0.0	0.0	0.0	0.0	0.0	0.0	0.0	0.0	0.0	0.0	2.12639e-05	0.0	0.0	0.0	0.0	0.0	0.0	0.0	0.0	0.0	1.19411e-05	0.0	0.0	0.0	0.0	0.0	0.0	0.0	0.0	0.0	0.0	0.0	0.0	0.0	0.0	0.0	0.0	0.0	0.0	0.0	0.0	0.0	0.0	1.96171e-05	0.0	0.0	0.0	0.0	0.0	0.0	0.0	0.0	0.0	0.0	0.0	0.0	0.0	0.0	0.0	0.0	0.0	0.0	0.0	0.0	0.0	0.0	0.0	0.0	0.0	0.0	0.0	0.0	0.0	0.0	0.0	0.0	0.0	0.0	0.0	0.0	0.0	0.0	0.0	0.0	0.0	0.0	0.0	0.0	0.0	0.0	0.0	0.0	0.000175095	0.0	0.0	0.0	0.0	0.0	0.0	0.0	5.10172e-05	5.96982e-05	0.0	2.53654e-05	0.0	0.0	0.0	7.91428e-05
PWY-6143: CMP-pseudaminate biosynthesis	2.66506e-05	0.0	0.000611195	6.05174e-05	0.0	0.0	0.0	0.0	0.0	0.000244566	0.0	5.60631e-05	0.0	0.0	0.0	0.0	0.0	0.0	0.0	0.0	0.0	0.0	0.0	3.72016e-05	0.0	0.0	3.55904e-05	1.18777e-05	0.0	0.0	0.000191668	0.0	0.0	0.0	0.0	0.0	4.73661e-05	0.0	0.0	3.34257e-05	0.0	1.31249e-05	0.0	0.0	0.0	0.0	1.72822e-05	0.00161786	0.0	0.0	0.0	4.87659e-05	0.0	0.0	6.08514e-05	0.0	0.0	0.0	0.000242017	0.0	0.0	0.0	0.0	0.0	0.0	0.000162343	0.0	0.0	2.87319e-05	0.0	0.0	2.87263e-05	0.0	0.0	0.0	0.0	0.0	0.000493434	0.0	0.000175095	0.0	0.0	0.0	0.0	0.000816647	0.0	0.0	0.0	0.0	0.0	0.0	0.0	0.0	0.000240087	1.20147e-05	0.000975276	0.0	0.000134168	0.0	0.0	0.0	0.0	0.000193323	7.31232e-05	0.000104315	0.000227928	9.59203e-06	0.0	0.0	0.0	0.0	0.0	0.00089744	0.0	0.0	0.0	0.0	6.28692e-05	0.0	0.0	0.0	0.0	0.0	0.0	4.70777e-05	0.0	1.04484e-05	0.000181896	0.000315474	0.0	0.0	0.000211305	0.0	0.000145783	0.0	0.0	0.000373225	1.44346e-05	0.0	0.0	0.0	0.0	0.0	3.0796e-05	0.0	8.78089e-05	2.88121e-05	0.000512933	0.000103815	0.0	0.0	0.0	7.54508e-05	0.0	0.0	0.0	0.0	0.000131029	0.0	0.0	0.0	0.0	0.0	0.0	0.000116225	0.0	5.29174e-05	2.03209e-05	0.0	6.94468e-05	2.77935e-05	0.0	0.0	8.85936e-05	0.0	0.0	0.0	0.0	0.0	8.57495e-05	4.30347e-05
PWY-6147: 6-hydroxymethyl-dihydropterin diphosphate biosynthesis I	0.00428397	0.00487883	0.00780749	0.00412252	0.000444515	0.00364076	0.00286634	0.00373811	0.00272265	0.00389546	0.00163121	0.00391006	0.00353977	0.00460562	0.00374351	0.0037954	0.0091935	0.0038547	0.00235606	0.00462671	0.00579802	0.00570191	0.00295124	0.00455234	0.00318615	0.00369035	0.00753065	0.00413421	0.00331423	0.00355125	0.0105675	0.00459605	0.00385235	0.00647336	0.00375338	0.00329417	0.00383924	0.00368247	0.00367698	0.00144792	0.00698872	0.00633863	0.00339522	0.00361405	0.0059376	0.00755389	0.00240915	0.00664365	0.0049476	0.00713274	0.00421104	0.0053515	0.00336559	0.00645004	0.00638777	0.0126694	0.00409949	0.00432494	0.00586057	0.00733114	0.00647307	0.000698715	0.00688965	0.00254197	0.00835851	0.00593734	0.00725374	0.00394851	0.00293006	0.00747775	0.00541269	0.00464749	0.0064221	0.0032595	0.00458642	0.00475071	0.0057685	0.00610962	0.0025974	0.00237123	0.00450187	0.00844006	0.00618519	0.00535877	0.00382971	0.00208654	0.00097304	0.00926696	0.00282308	0.00447774	0.0116564	0.00821087	0.00222423	0.00400852	0.00422603	0.0103884	0.00589156	0.00576067	0.00331185	0.00435178	0.00206749	0.00582835	0.00956936	0.00457634	0.00318329	0.00680127	0.00405451	0.00511723	0.00296771	0.00206195	0.00871904	0.00411689	0.00537958	0.0058235	0.000857514	0.00312661	0.00298669	0.00385219	0.00671516	0.00224522	0.00301553	0.00356444	0.00675025	0.00665306	0.000815397	0.00382788	0.00443451	0.00606941	0.00936812	0.00436162	0.00707281	0.0061615	0.00472952	0.00627191	0.00184145	0.00162914	0.0053533	0.00349042	0.00548008	0.009793	0.00543688	0.00398674	0.00375928	0.00740192	0.00162666	0.00944845	0.00321289	0.00891592	0.00246247	0.000973764	0.00316737	0.00356938	0.0051729	0.00141009	0.00293135	0.00211301	0.00174299	0.00323592	0.00469286	0.00589955	0.00546605	0.0051986	0.00418942	0.0023234	0.00414527	0.00576503	0.00254084	0.00570167	0.00351711	0.00656606	0.00424643	0.00386581	0.00468779	0.00540021	0.00443388	0.00443846	0.0035784	0.00539131	0.00226381	0.00545019	0.00588805
PWY-6151: S-adenosyl-L-methionine salvage I	0.00823972	0.00672785	0.00894939	0.00768451	0.0120596	0.00667868	0.00915232	0.00543805	0.00912126	0.00875022	0.00524067	0.00552333	0.0089275	0.00488804	0.00418722	0.00796028	0.00991544	0.0088548	0.00331526	0.00991792	0.0088251	0.00959323	0.00367892	0.0105535	0.00507419	0.00699708	0.0117091	0.00379198	0.00394608	0.00371414	0.0067113	0.0068478	0.0109284	0.00580617	0.00530028	0.0044609	0.00531682	0.010343	0.00478488	0.00383902	0.00657828	0.00983557	0.00367771	0.00388692	0.00496578	0.00701469	0.00732536	0.0109348	0.00495191	0.00672868	0.0045947	0.00377164	0.00275905	0.00677387	0.00472288	0.00775904	0.00758282	0.00697752	0.00758	0.00515083	0.00669355	0.00362426	0.0103489	0.00467158	0.0117237	0.0105694	0.0120109	0.0115748	0.00380256	0.0115821	0.00861252	0.00744765	0.0106214	0.00675352	0.00827777	0.008513	0.00915977	0.0080154	0.00831117	0.00496739	0.0083081	0.00807227	0.0122017	0.0129817	0.00978823	0.00966354	0.00948663	0.0088824	0.00880278	0.00905289	0.017272	0.0127031	0.0039024	0.00545877	0.0108634	0.0100419	0.00885103	0.00799298	0.0109087	0.00750745	0.00926579	0.00861402	0.012132	0.00587044	0.0094502	0.00517572	0.00973018	0.00916617	0.00881227	0.00356481	0.0126318	0.00889187	0.0115033	0.00895328	0.0106405	0.00643354	0.00370083	0.00771327	0.0110837	0.00636464	0.0136769	0.00779566	0.00928956	0.00959344	0.00966664	0.00963469	0.00556964	0.00768488	0.00902484	0.00440384	0.00955178	0.00939323	0.00733809	0.0128214	0.0139587	0.0199368	0.00892123	0.00440749	0.0106009	0.0121977	0.00696453	0.0046229	0.00594733	0.00786334	0.00871394	0.0100382	0.00468764	0.010083	0.0083361	0.0112216	0.00286566	0.00382289	0.00712168	0.00411139	0.00396798	0.0051761	0.00980494	0.00692434	0.00797514	0.00643588	0.00939883	0.00466185	0.0100242	0.00842129	0.0114799	0.00517821	0.00735288	0.00765057	0.00805286	0.00844009	0.00488897	0.00617541	0.00830513	0.00977842	0.00470767	0.0115691	0.00631501	0.00563102	0.00782116	0.00896706	0.00643961
PWY-6160: 3-dehydroquinate biosynthesis II (archaea)	0.0	0.0	0.0	0.0	0.0	0.0	0.0	0.0	0.0	0.0	0.0	0.0	0.0	0.0	0.0	0.0	0.0	0.0	0.0	0.0	0.0	6.32759e-05	0.0	0.0	0.0	0.0	0.0	0.0	0.0	0.0	0.0	0.0	0.0	0.0	0.0	0.0	0.0	0.0	0.0	0.0	0.0	0.0	0.0	0.0	0.0	0.0	0.0	0.0	0.0	0.0	0.0	0.0	0.0	0.0	0.0	0.0	0.0	0.0	0.0	0.0	0.0	0.0	0.0	0.0	0.0	0.0	0.0	0.0	0.0	0.0	0.0	0.0	0.0	0.0	0.0	0.0	0.0	0.0	0.0	0.0	0.0	0.0	0.0	0.0	0.0	0.0	0.0	0.0	0.0	0.0	0.0	0.0	0.0	0.0	0.0	0.0	0.0	0.0	0.0	0.0	0.0	0.0	0.0	0.0	0.0	0.0	0.0	0.0	0.0	0.0	0.0	0.0	0.0	0.0	0.0	0.0	0.0	1.38392e-05	0.0	0.0	0.0	0.0	0.0	0.0	0.0	0.0	0.0	0.0	0.0	0.0	0.0	0.0	0.0	0.0	0.0	0.0	0.0	0.0	0.0	0.0	0.0	0.0	0.0	0.0	0.0	0.0	0.0	0.0	0.0	0.0	0.0	0.0	0.0	0.0	0.0	0.0	0.0	8.18645e-05	0.0	0.0	0.0	0.0	0.000122741	0.0	1.80989e-05	0.0	0.0	0.0	0.0	0.0	0.0	0.0	0.0	0.0	0.0	0.0	0.0	0.0	0.0	0.0	0.0
PWY-6163: chorismate biosynthesis from 3-dehydroquinate	0.0114255	0.00896321	0.0111946	0.0084235	0.00945322	0.00827227	0.0107059	0.00743761	0.0115004	0.0104422	0.00426879	0.00729444	0.00728039	0.00534456	0.00542438	0.0107157	0.0136106	0.00974345	0.00349112	0.0131297	0.0101115	0.0113722	0.0118009	0.0113745	0.00483247	0.00818697	0.0117161	0.00401474	0.00492899	0.00869315	0.0117725	0.01101	0.0122832	0.00838671	0.00668089	0.00382098	0.00705198	0.0123553	0.00479101	0.00697104	0.0126246	0.0117862	0.00681916	0.00395825	0.00513111	0.00889521	0.00769096	0.0113916	0.00789699	0.0134834	0.00533652	0.00608718	0.00553288	0.0110468	0.00868258	0.0136505	0.00879447	0.00638407	0.0106803	0.00884789	0.00840047	0.00346328	0.00703517	0.00860009	0.0131129	0.011528	0.0114006	0.0106361	0.00521924	0.0115972	0.00746406	0.00889957	0.0139278	0.0106477	0.00830831	0.00916036	0.0103023	0.0108947	0.0128265	0.00557018	0.011084	0.00977298	0.0131697	0.0106513	0.0115128	0.0122063	0.0113281	0.0081828	0.0121864	0.0119333	0.0124226	0.0117122	0.00447967	0.00661358	0.0129248	0.0126616	0.0130494	0.0103292	0.013768	0.013083	0.0165689	0.0130482	0.011289	0.00896734	0.0127071	0.00817422	0.0125146	0.0104166	0.0113511	0.00474949	0.0110614	0.0120718	0.0124914999999999	0.0130563	0.0154539	0.0100166	0.00412833	0.00908115	0.0131031	0.00717124	0.0171545	0.00911231	0.0109301	0.00974518	0.010187	0.0105313	0.00578896	0.0121173	0.0102856	0.00426165	0.0115266	0.0129606	0.0101644	0.0100089	0.0151659	0.0152875	0.00915648	0.0049887	0.0123029	0.0126277	0.00932602	0.00485047	0.00800215	0.00749006	0.0137376	0.0103589	0.00681583	0.0115542	0.0105506	0.0107926	0.00324583	0.0046525	0.0119893	0.00451297	0.00423215	0.00622474	0.00849042	0.0100469	0.011878	0.00947884	0.0103999	0.00777676	0.0123204	0.00736267	0.0125249	0.00680721	0.011638	0.00989423	0.0101211	0.0099077	0.0070101	0.00684804	0.0109279	0.0103623	0.00452956	0.0117939	0.00795391	0.00585104	0.0109706	0.0111863	0.00902069
PWY-6165: chorismate biosynthesis II (archaea)	0.0	0.0	0.0	0.0	0.0	0.0	0.0	0.0	0.0	0.0	0.0	0.0	0.0	0.0	0.0	0.0	0.0	0.0	0.0	0.0	0.0	0.000166956	0.0	0.0	0.0	0.0	0.0	0.0	0.0	0.0	0.0	0.0	0.0	0.0	0.0	0.0	0.0	0.0	0.0	0.0	0.0	0.0	0.0	0.0	0.0	0.0	0.0	0.0	0.0	0.0	0.0	0.0	0.0	0.0	0.0	0.0	0.0	0.0	0.0	0.0	0.0	0.0	0.0	0.0	0.0	0.0	0.0	0.0	0.0	0.0	0.0	0.0	0.0	0.0	0.0	0.0	0.0	0.0	0.0	0.0	0.0	0.0	0.0	0.0	0.0	0.0	0.0	0.0	0.0	0.0	0.0	0.0	0.0	0.0	0.0	0.0	0.0	0.0	0.0	0.0	0.0	0.0	0.0	0.0	0.0	0.0	0.0	0.0	0.0	0.0	0.0	0.0	0.0	0.0	0.0	0.0	0.0	3.68086e-05	0.0	0.0	0.0	0.0	0.0	0.0	0.0	0.0	0.0	0.0	0.0	0.0	0.0	0.0	0.0	0.0	0.0	0.0	0.0	0.0	0.0	0.0	0.0	0.0	0.0	0.0	0.0	0.0	0.0	0.0	0.0	0.0	0.0	0.0	0.0	0.0	0.0	0.0	0.0	0.000215052	0.0	0.0	0.0	0.0	0.000321402	0.0	4.81406e-05	0.0	0.0	0.0	0.0	0.0	0.0	0.0	0.0	0.0	0.0	0.0	0.0	0.0	0.0	0.0	0.0
PWY-6167: flavin biosynthesis II (archaea)	0.0	0.0	0.0	0.0	0.0	0.0	0.0	0.0	0.0	0.0	0.0	0.0	0.0	0.0	0.0	0.0	0.0	0.0	0.0	0.0	0.0	0.0	0.0	0.0	0.0	0.0	0.0	0.0	0.0	0.0	0.0	0.0	0.0	0.0	0.0	0.0	0.0	0.0	0.0	0.0	0.0	0.0	0.0	0.0	0.0	0.0	0.0	0.0	0.0	0.0	0.0	0.0	0.0	0.0	0.0	0.0	0.0	0.0	0.0	0.0	0.0	0.0	0.0	0.0	0.0	0.0	0.0	0.0	0.0	0.0	0.0	0.0	0.0	0.0	0.0	0.0	0.0	0.0	0.0	0.0	0.0	0.0	0.0	0.0	0.0	0.0	0.0	0.0	0.0	0.0	0.0	0.0	0.0	0.0	0.0	0.0	0.0	0.0	0.0	0.0	0.0	0.0	0.0	0.0	0.0	0.0	0.0	0.0	0.0	0.0	0.0	0.0	0.0	0.0	0.0	0.0	0.0	3.23058e-05	0.0	0.0	0.0	0.0	0.0	0.0	0.0	0.0	0.0	0.0	0.0	0.0	0.0	0.0	0.0	0.0	0.0	0.0	0.0	0.0	0.0	0.0	0.0	0.0	0.0	0.0	0.0	0.0	0.0	0.0	0.0	0.0	0.0	0.0	0.0	0.0	0.0	0.0	0.0	0.000420599	0.0	0.0	0.0	0.0	0.000218414	0.0	5.39821e-05	0.0	0.0	0.0	8.31835e-05	0.0	0.0	0.0	0.0	0.0	0.0	0.0	0.0	0.0	0.0	0.0	0.0
PWY-6168: flavin biosynthesis III (fungi)	0.00149436	0.000203163	0.00424661	0.00181996	0.000471753	0.00122675	0.00255283	0.0	0.0	0.00133339	0.00307561	0.00332686	0.000512011	0.000848842	0.00153191	0.00138818	0.0	0.00276794	0.00202713	0.00139723	0.00271557	0.000741487	0.00056296	0.00127256	0.0034365	0.00287684	0.000838446	0.00234576	0.00251997	0.00222672	0.00140167	0.0	0.00227732	0.00529682	0.00318775	0.00293954	0.00350355	0.000861559	6.38453e-05	0.0035735	0.000234118	0.002573	0.00190275	0.00244545	0.0	0.00538419	0.00281381	0.000988681	0.00308017	0.0	0.00215527	0.00237577	0.00365508	0.00506228	0.00155331	0.000472661	5.45614e-05	0.00151627	0.00394216	0.00231393	0.0	0.00159176	0.0	0.00252514	0.0	0.0020496	0.000303008	0.00111638	0.00257704	0.00137698	0.00318636	0.00285157	0.0	0.0024796	0.00209718	0.00163044	0.00290697	0.0	0.000395658	0.00328724	0.00028483	0.0040421	0.000478649	0.000225593	0.00251637	0.0	0.0	0.0020583	0.000484326	0.000435778	0.0	0.00147095	0.00231617	0.00333943	0.00102686	0.000992859	0.000134057	0.00106916	0.000972583	0.0014117	0.000909224	0.0009755	0.00177936	0.00114445	0.00087267	0.00248353	0.0	0.00229907	0.00114282	0.00241915	0.000515564	0.0	0.000274212	0.0	0.0	0.00148533	0.00288436	0.00320533	0.0	0.00268895	0.0	0.00166112	0.000886878	0.000768712	0.00203903	0.000619692	0.00325884	0.000680603	0.0	0.00354385	0.00271838	0.000207783	0.00123402	0.00121614	0.000459349	0.000720674	0.00186899	0.00358575	0.000626444	0.000396787	0.0033574	0.00174004	0.00126271	0.00349671	0.00181948	0.000507866	0.00295062	0.00267636	0.00136141	0.000811968	0.00223056	0.0025361	0.0	0.00251717	0.00203838	0.00179366	0.000493197	0.00329491	0.00657307	0.00401281	0.00201051	0.00416009	0.00154811	0.00126922	0.00126135	0.0041241	0.00266164	0.00395765	0.00353074	0.000954184	0.00315164	0.00347815	0.00399836	0.00421419	0.00303135	0.00155503	0.00200174	0.00204076	0.000568306	0.000865764	0.00427832
PWY-6174: mevalonate pathway II (haloarchaea)	0.0	0.0	0.0	0.0	0.0	0.0	0.0	0.0	0.0	0.0	0.0	0.0	0.0	0.0	0.0	0.0	0.0	0.0	0.0	0.0	0.0	2.40415e-05	0.0	0.0	0.0	0.0	0.0	0.0	0.0	0.0	0.0	0.0	0.0	0.0	0.0	0.0	0.0	0.0	0.0	0.0	0.0	0.0	0.0	0.0	0.0	0.0	0.0	0.0	0.0	0.0	0.0	0.0	0.0	0.0	0.0	0.0	0.0	0.0	0.0	0.0	0.0	0.0	0.0	0.0	0.0	0.0	0.0	0.0	0.0	0.0	0.0	0.0	0.0	0.0	0.0	0.0	0.0	0.0	0.0	0.0	0.0	0.0	0.0	0.0	0.0	0.0	0.0	0.0	0.0	0.0	0.0	0.0	0.0	0.0	0.0	0.0	0.0	0.0	0.0	0.0	0.0	0.0	0.0	0.0	0.0	0.0	0.0	0.0	0.0	0.0	0.0	0.0	0.0	0.0	0.0	0.0	0.0	2.14393e-05	0.0	0.0	0.0	0.0	0.0	0.0	0.0	0.0	0.0	0.0	0.0	0.0	0.0	0.0	0.0	0.0	0.0	0.0	0.0	0.0	0.0	0.0	0.0	0.0	0.0	0.0	0.0	0.0	0.0	0.0	0.0	0.0	0.0	0.0	0.0	0.0	0.0	0.0	0.0	0.0	0.0	0.0	0.0	0.0	0.0	0.0	0.0	0.0	0.0	0.0	0.0	0.0	0.0	0.0	0.0	0.0	0.0	0.0	0.0	0.0	0.0	0.0	0.0
PWY-6182: superpathway of salicylate degradation	0.0	0.0	0.0	0.0	0.0	0.000364383	0.0	0.00183986	7.80717e-05	0.0	0.0	0.0	0.0	0.00111319	0.0	0.0	0.0	0.0	0.0	0.0	0.0	0.0	0.0	0.0	0.0	0.0	0.0	0.0	0.0	0.000309435	0.0	0.0	0.0	0.0	3.66765e-05	0.000737428	0.0	0.0	0.0	8.38225e-05	0.0	0.0	0.000561114	0.000115012	0.000518293	0.0	0.0	0.0	0.0	0.0	0.000312033	0.00189809	6.47226e-05	0.0	0.000209181	0.0	6.64544e-05	1.7145e-05	0.0	0.000568261	0.0	0.0	0.0	8.42359e-05	0.0	0.0	0.0	0.0	0.0	0.0	0.0	0.0	0.0	0.0	0.000378568	0.0	0.0	0.0	0.0	0.0	0.0	0.0	0.0	0.0	0.0	0.0	0.0	3.65983e-05	0.0	0.0	0.0	0.0	0.000275062	0.0	0.0	0.0	0.0	0.0	0.0	0.0	0.0	0.0	0.0	0.0	0.0	0.00011451	6.00411e-05	0.0	0.0	0.0	0.0	0.0	0.0	0.0	0.0	0.0	0.0	0.0	0.0	0.0	0.0	0.0	0.0	0.0	0.0	0.0	0.0	0.0	0.0	0.0	0.0	0.0	0.0	0.0	5.48385e-05	0.0	0.0	0.0	0.0	0.0	0.0	0.0	0.00044149	0.0	0.0	0.0	0.0	0.0	0.0	5.21601e-05	0.000152425	0.00152409	0.0	0.000712747	0.000421202	7.41839e-06	0.0	0.000281013	0.0	6.87216e-06	0.0	0.0	0.0	0.0	0.0	0.0	0.0	0.0	0.0	0.0	0.000491288	0.0	0.0	0.0	0.0	0.0	5.41144e-05	0.0	0.0	0.0	0.0
PWY-6185: 4-methylcatechol degradation (ortho cleavage)	0.0	0.0	0.0	0.0	0.0	0.000450895	0.0	0.00236376	0.00012703	0.0	0.0	0.0	0.0	0.00132503	0.0	0.0	0.0	0.0	0.0	0.0	0.0	0.0	0.0	0.0	0.0	0.0	0.0	0.0	0.0	0.000419703	0.0	0.0	0.0	0.0	3.3706e-05	0.000954109	4.46804e-06	0.0	0.0	7.80645e-05	0.0	0.0	0.000577415	0.000211839	0.000540059	0.0	0.0	2.27606e-05	0.0	0.0	0.000340383	0.00248225	0.00010235	0.0	0.000228292	0.0	0.000240817	3.70601e-05	0.0	0.0008741	0.0	0.0	0.0	0.000117343	0.0	0.0	0.0	0.0	0.0	0.0	0.0	0.0	0.0	0.0	0.000393099	0.0	0.0	0.0	0.0	0.0	0.0	0.0	0.0	0.0	2.56273e-06	0.0	0.0	3.56654e-05	0.0	0.0	0.0	0.0	0.000322554	0.0	0.0	0.0	0.0	0.0	0.0	0.0	0.0	0.0	0.0	0.0	0.0	0.000101179	5.7378e-05	2.36951e-05	0.0	0.0	0.0	0.0	0.0	0.0	0.0	0.0	0.0	0.0	0.0	0.0	0.0	0.0	0.0	0.0	0.0	0.0	0.0	0.0	0.0	0.0	0.0	0.0	0.0	0.0	7.09888e-05	0.0	0.0	0.0	0.0	0.0	0.0	0.0	0.000669699	0.0	0.0	0.0	0.0	0.0	0.0	4.86571e-05	0.000163371	0.00146523	0.0	0.000891109	0.000486509	0.000132006	0.0	0.000328585	0.0	6.85794e-06	0.0	0.0	1.1688e-05	0.0	0.0	0.0	0.0	0.0	0.0	0.0	0.000533194	0.0	0.0	0.0	0.0	0.0	6.39192e-05	0.0	0.0	0.0	0.0
PWY-6210: 2-aminophenol degradation	0.0	2.11004e-05	0.0	0.0	0.0	0.0	0.0	0.0	0.0	0.0	0.0	0.0	0.0	9.79961e-05	0.0	0.0	0.0	0.0	0.0	0.0	0.0	0.0	0.0	0.0	0.0	0.0	0.0	0.0	0.0	0.0	0.0	0.0	0.0	0.0	0.0	0.0	0.0	0.0	0.0	0.0	0.0	0.0	0.000222976	0.0	0.0	0.0	0.0	0.0	0.0	0.0	0.00013528	0.0	0.0	0.0	0.0	0.0	0.0	0.0	0.0	2.07546e-05	0.0	0.0	0.0	0.0	0.0	0.0	0.0	0.0	0.0	0.0	0.0	5.00943e-06	0.0	0.0	5.48508e-05	0.0	0.0	0.0	0.0	0.0	0.0	0.0	0.0	0.0	1.17325e-05	0.0	0.0	5.17256e-06	0.0	0.0	0.0	0.0	1.34643e-05	0.0	0.0	0.0	0.0	0.0	0.0	0.0	0.0	0.0	0.0	0.0	0.0	1.99462e-05	0.0	0.0	0.0	0.0	0.0	0.0	0.0	0.0	0.0	0.0	0.0	0.0	0.0	0.0	0.0	0.0	0.0	0.0	0.0	0.0	0.0	0.0	0.0	0.0	0.0	0.0	0.0	0.0	0.0	0.0	0.0	0.0	0.0	0.0	0.0	0.0	0.0	0.0	0.0	0.0	0.0	0.0	0.0	0.0	0.0	1.94246e-05	0.0	0.0	8.27611e-07	0.0	0.0	0.0	0.0	3.83459e-06	0.0	0.0	0.0	0.0	0.0	0.0	0.0	0.0	0.0	0.0	0.0	0.0	0.0	0.0	3.28273e-05	0.0	1.71116e-05	0.0	1.86456e-06	0.0	0.0
PWY-6215: 4-chlorobenzoate degradation	0.0	2.38901e-06	0.0	0.0	0.0	0.0	0.0	0.0	0.0	1.51583e-05	0.0	0.0	0.0	4.2415e-05	0.0	0.0	0.0	0.0	0.0	0.0	0.0	0.0	0.0	0.0	0.0	0.0	0.0	0.0	0.0	0.0	0.0	0.0	0.0	0.0	2.39318e-05	0.000151683	0.0	0.0	2.65993e-05	3.37941e-05	0.0	0.0	3.63941e-05	0.000107157	0.0	0.0	0.0	0.0	0.0	0.0	0.000148894	5.80328e-05	2.34895e-05	0.0	0.0	0.0	0.0	0.0	0.0	8.05264e-05	0.0	0.0	0.0	2.04646e-05	0.0	0.0	0.0	0.0	0.0	0.0	0.0	1.19188e-05	0.0	0.0	2.0027e-05	0.0	0.0	0.0	0.0	0.0	0.0	0.0	0.0	0.0	0.0	0.0	0.0	3.03802e-05	0.0	0.0	0.0	0.0	0.0	0.0	2.43293e-06	0.0	0.0	0.0	0.0	0.0	0.0	0.0	0.0	0.0	0.0	1.96181e-05	0.0	1.02668e-05	6.91637e-06	0.0	0.0	0.0	0.0	0.0	0.0	0.0	0.0	0.0	0.0	0.0	0.0	0.0	0.0	0.0	0.0	0.0	0.0	0.0	0.0	0.0	0.0	0.0	0.0	0.0	6.26928e-06	0.0	0.0	0.0	0.0	0.0	0.0	3.91716e-05	6.63717e-06	0.0	0.0	0.0	0.0	0.0	0.0	3.66671e-05	0.000284273	0.000132325	0.0	9.93509e-05	0.000109611	0.000222897	0.0	2.62768e-05	0.0	4.335e-06	0.0	5.87276e-05	5.91737e-06	5.23912e-06	0.0	6.39915e-05	0.0	0.0	0.0	0.0	0.0	0.0	0.0	0.0	0.0	0.0	8.01403e-05	0.0	0.0	0.0	0.0
PWY-621: sucrose degradation III (sucrose invertase)	0.00151141	0.00876493	0.00213698	0.000756772	0.00379105	0.00302557	0.000905997	0.00494774	0.00115248	0.00135301	0.00290785	0.00229114	0.00528769	0.00500453	0.00223068	0.00086491	0.000952881	0.000976938	0.00305806	0.00150245	0.00116191	0.000880812	0.00128929	0.00119222	0.00369581	0.00174086	0.0015995	0.00379278	0.00317675	0.0012604	0.0008187	0.000817911	0.00177859	0.00261811	0.00194608	0.00264259	0.00204909	0.00247494	0.00376987	0.00107912	0.00099202	0.00143047	0.00265989	0.00407709	0.00263287	0.003436	0.00158403	0.00213221	0.00131259	0.000811629	0.0038996	0.000939541	0.00217961	0.00608816	0.00260862	0.00127261	0.00182754	0.00438913	0.000484366	0.0012356	0.00177037	0.0026346	0.00458678	0.0042063	0.000383399	0.000924959	0.000996952	0.000594335	0.00171687	0.00220766	0.00234163	0.00265732	0.000715797	0.000457806	0.00211094	0.00134465	0.00257669	0.00191968	0.000422676	0.00123212	0.000891975	0.00289328	0.000641398	0.00171775	0.0017210699999999	0.00139439	0.000638541	0.00126171	0.00173191	0.00158385	0.000347409	0.000835729	0.00353378	0.00222483	0.00224795	0.000753333	0.00206557	0.00123682	0.00117246	0.00160746	0.000532125	0.00309918	0.00137394	0.00461789	0.000766572	0.00224831	0.00164748	0.00132647	0.00206922	0.00165075	0.00223211	0.00430802	0.00164367	0.00227298	0.00152644	0.00213248	0.00262877	0.00186242	0.00113051	0.00296722	0.0002258	0.00197186	0.000932375	0.000661629	0.00137241	0.00120993	0.00288308	0.000600493	0.00168133	0.00205205	0.00100633	0.00235011	0.00195965	0.00143919	0.00215213	0.000491283	0.00121182	0.00145683	0.00169677	0.000346086	0.00135924	0.00375053	0.00272857	0.00255131	0.00201233	0.0014084	0.00135689	0.00193647	0.00141253	0.000850812	0.00457644	0.00348512	0.00185461	0.00305423	0.00299627	0.00422063	0.00479535	0.00168291	0.00328697	0.00273482	0.00290345	0.00209694	0.000793648	0.00298941	0.00161824	0.000630294	0.00121288	0.00286329	0.0012998	0.00226292	0.00328925	0.00196682	0.00181757	0.00183579	0.00317871	0.00176934	0.00217483	0.00595593	0.00164853	0.00299331	0.00278411
PWY-622: starch biosynthesis	0.000402212	0.00115486	0.000327601	0.0	0.00551327	0.000960094	0.000365633	0.0	0.000904844	0.000437351	0.0	0.000327403	0.00254883	8.36212e-05	0.0	0.000808164	0.0	0.0	0.00153631	0.000193942	0.0	0.000280237	0.00091785	0.0	0.0	0.0	0.000121395	0.0	0.000288672	0.0	0.0	0.000196309	0.000473451	0.0	0.0	0.0	0.0	0.000179629	0.0	0.000357226	6.42971e-05	0.0	0.0	0.0028206	0.0	0.000283321	0.0	0.000184123	0.0	0.00170138	0.00212175	0.000234493	0.0	0.00568011	0.0	0.000203568	0.00123773	0.00374139	0.0	0.0	0.00123116	0.00181516	0.00360624	0.0	0.0	0.0	0.000570798	0.0	0.0	0.0	0.0	0.00153614	0.0	0.0	0.0	0.0	0.0	0.0	0.00271761	0.000204284	0.00143268	0.0	0.0	0.000111364	0.0	0.00432757	0.00112975	0.0	0.000189743	0.00122849	0.0	0.0	0.000826263	0.00123273	0.00017763	0.00153745	0.00214784	0.0	0.00130332	0.0	0.000400095	0.00117037	0.000302969	0.000550589	0.0	0.000301407	0.0014039	0.000199862	0.000334917	0.0	0.000213741	0.0	0.00046961	0.00305804	0.000130799	0.00109231	8.13181e-05	0.000913007	0.000417153	0.00485987	0.000557874	0.00113617	0.000178137	0.0022026	2.35959e-05	0.00139839	0.000386871	0.0	0.0	0.000124951	0.0	0.0	0.0	0.00011523	0.000740575	0.0	0.0	0.0	0.0	0.000112034	0.000157085	0.00305866	0.000887847	0.000215474	0.000153525	0.000755554	0.0	0.00042751	0.000305805	0.00124243	1.828e-05	0.0	0.000471371	0.000838322	0.000237898	0.00371951	0.00298847	0.000291346	0.0	0.000252262	0.0034665	0.0	0.0	0.000254577	0.00136247	0.0	0.0010346	0.000285814	0.0	0.00103289	0.00159935	0.000245214	0.00119508	0.000339997	0.0	0.000636835	1.97803e-05	9.41273e-05	0.00427721	0.000737354	0.000970608
PWY-6269: superpathway of adenosylcobalamin salvage from cobinamide II	0.0	0.0	0.0	0.0	0.0	0.0	0.0	0.0	0.0	0.0	0.0	0.0	0.0	0.0	0.0	0.0	0.0	0.0	0.0	0.0	0.0	0.0	0.0	0.0	0.0	0.0	0.0	0.0	0.0	0.0	0.0	0.0	0.0	0.0	0.0	0.0	0.0	0.0	0.0	0.0	0.0	0.0	0.0	0.0	0.0	0.0	0.0	0.0	0.0	0.0	0.0	0.0	0.0	0.0	0.000497203	0.0	0.0	0.0	0.0	0.0	0.0	0.0	0.0	0.0	0.0	0.0	0.0	0.0	0.0	0.0	0.0	0.0	0.0	0.0	0.0	0.0	0.0	0.0	0.0	0.0	0.0	0.0	0.0	0.0	0.0	0.0	0.0	0.0	0.0	0.0	0.0	0.0	0.0	0.0	0.0	0.0	0.0	0.0	0.0	0.0	0.0	0.0	0.0	0.0	0.0	0.0	0.0	0.0	0.0	0.0	0.0	0.0	0.0	0.0	0.0	0.0	0.0	0.0	0.0	0.0	0.0	0.0	0.0	0.0	0.0	0.0	0.0	0.0	0.0	0.0	0.0	0.0	0.0	0.0	0.0	0.0	0.0	0.0	0.0	0.0	0.0	0.0	0.0	0.0	0.0	0.0	0.0	0.0	0.0	0.0	0.0	0.0	0.0	0.0	0.0	0.0	0.0	0.0	0.0	0.0	0.0	0.0	0.0	0.0	0.0	0.0	0.0	0.0	0.0	0.0	0.0	0.0	0.0	0.0	0.0	0.0	2.3134e-05	0.0	0.0	0.0	0.0
PWY-6270: isoprene biosynthesis I	0.00405236	0.00421768	0.00616702	0.00518601	0.00479481	0.00533617	0.00569764	0.0020228	0.00198377	0.00412829	0.00377975	0.00630814	0.00492963	0.00171525	0.00436724	0.00489538	0.0101261	0.00530121	0.00261084	0.00395104	0.00415037	0.00436998	0.00449998	0.00411473	0.00442258	0.00497408	0.00205059	0.00206569	0.00367436	0.00395773	0.00241657	0.00674452	0.0035954	0.00570693	0.00517499	0.00321854	0.00505876	0.00344687	0.00299136	0.00423026	0.00400688	0.00530072	0.00512023	0.00333368	0.00233537	0.00680233	0.00464131	0.00247578	0.00544049	0.00159711	0.00388309	0.00276221	0.005033	0.00968674	0.00451575	0.0022368	0.00581758	0.00466151	0.00808157	0.00463264	0.00645568	0.00270111	0.00518273	0.00353107	0.00108832	0.00355299	0.00160163	0.00231941	0.00425594	0.00514206	0.00463437	0.00511964	0.00325298	0.00409003	0.00437858	0.00380895	0.00533035	0.00605515	0.00520894	0.00439648	0.00501093	0.00665786	0.0	0.00384881	0.00397188	0.00445041	0.00107864	0.00346852	0.00678026	0.00186598	0.000980149	0.00375404	0.00371453	0.00537556	0.0038127	0.00189131	0.00610375	0.00318815	0.00137702	0.00362203	0.00123652	0.00339196	0.0027211	0.00476718	0.00513669	0.00683381	0.00393707	0.00282632	0.00409707	0.00434847	0.00456671	0.00628925	0.00168577	0.00525791	0.00309357	0.00508766	0.00379786	0.00493617	0.000500955	0.00345311	0.0023162	0.0035818	0.00443596	0.00491939	0.00351956	0.003866	0.00461084	0.00272062	0.000909821	0.00437076	0.00493824	0.00215502	0.00575728	0.00345151	0.00234255	0.000346546	0.00319424	0.00408032	0.000928105	0.000449902	0.00430867	0.00316447	0.00541433	0.00534882	0.00306267	0.00476891	0.00449115	0.00183642	0.00377026	0.00313368	0.00214773	0.00289354	0.00346349	0.0032922	0.00294232	0.00414386	0.00549115	0.00474618	0.00720784	0.00625515	0.0064389	0.00583386	0.00536087	0.00299799	0.00637077	0.0054392	0.00367404	0.00561372	0.00787317	0.00458142	0.00537846	0.00475009	0.00564895	0.00338548	0.0036933	0.00467635	0.00557504	0.00157899	0.0075096	0.00525111	0.00557808
PWY-6277: superpathway of 5-aminoimidazole ribonucleotide biosynthesis	0.0107399	0.00855251	0.0106474	0.00968342	0.0118712	0.00713863	0.00845355	0.00729432	0.0164368	0.00975327	0.00653494	0.00728394	0.00981906	0.00552438	0.00568442	0.00849871	0.0127751	0.00808496	0.00478934	0.011059	0.0129725	0.0113901	0.0120828	0.0124754	0.00523721	0.00728854	0.0105497	0.00596969	0.00598792	0.00903543	0.0120769	0.00997	0.01011	0.00886577	0.00759023	0.00506895	0.00787069	0.00971383	0.00386277	0.00712707	0.0123131	0.0112838	0.0069655	0.00476553	0.00455692	0.00883879	0.00626555	0.0102959	0.00963615	0.0119205	0.00617229	0.00507005	0.00614207	0.0081974	0.0111762	0.0112586	0.00947253	0.00774175	0.00893368	0.00714803	0.00853557	0.0065114	0.010806	0.00838112	0.0121682	0.0122265	0.0111101	0.0118989	0.00579716	0.0122772	0.00821676	0.00843379	0.0118594	0.0140508	0.0124343	0.0104593	0.00945928	0.0098896	0.011484	0.00658904	0.0103076	0.00994684	0.013763	0.00972556	0.0106967	0.0102692	0.00961824	0.0133182	0.0100982	0.0120526	0.0176875	0.0123745	0.00530294	0.00826837	0.0103804	0.0117576	0.00987425	0.0102723	0.0109238	0.0108133	0.0134112	0.0102604	0.0124369	0.00792021	0.0111121	0.00938063	0.00954339	0.0101545	0.00920199	0.00554725	0.0154307	0.010563	0.0106775	0.010265	0.00873358	0.00813704	0.005905	0.00863028	0.0126705	0.00702668	0.0122818	0.0076905	0.0111614	0.0120798	0.00876078	0.0102398	0.00736283	0.012172	0.0112515	0.00618809	0.0123225	0.0104782	0.00782521	0.0131412	0.0131606	0.0240173	0.0088927	0.00564483	0.00919497	0.014356	0.00947239	0.0045171	0.00687985	0.00815316	0.0140645	0.00977709	0.00820702	0.0119741	0.00946577	0.0127202	0.00508804	0.00432111	0.010243	0.0050033	0.00418884	0.00692634	0.00913085	0.00757774	0.00992869	0.00949303	0.0096694	0.00758499	0.0104858	0.00923331	0.01168	0.00598824	0.009997	0.00982068	0.0087695	0.00952365	0.00664301	0.0074016	0.00896381	0.0109058	0.0048393	0.0110092	0.0091045	0.00653987	0.00954594	0.00827359	0.00918708
PWY-6281: L-selenocysteine biosynthesis II (archaea and eukaryotes)	0.0	0.0	0.0	0.0	0.0	0.0	0.0	0.0	0.0	0.0	0.0	0.0	0.0	0.0	0.0	0.0	0.0	0.0	0.0	0.0	0.0	0.0	0.0	1.93946e-05	0.0	0.0	0.0	0.0	0.0	0.0	0.0	0.0	6.04823e-05	0.0	0.0	0.0	0.0	0.0	0.0	0.0	0.0	0.0	0.0	0.0	0.0	0.0	0.0	0.0	0.0	0.0	0.0	0.0	0.0	0.0	0.0	0.0	0.0	0.0	0.0	0.0	0.0	0.0	0.0	0.0	0.0	0.0	0.0	0.0	0.0	0.0	0.0	0.0	0.0	0.0	0.0	7.00311e-05	0.0	0.0	0.0	0.0	0.0	0.0	0.0	0.0	0.0	0.0	0.0	0.0	0.0	0.0	0.0	0.0	0.0	0.0	0.0	0.0	0.0	0.0	0.0	0.0	0.0	0.0	0.0	0.0	0.0	0.0	0.0	0.0	0.0	0.0	0.0	0.0	0.0	0.0	0.0	0.0	0.0	0.0	0.000155645	0.0	0.0	0.0	0.0	0.0	0.0	0.0	0.0	0.0	0.0	0.0	0.0	0.0	0.0	0.0	0.0	0.0	0.0	0.0	0.0	0.0	0.0	0.0	0.0	0.0	5.45267e-05	0.0	0.0	0.0	0.0	0.0	0.0	0.0	0.0	0.0	0.0	0.0	0.0	0.0	0.0	0.0	0.0	0.0	0.0	0.0	0.0	0.0	0.0	0.0	0.0	0.0	0.0	0.0	0.0	0.0	0.0	0.0	0.0	0.0	0.0	0.0	0.0
PWY-6282: palmitoleate biosynthesis I (from (5Z)-dodec-5-enoate)	0.00124687	0.00818136	0.00206935	0.00247713	0.000608205	0.00355008	0.00176723	0.0108815	0.00170363	0.00184419	0.0038735	0.0042894	0.00625468	0.0076875	0.00409815	0.00252208	0.00154758	0.00353112	0.00493331	0.00103607	0.00253943	0.00134675	0.0107307	0.00257704	0.00487139	0.00419232	0.00140361	0.0061838	0.00469145	0.00763817	0.00259725	0.0031092	0.00213987	0.0043335	0.00455172	0.00467771	0.00426653	0.000699029	0.00510939	0.00473687	0.00112718	0.00459606	0.00672401	0.00603351	0.00606814	0.00442218	0.00379927	0.00194427	0.00554258	0.00278402	0.00564293	0.00760817	0.00551547	0.00505913	0.00507581	0.0030335	0.00433371	0.0058433	0.00152794	0.00448687	0.00249374	0.00374914	0.000722679	0.00233185	0.000810739	0.00262216	0.000872879	0.00168969	0.00495777	0.00415915	0.00623011	0.00371954	0.00193844	0.00294048	0.00388057	0.00325257	0.00116383	0.00220602	0.00132453	0.00413641	0.000516897	0.00109021	6.08965e-05	0.000974841	0.00204918	0.00170227	0.00200327	0.0025631	0.000816432	0.00271322	0.000436911	0.00407596	0.00397513	0.00493939	0.000812847	0.00176385	0.00125912	0.00357852	0.00173228	0.00166188	0.00106941	0.00190045	0.001444	0.0027333	0.00148906	0.00254428	0.00203398	0.00262256	0.00300317	0.00533057	0.00010907	0.00300056	0.00178	0.00145212	0.00317664	0.00314985	0.00417672	0.00227161	0.00105118	0.00331124	0.000554679	0.00291793	0.00265029	0.000905445	0.00365366	0.00194209	0.00579357	0.00442251	0.00486692	0.00527788	0.00213212	0.00268863	0.00171615	0.0047757	0.00207795	0.0	0.00183616	0.00499552	0.00172416	0.000287248	0.00412789	0.00520124	0.00383041	0.00278103	0.00148554	0.00087494	0.00582685	0.00201877	0.00270538	0.000816432	0.00429557	0.00462597	0.00247433	0.00458678	0.00490309	0.00473568	0.00689685	0.0040442	0.000724935	0.0036204	0.00271291	0.00442286	0.000994665	0.00499902	0.000546988	0.00515616	0.00234068	0.00294498	0.00308764	0.00313222	0.00418665	0.0052751	0.00183953	0.00330425	0.0055784	0.00117606	0.00319977	0.0075037	0.00194658	0.00108089	0.00217022
PWY-6284: superpathway of unsaturated fatty acids biosynthesis (E. coli)	0.000321471	7.53254e-05	0.00027915	0.00246377	0.000583656	0.000488678	0.00060709	0.00909257	0.0	0.00109716	0.00301839	0.00129726	0.00611809	0.00662892	0.0022243	0.000929704	0.0	0.00106077	0.00387157	0.0	0.0	0.000704488	0.0	0.000758956	0.00355389	0.00148048	0.000189565	0.0054782	0.00278415	0.001418	0.00052354	0.00121363	0.000220595	0.00159483	0.00169856	0.00284552	0.000536691	0.0	0.000104964	0.00337935	0.000276014	0.000326252	0.000779241	0.00294493	0.00098293	0.000591974	0.00375651	0.000164463	0.000951926	0.0	0.00451002	0.00212429	0.00251876	0.0	0.000475471	0.0	0.000933051	0.00595082	4.92272e-05	0.00138372	0.000304151	0.0035626	0.000437891	0.00118938	0.0	0.000290375	0.0	0.0	0.00201233	0.0	0.0018598	0.000848914	0.0	0.0	0.00105553	0.000806575	0.000909622	0.0	0.000142528	0.00281517	2.56702e-05	0.0	0.0	0.0	0.00039156	0.0	0.0	0.00122095	0.0	0.0	0.0	0.0	0.00264619	0.00142031	0.0	0.0	0.000458597	0.0	0.000172518	0.0	0.000556415	0.000353878	0.000292248	0.000523741	0.0	0.000297012	2.51195e-05	0.00110663	0.0003428	0.0034831	0.0	0.000108083	0.0	0.000482136	0.000207816	0.000356259	0.00309649	0.000566421	0.00025793	0.00169937	0.0	0.000793703	0.00111174	0.0	0.00106793	0.000132621	0.00213022	6.92212e-05	0.0	0.00266669	0.0	0.0	0.0	0.0	0.000159431	0.0	0.000888737	0.00311088	0.0	0.0	0.00128464	0.00110012	0.000352745	0.00171225	0.000385613	0.000205155	0.00212845	0.00011626	0.000218048	0.000258591	0.00321462	0.00257813	0.0	0.00285641	0.00219055	0.0031761	0.00283065	0.00131188	0.0	0.000364438	0.000966053	0.00198469	0.000846815	0.00422091	0.000443814	0.00277505	0.000297297	0.00101843	0.000821245	0.000708575	0.00104406	0.0021022	0.000376562	0.000487287	0.00301694	0.00129142	0.000785706	0.00789536	8.501e-05	0.000265735	0.000324701
PWY-6285: superpathway of fatty acids biosynthesis (E. coli)	0.000555515	0.000149805	0.000263144	0.00228132	0.000593884	0.000878456	0.00099094	0.00958204	0.0	0.00116344	0.0032094	0.00206347	0.0061577	0.00703248	0.00292339	0.00118753	0.0	0.00165726	0.00422084	0.0	0.0	0.000216041	0.0	0.00121647	0.0041153	0.00227221	0.000351998	0.0057609	0.00357076	0.00237267	0.000896609	0.0	0.000343068	0.0022027	0.0025049	0.00359253	0.000985183	0.0	0.000205921	0.00383947	0.000482069	0.000622885	0.00138945	0.00386071	0.00170149	0.00097962	0.00320302	0.000144625	0.00166489	0.0	0.00511161	0.00332456	0.00345985	0.0	0.000882355	0.0	0.00157714	0.00623645	9.67171e-05	0.00212822	0.000556123	0.00356712	0.0	0.00174358	0.0	0.000545617	0.0	0.0	0.00301801	0.0	0.00271288	0.00143206	0.0	0.0	0.00171553	0.00134547	0.0	0.0	0.000262465	0.00345855	5.0209e-05	0.0	0.0	0.0	0.000660538	0.0	0.0	0.00179854	0.0	0.0	0.0	0.0	0.00330004	0.00219195	0.0	0.0	0.0	0.0	0.000324706	0.0	0.0	0.0	0.000362206	0.00093006	0.0	0.000548085	4.98065e-05	0.00168196	0.000636244	0.00422262	0.0	0.0	0.0	0.0	0.000395228	0.000657328	0.00358108	0.000975006	0.0	0.00234568	0.0	0.00132136	0.0	0.0	0.00153792	0.0	0.00299451	0.00010554	0.0	0.00324682	0.0	0.0	0.0	0.0	0.000305261	0.0	0.0011811	0.00388502	0.0	0.0	0.00188595	0.00182455	0.000654659	0.0023527	0.000660989	0.00023578	0.00315362	0.0	0.000416679	0.000419295	0.00369821	0.0033879	0.0	0.00356993	0.00304902	0.00386658	0.00387967	0.00211929	0.0	0.000649926	0.00142648	0.00274577	0.00084066	0.00497045	0.0	0.00362684	0.000549471	0.00163756	0.00138088	0.000597748	0.00171981	0.00306008	0.000668668	0.000883332	0.00387869	0.0	0.00132919	0.00788948	0.00016591	0.000427133	0.000593434
PWY-6292: superpathway of L-cysteine biosynthesis (mammalian)	0.00104833	0.00153036	0.000832614	0.00171173	8.16709e-05	0.00128728	0.00332124	0.00205144	0.00101333	0.00123159	0.000596295	0.00162541	0.00024444	0.0020617	0.000693886	0.0026189	0.0	0.00270305	0.0	0.0019186	0.00116758	0.00193715	0.00102355	0.000970896	0.000752652	0.000812532	0.00349894	0.000537408	0.000305394	0.000778212	0.000614602	0.00240976	0.00119478	0.000932559	0.00127949	0.0	0.00130557	0.00201671	4.65997e-05	0.000524027	0.00314896	0.0	0.001181	0.00190867	0.00133603	0.000646411	0.000621361	0.00227312	0.00167217	0.00325856	0.00178953	0.00316251	0.000189974	0.0	0.00032789	0.00171984	0.000271339	0.00247929	0.000522934	0.00102872	4.17946e-05	9.57524e-05	0.00185068	0.000207105	0.00211209	0.00135472	0.00277915	0.00281526	0.0	8.90368e-05	6.17e-05	0.00217995	0.00431686	0.000480875	0.000908051	0.000910888	0.00172375	0.00198714	0.00183241	0.000970364	0.0036199	0.00026289	0.00249338	0.00115613	0.00304194	0.00245503	0.00097415	0.000897261	0.00389992	0.00386094	0.000404445	0.0	0.000180284	0.00188317	0.00197563	0.00199748	0.00277386	0.0021207	0.00284596	0.0027518	0.00343212	0.00374049	0.00104863	0.000874031	0.000824324	0.000462297	0.00352697	0.00193887	0.00343344	0.00025271	0.00202199	0.00121599	0.00330232	0.00288021	0.00191713	0.00110092	0.000593086	0.00113774	0.0014326	0.00213438	0.00286908	0.00209553	0.00114031	0.00112593	0.00023671	0.00275729	0.000687734	0.00408888	0.00158712	9.06714e-05	0.00112789	0.00308993	0.000468801	0.000437155	0.00162609	0.000862031	0.00065136	0.000186368	0.00307444	0.00115678	0.00107281	0.0	0.00115049	0.000288812	0.00252812	0.000918441	0.0	0.000828319	0.00204915	0.000876816	0.000721827	4.09881e-05	0.0035608	6.62174e-05	0.000521385	0.00090093	0.000696456	0.00123703	0.00207079	0.000157898	0.00175661	0.000946186	0.00190075	0.00137356	0.00163828	0.00187397	0.00125699	0.0022758	0.00326237	0.00150935	0.00103	0.000376964	0.001203	0.00141697	0.00200476	0.00160905	0.000659259	0.0011121	0.00238286	0.00179111	0.00137134
PWY-6293: superpathway of L-cysteine biosynthesis (fungi)	1.69985e-05	5.37647e-05	0.0	0.000243219	8.06225e-05	0.000528751	0.000237893	7.13723e-05	0.000114279	0.000209758	0.000510282	0.00084097	0.00028179	0.000123836	0.000888068	0.000170301	0.0	0.000521448	0.000218135	4.32883e-05	0.0	0.0	0.0	7.72643e-05	0.00121335	0.000692027	5.79366e-05	0.000442205	0.000871512	0.000638434	0.000106139	0.0	3.12423e-05	0.000478274	0.0007158	0.0	0.000275787	0.0	8.12237e-06	0.000946258	7.46761e-05	0.0	0.000460556	0.00135024	0.000608039	0.000233509	0.000754003	0.0	0.000505175	0.0	0.000729675	0.000878379	0.000385825	0.0	0.000191423	0.0	4.46372e-05	0.00015389	0.000116097	0.00056401	1.10014e-05	0.000199037	0.0	0.000273898	0.0	0.000190269	3.76443e-05	0.0	0.0	0.0	0.000130374	0.000112817	0.0	0.0	0.000640757	0.000372173	0.0	0.0	2.5993e-05	0.00127687	3.88709e-05	8.26208e-05	0.0	0.0	0.000103153	0.0	0.0	0.000491509	0.0	0.0	0.0	0.0	0.000305615	0.000742798	0.0	0.0	0.0	0.0	6.38878e-05	0.0	3.45627e-05	0.000135978	7.14639e-05	0.000273142	0.0	0.000371723	0.000124082	0.000449535	0.000120515	0.000476507	0.0	0.0	0.0	0.0	0.0	8.85615e-05	0.00090611	0.000192495	0.0	0.000993544	0.0	0.000287508	0.0	0.0	0.000343792	0.0	0.000814251	0.0	0.0	0.000175694	0.0	0.0	0.0	0.0	4.84333e-05	0.0	0.000237099	0.0010113	1.27454e-05	0.0	0.000577865	0.0	0.000354382	0.000325728	0.000220683	5.22848e-05	0.0	0.0	0.000131977	0.000183252	0.000320553	6.40975e-05	0.0	0.000148749	0.000279028	0.00107212	0.00039647	0.000415846	0.0	0.000189025	0.000110686	0.00079856	0.000108801	0.00027425	1.94545e-05	0.00075825	9.81198e-05	0.000143045	0.000255104	0.000142341	0.000918722	0.000638433	0.000123057	7.62359e-05	0.00100269	0.0	0.000569858	0.000448714	4.12175e-05	0.0	0.000108134
PWY-6305: superpathway of putrescine biosynthesis	0.00128473	0.000888341	0.00132017	0.00197253	0.00085244	0.00204086	0.00184507	0.0	0.00152295	0.00162538	0.00433456	0.00237175	0.00047784	0.00321719	0.00274302	0.00193288	0.000267741	0.00216008	0.00419636	0.00239762	0.00181335	0.00168049	0.0045212	0.00202365	0.0029361	0.00239121	0.00273691	0.00359202	0.00298006	0.00373628	0.00184395	0.00297768	0.00169455	0.00192594	0.00206602	0.00427842	0.00135648	0.00202135	0.00372518	0.00189332	0.00193783	0.000755137	0.00453925	0.00318676	0.00268864	0.00177614	0.00155118	0.00231198	0.00203908	0.00222549	0.00231319	0.00112286	0.00465761	0.000800731	0.00284149	0.00205304	0.00232592	0.000837274	0.0012334	0.0010915	0.00148031	0.00147834	0.000226332	0.00186424	0.00138427	0.00160231	0.00130757	0.00394489	0.00119744	0.000607624	0.00298556	0.00324988	0.00208813	0.00249418	0.00266577	0.00143539	0.00164307	0.00226365	0.00107478	0.00354148	0.0030732	0.000639566	0.00037307	0.00093229	0.00123949	0.00141546	0.000966012	0.00167139	0.00207503	0.00304039	0.000397571	0.00270256	0.00236275	0.0025504	0.00202359	0.0022391	0.0021453	0.00282685	0.000904984	0.00173413	0.00048265	0.00276337	0.00139939	0.0026694	0.00160529	0.00235643	0.000951702	0.00167014	0.00330759	0.00240321	0.000909498	0.000642222	0.00274161	0.00227157	0.000380813	0.00229453	0.00301239	0.00162572	0.000358566	0.00277597	0.00117381	0.00189641	0.00195571	0.00120095	0.00102506	0.00270193	0.0029733	0.00330011	0.00413206	0.00308122	0.00157534	0.00324507	0.00184915	0.000525907	0.00256129	0.000181993	0.00112051	0.00314488	0.00207227	0.000937812	0.00207994	0.00363799	0.00206413	0.00158252	0.00115496	0.000812232	0.00275833	0.00167076	0.00240296	0.000447346	0.00629054	0.00438525	0.00372478	0.0029142	0.00332848	0.00189387	0.00063086	0.00163562	0.00188801	0.00215151	0.00209661	0.00274109	0.000614763	0.000856067	0.00149332	0.00144757	0.00265716	0.00200948	0.00176288	0.00234873	0.00233291	0.00217712	0.00162356	0.00186628	0.00272358	0.00252947	0.00191345	0.00108149	0.00057689	0.00244801	0.00172874
PWY-6307: L-tryptophan degradation X (mammalian, via tryptamine)	0.0	0.0	0.0	0.0	0.0	0.0	0.0	0.0	0.0	0.0	0.0	0.0	0.0	0.0	0.0	0.0	0.0	0.0	0.0	0.0	0.0	0.0	0.0	0.0	0.0	0.0	0.0	0.0	0.0	0.0	0.0	0.0	0.0	0.0	0.0	0.0	0.0	0.0	0.0	0.0	0.0	0.0	0.0	0.0	0.0	0.0	0.0	0.0	0.0	0.0	0.0	0.0	0.0	0.0	0.0	0.0	0.0	0.0	0.0	0.0	0.0	0.0	0.0	1.09953e-06	0.0	0.0	0.0	0.0	0.0	0.0	0.0	0.0	0.0	0.0	0.0	0.0	0.0	0.0	0.0	0.0	0.0	0.0	0.0	0.0	0.0	0.0	0.0	0.0	0.0	0.0	0.0	0.0	0.0	0.0	0.0	0.0	0.0	0.0	0.0	0.0	0.0	0.0	0.0	0.0	0.0	5.03124e-06	1.4536e-06	0.0	0.0	0.0	0.0	0.0	0.0	0.0	0.0	0.0	0.0	0.0	0.0	0.0	0.0	0.0	0.0	0.0	0.0	0.0	0.0	0.0	0.0	0.0	0.0	0.0	0.0	0.0	0.0	0.0	0.0	0.0	0.0	0.0	0.0	0.0	0.0	0.0	0.0	0.0	0.0	0.0	0.0	0.0	0.0	3.01053e-05	0.0	0.0	0.0	0.0	0.0	0.0	0.0	0.0	0.0	0.0	0.0	0.0	0.0	0.0	0.0	0.0	0.0	0.0	0.0	0.0	0.0	0.0	0.0	0.0	0.0	0.0	0.0	0.0	0.0
PWY-6309: L-tryptophan degradation XI (mammalian, via kynurenine)	0.0	0.0	0.0	0.0	3.79321e-06	0.0	0.0	0.0	0.0	0.0	0.0	0.0	0.0	0.0	0.0	0.0	0.0	0.0	0.0	0.0	0.0	0.0	0.0	0.0	0.0	0.0	0.0	0.0	0.0	0.0	0.0	0.0	0.0	0.0	0.0	0.0	0.0	0.0	0.0	0.0	0.0	0.0	0.0	0.0	0.0	0.0	0.0	0.0	0.0	0.0	0.0	0.0	0.0	0.0	0.0	0.0	0.0	0.0	0.0	0.0	0.0	0.0	0.0	0.0	0.0	0.0	0.0	0.0	0.0	0.0	0.0	0.0	0.0	0.0	0.0	0.0	0.0	0.0	0.0	0.0	0.0	0.0	0.0	0.0	0.0	0.0	0.0	0.0	0.0	0.0	0.0	0.0	0.0	0.0	0.0	0.0	0.0	0.0	0.0	0.0	0.0	0.0	0.0	0.0	0.0	0.0	0.0	0.0	0.0	0.0	0.0	0.0	0.0	0.0	0.0	0.0	0.0	0.0	0.0	0.0	0.0	0.0	0.0	0.0	0.0	0.0	0.0	0.0	0.0	0.0	0.0	0.0	0.0	0.0	0.0	0.0	0.0	0.0	0.0	0.0	0.0	0.0	0.0	0.0	0.0	0.0	0.0	0.0	0.0	0.0	0.0	0.0	0.0	0.0	0.0	0.0	0.0	0.0	0.0	0.0	0.0	0.0	0.0	0.0	0.0	0.0	0.0	0.0	0.0	0.0	0.0	0.0	0.0	0.0	0.0	0.0	0.0	0.0	0.0	0.0	0.0
PWY-6313: serotonin degradation	0.0	0.0	0.0	0.0	0.0	0.0	0.0	0.0	0.0	0.0	0.0	0.0	0.0	0.0	0.0	0.0	0.0	0.0	0.0	0.0	0.0	0.0	0.0	0.0	0.0	0.0	0.0	0.0	0.0	0.0	0.0	0.0	0.0	0.0	0.0	0.0	0.0	0.0	0.0	0.0	0.0	0.0	0.0	0.0	0.0	0.0	0.0	0.0	0.0	0.0	0.0	0.0	0.0	0.0	0.0	0.0	0.0	0.0	0.0	0.0	0.0	0.0	0.0	1.45517e-06	0.0	0.0	0.0	0.0	0.0	0.0	0.0	0.0	0.0	0.0	0.0	0.0	0.0	0.0	0.0	0.0	0.0	0.0	0.0	0.0	0.0	0.0	0.0	0.0	0.0	0.0	0.0	0.0	0.0	0.0	0.0	0.0	0.0	0.0	0.0	0.0	0.0	0.0	0.0	0.0	0.0	6.67975e-06	1.91485e-06	0.0	0.0	0.0	0.0	0.0	0.0	0.0	0.0	0.0	0.0	0.0	0.0	0.0	0.0	0.0	0.0	0.0	0.0	0.0	0.0	0.0	0.0	0.0	0.0	0.0	0.0	0.0	0.0	0.0	0.0	0.0	0.0	0.0	0.0	0.0	0.0	0.0	0.0	0.0	0.0	0.0	0.0	0.0	0.0	2.98338e-05	0.0	0.0	0.0	0.0	0.0	0.0	0.0	0.0	0.0	0.0	0.0	0.0	0.0	0.0	0.0	0.0	0.0	0.0	0.0	0.0	0.0	0.0	0.0	0.0	0.0	0.0	0.0	0.0	0.0
PWY-6317: D-galactose degradation I (Leloir pathway)	0.00449623	0.00393856	0.00353866	0.00455084	0.00634509	0.00462915	0.00550735	0.00648333	0.00352077	0.00486127	0.0032158	0.00415818	0.00773231	0.00436409	0.00424215	0.00391601	0.000862539	0.00484175	0.00360661	0.00410609	0.00341675	0.00444623	0.00272769	0.00403492	0.00408576	0.00472193	0.00420132	0.00468258	0.00421582	0.00169839	0.00287518	0.00455344	0.00510456	0.00241412	0.00463674	0.00308465	0.00300579	0.00480994	0.00313717	0.00165403	0.00456526	0.00122082	0.00220821	0.0037907	0.00392328	0.00322082	0.00490381	0.00398807	0.00381659	0.00447678	0.00429378	0.00181876	0.00324908	0.00300439	0.00196172	0.00252517	0.00307783	0.00600708	0.0044542	0.00217147	0.00218174	0.00173457	0.00417429	0.00346839	0.00693033	0.00287705	0.00379465	0.00298706	0.00278532	0.00126954	0.00224762	0.00544547	0.0064014	0.00206852	0.00331038	0.00410259	0.00588703	0.00468858	0.00342218	0.00421198	0.00469932	0.00136965	0.0082023	0.00426457	0.00563107	0.00515896	0.00633148	0.00528493	0.00628511	0.00489086	0.00624478	0.000887355	0.00369515	0.00366631	0.00441235	0.00235194	0.00671474	0.00483717	0.00474521	0.00444598	0.00420477	0.00540896	0.0058789	0.00300158	0.0062461	0.00200376	0.00709585	0.00515322	0.00566646	0.00251028	0.00752912	0.0053355	0.00467155	0.00657683	0.00326351	0.00451612	0.00355673	0.00423967	0.00522368	0.00484724	0.00685318	0.00497524	0.00438765	0.00389877	0.00229447	0.00544706	0.00417693	0.00404261	0.00179878	0.00355762	0.00422345	0.00551501	0.00122796	0.00118095	0.00573507	0.00341828	0.00424279	0.00426825	0.00500988	0.00392755	0.00304685	0.00350988	0.00410689	0.00299218	0.00389446	0.00292264	0.00290837	0.00389931	0.00291799	0.0066326	0.00405741	0.00295379	0.00496958	0.00365159	0.00320537	0.0047137	0.006007	0.00447649	0.00563169	0.00341151	0.00470796	0.00354402	0.00596564	0.00702365	0.00668621	0.00342323	0.00500806	0.00480723	0.00519367	0.00439828	0.00399281	0.00336994	0.00591788	0.00457522	0.00413301	0.00546864	0.00428484	0.0063464	0.00720112	0.00626539	0.00328527
PWY-6318: L-phenylalanine degradation IV (mammalian, via side chain)	0.0	1.48315e-05	5.68826e-06	1.95225e-05	8.91409e-06	0.0	4.02999e-05	0.0	0.0	1.97479e-05	0.0	3.47766e-05	0.0	7.01106e-05	0.0	6.00978e-05	0.0	4.95461e-05	3.98287e-05	0.0	0.0	0.0	0.0	2.13254e-05	0.0	0.000112758	2.4864e-05	1.01511e-05	5.2716e-05	5.87472e-05	0.0	0.0	0.0	2.06549e-05	2.23084e-05	0.000157075	1.07497e-05	0.0	1.32491e-06	0.000144162	0.0	0.0	0.00012069	0.00014953	0.0	0.0	3.43816e-05	0.0	0.0	0.0	0.000129829	0.000107028	0.000277002	0.0	0.0	0.0	0.000206682	6.09282e-06	3.26436e-05	0.000118858	8.54878e-06	0.0	0.0	0.000187005	0.0	0.0	0.0	0.0	0.000209972	0.0	2.30683e-05	7.16496e-05	0.0	0.0	0.0	1.81827e-05	0.0	0.0	0.0	2.57463e-05	5.74172e-06	0.0	0.0	0.0	0.0	0.0	0.0	4.96241e-05	0.0	0.0	0.0	0.0	0.000180144	0.0	0.0	0.0	0.0	0.0	0.0	0.0	0.0	4.22154e-06	0.0	8.63527e-05	0.0	5.03139e-05	0.0	0.0	1.2673e-05	0.000638865	0.0	0.0	0.0	0.0	0.0	0.0	6.52492e-05	0.0	0.0	0.000150658	0.0	0.000121534	0.0	0.0	7.34869e-05	0.0	4.51658e-05	0.0	0.0	1.63285e-05	0.0	0.0	0.0	0.0	0.0	0.0	7.7009e-05	7.30081e-05	0.0	0.0	0.0	0.000121966	6.80205e-06	3.7429e-05	0.0	0.0	8.10919e-05	0.0	7.99333e-05	4.90393e-05	0.000155869	0.000427821	0.0	0.000495481	0.000297527	0.000390906	9.00042e-05	1.59983e-05	0.0	0.0	0.0	0.0	0.0	3.91767e-05	0.0	0.0	0.0	0.0	0.0	1.48079e-05	9.39044e-05	6.21378e-05	2.89415e-05	0.0	0.0	0.0	9.7582e-05	9.78229e-06	0.0	0.0	2.29198e-06
PWY-6328: L-lysine degradation X	0.0	0.000127448	0.0	4.74919e-05	0.0	0.0	0.000125839	0.0	7.01352e-05	7.95082e-06	0.00112957	3.25209e-05	1.28867e-05	4.5896e-05	0.000148333	8.67524e-05	0.0	0.0	0.000481559	0.0	0.0	0.0	0.0	1.66546e-05	0.000678319	0.000247323	3.38018e-05	0.000655761	0.000722908	0.00018084	1.13895e-05	0.0	0.0	0.000192123	0.000117912	0.0	8.59042e-05	0.0	0.0	0.000258559	0.0	0.0	0.000147201	0.00103953	0.000583977	0.0	0.000178537	0.0	0.0	0.0	0.000192541	0.000173476	0.000544685	0.0	5.4853e-05	0.0	0.0	1.87928e-06	4.3879e-05	0.000377441	0.0	0.00208896	0.0	0.000164121	0.0	0.0	0.0	0.0	7.87486e-05	0.0	0.0	2.95405e-05	0.0	0.0	0.0	0.0	0.0	0.0	0.0	0.0	1.8264e-05	0.0	0.0	0.0	4.9371e-05	0.0	0.0	8.90373e-05	0.0	0.0	0.0	0.0	0.000495724	0.0	8.55874e-06	0.0	0.0	0.0	0.0	0.0	6.01633e-05	3.18184e-05	0.0	2.3299e-05	0.0	4.97064e-05	0.0	0.000224228	1.74814e-06	0.00026788	0.0	0.0	0.0	0.0	0.0	0.0	0.00040184	4.82843e-05	0.0	0.000328122	0.0	1.06871e-05	0.0	0.0	0.000215599	0.0	1.33736e-05	0.0	0.0	0.000196749	0.0	0.0	0.0	0.0	1.77272e-05	0.0	0.000103495	1.72483e-05	0.0	0.0	0.000227524	0.000256494	0.0	0.000104748	6.32865e-05	6.02491e-06	6.57503e-05	0.0	1.40967e-05	9.06555e-05	0.0011422	0.00058995	0.0	0.0005535	8.04958e-05	0.000408128	8.57421e-05	0.000230995	0.0	3.1984e-05	1.60938e-05	0.000310161	3.4778e-05	9.84282e-05	0.0	0.000265277	5.03269e-05	4.5007e-05	6.2872e-05	0.0	0.000109786	0.0	3.19593e-05	0.0	0.000241972	0.0	0.000183994	0.000198436	2.84285e-05	0.0	3.7528e-05
PWY-6349: CDP-archaeol biosynthesis	2.26963e-05	0.0	0.0	0.0	0.0	0.0	0.0	0.0	0.0	0.0	0.0	0.0	0.0	0.0	0.0	0.0	0.0	0.0	0.0	0.0	0.0	0.0	0.0	0.0	0.0	0.0	0.0	0.0	0.0	0.0	0.0	0.0	0.0	0.0	0.0	0.0	0.0	0.0	0.0	0.0	0.0	0.0	0.0	0.0	0.0	0.0	0.0	0.0	0.0	0.0	0.0	0.0	0.0	0.0	0.0	0.0	0.0	0.0	0.0	0.0	0.0	0.0	0.0	0.0	0.0	0.0	0.0	0.0	0.0	0.0	0.0	0.0	0.0	0.0	0.0	0.0	0.0	0.0	0.0	0.0	0.0	0.0	0.0	0.0	0.0	0.0	0.0	0.0	0.0	0.0	0.0	0.0	0.0	0.0	0.0	0.0	0.0	0.0	0.0	0.0	0.0	0.0	0.0	0.0	0.0	0.0	0.0	0.0	0.0	0.0	0.0	0.0	0.0	0.0	0.0	0.0	0.0	0.0	0.0	0.0	0.0	0.0	0.0	0.0	0.0	0.0	0.0	0.0	0.0	0.0	0.0	0.0	0.0	0.0	0.0	0.0	0.0	0.0	0.0	0.0	0.0	0.0	0.0	0.0	0.0	0.0	0.0	0.0	0.0	0.0	0.0	0.0	0.0	0.0	0.0	0.0	0.0	4.79853e-05	0.0	0.0	0.0	0.0	9.25502e-05	0.0	2.27142e-05	0.0	0.0	0.0	0.0	0.0	0.0	0.0	0.0	0.0	0.0	0.0	0.0	0.0	0.0	0.0	0.0
PWY-6350: archaetidylinositol biosynthesis	0.0	0.0	0.0	0.0	0.0	0.0	0.0	0.0	0.0	0.0	0.0	0.0	0.0	0.0	0.0	0.0	0.0	0.0	0.0	0.0	0.0	0.0	0.0	0.0	0.0	0.0	0.0	0.0	0.0	0.0	0.0	0.0	0.0	0.0	0.0	0.0	0.0	0.0	0.0	0.0	0.0	0.0	0.0	0.0	0.0	0.0	0.0	0.0	0.0	0.0	0.0	0.0	0.0	0.0	0.0	0.0	0.0	0.0	0.0	0.0	0.0	0.0	0.0	0.0	0.0	0.0	0.0	0.0	0.0	0.0	0.0	0.0	0.0	0.0	0.0	0.0	0.0	0.0	0.0	0.0	0.0	0.0	0.0	0.0	0.0	0.0	0.0	0.0	0.0	0.0	0.0	0.0	0.0	0.0	0.0	0.0	0.0	0.0	0.0	0.0	0.0	0.0	0.0	0.0	0.0	0.0	0.0	0.0	0.0	0.0	0.0	0.0	0.0	0.0	0.0	0.0	0.0	0.0	0.0	0.0	0.0	0.0	0.0	0.0	0.0	0.0	0.0	0.0	0.0	0.0	0.0	0.0	0.0	0.0	0.0	0.0	0.0	0.0	0.0	0.0	0.0	0.0	0.0	0.0	0.0	0.0	0.0	0.0	0.0	0.0	0.0	0.0	0.0	0.0	0.0	0.0	0.0	0.0	0.0	0.0	0.0	0.0	8.21454e-05	0.0	0.0	0.0	0.0	0.0	0.0	0.0	0.0	0.0	0.0	0.0	0.0	0.0	0.0	0.0	0.0	0.0	0.0
PWY-6353: purine nucleotides degradation II (aerobic)	0.00149644	0.00478512	0.000905317	0.00261077	0.000993421	0.00134878	0.00212998	0.00652453	0.00157788	0.00259196	0.00461471	0.0035667	0.00275691	0.00185992	0.00391025	0.00261638	0.000216824	0.00289733	0.00421796	0.000908356	0.000385546	0.0014789	0.00087287	0.0012644	0.00522472	0.00297778	0.00137125	0.00550359	0.00543127	0.00332354	0.000765869	0.0013885	0.00171156	0.0032681	0.00295501	0.00414482	0.00110372	0.0012996	7.31001e-05	0.00165837	0.00208135	0.00131329	0.00226422	0.00513462	0.00253727	0.00222932	0.00410092	0.00097549	0.00168466	0.00147127	0.00348326	0.00541577	0.00358947	0.00110315	0.00170226	0.000790825	0.000338222	0.00212022	0.00210098	0.00469732	0.00193978	0.00242855	0.000237243	0.00544744	0.000605046	0.000980527	0.00118939	0.000383713	0.00363974	0.000476466	0.00247003	0.00145979	0.000776937	0.00166511	0.00214598	0.00397131	0.00319943	0.000592263	0.0013663	0.00355296	0.00144442	0.00157692	0.000820596	0.00144567	0.00112791	0.000826486	0.000641757	0.00165438	0.000565479	0.000688695	0.000487307	0.00121417	0.00424228	0.0035262	0.00131053	0.000214417	0.00194635	0.00137112	0.00102242	0.00108037	0.000617559	0.00128973	0.00154266	0.002719	0.0011502	0.00158292	0.002008	0.00121041	0.00123856	0.00322279	0.000579035	0.00227315	0.000581847	0.0015388	0.00101152	0.00152895	0.00410695	0.00159733	0.000350772	0.00264274	0.000965495	0.00221963	0.000774013	0.000735392	0.00275403	0.00202664	0.00284663	0.00163496	0.000606153	0.00270381	0.000391892	0.000853485	0.000315699	0.000417015	0.00132585	0.00025073	0.0023006	0.0035172	0.000257719	0.000568824	0.00173206	0.00211507	0.00112159	0.00253914	0.00135977	0.00335023	0.00307803	0.00116548	0.0013687	0.00114098	0.00532426	0.003895	0.00115968	0.00446728	0.00382549	0.00406603	0.00349848	0.00294698	0.00167156	0.00192995	0.00138754	0.00334927	0.00194053	0.00198226	0.00165643	0.00314407	0.0015457	0.00204512	0.00333673	0.00158624	0.00379302	0.00276492	0.00188517	0.00127782	0.00561842	0.00278528	0.00197668	0.00598853	0.0020809	0.00257235	0.00181198
PWY-6385: peptidoglycan biosynthesis III (mycobacteria)	0.0129216	0.00941875	0.0112819	0.0101527	0.00994131	0.00734085	0.0103146	0.00703479	0.0126009	0.0108042	0.0063782	0.00775702	0.00904324	0.00517064	0.00640259	0.00990376	0.0126905	0.00878526	0.00434896	0.0117368	0.0101141	0.0121428	0.0122462	0.0122608	0.00544351	0.00753329	0.0117217	0.00480594	0.00559827	0.0088877	0.0126261	0.0124031	0.0122557	0.00908055	0.00766288	0.00400817	0.0109762	0.0123524	0.00433477	0.0100332	0.0116817	0.0115984	0.00674687	0.0045103	0.0050794	0.00913416	0.00745989	0.0120894	0.00890255	0.0127219	0.00562247	0.00532418	0.00601418	0.0101887	0.00977481	0.0120161	0.00896329	0.00648638	0.0108839	0.00849178	0.00953286	0.00401357	0.0108472	0.00738875	0.0118934	0.0111127	0.0129945	0.0107003	0.00979378	0.0116275	0.00876057	0.00822225	0.0119776	0.00939882	0.0118798	0.0106479	0.0101387	0.0111383	0.0117313	0.00607922	0.010889	0.01173	0.0124839	0.013525	0.0102451	0.0110952	0.0122556	0.0126083	0.00982977	0.0119444	0.0194134	0.0124052	0.00497471	0.00754615	0.0129499	0.0118566	0.0106983	0.0118296	0.0123525	0.0128718	0.015725	0.0102501	0.0120905	0.00904351	0.0121146	0.00967918	0.0100571	0.0113096	0.00948074	0.00533562	0.0137212	0.0104467	0.0119375	0.01074	0.0180522	0.0100069	0.0056157	0.0096323	0.0150824	0.00725558	0.0142843	0.00893627	0.0109441	0.00997271	0.0131583	0.00905109	0.00702587	0.0111192	0.0116217	0.00622502	0.0111074	0.0126838	0.014897	0.0110632	0.0134558	0.0195751	0.0108054999999999	0.00584337	0.012215	0.0152545	0.00930016	0.00439936	0.00686766	0.00851546	0.013409	0.0107128	0.00733303	0.0126501	0.00981712	0.0106364	0.00411206	0.00387071	0.0118978	0.00489776	0.00394939	0.00619507	0.00834125	0.0109605	0.0109596	0.00932083	0.0101179	0.00800101	0.012588	0.00788676	0.0128864	0.00678274	0.0117491	0.00938234	0.00941271	0.0104553	0.00720711	0.00743672	0.0106774	0.0106235	0.00480318	0.0118561	0.00847416	0.00575782	0.00915358	0.00959453	0.0096827
PWY-6386: UDP-N-acetylmuramoyl-pentapeptide biosynthesis II (lysine-containing)	0.0129671	0.0090958	0.0114796	0.0103312	0.0118986	0.00800244	0.0105782	0.00679707	0.0127032	0.0110565	0.00555087	0.00792417	0.00912529	0.00515635	0.00616039	0.0102553	0.0137136	0.00901374	0.00398252	0.0118895	0.0101885	0.0124099	0.0122831	0.0121694	0.00513641	0.00729424	0.0121162	0.00460992	0.00549545	0.00848817	0.0127787	0.0124074	0.0127175	0.00882968	0.00757436	0.00377355	0.0109253	0.0127394	0.00387182	0.0071024	0.0120219	0.0109181	0.00636329	0.00425031	0.00488689	0.00887978	0.00779594	0.0119561	0.00856343	0.0130785	0.00570692	0.00476555	0.00535533	0.0102415	0.0102118	0.0120181	0.0087277	0.00763232	0.0110641	0.00798745	0.00950179	0.00371367	0.0100072	0.00694402	0.0118104	0.0113249	0.0132179	0.0101703	0.00960691	0.0117733	0.00864332	0.00809974	0.0130688	0.00852884	0.0107575	0.0106952	0.0102134	0.0112345	0.0114432	0.00558961	0.0114161	0.0112729	0.0132088	0.0139866	0.0104167	0.0116158	0.0119336	0.0125837	0.0112428	0.0120904	0.019283	0.0117894	0.00448251	0.0072951	0.0133407	0.0118195	0.0113522	0.0119961	0.013027	0.0128733	0.0161123	0.0112751	0.0122989	0.00876595	0.0124997	0.00908699	0.0111353	0.0105921	0.00975982	0.00482746	0.013979	0.00991809	0.0124889	0.0114571	0.0187784	0.0102709	0.00508771	0.0100489	0.0153994	0.00711949	0.0147002	0.00924476	0.0110379	0.00989104	0.0134255	0.0098449	0.00714074	0.0112903	0.0111889	0.00524386	0.0111919	0.0125651	0.0146262	0.0105499	0.0140813	0.0198914	0.0104703	0.00560714	0.0124987	0.0160141	0.00904044	0.00399751	0.00740692	0.00817354	0.0139989	0.00966563	0.00667429	0.0128409	0.0103096	0.0115427	0.00332711	0.00353543	0.0121839	0.00464884	0.00367948	0.00604233	0.0103371	0.0110461	0.0110819	0.00915054	0.010307	0.00802093	0.0132597	0.00860507	0.013148	0.00663527	0.0123527	0.00966143	0.00979737	0.0106931	0.00703463	0.00685545	0.0109555	0.0108119	0.00447622	0.0127317	0.00850117	0.00650043	0.0104116	0.00968699	0.00970817
PWY-6387: UDP-N-acetylmuramoyl-pentapeptide biosynthesis I (meso-diaminopimelate containing)	0.0130052	0.00958016	0.0112878	0.0104	0.0117167	0.00787462	0.0105384	0.00671738	0.0129722	0.01123	0.00592106	0.00790176	0.00883782	0.00497847	0.00623271	0.0102195	0.0133017	0.00888986	0.00417457	0.0121692	0.010509	0.01246	0.0124751	0.0124574	0.00531061	0.00795443	0.0121557	0.00458017	0.00537679	0.00928445	0.013164	0.0123646	0.0128839	0.00914994	0.00762881	0.00380944	0.0115381	0.0128159	0.00432055	0.0102714	0.0121742	0.0111583	0.00668206	0.00428648	0.00487541	0.00915603	0.00765869	0.0122027	0.00878347	0.0128213	0.00558996	0.00494936	0.00583485	0.00999699	0.0101495	0.0120257	0.00944449	0.00743777	0.0110532	0.00828865	0.00964112	0.00381038	0.0110705	0.00707598	0.0132532	0.0116064	0.0130938	0.0110179	0.00983148	0.0120356	0.00873627	0.00809393	0.0129659	0.00949146	0.0119987	0.0110482	0.0103462	0.0114501	0.0120758	0.00576718	0.0111502	0.0115682	0.0130963	0.0140073	0.0105807	0.0114639	0.0125846	0.0131885	0.0109953	0.0121285	0.0208664	0.0119574	0.00476003	0.00742578	0.013128	0.0118953	0.0112148	0.0121966	0.0128886	0.0132644	0.0166929	0.0110914	0.0127873	0.00892451	0.0125812	0.00938536	0.0109747	0.0115822	0.00941331	0.005201	0.0144989	0.0107828	0.0124807	0.0112987	0.0188120999999999	0.0103963	0.00544188	0.0099408	0.0155525	0.00711016	0.014579	0.0091341	0.0112888	0.0101704	0.0146274	0.00976733	0.00710693	0.0113453	0.0115116	0.00600397	0.011382	0.0129371	0.0151341	0.0111689	0.0140368	0.022633	0.0110037	0.00565455	0.0133609	0.0164327	0.00953804	0.00438651	0.00735802	0.00811538	0.0137925	0.0102891	0.00710959	0.0130623	0.0103357	0.0113166	0.00387854	0.00368846	0.0121624	0.004717	0.00378736	0.00601992	0.0100646	0.0112087	0.0110027	0.00916829	0.0101939	0.00782972	0.0130876	0.00831976	0.0130176	0.00647002	0.0119849	0.00957075	0.00956588	0.0105468	0.00698853	0.0070985	0.0107245	0.0107799	0.00462498	0.0126031	0.008444	0.00623083	0.0103036	0.00967447	0.00971632
PWY-6396: superpathway of 2,3-butanediol biosynthesis	0.0	0.0	0.0	0.0	0.000555046	0.0	0.0	2.97148e-05	0.0	0.0	0.0	0.0	0.0	2.66557e-05	0.0	0.0	0.0	0.0	0.0	0.0	0.0	0.0	0.0	0.0	1.70644e-05	0.0	0.0	0.000163783	2.09108e-06	0.0	0.0	0.0	0.0	0.0	0.0	0.0	0.0	0.0	3.10593e-05	0.0	0.0	0.0	0.0	3.51462e-05	0.0	0.0	0.0	0.0	0.0	0.0	0.000203828	0.0	4.85286e-05	0.0	0.0	0.0	0.0	0.0	0.0	0.0	0.0	0.0	0.0	0.0	0.0	0.0	0.0	0.0	0.0	0.0	0.0	0.0	0.0	0.0	2.63197e-05	0.0	0.0	0.0	0.0	0.0	0.0	0.0	0.0	0.0	0.0	0.0	0.0	0.0	0.0	0.0	0.0	0.0	3.24656e-05	0.0	0.0	0.0	0.0	0.0	0.0	0.0	0.0	0.0	0.0	0.0	0.0	0.0	0.0	0.0	1.81257e-05	0.0	0.0	6.41375e-05	0.0	0.0	0.0	0.0	0.0	8.74979e-05	0.0	0.0	0.0	0.0	0.0	0.0	0.0	0.0	0.0	0.0	0.0	0.0	0.0	0.0	0.0	0.0	0.0	0.0	0.0	0.0	0.0	0.0	0.0	0.0	0.0	7.81048e-05	0.0	0.0	0.0	0.0	0.0	0.0	0.0	0.0	0.0	0.000147854	0.0	0.00023425	0.0	4.84979e-05	0.0	0.0	0.0	0.000177907	0.0	0.0	0.0	0.0	0.0	1.72301e-05	0.0	0.0	0.0	0.0	0.0	0.0	0.000250848	0.0	0.0	0.0	0.0	0.0	3.03807e-05
PWY-6415: L-ascorbate biosynthesis V (euglena, D-galacturonate pathway)	0.0	0.0	0.0	0.0	0.0	0.00013214	0.0	0.0	0.0	0.000145821	0.0	0.000160233	0.0	0.0	0.0	0.0	0.0	0.0	0.0	0.001015	0.0	0.00010402	0.000314188	0.0	0.0	0.0	0.0	0.0	0.0	0.0	0.000350741	0.0	0.0	0.0	0.0	0.0	0.0	0.0	0.0	0.0	0.0	0.0	0.0	0.0	0.0	0.0	0.0	0.000464977	0.0	0.0	0.0	0.0	0.0	0.0	0.0	0.0	9.9641e-05	0.0	0.000447435	2.10555e-05	0.0	0.0	0.0	0.0	0.0	0.0	0.000284939	0.0	0.0	0.0	0.0	0.0	0.0	0.0	3.68056e-05	0.000416014	7.87635e-05	0.0	0.0	5.28809e-05	0.0	0.0	8.32769e-05	6.98702e-05	0.000150794	0.0	0.0	0.000129866	0.0	0.000375999	0.0	0.0	0.0	0.0	0.0	0.0	0.0	0.0	0.0	0.0	0.0	0.0	0.0	3.24523e-05	0.000314651	0.0	0.0	4.7738e-05	0.0	0.0	7.7371e-05	0.0	0.0	0.0	0.0	0.000199438	5.86964e-05	0.0	0.0	0.0	0.0	1.92117e-05	0.000510336	0.000422208	1.46722e-05	0.000175256	0.0	5.816e-05	0.0	0.0	0.0	0.0	0.00022388	0.0	0.0	0.0	0.0	0.0	0.0	0.0	0.000351292	0.0	0.0	0.0	0.0	0.0	0.0	0.000494779	0.0	0.0	0.0	0.0	0.000245702	0.0	0.0	0.0	0.0	0.0	0.0	0.0	0.0	0.0	0.0	0.0	0.0	0.0	0.0	0.0	0.0	0.0	0.0	0.0	0.0	0.0	0.0	0.0	0.0	0.0	0.0	0.0	0.0
PWY-6435: 4-hydroxybenzoate biosynthesis III (plants)	0.0	0.0	1.06084e-05	0.0	0.0	0.0	0.0	0.0	0.0	0.0	0.0	0.0	4.65912e-05	0.0	0.0	0.0	0.0	0.0	0.0	0.0	0.0	3.18433e-05	0.0	0.0	0.0	0.0	0.0	0.0	0.0	0.0	0.0	0.0	0.0	0.0	0.0	0.0	0.0	0.0	0.0	0.0	0.0	0.0	0.0	0.0	0.0	0.0	0.0	0.0	0.0	0.0	9.47479e-06	0.0	0.0	0.0	0.0	0.0	0.0	0.0	3.27368e-05	0.0	0.0	0.0	0.0	0.0	0.0	0.0	0.0	0.0	0.0	0.0	0.0	0.0	0.0	0.0	0.0	0.0	0.0	0.0	7.05531e-05	0.0	0.000364718	0.0	0.0	0.0	0.0	0.000229413	0.0	0.0	0.000266841	2.30718e-05	0.0	0.0	0.0	0.0	0.0	0.000183101	1.29328e-05	0.0	1.26448e-05	0.0	0.0	0.0	0.000181939	3.18997e-05	0.0	0.0	0.0	0.0	0.0	0.0	0.0	0.0	0.0	1.64976e-05	0.0	0.0	0.0	1.91548e-05	0.000149814	0.000569729	3.78915e-05	9.42892e-05	0.0	0.0	0.0	0.0	0.0	0.0	0.000106607	0.0	0.0	2.80824e-05	0.0	0.0	0.0	0.0	0.0	0.0	0.0	0.0	2.44222e-05	0.0	0.0	0.0	0.0	0.0	0.0	0.0	0.0	8.99559e-05	0.0	0.0	5.63452e-05	0.0	0.0	0.000148405	0.0	6.86525e-05	0.0	0.0	0.0	0.0	1.95179e-05	0.0	0.0	0.0	0.0	0.0	0.0	7.79147e-05	3.03683e-05	0.0	0.0	0.0	0.0	0.0	0.0	0.0	2.50583e-05	0.0	0.0
PWY-6467: Kdo transfer to lipid IVA III (Chlamydia)	0.0	1.41007e-05	0.0	0.0	0.0	0.0	0.0	0.0	0.0	0.0	0.0	0.0	0.0	4.73293e-06	0.0	0.0	0.0	0.0	0.0	0.0	0.0	0.0	0.0	0.0	0.0	0.0	0.0	0.0	0.0	0.0	0.0	0.0	0.0	0.0	0.0	0.0	0.0	0.0	0.0	0.000297304	0.0	0.0	0.0	0.0	0.0	0.0	0.0	0.0	0.0	0.0	0.0	0.0	0.0	0.0	0.0	0.0	0.0	0.0	0.0	0.0	0.0	0.0	0.0	0.0	0.0	0.0	0.0	0.0	0.0	0.0	0.0	0.0	0.0	0.0	0.0	0.000113917	0.0	0.0	0.0	0.0	0.0	0.0	0.0	0.0	0.0	0.0	0.0	0.000106572	0.0	0.0	0.0	0.0	0.0	0.0	0.0	0.0	0.0	0.0	0.0	0.0	0.0	0.0	0.0	0.0	0.0	0.0	0.0	0.0	0.0	0.0	0.0	0.0	0.0	0.0	0.0	0.0	0.000265003	0.0	0.0	3.1533e-05	0.0	0.0	0.0	0.0	0.0	0.0	0.0	0.0	0.0	0.0	0.0	0.0	0.0	0.0	0.0	0.0	0.0	0.0	0.0	0.0	0.0	0.0	0.0	0.0	0.0	0.0	0.0	0.0	0.0	0.0	0.0	0.0	0.0	0.0	0.0	0.0	0.0	0.0	0.0	0.0	0.0	0.0	0.0	0.0	2.68166e-05	0.000444521	0.0	0.0	0.0	0.0	0.0	0.0	0.0	0.0	0.0	0.0	0.0	0.0	0.0	0.0	0.0
PWY-6470: peptidoglycan biosynthesis V (&beta;-lactam resistance)	0.000595248	0.00029822	0.00211877	0.00104405	0.00560738	0.00216675	0.00187661	0.00248278	0.00118923	0.00135411	0.0	0.0013311	0.00317677	0.00118283	0.0	0.0020544	0.0	0.00273973	0.0	0.00132701	0.00214894	0.00154139	0.00100924	0.00147164	0.000803074	0.0	0.00109528	0.000779727	0.00105814	0.0	0.000247141	0.00139138	0.00144413	0.000875393	0.000533149	0.0	0.000284642	0.00115053	0.0	0.0003749	0.00107706	9.30946e-05	0.000372989	0.0	0.0	0.000987016	0.00198317	0.0012505	0.0011418	0.00127354	0.000297728	0.000201602	0.000413883	0.0	0.000629881	0.000952668	0.000984625	0.00120681	0.00100049	0.0	0.000579844	0.000583475	0.0	0.000169981	0.000758166	0.00133438	0.000603512	0.0	0.00102884	0.000336789	0.00012368	0.00160214	0.000920799	0.0	0.0	0.00040597	0.00113749	0.00282349	0.000585491	0.000463221	0.00228349	0.000989703	0.0	0.00561727	0.00324674	0.00116148	0.000291514	0.000216506	0.00281085	0.00136168	0.000534701	0.000184022	0.0	0.00176832	0.00156126	0.000989339	0.00227012	0.00148617	0.00210532	0.00105426	0.0	0.00046811	0.0	0.0039336	0.0014545	0.0011847	0.00214225	0.000788796	0.000134252	0.0	0.00015903	0.00302652	0.000938507	0.00222826	0.00103713	0.00196062	0.000215489	0.00360261	0.0	0.00233994	0.00157773	0.00066214	0.000944005	0.000260846	0.000323977	0.00209983	0.000935155	0.000381431	0.000449411	0.000550062	0.00150231	0.000352584	0.00153739	0.00124348	0.00106841	0.0	0.00145071	0.000613531	0.00243063	0.00102311	0.00285133	0.0	0.00164663	0.000788353	0.00106221	0.00288246	8.7386e-05	0.000369793	0.000561483	0.000380266	0.0	0.0	0.000693022	0.000168265	0.0	0.00157535	0.00468363	0.000242625	0.0	0.00245055	0.00153304	0.00134779	0.00150552	0.00621015	0.000957439	0.0	0.00163187	0.000696072	0.00119453	0.00104783	0.000486168	0.000510836	0.00149886	0.000814675	0.000643687	0.00161782	0.000788666	0.000420696	0.00125217	0.000775599	0.00182662
PWY-6471: peptidoglycan biosynthesis IV (Enterococcus faecium)	0.0	0.0	0.0	0.0	0.00567224	0.0	0.0	0.00264082	0.0	0.0	0.0	0.0	0.00329722	0.00126991	0.0	0.0	0.0	0.0	0.0	0.0	0.0	0.0	0.0	7.78859e-05	0.0	0.0	0.0	0.000841345	5.74435e-05	0.0	0.0	0.0	0.0	0.0	0.0	0.0	0.0	0.0	0.0	0.0	0.0	0.0	0.0	0.0	0.0	0.0	0.0	0.0	0.0	0.0	0.000169664	0.0	0.000446284	0.0	0.0	0.0	0.0	6.94285e-05	0.0	0.0	0.0	0.0	0.0	0.0	0.0	0.0	0.0	0.0	0.0	0.0	0.0	0.0	0.0	0.0	0.0	0.0	0.0	0.0	0.0	0.0	0.0	0.0	0.0	0.0	0.0	0.0	0.0	0.0	0.0	0.0	0.0	0.0	0.0	0.0	7.52507e-05	0.0	0.0	0.0	0.0	0.0	0.0	0.0	0.0	0.0	0.0	0.0	0.0	0.0	0.000116232	0.0	0.0	0.000895168	0.0	0.0	0.000439327	0.0	0.0	0.000242848	0.0	0.0	0.0	0.0	0.0	0.0	0.0	0.0	0.0	0.0	0.0	0.0	0.0	0.0	0.0	0.0	0.0	0.0	0.0	0.0	0.0	0.0	0.0	0.0	0.0	0.000845889	0.000573055	0.0	0.0	0.0	0.0	0.000295305	0.0	0.0	0.0	0.0	0.0	0.00168811	0.00492934	0.0	0.0	0.000296164	0.0	0.0	0.0	0.00643762	0.0	0.0	0.0	0.0	0.0	0.0	0.0	0.0	4.79127e-05	0.0	0.0	0.0	0.0	0.000454214	0.0	0.0	0.0
PWY-6478: GDP-D-glycero-&alpha;-D-manno-heptose biosynthesis	6.74514e-05	0.0	0.000132555	6.88146e-05	0.0	0.0	0.0	0.0	0.0	1.23747e-05	0.0	0.000137088	2.57963e-05	0.0	0.000197086	0.0	0.00261986	0.0	0.0	0.0	0.000100675	0.0	1.94314e-05	2.07907e-05	0.0	0.0	3.10421e-05	0.0	0.0	0.0	0.0	0.000419487	0.0	6.77448e-05	0.0	0.0	0.00029415	0.0	0.0	2.67598e-05	0.0	1.39433e-05	1.27629e-05	0.0	0.0	0.000928364	3.95278e-05	4.12404e-05	9.10843e-05	0.0	0.0	0.0	0.0	0.00311414	0.000337315	0.0	0.0	0.0	7.7968e-05	6.99569e-05	0.000114869	0.0	0.0	0.0	0.0	0.0	1.792e-05	0.0	9.86405e-06	0.0	0.0	0.0	0.0	0.0	0.0	0.0	0.0	0.000100524	0.0	0.0	0.0	0.000213534	0.0	0.0	0.0	0.0	0.0	0.0	0.0	0.0	0.0	0.0	0.0	2.96921e-05	0.0	9.05027e-06	0.0	0.0	0.0	0.0	0.0	0.0	0.000162172	2.03911e-05	0.0	0.000317192	0.0	3.14568e-05	3.03121e-06	0.0	1.94149e-05	0.0	0.0	0.0	0.0	2.54746e-05	0.0	0.00011936	0.0	1.91515e-05	0.0	0.0	0.0	0.0	0.0	3.2103e-05	6.91714e-05	2.15108e-05	0.0	9.63094e-06	0.000128148	0.0	0.0	0.0	0.0	0.0	0.0	0.0	3.56737e-05	0.0	0.0	0.0	0.0	0.000628782	0.0	2.85965e-05	0.0	0.0	0.0	0.0	0.0	0.0	0.0	0.0	0.0	0.0	0.0	0.000206892	0.0	0.000282757	5.91281e-05	0.000452358	2.30218e-05	0.0	0.0	0.00198701	4.63112e-05	0.000324025	0.000540563	0.0	1.90874e-05	0.0	9.15366e-05	0.000191735	0.000112544	0.0	0.000112157	0.0	2.49046e-05	0.0	7.1341e-05
PWY-6507: 4-deoxy-L-threo-hex-4-enopyranuronate degradation	0.000697567	0.00307281	0.000652958	0.00137491	0.000592393	0.00199999	0.00203959	0.00498031	0.00102271	0.00127032	0.00130238	0.00236233	0.00496286	0.00267489	0.0025058	0.000871875	7.88156e-05	0.00240304	0.00187895	0.00199075	0.000743009	0.00170634	0.000729394	0.000901218	0.00227227	0.00136543	0.00147928	0.00335489	0.00129817	0.00125232	0.000978501	0.000924622	0.000920023	0.000925953	0.0019469	0.00109533	0.00105838	0.000942958	0.000108276	0.00102564	0.00157442	0.00173471	0.000679016	0.00323592	4.84488e-05	0.00102121	0.00133108	0.0011611	0.00176032	0.00122632	0.00237513	0.00122472	0.00261859	0.000362533	0.000449793	0.000787112	0.00188164	0.00238962	0.000583983	0.00122451	0.000909614	0.00159094	0.0	0.00284121	0.000762988	0.00187942	0.00201271	0.00169468	0.000907199	0.00155625	0.0022679	0.00232599	0.00328223	0.00044572	0.00106435	0.00120388	0.000979651	0.00194394	0.00166523	0.00235588	0.00213753	0.000843569	0.00254184	0.00106843	0.00221463	0.00188283	0.000474853	0.00187467	0.00625284	0.00239105	0.000326383	0.000522277	0.0022135	0.00186609	0.00102486	0.000537525	0.00103588	0.0012297	0.0016302999999999	0.00204862	0.00131676	0.00261666	0.00128054	0.00152202	0.00129576	0.00151873	0.00287303	0.00222505	0.00252491	0.00195041	0.0018681	0.00179463	0.00195935	0.00108226	0.00150025	0.00146975	0.00176955	0.00104274	0.00109583	0.00161475	0.00199602	0.0027382	0.00144807	0.00074103	0.000704533	0.00127811	0.00141672	0.0022401	0.00177597	0.000820348	0.000591854	0.00226654	0.000838342	0.000721033	0.00309226	0.000447828	0.00145305	0.00190741	0.00154956	0.0013059	0.00125059	0.000210822	0.00215744	0.00118492	0.00143285	0.00192884	0.00132105	0.000711917	0.00239099	0.00027272	0.00184337	0.00150767	0.00216354	0.00207826	0.00218445	0.00180572	0.00143586	0.00127005	0.00108705	0.00238021	0.00103115	0.000879815	0.00101297	0.00272244	0.000879026	0.00189151	0.000963414	0.00127112	0.00115027	0.000741727	0.00195767	0.00171422	0.000556044	0.000470669	0.00314514	0.000987035	0.00133771	0.00355852	0.00222739	0.00152146	0.00144493
PWY-6518: bile acids epimerization	0.0	0.0	0.0	0.0	0.0	0.0	0.0	0.0	0.0	0.0	0.0	2.36993e-05	0.0	0.0	0.0	0.0	0.0	0.0	0.0	0.0	0.0	0.0	0.0	0.0	0.0	0.0	0.0	0.0	0.0	0.0	0.0	0.0	0.0	0.0	0.0	0.0	0.0	0.0	0.0	0.0	0.0	0.0	0.0	0.0	0.0	0.0	0.0	0.0	0.0	0.0	0.0	0.0	0.0	0.0	0.0	0.0	0.0	0.0	0.0	0.0	0.0	0.0	0.0	0.0	0.0	0.0	0.0	0.0	0.0	0.0	0.0	0.0	0.0	0.0	0.0	0.0	0.0	0.0	0.0	0.0	0.0	0.0	0.0	0.0	0.0	0.0	0.0	0.0	0.0	0.0	0.0	0.0	0.0	0.0	0.0	0.0	2.92999e-05	0.0	0.0	0.0	0.0	0.0	0.0	0.0	0.0	0.0	0.0	2.10726e-05	0.0	0.0	0.0	0.0	0.0	5.50132e-05	0.0	0.0	0.0	0.0	0.0	0.0	0.0	0.0	0.0	0.0	3.2173e-05	0.0	0.0	0.0	3.03198e-05	0.0	0.0	0.0	0.0	0.0	0.0	0.0	4.6437e-05	0.0	0.0	0.0	0.0	0.0	0.0	0.0	0.0	0.0	1.55261e-05	0.0	0.0	0.000112361	0.0	0.0	0.0	0.0	0.0	0.0	0.0	0.0	0.0	5.72673e-05	0.0	0.0	0.0	0.0	0.0	0.0	0.0	0.0	0.0	0.0	0.0	0.0	0.0	0.0	0.0	0.0	0.0	0.0	0.0	0.0	1.70187e-05
PWY-6519: 8-amino-7-oxononanoate biosynthesis I	0.00133218	0.00130334	0.0023773	0.00259619	0.000480545	0.00335717	0.0017971	0.00457607	0.0017957	0.00197337	0.00345072	0.00378511	0.00120326	0.00381537	0.00384185	0.0024216	0.00162536	0.00345693	0.00418856	0.00118204	0.00267344	0.00152238	0.00538922	0.00250821	0.00413507	0.00411825	0.00161714	0.00418634	0.00442886	0.00334895	0.00258434	0.00318885	0.00223485	0.00452789	0.00423395	0.00445786	0.00392208	0.000817588	0.0044434	0.00364782	0.00113337	0.00510116	0.0041166	0.00485576	0.00527291	0.00464442	0.00280468	0.0022172	0.005128	0.00304409	0.00383445	0.00480576	0.00343815	0.00514602	0.00381032	0.00344377	0.00322606	0.00193381	0.00173321	0.00426887	0.00273732	0.00328585	0.000396862	0.00236443	0.000919479	0.00299091	0.00103365	0.00180444	0.00422471	0.00459898	0.00623331	0.00379126	0.00204442	0.00314848	0.00233896	0.00281059	0.00167036	0.00245395	0.00146729	0.00410001	0.000615213	0.00129652	7.38149e-05	0.00141428	0.00222125	0.00174317	0.00190444	0.00198459	0.000946406	0.00283738	0.000489489	0.0046167	0.00358703	0.00486771	0.000941991	0.00198714	0.00145109	0.00352358	0.0018169	0.00173702	0.00094163	0.00211763	0.00157127	0.00288372	0.00152659	0.00310393	0.00208564	0.00286063	0.00316845	0.00405504	0.000131253	0.00323611	0.00228593	0.00166022	0.00229463	0.00296398	0.00362686	0.00240616	0.000491725	0.00287033	0.000583448	0.00304312	0.00286492	0.00106368	0.00248462	0.00222452	0.00497597	0.0040124	0.00485025	0.00461316	0.00229849	0.00294389	0.00193205	0.00514473	0.00182705	0.0	0.00211032	0.00444067	0.00190788	0.000342926	0.00369245	0.00424973	0.00332491	0.00377051	0.00146204	0.0010509	0.00463657	0.00218354	0.00284852	0.000699547	0.0041234	0.0042086	0.00264591	0.00415802	0.00460185	0.00295909	0.00228427	0.00368473	0.000862036	0.00398472	0.00293825	0.0042513	0.00104888	0.00384342	0.000633245	0.00503059	0.00244569	0.00307781	0.0028621	0.00341581	0.00356707	0.004751	0.00205783	0.00348534	0.00502848	0.00131479	0.00327474	0.00349665	0.000775601	0.00124738	0.00244815
PWY-6527: stachyose degradation	0.00415398	0.00380772	0.00212049	0.00338107	0.00799457	0.00351946	0.00265639	0.0063514899999999	0.00149581	0.00340324	0.00349992	0.00265787	0.00478503	0.00375644	0.00484165	0.00258838	0.000950808	0.00325247	0.00403232	0.00260466	0.00318504	0.00303942	0.000684891	0.00390883	0.0038442	0.00329101	0.00212336	0.00401299	0.00290888	0.00118499	0.00183595	0.00331118	0.00441164	0.00189266	0.00345529	0.0027262	0.00195011	0.00299563	0.00317915	0.00199137	0.0024298	0.000705032	0.00167204	0.00254703	0.000265038	0.00216565	0.0032388	0.00305273	0.00246773	0.00194977	0.00392301	0.00136994	0.00280583	0.00204584	0.00188418	0.00151011	0.00348387	0.00505395	0.00265291	0.00118338	0.00169311	0.00169601	0.00240515	0.0047176	0.00508856	0.00125089	0.00110316	0.000809665	0.00302853	0.000803551	0.00141959	0.00187575	0.00490411	0.00108452	0.00329574	0.00406947	0.00438084	0.0024499	0.000719576	0.00259729	0.00139627	0.000781899	0.00993626	0.00182464	0.00341427	0.00365542	0.00749289	0.00359661	0.00554876	0.00276291	0.00239914	0.000591556	0.00361516	0.00183098	0.00286921	0.000456602	0.00364994	0.00286455	0.00122353	0.00277384	0.00247936	0.00388822	0.00411796	0.00175885	0.00581598	0.00160114	0.00254972	0.003787	0.00196752	0.00257162	0.00461152	0.00413043	0.00261599	0.00297295	0.0022231	0.00333318	0.0039726	0.00354744	0.00510162	0.00211786	0.00480254	0.00354186	0.00202143	0.00179241	0.00174459	0.00230255	0.00260597	0.00240497	0.000802363	0.00358196	0.00366573	0.0029543	0.00108005	0.000940198	0.00279656	0.00328113	0.00325899	0.00293998	0.00156195	0.00286703	0.00234493	0.00318611	0.00299762	0.00198762	0.00290211	0.00218823	0.00206128	0.00356202	0.00192808	0.00117861	0.00300497	0.00248021	0.00267423	0.00297513	0.00335274	0.00374901	0.00569209	0.0038131	0.00401687	0.00199108	0.00323973	0.00304378	0.00550956	0.00659022	0.00685261	0.00304769	0.00358434	0.00309096	0.00381674	0.00262462	0.00267844	0.00319687	0.00450713	0.00376517	0.00435281	0.00457007	0.00374372	0.00229508	0.00487269	0.004554	0.00250223
PWY-6531: mannitol cycle	0.000105951	9.9905e-05	0.000307214	0.000396017	0.00228472	0.000284787	0.000564019	0.000841914	3.15748e-05	0.000428481	0.00228735	0.0013429	0.00190886	0.00238509	0.00204955	0.000382	0.000321493	0.000565186	0.00317205	0.000105452	8.45083e-05	2.76436e-05	0.0008759249999999	0.000460444	0.00211253	0.00108307	0.000198745	0.00173395	0.00269113	0.00095102	0.000272811	0.000215026	0.000171521	0.000790889	0.00102837	0.00230022	0.000535939	7.4738e-05	1.50873e-05	0.000868747	4.56539e-05	0.000445217	0.00111637	0.00222306	0.00161492	0.000536748	0.000941303	0.000159716	0.000764726	7.53314e-05	0.00168519	0.00062616	0.00141044	0.0	0.000187296	0.000467663	0.00108421	0.000806632	0.000275148	0.000599541	0.000331497	0.00261685	0.000136144	0.000618305	4.17832e-05	0.000332901	0.0	2.04073e-05	0.00151312	0.000280526	0.00124782	0.000217355	2.72014e-05	0.000155289	0.000895885	0.000813358	0.000273934	0.0	0.000123755	0.00111504	7.48086e-05	0.000247727	0.0	2.65273e-05	0.000281435	3.41093e-05	1.78538e-05	0.000492799	0.000154423	0.0	5.12134e-05	0.000305407	0.00109405	0.00102752	9.82418e-05	0.000139875	0.000114618	0.000228852	0.000125032	0.0	4.34871e-05	0.000354995	0.000379992	0.000838221	0.0	0.000575833	0.000145217	0.000477545	0.000269472	0.00132829	0.000125992	3.77613e-05	0.000114104	0.000100917	7.09891e-05	0.000444458	0.0027608	0.000309267	8.39479e-05	0.000981958	0.0	0.000843499	6.07268e-05	6.61508e-05	0.00065178	7.35656e-05	0.00136275	8.74198e-05	0.0	0.00186264	0.000154142	0.000136889	0.000838443	0.000126854	8.07334e-05	3.74815e-05	0.000499768	0.00133783	8.4467e-05	1.96907e-05	0.00044809	0.00039344	0.000431621	0.00101466	0.000394554	0.000168734	0.0011098	0.000221407	0.000243706	0.000289061	0.00466635	0.00220823	0.000853278	0.00226147	0.00251107	0.00193707	0.00287482	0.000412736	0.000435983	0.000759333	0.00021635	0.000707721	0.000173669	0.00258596	7.83524e-05	0.000528074	0.000213759	0.000524318	0.000612191	0.000447188	0.00106595	0.00153871	0.000504606	0.000128307	0.0014603	0.000352364	0.00086914	0.0017261	0.000229819	0.000197026	0.000382354
PWY-6545: pyrimidine deoxyribonucleotides de novo biosynthesis III	0.00037524	5.25998e-05	0.000841229	0.0010484	2.96202e-05	0.00162414	0.00142444	0.0	0.000260651	0.000509004	0.00121932	0.001296	0.000183545	0.000377626	0.00219801	0.000485313	0.000294497	0.00119686	0.00234306	0.000236981	0.0	0.000236754	0.0	0.00113923	0.00172454	0.000959964	0.000444171	0.002331	0.00175944	0.000842025	0.000441741	0.000188237	5.88518e-05	0.001223	0.00161849	0.00252682	0.000691717	0.000131416	9.33533e-06	0.00147052	0.000322734	0.0005179	0.00140613	0.00241427	0.00110957	0.000764736	0.00118419	0.0	0.0010215	3.84474e-05	0.00217465	0.00112252	0.00109394	0.000763195	0.000460021	9.65404e-05	0.0021136	0.00302091	0.000485677	0.00120956	0.000828996	0.00182536	0.0	0.000688934	0.00137178	0.000400894	0.000808623	0.000227366	0.00127318	4.77816e-05	0.000614951	0.00220238	0.000104246	0.000682219	0.00120752	0.000963153	0.000138548	0.0	8.06028e-05	0.00180973	0.000405175	0.000309616	0.000301991	0.000594084	0.000472528	0.000709418	0.000534103	0.00117955	0.00195498	0.0001298	0.0	7.69863e-05	0.00220655	0.00125013	0.000229864	0.000222087	0.0	0.0	9.51463e-05	0.000433843	0.000304919	0.000659792	0.000779552	0.000882747	0.000290621	0.00151846	0.000151645	0.00071234	0.000494528	0.00138862	0.00102898	0.00107831	0.0	0.0	0.000595912	0.00328157	0.00177741	0.00147052	0.0	0.00151997	0.0011495	0.0009889949999999	6.34287e-05	0.000302598	0.00113886	0.000589882	0.00147453	0.0	2.88016e-05	0.00179433	0.000162271	0.00084224	0.000604189	8.57971e-05	0.00102872	0.000173678	0.000507795	0.00214242	0.000373161	0.0	0.00100423	0.000619162	0.0017516	0.00099533	0.00124662	0.000416435	0.00229247	0.000150052	0.000452153	0.000549775	0.00145571	1.9583e-05	0.00108334	0.00220834	0.00204607	0.00163901	0.00173332	0.000888948	0.00129683	0.000495123	0.000416226	0.00156372	0.000304458	0.00376787	0.000625723	0.000594094	0.000190805	0.000528738	0.000967703	0.000228793	0.00189663	0.00180993	0.000857891	0.000349868	0.00219742	0.000357564	0.00165847	0.0014405	0.000117578	0.000518361	0.00126471
PWY-6549: L-glutamine biosynthesis III	0.000667902	0.000758489	0.000476886	0.00138744	0.00102201	0.00126632	0.00145869	0.0	0.00141127	0.00102345	0.000311096	0.00147705	5.44528e-05	5.09035e-05	0.00179218	0.00160251	0.0	0.00122796	0.0	0.000650975	0.000149935	0.000359805	0.000483944	0.00107387	0.000685886	0.00245329	0.000602239	0.000947361	0.00109568	0.000301218	0.000542816	0.00018504	0.000714178	0.000487434	0.00154524	6.49293e-05	0.0010531	0.000867882	0.0	0.000746826	0.00110617	0.000400828	0.000735957	0.000653206	0.0	0.000580746	0.00185714	0.000430237	0.00120649	0.00103239	0.000894328	0.00167336	0.000941891	0.0	0.000401204	0.000460774	0.00241437	0.000961032	0.000604047	0.00104302	0.00126071	0.000217683	0.00283535	0.00109017	0.000925514	0.000318536	0.00070979	0.000425479	0.00111407	0.000132702	0.000185984	0.00209733	0.000280023	0.00016977	0.00278204	0.00195537	0.000398225	0.000314145	0.000949581	0.0014669	0.00188174	0.000422025	0.000622193	0.000296011	0.000639895	0.001203	0.000972004	0.00159241	0.000792445	0.000928477	0.000137347	0.000187301	0.000355933	0.00172642	0.000816486	0.0010333	0.00127364	0.000290297	0.00177153	0.0	0.00054176	0.00130182	0.00050751	0.000885483	0.000158852	0.000939385	0.00118404	0.00134158	0.00201942	0.00176344	0.000359316	0.000503163	0.000443335	0.00170111	0.00103046	0.000728129	0.000641335	0.00115075	0.00121137	0.00166985	0.000859656	0.00165294	0.000115268	0.000541342	0.00127281	0.00154041	0.00124809	0.000442361	0.000415995	0.0013743	0.0	0.000814149	8.83528e-05	6.96697e-05	0.00109718	0.000161252	0.00112579	0.00136957	0.000586095	0.000365896	0.000512139	0.0	0.0011374	0.000553133	0.000975648	0.000777429	0.000919631	0.000494417	0.000614997	0.00300478	0.0	4.95378e-05	0.00074556	0.000371651	0.0	0.00183239	0.000429978	0.00107475	0.000200301	0.000745391	0.00105139	0.00103023	0.000866844	0.00151466	0.000705272	0.000706172	0.000640181	0.000603301	0.00116651	0.000762722	0.000906365	0.00180649	0.000838521	0.0011794	0.00154402	0.000917566	0.00132944	0.00108998	0.00156634	0.000621084	0.000548028
PWY-6562: norspermidine biosynthesis	0.0	2.28507e-05	0.0	3.67479e-05	0.0	7.19062e-05	0.0	0.0	6.71356e-05	4.24375e-05	0.0	0.0	1.88931e-05	0.0	0.0	0.0	0.0	0.0	0.0	0.0	0.0	0.0	0.0	0.0	0.0	0.0	0.0	0.0	0.0	3.82636e-05	4.34168e-05	0.0	2.73354e-05	0.0	0.0	0.0	0.0	0.0	0.0	0.000146787	0.0	0.0	3.74024e-05	0.0	8.87138e-05	0.0	0.0	0.0	0.0	0.0	0.000280645	0.0	7.06931e-06	0.0	0.0	1.75034e-05	0.000425385	0.0	0.0	6.68522e-05	0.000133541	0.0	0.0	5.72067e-05	0.0	0.0	0.0	0.0	0.0	0.0	0.0	2.16165e-05	0.0	0.0	0.00070725	0.0	0.0	0.0	0.0	0.0	0.0	0.0	0.0	0.0	0.0	0.0	0.0	2.94734e-05	0.0	0.0	0.0	0.0	6.36508e-05	0.0	1.44628e-05	0.0	0.0	0.0	0.0	0.0	0.0	0.0	0.0	0.0	0.0	0.000269356	0.0	0.0	1.34098e-05	0.0	0.0	0.0	0.0	0.0	0.0	0.0	0.0	3.28107e-05	0.0	0.0	0.0	0.0	0.0	0.0	0.0	0.0	0.0	0.0	0.0	0.0	0.0	0.0	0.0	0.0	1.73687e-05	0.0	0.0	0.0	0.0	0.0	0.0	0.0	4.36504e-05	0.0	0.0	0.0	0.0	0.0	0.0	5.29727e-05	0.0	0.0	0.0	0.000150575	0.0	0.000499917	0.0	0.0	0.0	1.08637e-05	0.0	0.0	0.0	0.0	0.0	0.0	0.0	0.0	5.13775e-05	0.0	0.000937926	0.0	4.0042e-05	3.11361e-05	0.0	0.0	0.000185927	0.0	0.0	0.0	0.0
PWY-6565: superpathway of polyamine biosynthesis III	0.0	0.0	0.0	0.0	0.0	0.0	0.0	0.0	0.0	0.0	0.0	0.0	0.0	0.0	0.0	0.0	0.0	0.0	0.0	0.0	0.0	0.0	0.0	0.0	0.0	0.0	0.0	0.0	0.0	0.0	0.0	0.0	0.0	0.0	0.0	0.0	0.0	0.0	0.0	0.0	0.0	0.0	0.0	0.0	0.0	0.0	0.0	0.0	0.0	0.0	0.0	0.0	0.0	0.0	0.0	0.0	0.0	0.0	0.0	0.0	0.0	0.0	0.0	0.0	0.0	0.0	0.0	0.0	0.0	0.0	0.0	0.0	0.0	0.0	0.0	0.0	0.0	0.0	0.0	0.0	0.0	0.0	0.0	0.0	0.0	0.0	0.0	0.0	0.0	0.0	0.0	0.0	0.0	0.0	1.46433e-05	0.0	0.0	0.0	0.0	0.0	0.0	0.0	0.0	0.0	0.0	0.0	0.0	0.0	0.0	0.0	0.0	0.0	0.0	0.0	0.0	0.0	0.0	0.0	0.0	0.0	0.0	0.0	0.0	0.0	0.0	0.0	0.0	0.0	0.0	0.0	0.0	0.0	0.0	0.0	0.0	0.0	0.0	0.0	0.0	0.0	0.0	0.0	0.0	0.0	0.0	0.0	0.0	0.0	0.0	0.0	0.0	0.0	0.0	0.0	0.0	0.0	0.0	0.0	0.0	0.0	0.0	0.0	0.0	0.0	0.0	0.0	0.0	0.0	0.0	0.0	0.0	0.0	0.0	0.0	0.0	0.0	0.0	0.0	0.0	0.0	0.0
PWY-6572: chondroitin sulfate degradation I (bacterial)	0.000226811	0.0	0.000317692	0.000408098	0.0	0.000156727	4.66261e-05	0.0	0.000125403	0.000124797	0.0	0.000323408	0.0	0.0	0.000376356	9.44682e-05	0.0	0.0	6.21856e-05	2.97381e-05	0.000646158	0.000152653	0.000394668	9.82893e-05	7.37709e-05	0.0	0.000126587	3.18532e-05	2.41474e-05	0.0	0.000135108	4.2867e-05	0.00015255	0.000111807	0.0	0.0	0.00102832	0.000237883	0.0	0.0	1.11234e-05	0.000878028	5.50622e-05	0.0	0.0	0.000346242	9.48023e-05	0.000327816	0.00100411	0.000113099	6.84016e-05	6.7105e-05	0.0	0.00468254	0.00046143	0.000552336	0.0	0.0	0.000663652	0.0	0.0	0.0	0.0	0.0	3.14357e-05	0.00053824	8.05744e-05	5.77703e-05	0.0	0.0	0.0	0.000982366	0.000156007	0.00017676	0.0	7.27828e-05	0.000608941	0.000200516	0.0	0.0	0.0	0.00308809	0.0	2.54438e-05	0.000401355	0.0	0.0	4.19478e-05	0.000257647	7.85046e-05	4.63808e-05	0.00101963	0.0	0.0	0.000290929	5.32495e-05	0.000154278	0.000580887	0.000146566	0.000264772	0.0	0.000249245	0.000263738	7.11506e-05	0.000245185	0.00108313	0.000164369	0.000150322	1.17626e-05	0.0	0.000110475	0.0	7.05822e-05	0.000138477	0.0	0.000183476	3.03398e-05	0.000256656	0.0	5.63534e-05	0.0	0.00022523	0.000342375	0.00015126	0.0	0.000760856	8.33288e-05	9.09824e-05	0.0	2.45618e-05	0.000721843	0.0	0.000399507	0.000212827	0.0	0.000110772	0.0	0.000337028	0.000421881	8.34445e-05	0.000375929	0.0	0.000158624	0.00148155	0.0	0.0	3.86679e-05	0.0	0.000130989	0.0	0.0	0.0	0.000452764	3.04707e-05	0.0	0.0	0.0	0.000138731	0.0010763	0.00104502	0.00027376	0.000640373	8.9401e-05	0.0	0.0	0.000450577	0.000282596	0.000560143	0.000165503	6.56267e-05	0.000205924	0.0	0.000513443	0.000360478	0.000111923	0.0	0.0	0.0	0.0	0.0	0.000500153
PWY-6588: pyruvate fermentation to acetone	0.000419832	0.000523142	0.000305914	0.000258396	0.000125968	0.000136821	0.000132549	0.0	0.000452956	0.000867924	0.000632577	0.000785529	0.000203464	0.000478561	0.000783434	0.000692829	0.000778491	0.000862375	0.000172933	0.000132541	7.05094e-05	0.000276007	0.000469364	0.000257912	0.000739643	0.000584972	0.000634292	0.000857141	0.00120795	0.000424855	0.00040179	0.000275866	0.000316722	0.00029221	0.000893692	0.000483543	0.00029691	0.00037796	1.86429e-06	0.000428671	0.00180962	0.000449138	0.000414915	0.000915669	8.25055e-05	0.000156872	0.000513581	0.000386653	0.000301528	0.000258443	0.000528155	0.000263447	0.000282892	0.00112581	0.000471207	0.000167577	2.56615e-05	0.00024236	0.000461609	0.00197682	8.5659e-05	0.000648267	0.0	0.00117419	5.24423e-05	0.000228419	0.000147185	0.0	0.000396594	7.46221e-05	0.00026601	0.000464028	0.00017792	0.000239369	0.000467114	0.000339558	0.000251237	0.00035162	0.000471348	0.000463702	0.00057155	0.000210532	0.0	0.000395127	0.000203572	0.000124795	0.000255709	1.42326e-05	0.000254099	0.000619122	0.000187716	0.000265621	0.000295444	0.000719112	0.000387956	0.000445255	0.000161672	0.000315394	0.000161286	0.00055042	0.000181576	5.87953e-05	0.00068039	0.000693525	0.0002771	0.000502065	4.84592e-05	0.000157292	0.00153274	0.00305332	2.13933e-05	0.000174833	0.0	9.89478e-05	0.000792213	0.000170087	0.000280978	0.000411841	0.0	0.000662039	0.000458235	0.000548787	0.000175978	0.000313558	0.000507272	0.000545404	0.000348557	0.000690844	0.000107679	0.000982755	6.86481e-05	4.05016e-05	0.0	0.000102679	3.8222e-06	0.0	0.000350994	0.000420747	4.93644e-05	0.000135221	0.000506292	2.30853e-05	0.000116534	0.0003102	0.0008605	0.00278269	0.000852664	2.58072e-05	0.00162351	0.000163773	0.00132089	0.000324187	0.000125034	0.000351849	8.07428e-05	0.00141205	0.0	0.000247999	9.12236e-05	0.000282606	0.000507918	0.000167728	0.000326105	0.000436274	0.000411831	0.000597918	0.000415115	0.000340922	0.000754406	0.000132499	0.000766285	0.00069995	0.000279184	0.000392472	0.000366449	9.89137e-05	0.00100823	0.00011046	0.00115325	2.98486e-05	0.000411912
PWY-6590: superpathway of Clostridium acetobutylicum acidogenic fermentation	0.00040899	0.00112303	0.00056806	0.000637391	0.00104861	0.000920286	0.000809533	0.0	0.00120993	0.00122215	0.000348352	0.000602962	0.000248501	0.0	0.0	0.00110126	0.0	0.00211117	0.0	0.000627106	0.000559469	0.0011447	0.00113343	0.000465774	8.01425e-05	0.0	0.000683122	3.89168e-05	0.000161179	0.000967363	0.00065902	0.000629873	0.000564006	0.000600652	0.00071531	0.0	0.000592493	0.00130269	0.0	0.000268042	0.00137086	0.000957536	0.000930454	0.0	0.0	0.000763772	0.000952183	0.00124517	0.000370467	0.000644709	0.00061154	0.00038833	0.00037172	0.0	0.00110509	0.00045268	0.0002923	0.00153405	0.000878369	0.000590592	0.000300626	0.000270455	0.0	0.00126838	0.000649608	0.000653526	0.00193523	0.000122994	0.000432581	0.000118317	0.0	0.00145911	0.00149006	0.000233012	6.29417e-05	0.00236387	0.000321076	0.000426999	0.00180457	0.000276738	0.00171777	0.000454844	0.000463807	0.00104959	0.000281	0.00147545	0.000909961	0.000159935	0.00114925	0.00131573	0.000203686	0.0	0.000109743	0.000409231	0.00131801	0.000826432	0.0009328	0.000705016	0.00124683	0.000661338	0.000847102	0.0011361	0.00134946	0.00123523	0.00107594	0.000943146	0.00150633	0.000423187	0.00270686	0.00180595	0.000663601	0.000282759	0.00070004	0.00108232	0.00123819	0.000827688	0.000288835	0.000972708	0.000884234	0.00170868	0.00177087	0.000975343	0.000731554	0.00114897	0.000738837	0.000369852	0.00051814	0.00103038	0.000772733	0.000129763	0.000420093	0.000550567	0.000130611	0.000233573	0.000880734	0.0	0.000915665	8.98201e-05	0.000417706	0.00125609	0.000673858	0.0	0.000561252	0.000232949	0.00150586	0.00247898	0.000597713	0.000564175	0.00243585	0.000532525	0.0	0.0	0.000702169	0.000251895	0.0	0.00140493	0.0	0.000704999	0.000144309	0.000762055	0.000801736	0.000456155	0.00120843	0.000692021	0.00106241	0.000221014	0.00191066	0.00101428	0.00118853	0.000419467	0.000715569	0.000160846	0.000542507	0.000487335	0.0	0.000157626	0.00215817	0.0	0.00199992	0.00015447	0.000699034
PWY-6595: superpathway of guanosine nucleotides degradation (plants)	0.000346036	0.000638833	6.08068e-05	3.82882e-05	0.000329067	0.000146921	0.000160358	0.00109821	0.000640809	0.000453129	0.0	5.00045e-05	0.00180286	0.0010914	0.0	0.000266423	0.0	0.000402895	0.000556498	0.000387749	0.000113738	0.000113614	0.000118221	0.000339783	3.60093e-05	0.0	0.0	0.00143314	1.14615e-05	0.000556384	0.000323198	0.000287393	0.00030679	0.000268656	0.000198501	0.0	7.56614e-05	0.000156146	9.07267e-06	0.000158177	0.000255155	4.14847e-05	0.000273614	0.00182066	0.00181465	5.10161e-05	0.000210836	0.000131902	0.000339714	0.0	0.00179124	0.000101289	0.0	0.000429134	0.000102147	0.0	3.95508e-05	0.0012647	0.0	0.000278004	7.42402e-05	7.36695e-05	0.000130552	0.000471652	0.0	0.0	0.000222115	6.03462e-05	4.13636e-05	0.00010276	3.06438e-05	2.96062e-05	0.000209624	0.0	0.000107163	0.000301043	0.000134358	0.000239189	0.000248851	9.45831e-05	0.000294177	0.000383106	7.68741e-05	0.0	0.000105891	0.000269489	6.86311e-05	0.000164195	0.0	0.000166597	0.000129635	5.50705e-05	0.000281255	3.91876e-05	0.000247884	0.000129189	2.52229e-05	0.000145028	0.000274411	0.000504258	0.000303439	4.28218e-05	0.000127922	0.00134817	0.000137017	0.0	0.000244693	0.000413401	0.000239146	8.99261e-05	0.000129407	0.000653411	0.000109349	3.65116e-05	0.000334087	0.000511873	0.00011707	0.000668773	4.82947e-05	0.000510314	4.58428e-05	0.000676382	0.00036495	0.000357964	0.000449394	0.000203371	8.77241e-05	0.000177148	0.000413619	0.0	4.88898e-05	4.83909e-05	0.000231104	0.0	0.000239129	0.0	0.000102901	5.04479e-05	0.000125034	5.54825e-05	0.000396018	0.0	0.000153979	0.000548485	5.75819e-05	0.000307894	6.49853e-05	0.000378513	0.000240706	0.000623887	2.22918e-05	0.0005178	0.000223439	0.000462692	0.000277933	0.000776836	0.000705388	0.000272577	0.0	0.000266524	7.53372e-05	0.0	0.000167361	0.000881931	6.97927e-05	0.000304739	5.94669e-05	4.5137e-05	7.42437e-05	0.0	0.000148378	0.0	6.49152e-05	0.0	0.000325971	0.0	0.000159378	0.00402954	0.000903954	0.000157159	0.00079419
PWY-6606: guanosine nucleotides degradation II	0.000756533	0.00316473	0.00048769	0.00134099	0.000418573	0.00070038	0.00100924	0.0047087	0.000759036	0.00126609	0.00304641	0.00205719	0.00296129	0.00388615	0.00218167	0.00133502	8.36765e-05	0.00149192	0.00298255	0.000448569	0.000192986	0.0007202	0.000471039	0.000545586	0.00347038	0.00152523	0.000602266	0.00435373	0.00394548	0.00175684	0.000440091	0.000758347	0.000911166	0.00181706	0.00145032	0.00265287	0.000458782	0.000632056	2.68446e-05	0.000889721	0.00108349	0.000705297	0.00134332	0.00420829	0.00313609	0.00126358	0.00174273	0.000507209	0.000721238	0.000715728	0.00222737	0.00591106	0.00192462	0.000602021	0.000934817	0.000396776	0.000132237	0.00459284	0.00112592	0.00275435	0.00109976	0.0012023	0.000155948	0.00404804	0.000280464	0.000444566	0.000523497	0.000186113	0.00188985	0.000251597	0.00118424	0.000818911	0.00031689	0.000844878	0.00111539	0.00108575	0.00187922	0.000315107	0.000712978	0.00182977	0.000715475	0.000888965	0.000363834	0.000785574	0.000585358	0.000378032	0.000346028	0.000741791	0.00021636	0.00027681	0.000234086	0.000651428	0.00274312	0.00215514	0.000616669	0.000264034	0.0010628	0.000718306	0.000488129	0.000682315	0.000404799	0.000547304	0.000803009	0.00158065	0.00060563	0.000881028	0.0011399	0.000524919	0.000678678	0.00177117	0.000236322	0.00120406	0.000232263	0.000795458	0.000610614	0.000799434	0.00251419	0.000847358	0.00013808	0.001189	0.000423933	0.00111151	0.000462771	0.000463658	0.00145226	0.00102575	0.00140177	0.000811377	0.000561283	0.00130853	0.00020436	0.000392697	0.0008124	0.000223953	0.000602487	0.000127926	0.00106377	0.00189225	0.000249371	0.000270315	0.000839945	0.000223055	0.000578688	0.00129601	0.000515756	0.00191877	0.00156496	0.000607513	0.00060141	0.000772602	0.00411299	0.00179837	0.000581167	0.00287354	0.00165755	0.00270344	0.00182571	0.00166312	0.000958418	0.00105236	0.00067968	0.00172723	0.000956836	0.00151692	0.000861179	0.00167522	0.000614903	0.00105593	0.00203719	0.000828024	0.00243304	0.00122233	0.00106641	0.000681252	0.00447752	0.00139612	0.000886349	0.00487868	0.00118343	0.001469	0.00101557
PWY-6607: guanosine nucleotides degradation I	0.000368885	0.000633213	6.05311e-05	3.84705e-05	0.000418573	0.000145655	0.000165923	0.00110286	0.000745342	0.000489306	0.0	5.01907e-05	0.00151911	0.000813549	0.0	0.000275994	0.0	0.000423488	0.000580694	0.000448569	0.000119357	0.000116571	0.000116472	0.000402762	3.60702e-05	0.0	0.0	0.00148057	1.14675e-05	0.000590114	0.000440091	0.000285041	0.00031477	0.000274025	0.000204925	0.0	7.9356e-05	0.000162227	9.15002e-06	0.000161354	0.000262821	4.15342e-05	0.000274594	0.00186753	0.00152698	5.10489e-05	0.00021614	0.000133695	0.000386597	0.0	0.00181397	0.00010137	0.0	0.000419161	0.000102312	0.0	3.79111e-05	0.000940763	0.0	0.000282096	7.42349e-05	7.39451e-05	0.000120934	0.000472199	0.0	0.0	0.00024659	6.28915e-05	4.15633e-05	0.000100907	3.08206e-05	2.96184e-05	0.000256232	0.0	0.000108604	0.000322184	0.000134663	0.00023167	0.000257276	9.58064e-05	0.000313925	0.000371919	8.04205e-05	0.0	0.000107371	0.000312313	6.75764e-05	0.000173559	0.0	0.000200738	0.000139948	5.50617e-05	0.000285575	3.92849e-05	0.000267166	0.000107922	2.52614e-05	0.000147301	0.000302016	0.000682315	0.000404799	4.37315e-05	0.000130262	0.00140995	0.000138416	0.0	0.000244032	0.000512316	0.000238345	9.08791e-05	0.000152	0.000703147	0.000126232	3.671e-05	0.000610614	0.000550041	0.000118284	0.000729755	5.36971e-05	0.000570455	4.6985e-05	0.000756681	0.000356493	0.000349701	0.000475979	0.000209937	8.90482e-05	0.000183034	0.000379102	0.0	4.87438e-05	4.95165e-05	0.000174544	0.0	0.000261345	0.0	0.000105194	5.07637e-05	0.000249371	5.72362e-05	0.000431289	0.0	0.000151013	0.000595223	5.91241e-05	0.000314264	6.55881e-05	0.000393554	0.000265943	0.000772602	2.23135e-05	0.000548203	0.000234357	0.00047963	0.000287689	0.000803682	0.000743438	0.000276773	0.0	0.000271757	7.66644e-05	0.0	0.000172407	0.000747105	7.04024e-05	0.000316409	6.02694e-05	4.54184e-05	7.43156e-05	0.0	0.000149378	0.0	6.49486e-05	0.0	0.000328244	0.0	0.000166951	0.00388404	0.000924655	0.000157766	0.000797698
PWY-6608: guanosine nucleotides degradation III	0.00129291	0.00688443	0.00144749	0.0027022	0.000601991	0.00200275	0.0028738	0.00667926	0.00155464	0.00335652	0.00663477	0.00377807	0.00309095	0.00572848	0.00705855	0.00286182	0.00119858	0.00336517	0.00514213	0.000780808	0.000319415	0.00139815	0.00169132	0.00221175	0.00620537	0.00359822	0.00213462	0.00585225	0.00749665	0.00384752	0.000887977	0.00195776	0.00143918	0.00297	0.0047719	0.00610791	0.00300805	0.00116887	5.807e-05	0.00130388	0.00176004	0.00145531	0.00250682	0.00530424	0.00347732	0.00249876	0.00441845	0.000917178	0.00313371	0.00135568	0.00365481	0.00591106	0.0066569	0.00167865	0.00190703	0.000587383	0.00211773	0.00572422	0.00163605	0.00478654	0.00238088	0.00200071	0.000156672	0.00522173	0.000573671	0.00110647	0.00179636	0.000297362	0.00557171	0.000832647	0.00342115	0.00163515	0.001865	0.00135548	0.00192006	0.00395677	0.00326691	0.00100016	0.0010605	0.00658898	0.00135672	0.00321746	0.00099058	0.00186226	0.000946358	0.000901791	0.00150099	0.00279924	0.00413651	0.00187767	0.000390915	0.00152471	0.00452194	0.00351071	0.00135162	0.000527465	0.00170974	0.00114786	0.000962169	0.0010651	0.000569819	0.00279997	0.00122439	0.00256496	0.00110548	0.00189685	0.0024992	0.00206088	0.00157611	0.00469267	0.001256	0.00204124	0.00163069	0.00124102	0.000880145	0.00118844	0.00696175	0.00125265	0.00102715	0.00470106	0.0013421	0.00242136	0.00100765	0.00090276	0.00346085	0.00200437	0.00468123	0.00146576	0.000628272	0.0064359	0.000534163	0.000885888	0.00106399	0.00114898	0.00170644	0.000298629	0.00335496	0.00574911	0.000388103	0.000490421	0.0017633	0.00149771	0.00219965	0.00285	0.00185283	0.00300631	0.00455584	0.00104856	0.0021085	0.00101152	0.00748778	0.00383236	0.000922719	0.00735038	0.00362066	0.00413994	0.00289655	0.00238504	0.00358044	0.00162802	0.00127897	0.00542452	0.00197553	0.00368179	0.00127647	0.00395972	0.00105423	0.0018591	0.00342267	0.00121478	0.00349923	0.00494238	0.00214812	0.00124224	0.00620828	0.00336652	0.00360778	0.00685337	0.00210771	0.00257975	0.00214072
PWY-6609: adenine and adenosine salvage III	0.00985251	0.00719207	0.0104218	0.00956551	0.0137309	0.00845044	0.0123001	0.00855438	0.0147447	0.010761	0.00515962	0.00745479	0.00862681	0.00628436	0.00612966	0.0113267	0.00777789	0.0114861	0.0033352	0.0133111	0.0105682	0.0106995	0.0134189	0.0106091	0.00612721	0.00893387	0.0148461	0.00529519	0.00539048	0.0101005	0.0132381	0.0107399	0.0128516	0.00905377	0.00868608	0.00402475	0.00721871	0.0130202	0.00482834	0.00448544	0.0120428	0.0097732	0.00669118	0.00531932	0.00573795	0.0089704	0.00873514	0.0128594	0.00836333	0.0134649	0.00635821	0.00430273	0.006158	0.0106323	0.0102908	0.011892	0.00673496	0.00894365	0.0112318	0.00973734	0.00788654	0.00720493	0.00975469	0.00973918	0.0117373	0.011406	0.0126308	0.0101345	0.00736341	0.0110621	0.00819329	0.00861942	0.0136027	0.0113329	0.00888255	0.0112212	0.0104553	0.0120157	0.0113321	0.00703898	0.0121075	0.00953194	0.0161225	0.0132775	0.0116075	0.0111925	0.0171177	0.00895801	0.0118062	0.0142096	0.0142095	0.0117078	0.00580323	0.00644766	0.0132728	0.00962698	0.0113376	0.0115345	0.012064	0.0174305	0.0198256	0.0120178	0.009985	0.00861205	0.0126782	0.00945506	0.0127273	0.0137845	0.0110283	0.00518138	0.00899109	0.011515	0.0160795	0.0109034	0.0222884	0.0110671	0.00493311	0.00915939	0.0148796	0.00777228	0.0172707	0.0109968	0.0115106	0.0105389	0.00968455	0.0108476	0.00691155	0.0130384	0.0100484	0.00549933	0.0106744	0.0133939	0.0116052	0.0111931	0.0116132	0.0183283	0.0137627	0.00601914	0.0159796	0.0116106	0.0120473	0.00397309	0.00773477	0.00797229	0.0150917	0.00929194	0.00789732	0.0121079	0.0118206	0.00915062	0.00434085	0.0046087	0.0130373	0.00572175	0.00337024	0.00600299	0.00680428	0.0120127	0.0112814	0.00935852	0.0106821	0.00727423	0.0121406	0.0112854	0.0125377	0.00657162	0.0117598	0.00919249	0.00945388	0.0103477	0.00647041	0.00719409	0.00948959	0.00927571	0.00627438	0.010134	0.00758492	0.00821279	0.00924533	0.00989004	0.00832714
PWY-6612: superpathway of tetrahydrofolate biosynthesis	0.000346182	0.000266729	0.000146975	0.00102594	0.001411	0.000733613	0.000299935	0.00144409	9.20109e-05	0.000669791	0.000837876	0.000825996	0.00254217	0.00303762	0.000881235	0.000365621	0.000466015	0.000352781	0.00141667	0.000232542	2.93309e-05	0.000327852	0.0	0.00020538	0.00169122	0.000800255	6.27958e-05	0.00331378	0.00102285	0.00048054	6.08525e-05	0.000682607	0.000137895	0.000543955	0.000703665	0.00215753	0.000232996	0.0	2.77151e-05	0.00141308	0.0	8.64105e-05	0.00028449	0.00122172	0.00248514	0.000235915	0.00210965	6.67044e-05	0.000474461	0.0	0.00212091	0.000400827	0.00108485	0.0	0.000333442	0.0	2.66557e-05	0.00224356	0.000111816	0.000551215	0.00181277	0.00192814	0.00350219	0.00135785	4.83082e-05	0.0	0.0	0.0	0.000653658	0.0	0.000460203	0.000107321	0.0	0.0	0.000395351	0.000268928	0.0	0.0	6.57017e-05	0.000986739	4.42017e-05	0.0	0.0	0.0	0.000182132	0.0	0.0	0.000469959	0.000136651	0.0	0.0	0.0	0.000961113	0.000563778	2.14236e-05	1.91054e-05	8.98193e-05	0.0	3.54042e-05	0.0	0.000125569	0.000166436	9.40957e-05	0.000216273	0.0	0.000130334	1.86694e-05	0.000591412	0.000680717	0.000897055	3.19952e-05	8.03944e-05	0.0	0.000101315	0.000356734	9.94454e-05	0.00138979	0.0009055	0.0	0.000613991	0.0	0.000268366	0.000113506	0.0	0.000458285	0.000275127	0.000911787	9.18598e-05	0.0	0.00119185	0.0	0.0	0.0	0.0	8.31739e-05	0.0	0.000456188	0.00149034	2.05729e-05	0.0	0.000563198	0.000529475	0.000571327	0.000695804	0.000501675	5.98232e-05	0.000491239	0.0	0.000126188	0.000498123	0.00212261	0.00114705	5.21601e-05	0.00121104	0.000583176	0.00162016	0.00117111	0.000655893	0.000137206	0.000512464	0.00128382	0.00208828	0.000427638	0.00198613	0.00058211	0.00178838	0.000160615	0.000939664	0.000754137	0.000427632	0.000957127	0.000922404	0.000223932	0.000904498	0.00235928	0.000569483	0.000541605	0.00329368	0.000168253	0.000216721	0.000439797
PWY-6628: superpathway of L-phenylalanine biosynthesis	0.00295113	0.00611563	0.00302073	0.00123341	0.00253693	0.00303869	0.00347463	0.00683281	0.00495107	0.00253634	0.00233182	0.00271711	0.00389445	0.00268332	0.00296075	0.00421773	0.00258608	0.0032395	0.00275079	0.00384842	0.0027541	0.00319786	0.00143792	0.00341724	0.00260608	0.000890666	0.00271712	0.00239759	0.00223706	0.00379959	0.00209288	0.00265096	0.00230252	0.00187774	0.00294775	0.00312673	0.00192254	0.0028624	0.00417081	0.00339476	0.00272686	0.00147564	0.00243995	0.00353827	0.00486379	0.00228068	0.00246485	0.00168032	0.00301164	0.00681161	0.00339611	0.00537413	0.00247053	0.00312187	0.00366688	0.00464276	0.00367856	0.00459326	0.00112845	0.00356455	0.000713212	0.00314597	0.00482714	0.00392581	0.00184425	0.00191434	0.00344471	0.00310495	0.002401	0.000102099	0.00191098	0.00354954	0.00290258	0.000576801	0.00298964	0.0034399	0.00150698	0.00270262	0.00336063	0.00290799	0.00531421	0.000713453	0.00085621	0.00298787	0.0031189	0.00619281	0.0024281	0.00152013	0.00196459	0.00383843	0.000782755	0.00180265	0.00328944	0.00279876	0.00282904	0.00378016	0.00266305	0.00196044	0.00455911	0.00522411	0.00634369	0.00475992	0.00287975	0.00458439	0.00257975	0.00317088	0.00391967	0.00342883	0.00458822	0.00252829	0.0020286	0.001017	0.00378433	0.00330118	0.00544351	0.00372113	0.00221973	0.00390088	0.00282799	0.00486777	0.00230402	0.00428393	0.00247731	0.00244226	0.00228959	0.00399938	0.00254386	0.00161827	0.00487743	0.00268487	0.00310661	0.00280265	0.00534543	0.00128637	0.00383047	0.000567688	0.000830643	0.00294042	0.00363834	0.000921527	0.00350419	0.00431667	0.00260683	0.0012529	0.00371471	0.0028394	0.00289683	0.00247123	0.00424754	0.00191974	0.00220463	0.00377668	0.00349875	0.00291465	0.00391645	0.0049554	0.00836166	0.00332566	0.000770455	0.00173371	0.0027186	0.00324053	0.00340945	0.00371278	0.00261412	0.00272421	0.0046579	0.00354025	0.0019814	0.00242731	0.00251875	0.00269018	0.00210661	0.00414602	0.00339652	0.00352767	0.0017528	0.00313085	0.00515181	0.00390789	0.00375413
PWY-6630: superpathway of L-tyrosine biosynthesis	0.00251685	0.0060804	0.00255408	0.000704431	0.00251432	0.002627	0.000921776	0.00644185	0.00435408	0.00178557	0.00160027	0.00152374	0.00405562	0.00266877	0.00140593	0.0030453	0.00250178	0.00277115	0.00208416	0.00299419	0.00236437	0.00203659	0.00052052	0.00294962	0.00139999	0.000693771	0.00145922	0.00227054	0.00114223	0.00263404	0.00170999	0.00262826	0.00204852	0.00148461	0.00174986	0.00218488	0.00173163	0.00252548	0.0041046	0.00331058	0.00224968	0.000571567	0.00171935	0.0029464	0.00191743	0.00139563	0.00213468	0.00157142	0.00181229	0.00172114	0.0029759	0.00235405	0.00160039	0.0	0.00358629	0.00091729	0.00390376	0.00423793	0.000947177	0.00126819	0.000695011	0.00286503	0.00370689	0.00396511	0.000951926	0.000954965	0.00353149	0.000883193	0.00208007	9.34481e-05	0.000531469	0.00139328	0.00224554	0.000496685	0.00149939	0.00408975	0.00132326	0.00162486	0.00121588	0.00177445	0.00178791	0.000655841	0.000972544	0.0019196	0.00361723	0.00366455	0.00194861	0.000682395	0.00241538	0.00290965	0.000697249	0.00147752	0.00250647	0.00231694	0.00247927	0.000968005	0.00234088	0.00183601	0.00442034	0.00434489	0.00413368	0.00301874	0.00292834	0.00374089	0.00465292	0.00227568	0.0043879	0.00298968	0.00177168	0.00214001	0.00258083	0.000958229	0.00346249	0.00277942	0.00436631	0.00353325	0.00142771	0.0024785	0.000761321	0.00311072	0.00378162	0.00261798	0.00206721	0.00185389	0.00163893	0.002702	0.00176202	0.00402999	0.00424241	0.00100528	0.00261296	0.00178851	0.00499323	0.000688222	0.0026703	0.000212908	0.000714721	0.00152078	0.00254529	0.000338065	0.00297345	0.00396511	0.00216909	0.00112528	0.00239137	0.00181036	0.00202507	0.00239059	0.00347179	0.00118659	0.00159487	0.00333634	0.00143121	0.00177056	0.00319968	0.00363448	0.00545945	0.00222637	0.000733536	0.00137444	0.0015482	0.0024398	0.00228615	0.00367666	0.00221335	0.00201217	0.00464526	0.00152123	0.00132729	0.00174775	0.00200728	0.00126745	0.00164514	0.00150077	0.00133575	0.00139981	0.00170659	0.00312711	0.00298289	0.00315146	0.00324149
PWY-6641: superpathway of sulfolactate degradation	0.0	0.0	0.0	0.0	0.0	0.0	0.0	0.0	0.0	0.0	0.0	0.0	0.0	0.0	0.0	0.0	0.0	0.0	0.0	0.0	0.0	0.0	0.0	0.0	0.0	0.0	0.0	0.0	0.0	0.0	0.0	0.0	0.0	0.0	0.0	0.0	0.0	0.0	0.0	0.0	0.0	0.0	0.0	0.0	0.0	0.0	0.0	0.0	0.0	0.0	0.0	0.0	0.0	0.0	0.0	0.0	0.0	0.0	0.0	0.0	0.0	0.0	0.0	0.0	0.0	0.0	0.0	0.0	0.0	0.0	0.0	0.0	0.0	0.0	0.0	0.0	0.0	0.0	0.0	0.0	0.0	0.0	0.0	0.0	0.0	0.0	0.0	0.0	0.0	0.0	0.0	0.0	0.0	0.0	0.0	0.0	0.0	0.0	0.0	0.0	0.0	0.0	0.0	0.0	0.0	0.0	0.0	0.0	0.0	0.0	0.0	0.0	0.0	0.0	0.0	0.0	0.0	0.0	0.0	0.0	0.0	0.0	0.0	0.0	0.0	0.0	0.0	0.0	0.0	0.0	0.0	0.0	0.0	0.0	0.0	0.0	0.0	0.0	0.0	0.0	0.0	0.0	0.0	0.0	0.0	0.0	0.0	0.0	0.0	0.0	0.0	0.0	0.0	0.0	0.0	0.0	0.0	0.0	0.0	1.86981e-06	0.0	0.0	0.0	0.0	0.0	0.0	0.0	0.0	0.0	0.0	0.0	0.0	0.0	0.0	0.0	0.0	0.0	0.0	0.0	0.0	0.0
PWY-6662: superpathway of quinolone and alkylquinolone biosynthesis	0.0	0.0	0.0	0.0	0.0	0.0	0.0	0.00151136	4.92817e-05	0.0	0.0	0.0	0.0	8.92526e-06	0.0	0.0	0.0	0.0	0.0	0.0	0.0	0.0	0.0	0.0	0.0	0.0	0.0	0.0	0.0	0.000308192	0.0	0.0	0.0	0.0	1.42825e-05	0.0	0.0	0.0	0.0	0.0	0.0	0.0	0.0	0.000114711	0.00045827	0.0	0.0	0.0	0.0	0.0	0.0	0.00224562	0.000100453	0.0	0.000188207	0.0	0.0	0.0	0.0	0.000690075	0.0	0.0	0.0	0.0	0.0	0.0	0.0	0.0	0.0	0.0	0.0	0.0	0.0	0.0	0.0	0.0	0.0	0.0	0.0	0.0	0.0	0.0	0.0	0.0	0.0	0.0	0.0	0.0	0.0	0.0	0.0	0.0	0.0	0.0	0.0	0.0	0.0	0.0	0.0	0.0	0.0	0.0	0.0	0.0	0.0	0.0	0.0	0.0	0.0	0.0	0.0	0.0	0.0	0.0	0.0	0.0	0.0	0.0	0.0	0.0	0.0	0.0	0.0	0.0	0.0	0.0	0.0	0.0	0.0	0.0	0.0	0.0	0.0	0.0	0.0	0.0	0.0	0.0	0.0	0.0	0.0	0.0	0.0	0.0	0.0	0.0	0.0	0.0	0.0	0.0	0.0	0.0	0.0	0.0	0.0	0.0	0.0	0.000266342	0.0	0.0	0.0	0.0	0.0	0.0	0.0	0.0	0.0	0.0	0.0	0.0	0.0	0.0	0.0	0.0	0.0	0.0	0.0	0.0	0.0	0.0	0.0
PWY-6690: cinnamate and 3-hydroxycinnamate degradation to 2-hydroxypentadienoate	0.0	9.2249e-05	9.38086e-06	0.000228314	0.000283592	0.00034438	0.000217578	0.0	6.63167e-05	0.000158653	0.00268828	0.000597766	1.74301e-05	0.00149706	0.0011177	0.000175646	0.0	2.07792e-05	0.00198021	1.32667e-05	0.0	0.0	0.0	0.000192977	0.00116579	0.000800125	5.48061e-05	0.00143034	0.0018621	0.000302697	9.59212e-05	0.0	1.3317e-05	0.000434473	0.000422247	0.000677997	0.000290899	0.0	4.62086e-06	0.00116566	0.0	0.0	0.000712355	0.00121511	0.0	0.0	0.000453516	0.0	0.0	0.0	0.000794998	0.000530412	0.00110626	0.0	0.0	0.0	0.000638617	0.000143734	7.92182e-05	0.000405199	2.98259e-05	0.00350456	0.0	0.000324288	1.47789e-05	0.0	0.0	0.0	0.000892672	0.0	0.0	6.58744e-05	0.0	0.0	0.000655511	0.000242929	0.0	0.0	0.0	0.0	4.00164e-05	0.0	0.0	0.0	6.19392e-05	0.0	0.0	0.000659057	0.0	0.0	0.0	0.0	0.00104329	0.000593464	0.0	0.0	0.0	0.0	0.0	0.0	8.28136e-05	9.71305e-05	7.01526e-05	0.00017445	0.0	0.000216132	5.22979e-05	0.000397085	9.77174e-06	0.00136245	1.15742e-05	0.0	0.0	0.0	2.65083e-05	2.50225e-05	0.00262874	5.82332e-05	0.0	0.000973258	0.0	0.000276371	0.0	0.0	0.000425866	0.0	0.0	0.0	0.0	0.0019723	0.0	0.0	0.0	0.0	3.14285e-05	0.0	0.000247542	1.31135e-05	0.0	0.0	0.000312967	0.000245176	0.000487885	0.000385569	0.000220133	5.0882e-05	0.000328482	0.0	0.000256239	0.000108621	0.00257695	0.0	0.0	0.00148731	0.000879306	0.00106613	0.000422251	0.000278067	0.0	0.000146693	7.00306e-06	0.000641216	0.000102414	0.000203804	1.22841e-05	0.00014653	4.16572e-05	7.00442e-05	0.000132043	3.86216e-05	0.00100322	0.0	0.000101955	0.0	0.00129811	0.000198498	0.000419662	0.000438691	0.0	0.0	8.69596e-05
PWY-6700: queuosine biosynthesis I (de novo)	0.0119753	0.00508915	0.00980306	0.00742303	0.00663507	0.0075521	0.0102543	0.00642033	0.01217	0.00921749	0.00371261	0.00597994	0.00526755	0.00372578	0.0048529	0.00838568	0.0140917	0.00824515	0.00320882	0.0122524	0.0117035	0.0103044	0.00680246	0.0113793	0.00462775	0.00779235	0.011841	0.00361592	0.00483451	0.00701468	0.00891382	0.0102272	0.0114929	0.0075106	0.00745069	0.00365422	0.00815578	0.011417	0.00431748	0.00844827	0.00946374	0.0108978	0.0048296	0.0032914	0.00615267	0.00817312	0.00689688	0.0123969	0.00754195	0.0102554	0.00412855	0.00438629	0.00344158	0.0090503	0.0110848	0.0113136	0.00900607	0.00559653	0.0109241	0.00975714	0.0084347	0.00331259	0.00571656	0.00548223	0.0187614	0.0109914	0.0128477	0.0112054	0.00498818	0.0115843	0.00800898	0.00777994	0.0123132	0.0107612	0.0115147	0.0105596	0.0100621	0.00986743	0.0126669	0.00590542	0.0113818	0.0101246	0.0138872	0.0133587	0.0107402	0.0104625	0.0122694	0.0111341	0.0117574	0.0110805	0.0202316	0.0109274	0.00411563	0.00637321	0.0114517	0.01107	0.0102413	0.0102122	0.0113918	0.0125522	0.0126956	0.0115558	0.0144772	0.00867185	0.011472	0.00753982	0.0124496	0.0096633	0.00757828	0.00402718	0.0209589	0.00959473	0.0123834	0.0104284	0.0188435	0.0101091	0.00374898	0.00751934	0.011555	0.00543949	0.0140966	0.0082735	0.0104309	0.0105256	0.0100989	0.0101152	0.00592439	0.010221	0.0104916	0.00476176	0.0119594	0.0134176	0.00940329	0.0113535	0.0112592	0.0192907	0.00801107	0.00580397	0.0130687	0.0188564	0.00966971	0.00420822	0.00712367	0.00765114	0.0128059	0.00986792	0.00697905	0.0113957	0.011894	0.00937144	0.00333791	0.00394753	0.0105276	0.00371183	0.00375778	0.00351543	0.00310645	0.0106435	0.0100254	0.00770831	0.00956672	0.00569789	0.0101607	0.00766167	0.0107974	0.00631723	0.00951655	0.00834092	0.00826525	0.00907573	0.0061586	0.0059036	0.00940469	0.00993361	0.00425687	0.00952366	0.00744865	0.00623193	0.00822379	0.00931001	0.0087545
PWY-6703: preQ0 biosynthesis	0.00751	0.00581423	0.00874829	0.00399219	0.00151193	0.00388271	0.00464598	0.00250265	0.00451099	0.0059872	0.00217909	0.00412147	0.000387332	0.00134579	0.00306932	0.00533339	0.00821091	0.00373268	0.00180823	0.00737869	0.00689859	0.00810194	0.00457735	0.00548222	0.00358529	0.0032439	0.00537251	0.00228114	0.00307878	0.00578311	0.00754865	0.00912997	0.00712629	0.00689996	0.00454487	0.00284335	0.00631571	0.00707013	0.00367415	0.00733374	0.00741695	0.00937176	0.00438963	0.00282318	0.0043373	0.00726317	0.00296081	0.00542338	0.00503743	0.00606844	0.002576	0.00567497	0.00420268	0.00757017	0.00629567	0.00855653	0.00428754	0.000856446	0.00600825	0.00671609	0.00690624	0.00150928	0.00266795	0.00369216	0.00667488	0.00806902	0.00513823	0.00917913	0.0038416	0.0123499	0.006882	0.00413025	0.00522415	0.00867332	0.00371306	0.00409046	0.00640015	0.00597583	0.00652971	0.00349347	0.00579064	0.00869777	0.00540414	0.0055607	0.00593944	0.00417273	0.00886985	0.00371874	0.00273367	0.00397226	0.00544899	0.010893	0.00306828	0.00442809	0.0071138	0.00928735	0.00544319	0.00568049	0.00511907	0.00654657	0.00572818	0.00503918	0.0113323	0.00637495	0.0060105	0.00735622	0.00449301	0.00391658	0.00380105	0.00328553	0.00783084	0.00680747	0.00549132	0.00534409	0.00291937	0.00521475	0.00235272	0.00477177	0.00496017	0.0026869	0.00417568	0.00445525	0.00786185	0.00661437	0.00676107	0.00487215	0.00430465	0.00478222	0.00667059	0.00437282	0.00760733	0.0066649	0.00831133	0.0127521	0.00582115	0.00572289	0.00589648	0.00382917	0.00468002	0.00646899	0.00492098	0.00350797	0.00403452	0.00654542	0.00346705	0.0075321	0.0050892	0.00820986	0.00553459	0.00452739	0.0025243	0.00308334	0.0048176	0.0022693	0.00374967	0.00118493	0.000635714	0.00576762	0.0063454	0.00693396	0.00734943	0.00534647	0.00489099	0.000986493	0.00658218	0.00466311	0.00530709	0.00600319	0.00471394	0.00660214	0.00477191	0.00533295	0.00538597	0.00713752	0.0031284	0.00517337	0.00532453	0.00135584	0.00292354	0.00580221	0.00767242
PWY-6708: ubiquinol-8 biosynthesis (early decarboxylation)	0.0	0.0	0.0	8.1901e-05	0.0	2.16527e-05	6.50237e-05	0.0	2.92451e-05	9.18546e-06	0.000337406	0.000182832	5.82281e-05	5.26944e-05	0.0	2.85272e-05	0.0	0.000147663	0.000357861	0.0	0.0	0.0	0.0	5.40861e-05	0.000280281	0.0	5.14203e-06	0.000340424	0.000413237	0.000127277	5.49901e-05	0.0	0.0	0.0	0.0001621	0.000535756	6.20921e-05	0.0	4.62278e-06	0.000389658	0.0	3.98798e-05	0.0	0.000821986	0.0	0.0	0.000250572	0.0	2.35094e-05	0.0	0.00027495	0.000159835	0.000253693	0.0	0.0	0.0	0.0	5.07288e-05	0.0	0.000116743	0.0	0.0	0.0	0.0	0.0	2.35625e-05	0.0	0.0	0.000162541	0.0	0.0	0.0	0.0	0.0	0.000128669	2.22262e-05	0.0	0.0	7.86916e-06	0.000477201	0.0	0.0	0.0	0.0	0.0	0.0	0.0	0.0	0.0	0.0	0.0	0.0	0.00055566	0.000251956	0.0	0.0	0.0	0.0	1.70957e-05	0.0	0.0	1.38289e-05	0.0	1.81077e-05	0.0	0.0	0.0	0.0	3.33488e-05	0.000376735	0.0	0.0	0.0	0.0	0.0	0.0	0.000287209	4.22251e-05	0.0	0.000127124	0.0	0.0	0.0	0.0	0.000179085	0.0	0.000126539	8.56491e-06	0.0	0.000627776	0.0	0.0	0.0	0.0	2.4346e-05	0.0	4.0685e-05	0.000410328	0.0	0.0	2.76829e-05	0.000271929	7.85526e-06	7.06541e-05	1.37226e-05	0.0	0.000268991	0.0	7.01888e-06	4.06073e-05	0.000586508	0.000616809	0.0	0.000538415	9.04194e-05	8.24443e-05	0.000109845	0.000111157	0.0	5.40493e-05	0.0	0.0	3.07166e-05	5.76862e-05	0.0	6.63819e-05	5.36966e-06	4.33911e-05	9.31539e-05	1.19663e-05	8.25902e-05	0.000359419	1.26501e-05	0.0	0.0	0.0	0.0	0.000215209	0.0	0.0	3.16712e-05
PWY-6731: starch degradation III	0.00161793	0.00286201	0.00273906	0.00346884	0.00118513	0.00220617	0.00242979	0.0	0.00181764	0.00325582	0.000326429	0.00328775	0.000315758	0.000784415	0.0031239	0.00144956	0.00380439	0.00273237	0.00297879	0.00198314	0.00255812	0.00268963	0.00144868	0.00187938	0.00250515	0.00444325	0.00268571	0.00146863	0.00375362	0.0010432	0.00193167	0.00310589	0.00265435	0.00145804	0.00277888	0.00052419	0.00168942	0.00329339	6.43802e-07	0.000665823	0.000461313	0.00140222	0.000951958	0.00207571	0.000272106	0.00261746	0.00382869	0.00307515	0.0034563	0.00244471	0.00154453	0.00058852	0.00334226	0.00212806	0.00179757	0.00203265	0.0012476	5.13877e-05	0.00426302	0.00159337	0.00243024	0.000140571	0.0	0.00183878	0.00163399	0.00242687	0.00270564	0.00320321	0.00166742	0.00204119	0.00229616	0.0032828	0.00106103	0.00492476	0.000578075	0.00151839	0.0051369	0.00427961	0.00126683	0.00184092	0.00220189	0.00386018	0.000180409	0.00254548	0.00408844	0.000816387	0.00116687	0.000951365	0.00329672	0.00258037	0.000665929	0.00179739	0.00100609	0.00238764	0.0028818	0.00223258	0.00319993	0.00214831	0.00114278	0.00138829	0.000135125	0.00158174	0.0015452	0.0032183	0.00176275	0.00238988	0.00158303	0.00320035	0.00187844	0.000680248	0.00112456	0.00147212	0.00298401	0.00270404	0.000167757	0.00236368	0.00276166	0.00283357	0.000145099	0.00152508	0.00028908	0.00311294	0.00326371	0.00445913	0.000622124	0.0038741	0.00218155	0.00282816	0.0017701	0.00126327	0.00278905	0.0025758	0.0015269	0.00315334	0.000772349	0.00061519	0.00426068	0.00199187	0.00281583	0.000260701	0.00126813	0.000709586	0.00188365	0.00439276	0.000821226	0.00255539	0.00206646	0.00266485	0.00169598	0.000637366	0.00229202	0.00102308	0.0033093	0.000610018	0.00184903	0.00160924	0.0008839	0.00166232	0.0036631	0.0028256	0.00237896	0.00315772	0.00129162	7.00849e-05	0.00251199	0.00370133	0.00266829	0.00206551	0.00223174	0.00223774	0.00253128	0.00180936	0.00327251	0.00156337	0.00116576	0.00275097	0.00279866	0.00032427	0.00291811	0.00264159	0.00327674
PWY-6748: nitrate reduction VII (denitrification)	0.0	0.0	0.0	0.0	0.0	0.0	0.0	0.0	0.00012141	0.0	0.0	0.0	0.0	1.38935e-05	0.0	0.0	0.0	0.0	0.0	0.0	0.0	0.0	0.0	0.0	0.0	0.0	0.0	0.0	0.0	0.000311815	0.0	0.0	0.0	0.0	5.81373e-05	0.0	0.0	0.0	0.0	0.0	0.0	0.0	0.0	0.000180909	4.30488e-05	0.0	0.0	0.0	0.0	0.0	0.0	0.000593975	0.000133751	0.0	3.49886e-05	0.0	0.0	0.0	0.0	0.000337045	0.0	0.0	0.0	0.0	0.0	0.0	0.0	0.0	0.0	0.0	0.0	0.0	0.0	0.0	0.0	0.0	0.0	0.0	0.0	0.0	0.0	0.0	0.0	0.0	0.0	0.0	0.0	0.0	0.0	0.0	0.0	0.0	0.0	0.0	0.0	0.0	0.0	0.0	0.0	0.0	0.0	0.0	0.0	0.0	0.0	0.0	0.0	0.0	0.0	0.0	0.0	0.0	0.0	0.0	0.0	0.0	0.0	0.0	0.0	0.0	0.0	0.0	0.0	0.0	0.0	0.0	0.0	0.0	0.0	0.0	0.0	0.0	0.0	0.0	0.0	0.0	0.0	2.01254e-05	0.0	0.0	0.0	0.0	0.0	0.0	0.0	0.0	0.0	0.0	0.0	0.0	0.0	0.0	0.0	0.0	0.0	0.0	0.0	0.000284931	0.0	0.0	0.0	0.0	0.0	0.0	0.0	0.000156954	1.01561e-05	0.0	0.0	0.0	0.0	0.0	0.0	0.0	0.0	0.0	0.0	0.0	0.0	0.0	8.27857e-06
PWY-6749: CMP-legionaminate biosynthesis I	0.000465806	0.00146681	1.44295e-05	6.16241e-05	0.0	9.46986e-06	1.61974e-05	0.0	0.0	7.20983e-05	0.0	0.000344079	2.03409e-05	4.34591e-05	0.000736857	0.0	0.0	0.000185446	0.0	1.99444e-05	0.00105646	0.0	0.0	9.47188e-05	0.0	0.0	6.13543e-05	0.0	1.93353e-05	0.0	5.38135e-05	0.0	0.0	0.0	0.000165442	0.000682573	0.000901788	0.0	0.0	0.000396004	0.0	2.45742e-05	9.66292e-05	0.0	0.0	0.00186917	0.000111948	0.00011227	0.000191177	0.0	0.0	7.63567e-05	5.21482e-05	0.00365271	0.00054538	0.0	0.0	0.0	0.0	0.000315046	0.0	0.0	0.0	0.0	0.0	0.0	6.07478e-05	3.10651e-05	0.0	0.0	0.000262884	0.0	0.0	0.0	0.0	3.19844e-05	0.0	0.0	1.64936e-05	0.000908626	0.0	0.000861302	0.0	0.0	0.0	0.0	0.0	0.0	0.0	0.0	0.0	0.0	0.0	1.90629e-05	0.0	0.0	0.0	0.0	0.0	0.0	0.0	0.0	0.0	1.15593e-05	9.68648e-05	0.0	0.0	0.0	6.81409e-05	0.000258825	0.0	0.0	0.0	0.0	0.0	4.98615e-05	0.0	0.000481315	0.0	3.51075e-05	0.0	0.000165774	9.63903e-05	0.0	5.43888e-05	6.46052e-05	2.41491e-05	5.08869e-05	0.0	6.25059e-06	0.00143762	0.0	0.0	0.0	0.0	0.0	0.0	0.000815594	0.000228215	0.0	0.0	1.28436e-05	0.0	0.0	4.82711e-05	1.71563e-05	0.00044759	0.0	3.22553e-05	0.000120921	0.0	0.0	0.0	8.72258e-05	0.0	5.82273e-05	0.0	0.000445404	0.0	5.69763e-05	0.0	0.00134972	9.19299e-06	0.000146446	5.83459e-05	0.000535632	0.000122076	6.35792e-05	0.000187886	2.46417e-05	0.0	0.000917081	0.000118857	0.000285779	0.000290285	0.0	0.000170735	0.0	3.85235e-05	0.0	0.000219393
PWY-6763: salicortin biosynthesis	0.0	1.81133e-05	0.0	0.0	0.0	0.0	0.0	0.0	0.0	0.0	0.0	0.0	0.0	0.0011859	0.0	0.0	0.0	0.0	0.0	0.0	0.0	0.0	0.0	0.0	0.0	0.0	3.04939e-05	0.0	0.0	0.0	0.0	0.0	0.0	0.0	0.0	0.0	0.0	0.0	0.0	0.0	0.0	0.0	0.000551308	6.19871e-06	0.0	0.0	0.0	5.85149e-06	0.0	0.0	0.000274783	0.0	0.0	0.0	0.0	0.0	0.0	6.53198e-06	0.0	0.0	0.0	0.0	0.0	5.06985e-05	0.0	0.0	0.0	0.0	0.0	0.0	0.0	0.0	0.0	0.0	0.000299167	0.0	0.0	0.0	0.0	0.0	0.0	0.0	0.0	0.0	0.0	0.0	0.0	2.32641e-05	0.0	0.0	0.0	0.0	0.00016778	0.0	0.0	0.0	0.0	0.0	0.0	0.0	0.0	0.0	0.0	0.0	0.0	0.00014153	3.41073e-05	0.0	1.32173e-05	0.0	0.0	0.0	0.0	0.0	0.0	0.0	0.0	0.0	0.0	0.0	0.0	0.0	0.0	0.0	0.0	0.0	0.0	0.0	0.0	0.0	0.0	0.0	0.0	0.0	0.0	0.0	0.0	0.0	0.0	0.0	0.0	0.0	0.0	0.0	0.0	0.0	0.0	0.0	0.0	4.01483e-05	0.000156746	0.0	0.0	1.4271e-05	0.000312835	0.0	0.0	0.0	0.0	0.0	0.0	0.0	0.0	0.0	0.0	0.0	0.0	0.0	0.0	0.0	0.0	0.0	0.0	0.0	0.0	0.0	0.0	0.0	0.0	0.0	0.0
PWY-6797: 6-hydroxymethyl-dihydropterin diphosphate biosynthesis II (Methanocaldococcus)	0.0	0.0	0.0	0.0	0.0	0.0	0.0	0.0	0.0	0.0	0.0	0.0	0.0	0.0	0.0	0.0	0.0	0.0	0.0	0.0	0.0	0.0	0.0	0.0	0.0	0.0	0.0	0.0	0.0	0.0	0.0	0.0	0.0	0.0	0.0	0.0	0.0	0.0	0.0	0.0	0.0	0.0	0.0	0.0	0.0	0.0	0.0	0.0	0.0	0.0	0.0	0.0	0.0	0.0	0.0	0.0	0.0	0.0	0.0	0.0	0.0	0.0	0.0	0.0	0.0	0.0	0.0	0.0	0.0	0.0	0.0	0.0	0.0	0.0	1.92396e-05	0.0	0.0	0.0	0.0	0.0	0.0	0.0	0.0	0.0	0.0	0.0	0.0	0.0	0.0	0.0	0.0	0.0	0.0	0.0	0.0	0.0	0.0	0.0	0.0	0.0	0.0	0.0	0.0	0.0	0.0	0.0	0.0	0.0	1.31757e-05	0.0	0.0	0.000337902	0.0	0.0	0.0	0.0	0.0	4.54703e-05	0.0	0.0	0.0	0.0	0.0	0.0	0.0	0.0	0.0	0.0	0.0	0.0	0.0	0.0	0.0	0.0	0.0	0.0	0.0	0.0	0.0	0.0	0.0	0.0	0.0	0.0	0.000252062	0.0	0.0	0.0	0.0	0.0	0.0	0.0	0.0	0.0	0.0	0.0	0.0	0.0	0.0	0.0	0.0	0.0	0.0	0.0	0.0	0.0	0.0	0.0	0.0	0.0	0.0	0.0	0.0	0.0	0.0	0.0	0.0	0.0	0.0	0.0	0.0
PWY-6803: phosphatidylcholine acyl editing	0.0	0.000175704	6.51119e-05	0.000980548	0.000308922	0.00128771	0.000787536	0.0	0.000268792	0.000920279	0.00371195	0.00146707	0.00030846	0.00203082	0.0045929	0.00051655	0.000261234	0.00089055	0.00431289	5.49433e-05	8.30616e-05	1.19066e-05	0.0	0.000805946	0.0026283	0.00268219	0.000267528	0.00343913	0.00414837	0.000860579	0.000238317	0.0	0.0	0.00149235	0.00138144	0.0027096	0.000535715	4.53644e-05	0.00688849	0.00159792	0.000368262	0.00024023	0.00251015	0.00414206	0.00479668	0.000309468	0.00166829	3.29706e-05	0.000735109	0.0	0.00190672	0.0020422	0.00275795	0.0	0.0	9.46625e-05	0.00229012	0.000781552	0.000781703	0.00133759	0.000701983	0.00267676	0.0	0.00105325	0.000181408	0.000306297	0.0	2.19461e-05	0.00295039	0.0	0.00159619	0.00160538	3.29495e-05	2.9829e-05	0.00176071	0.00152017	0.0	0.0	0.000122395	0.00262021	0.000187776	0.000115212	0.0	0.0	0.000888071	4.75926e-05	3.44501e-05	0.00226123	0.0	0.0	0.0	0.0	0.00290767	0.00126633	3.88582e-05	0.0	0.0	0.0	0.00030606	0.0	0.000369119	0.000534245	0.000149737	0.000988546	2.6098e-05	0.000483318	0.000158637	0.00115918	0.000183171	0.00222543	7.86136e-05	0.0	3.143e-05	0.0	0.000801955	0.000633626	0.00398113	0.000350484	0.0	0.00249796	0.0	0.00147966	0.0	0.0	0.000695566	0.0	0.00162746	6.31209e-05	0.000126165	0.00276633	0.000102056	5.07709e-05	0.0	0.0	0.000174526	0.0	0.000528405	0.00259179	4.6905e-05	0.0	0.000888599	0.0045629	0.0016996	0.00149951	0.000522817	0.000126054	0.00191504	0.0	0.000758562	0.000292443	0.00452851	0.00366116	0.0	0.00272085	0.00348052	0.00186808	0.000735666	0.000428754	0.0	0.000326558	0.000131248	0.00215575	0.000300781	0.00101493	3.19434e-05	0.00191531	0.000122206	0.000571556	0.00115641	0.000177829	0.00180354	0.00153669	0.000447936	7.21628e-05	0.00389691	6.34416e-05	0.0015225	0.00145238	8.65565e-05	4.55731e-05	0.000243339
PWY-6807: xyloglucan degradation II (exoglucanase)	0.0	0.0	0.00130003	0.0	0.0	0.000321508	0.0	0.0	0.0	0.0	0.0	0.0	0.0	0.0	0.0	0.0	0.0	0.0	0.0	0.0	0.0	0.0	0.00153557	0.000200882	0.000158273	0.0	0.000114986	0.0	1.49342e-05	0.0	0.0	0.0	0.0	0.000276263	0.0	0.0	0.0	0.0	0.0	0.0	4.56793e-05	0.0	0.0	0.0	0.0	0.0	0.0	9.23543e-05	0.0	0.000161525	0.000266819	0.0	0.0	0.0	0.0	0.000408744	0.0	0.0	0.0	0.0	0.0	3.05223e-05	0.0	0.000141185	0.0	0.0	0.0	0.0	0.0	0.000950672	0.0	0.0	0.0	0.0	0.0	0.0	0.000653163	0.0	0.0	0.0	7.21971e-05	0.0	0.0	0.000212802	0.0	0.0	0.0	0.0	0.000245074	0.0	0.0	0.000384696	8.43577e-05	0.00144017	0.0	2.98988e-05	6.60471e-05	6.00331e-05	0.0	0.0	0.0	0.000142334	0.000652667	7.61082e-05	0.0	7.0146e-05	0.000130408	2.32975e-05	0.0	0.0	0.0	0.00163226	0.000128361	3.57128e-05	0.0	8.98239e-05	3.33399e-05	6.08443e-05	0.0	2.79484e-05	0.0	0.0	0.0	0.0	0.0	0.000115874	0.000608816	0.0	0.0	0.0	0.0	2.56831e-05	0.000104373	0.000894226	0.0	0.0	0.000192253	0.0	0.0	0.0	0.000124684	0.0	0.000178563	0.0	0.0	0.0	2.44396e-05	0.0	0.0	0.0	0.0	0.0	0.00029223	0.0	0.0	0.0	0.0	3.47999e-05	0.0	0.000340529	0.0	9.8614e-05	0.0	0.0	0.0	0.0	0.0	0.000314656	0.0	0.000988568	0.0	9.45202e-05	0.0	0.0	0.0	0.0	0.0	0.0	0.0	0.0	0.0
PWY-6823: molybdopterin biosynthesis	0.00281326	0.00369439	0.00187168	0.00461704	0.00170208	0.00318716	0.00333613	0.00265392	0.00217448	0.00305184	0.00194349	0.0021596	0.00196502	0.0029267299999999	0.00164738	0.00437886	0.000274696	0.00412472	0.00227744	0.00327308	0.00156919	0.00297582	0.000914345	0.00309821	0.00177848	0.00423859	0.00406471	0.00250601	0.00252959	0.00258854	0.00124133	0.00259156	0.00205465	0.00153217	0.00256222	0.00259369	0.00200032	0.00257769	0.00277733	0.00207784	0.00363058	0.000569024	0.00121176	0.00215164	0.00325414	0.00138037	0.00488711	0.00283754	0.0025282	0.00343699	0.00210481	0.00442683	0.00124788	0.000576681	0.00102209	0.00195573	0.00299598	0.00316693	0.00194927	0.00212143	0.00163008	0.00154624	0.00421167	0.00499576	0.003048	0.00172294	0.00290665	0.00128137	0.00135369	0.000365304	0.000697359	0.00349419	0.00596224	0.00148379	0.0017155	0.00200505	0.00400515	0.0023946	0.00166762	0.00221933	0.00276425	0.000520142	0.00422483	0.00226994	0.00251751	0.00363737	0.00193358	0.00099719	0.00816362	0.0043696	0.000805464	0.000895238	0.00190503	0.00192251	0.0029783	0.00209427	0.00455585	0.00335082	0.00295794	0.00227238	0.00248941	0.00502533	0.00153208	0.00121796	0.00230495	0.00160111	0.00508582	0.00208595	0.00278855	0.00185895	0.00248478	0.00307491	0.00356334	0.00435881	0.00344828	0.00173162	0.00193894	0.00237929	0.00289598	0.0029032	0.00528027	0.0035437	0.00275581	0.00159174	0.0016971	0.00380361	0.00215646	0.00308448	0.00173198	0.00256544	0.00158668	0.00365393	0.00120366	0.000822518	0.00442746	0.00101582	0.00384878	0.00273257	0.00416434	0.00157377	0.0024312	0.0027322	0.00299891	0.000649725	0.00346722	0.00159118	0.00159612	0.00180444	0.00196668	0.00601604	0.00210973	0.0024383	0.00387521	0.00169565	0.00244971	0.00246441	0.000554845	0.00206081	0.00400466	0.00178335	0.00256349	0.00228156	0.00323837	0.00195875	0.00418362	0.00158297	0.00273158	0.00327215	0.00325316	0.00246221	0.00183925	0.00158091	0.00234338	0.00295186	0.00259732	0.00323356	0.0017639	0.00379996	0.00384688	0.0038312	0.0012607
PWY-6859: all-trans-farnesol biosynthesis	0.000827446	0.000353397	0.00194429	0.00161352	0.000145575	0.0010635	0.00086459	0.00329007	0.000366647	0.000927271	0.00051133	0.00128818	0.0024071	0.0029744	0.00323311	0.00134954	0.0	0.00123558	0.00148872	0.000583488	0.00114323	0.00112262	0.000574418	0.000839337	0.00151641	0.00221687	0.000467966	0.00212622	0.00145999	0.00092467	0.000561095	0.000786032	0.000840136	0.00238564	0.00193915	0.000917374	0.00190696	0.000758438	5.52329e-05	0.000809896	0.000354297	0.00180791	0.00244003	0.000990899	0.000853086	0.00316197	0.00218572	0.000557968	0.0013844	0.000295349	0.00243629	0.00118245	0.000765018	0.00197079	0.00128696	0.000544957	0.000556393	0.00299426	0.00161983	0.000980849	0.00354548	0.000517151	0.00244716	0.000941422	0.000232888	0.0010331	0.00035475	0.000574202	0.00161826	0.00176947	0.00208256	0.00128111	0.000509948	0.00110476	0.000260103	0.00036845	0.0018902	0.00178925	0.000290622	0.00131011	0.0010922	0.00288262	0.0	0.000994365	0.000515182	0.00020007	0.000176613	0.000223936	0.00116806	0.000395706	0.000190394	0.00105124	0.000868982	0.00243458	0.00071794	0.000495179	0.0012024	0.000885401	0.000163977	0.000802354	0.000105723	0.000862793	2.64389e-05	0.00158116	0.000399474	0.00242083	0.00119721	0.000190919	0.00120573	0.00128349	0.000599931	0.00281203	0.000429673	0.00093726	0.000183487	0.00112464	0.000797262	0.00123277	0.0	0.00080112	0.000183402	0.000957364	0.00112661	0.00117487	0.00022688	0.000915664	0.00219113	0.000223474	0.000238004	0.00246083	0.00134929	0.000565751	0.00194292	0.0010842	0.000513241	3.26078e-05	0.00109342	0.00346574	0.00023658	9.50674e-05	0.00107041	0.000167469	0.00104826	0.00185212	0.000409707	0.00160508	0.00133464	0.000362143	0.00097198	0.00049527	0.0010017	0.000783365	0.000902247	0.000581036	0.000549536	0.00116378	0.000780743	0.000779923	0.00114631	0.00203706	0.00242064	0.00101335	0.00034891	0.00179983	0.000714154	0.00120304	0.000642938	0.00180439	0.0010918	0.00157712	0.00124514	0.00150936	0.00141967	0.000994733	0.00148921	0.00114662	0.0013964	0.00410859	2.40757e-05	0.00183026	0.00166879
PWY-6876: isopropanol biosynthesis (engineered)	0.0	0.0	1.28803e-05	0.0	0.0	0.0	0.0	0.0	8.08664e-05	0.0	0.0	1.56489e-05	0.0	0.0	0.0	0.0	0.0	3.86176e-05	0.0	6.12666e-05	0.0	1.90709e-05	0.0	0.0	0.0	0.0	0.0	0.0	1.3142e-06	5.94896e-05	0.0	0.0	0.0	0.0	0.0	0.0	0.0	0.0	0.0	0.0	4.62884e-05	0.000427083	0.000110756	0.0	0.0	0.0	0.0	2.17649e-05	0.0	0.0	0.000101665	0.0	0.00014739	0.0	0.000136888	1.4711e-05	0.0	0.000232007	0.0	0.0	6.18062e-05	0.0	0.0	0.000479449	4.55485e-05	0.000106582	0.0	0.0	0.0	6.50894e-05	0.0	0.0	0.0	0.0	0.0	0.0	4.8786e-05	0.0	0.00030296	0.0	0.000342104	0.000309128	0.0	0.000383276	0.0	8.85436e-05	9.13067e-05	0.0	0.000179433	6.64129e-05	0.0	0.0	0.0	7.43564e-05	1.89402e-05	3.73054e-05	0.0	0.0	3.7376e-05	4.66002e-05	0.0	0.0	0.00055628	0.0002571	3.32539e-05	0.00020277	3.21715e-05	0.0	0.0014302	0.00063047	0.0	0.0	0.0	0.0	0.0	0.0	0.0	0.000123596	0.0	0.0	0.0	6.82956e-05	2.4763e-05	8.85712e-05	7.90632e-05	4.01571e-05	0.0	0.0	6.20639e-05	0.0	0.0	4.34397e-05	0.0	3.47852e-05	0.0	0.0	7.45334e-05	0.0	0.0	0.000146733	0.000301772	0.0	0.0	0.0	0.0	0.000554066	1.22958e-05	3.64281e-05	0.000137626	0.000130972	0.0	0.0	2.22079e-05	0.0	0.0	0.000885533	0.0	8.10565e-05	5.8399e-05	0.000111126	0.000154814	0.00010165	9.86067e-05	0.0	0.0	0.0	5.62399e-05	7.87267e-06	5.05141e-05	0.0	0.0	0.0	0.0	0.0	0.0	0.0	0.0	0.0	3.91303e-05	0.0	0.000119477
PWY-6895: superpathway of thiamine diphosphate biosynthesis II	0.000484827	0.00133694	0.00107417	0.00283644	0.000653145	0.00271941	0.00379749	0.00170204	0.00172108	0.00270138	0.00326037	0.00386728	0.00122765	0.0019182	0.00358412	0.00341164	0.0	0.0049152	0.00319026	0.0014465	0.000479176	0.000242974	0.0002664	0.00351709	0.0032123	0.00321833	0.00194278	0.00227634	0.00329428	0.00336557	0.000561865	0.000901465	0.00108217	0.00346971	0.00375598	0.00332325	0.00223579	0.00108045	0.000163982	0.00506353	0.00211049	0.00136266	0.00276781	0.0027159	0.0	0.00192318	0.00328195	0.00120167	0.00302244	0.000404622	0.00273646	0.00304834	0.0026444	0.0	0.000622509	0.0011802	0.00358524	0.001403	0.00185724	0.00320537	0.00235416	0.00158817	0.0	0.00254161	0.000405184	0.00180393	0.000177049	0.00137944	0.00386692	0.0	0.00338664	0.00146747	0.000422499	0.000410571	0.00402505	0.0028888299999999	0.000874112	0.00230034	0.00193602	0.0042396	0.00070603	0.00028941	0.000822758	0.00281397	0.00204141	0.00140643	0.0	0.0037366	0.00310743	0.000959576	0.00195294	0.000375326	0.00294916	0.00346859	0.00144845	0.000390355	0.00244967	0.00294291	0.000906247	0.00485223	0.00356126	0.0014232	0.00183755	0.00342806	0.00137547	0.00221071	0.00102702	0.00368804	0.00147841	0.00302578	0.00026014	0.000108874	0.000620849	0.00196545	0.00130148	0.00229345	0.00347794	0.00180054	0.000408937	0.00361673	0.0026464	0.00348797	0.00081702	0.00159646	0.00375782	0.00121328	0.00341809	0.00182411	0.000665378	0.00353188	0.000719379	0.0035396	0.000217731	0.00100803	0.00102027	0.0	0.00408796	0.00396624	0.00131671	7.86019e-05	0.00382278	0.00208919	0.00287034	0.00358796	0.00271042	0.00179021	0.00421187	0.00078989	0.00203399	0.00107624	0.00272909	0.0027389	0.00103469	0.00292055	0.0026846	0.00274828	0.0011391	0.0014001	0.00105198	0.00162861	0.000624258	0.00472554	0.00323373	0.00136143	0.000390798	0.00378458	0.000920338	0.00226241	0.00349063	0.000900537	0.00344101	0.00277674	0.00259835	0.00152413	0.00332205	0.00258164	0.00380201	0.00194639	0.00215023	0.0	0.00212463
PWY-6897: thiamine diphosphate salvage II	0.00681871	0.0067492	0.0058015	0.00521176	0.000870505	0.00374306	0.00550046	0.00170561	0.00404784	0.0054777	0.0025374	0.00449532	0.00421629	0.00361586	0.00355651	0.00603693	0.00685663	0.00557947	0.00304046	0.00548726	0.00563437	0.00599844	0.0035383	0.00454959	0.00303705	0.00457486	0.00832275	0.00250211	0.00316961	0.00347068	0.00616846	0.00504987	0.00523603	0.00431566	0.00410872	0.00330533	0.00492719	0.00553201	0.00348628	0.00420863	0.00869972	0.0041681	0.00376896	0.00241609	0.00313692	0.00412139	0.00367652	0.00634673	0.00497417	0.00685447	0.00333648	0.002251	0.00281542	0.00447266	0.0065383	0.00754964	0.00464747	0.00539676	0.00417873	0.00278868	0.00478677	0.00176856	0.00280299	0.00355085	0.00656629	0.00477267	0.0062308	0.00313373	0.00350262	0.00338615	0.00364364	0.00454803	0.00781963	0.00224865	0.00482224	0.00436433	0.00600905	0.00569016	0.00493942	0.00379823	0.0054263	0.00725294	0.00874645	0.00495006	0.00655243	0.0047861	0.00253151	0.00936391	0.00759599	0.00641113	0.00926431	0.00522256	0.00281063	0.00413104	0.00571694	0.00707593	0.00521295	0.0059374	0.00636195	0.00598218	0.00693662	0.00588206	0.0114513	0.00518118	0.00514516	0.00502499	0.00493203	0.00601501	0.00329889	0.00306336	0.00653923	0.00484135	0.00683312	0.00505033	0.00367537	0.00454033	0.00316862	0.00529167	0.00639121	0.00367166	0.00539316	0.00509545	0.00542723	0.00566848	0.00362943	0.00558451	0.00409296	0.00690262	0.00681303	0.00376961	0.00633753	0.00545726	0.00451909	0.00308148	0.00655808	0.00233582	0.00659652	0.00376653	0.00579477	0.00963159	0.00454717	0.00322375	0.00373663	0.0057885	0.00333961	0.00598406	0.00369563	0.00736936	0.00403156	0.00210611	0.00258479	0.00270094	0.00690015	0.0028182	0.00280811	0.00275205	0.00158246	0.00342257	0.00608997	0.00463812	0.00504555	0.00436076	0.00561673	0.00213797	0.00622996	0.00366482	0.00583078	0.00548898	0.00525175	0.00551422	0.00398273	0.00302027	0.00538802	0.00538945	0.00275735	0.00653486	0.00463686	0.00514078	0.00322572	0.00544684	0.00637869
PWY-6901: superpathway of glucose and xylose degradation	0.00326529	0.00397491	0.00424941	0.00362233	0.00480783	0.00423626	0.00360144	0.00326187	0.00347432	0.003505	0.00377515	0.00451023	0.00405112	0.00511791	0.00447594	0.00386084	0.00365689	0.00320382	0.00395587	0.00340685	0.00346213	0.00387729	0.00254588	0.00306907	0.00453025	0.00414419	0.00256781	0.00425199	0.00437276	0.00318954	0.00273812	0.00392525	0.00407898	0.00417175	0.00393581	0.00480721	0.00442419	0.00371773	0.00408662	0.00256032	0.00160517	0.0038383	0.00460163	0.00414515	0.00382947	0.00450352	0.00377768	0.00370515	0.00439779	0.00262991	0.00450681	0.00280614	0.00504905	0.0038777	0.00266199	0.00344183	0.00302767	0.00460222	0.00498439	0.00309097	0.00449282	0.00283909	0.0040205	0.00480588	0.00189494	0.00359798	0.00266062	0.00211698	0.00443464	0.00377855	0.00391368	0.00335717	0.00185979	0.00235852	0.00261774	0.00315924	0.00542148	0.00492808	0.00243653	0.00381354	0.00343368	0.00423437	0.000617952	0.00383098	0.00313048	0.00425283	0.00400681	0.00221095	0.00308775	0.00311867	0.0014031	0.00310189	0.00465423	0.00440775	0.003869	0.00220772	0.0046128	0.00453603	0.00360018	0.00279691	0.001752	0.0034389	0.00223767	0.00408705	0.00301926	0.00437588	0.00282264	0.00342786	0.0038034	0.00371109	0.00185319	0.00578005	0.00346643	0.0046666	0.00185389	0.00439973	0.00436616	0.00469484	0.00166154	0.00432687	0.00128269	0.00430691	0.00404924	0.0045946	0.00250791	0.00417161	0.0044758	0.00225895	0.00234791	0.00361836	0.00347792	0.00348915	0.00469847	0.00247187	0.00226255	0.00100016	0.00496478	0.00464628	0.00335357	0.00105503	0.003662	0.00411286	0.00440325	0.00414902	0.0028142	0.00358693	0.00419046	0.00324401	0.00311313	0.00201762	0.00448911	0.00405234	0.00312962	0.00447121	0.00423684	0.00441442	0.0036818	0.00342625	0.00462614	0.00479181	0.00389998	0.00390725	0.00272672	0.00338013	0.00256523	0.00508398	0.00368391	0.00371345	0.00396246	0.0047584	0.00474603	0.00405785	0.00460501	0.00319345	0.0040074	0.00329927	0.00419925	0.0026767	0.00480296	0.00430911	0.00411054
PWY-6902: chitin degradation II (Vibrio)	0.000967352	0.00244482	0.00260041	0.000877902	0.00273579	0.00319097	0.00097521	0.00505131	0.00148698	0.00105118	0.0	0.000980987	0.00282082	0.00188077	0.00265244	0.000539098	0.000178604	0.0016202	0.00230033	0.000476615	0.00136651	0.00136878	0.000804277	0.000830755	0.000288831	0.00203015	0.000559452	0.00222699	0.00241849	0.000255811	0.000657703	0.000758033	0.00157049	0.00227197	0.00171343	0.000851903	0.00213351	0.00178859	0.00312104	0.000288696	0.000210996	0.00203492	0.0015074	0.00150718	0.00605297	0.00307181	0.00111531	0.00260071	0.00225412	0.000275395	0.00270953	0.000942225	0.000132369	0.00893539	0.00134307	0.000508416	0.0026277	0.00175773	0.00569612	0.00081379	3.67871e-05	0.000206506	0.0	0.000644893	0.000390501	0.00163327	0.00268304	0.000998745	0.00106402	0.00195428	0.00191106	0.00324395	0.000440108	0.000509406	0.00047708	0.000894383	0.00141953	0.00197356	0.00034783	0.000852746	0.000463737	0.00562931	3.89489e-05	0.00218879	0.00116398	0.000740839	0.00118558	0.000583146	0.00158599	0.000293438	0.000215618	0.00355298	0.000832597	0.00190184	0.00171196	0.00205113	0.000853538	0.00147682	0.000324792	0.000720385	0.00102378	0.000369366	0.000284844	0.00273023	0.00127445	0.00150779	0.000976317	0.00198272	0.00163256	0.000708249	0.000200945	0.000764098	0.00141773	0.000590242	0.00018588	0.000926266	0.00199111	0.00192988	0.000560789	0.0015911	0.000731973	0.00108305	0.00194743	0.000811466	0.000295185	0.00185049	0.00205024	0.000302116	0.00192298	0.00116458	0.00143052	0.00092849	0.000638247	0.00277404	0.00063188	0.000347734	0.000756428	0.00193118	0.00167806	0.00016997	0.00274308	0.00298354	0.00391995	0.0072484	0.000126009	0.00368341	0.000920976	0.00138342	0.00050218	0.000250453	0.000308465	0.0023387	0.00135091	0.00178517	0.0026426	0.00158945	0.000693245	0.00107937	0.00343353	0.00245945	0.00136093	0.00101529	0.000416634	0.00115519	0.000662944	0.000894583	0.00145368	0.00208572	0.000911852	0.00191037	0.00198906	0.000665333	0.0013806	0.00261331	0.00120153	0.0010762	0.000865582	0.0028316	0.000680193	0.000622853	0.0031917
PWY-6906: chitin derivatives degradation	0.000381224	0.00167817	0.000899994	0.000672001	0.0	0.000442349	0.00107381	0.0	0.00014992	0.00117274	0.0	0.000924167	5.93097e-05	0.0	0.00160772	0.000344111	0.0	0.00124768	0.0	0.00101692	0.000595269	0.00019693	0.000755112	0.000426716	0.000202726	0.000672016	0.000420636	0.000114775	0.000146554	0.000906143	0.000464657	0.00126525	0.00087143	0.000283696	0.000430601	0.0	0.000499963	0.000725179	0.0	0.000347488	0.000302978	0.00223191	0.0	0.0	0.0	0.000777222	0.000193674	0.00037687	0.0025253	0.00129602	0.000378515	0.000466438	0.000158775	0.00160482	0.000444653	0.00177537	0.000516367	0.0	0.00204832	0.000718852	0.0	4.59924e-05	0.0	0.00125324	0.00025303	0.000438207	0.000110473	0.000723297	0.00155866	0.0	0.000708255	0.00309885	0.000438311	7.23421e-05	0.000159012	0.000634268	0.00279709	0.00117592	0.000539248	0.00143937	0.000154256	0.00272789	0.0	0.00126936	0.00106036	0.000272846	0.00062354	0.000314408	0.00160597	0.00027836	0.0	0.000842779	0.000279598	0.00228987	0.000844866	0.000999955	0.000257666	0.000284172	0.000156925	0.000565619	0.0	0.000696298	0.00100588	0.00115943	0.00080591	0.00274029	0.000471083	0.00146255	0.00109267	0.000497439	0.000334832	0.000640642	0.000104652	0.000252693	0.000103153	0.00100103	0.000403156	0.000897336	0.0	0.0	0.0	0.00125982	0.00213213	0.0	0.000723093	0.000128263	0.000638155	0.00241124	0.000610712	0.000145114	0.000608707	0.00051672	0.0	0.00166455	0.000482722	0.000192958	0.000741272	0.00134689	0.00084674	0.0	0.000972313	0.0	0.000546685	0.00211544	0.000261997	0.00239744	0.00129325	0.000420591	0.000194732	0.000295018	0.0	0.0	0.000328487	6.1296e-05	0.0	0.0	0.0	0.000775877	0.0	0.00113429	0.000250731	0.00128347	7.60174e-05	0.0	0.000369348	0.000637937	0.000761327	0.000551924	0.000111659	0.000723961	0.000261801	0.000324207	0.00134722	0.000361531	0.000218568	0.000804774	0.000835759	4.8428e-05	7.85665e-05	0.00119455	0.00111614
PWY-6920: 6-gingerol analog biosynthesis (engineered)	0.0	0.0	7.9843e-06	0.0	0.0	0.0	0.0	0.0	0.0	0.0	0.0	0.0	3.56395e-05	0.0	0.0	0.0	0.0	0.0	0.0	0.0	0.0	0.0	0.0	0.0	0.0	0.0	0.0	0.0	0.0	0.0	0.0	0.0	0.0	0.0	0.0	0.0	0.0	0.0	0.0	0.0	0.0	0.0	0.0	0.0	0.0	0.0	0.0	0.0	0.0	0.0	7.11134e-06	0.0	0.0	0.0	0.0	0.0	0.0	0.0	2.47639e-05	0.0	0.0	0.0	0.0	0.0	0.0	0.0	0.0	0.0	0.0	0.0	0.0	0.0	0.0	0.0	0.0	0.0	0.0	0.0	5.38598e-05	0.0	0.000271236	0.0	0.0	0.0	0.0	2.5333e-05	0.0	0.0	0.000222417	1.44989e-05	0.0	0.0	0.0	0.0	0.0	0.00016688	9.87012e-06	0.0	9.3563e-06	0.0	0.0	0.0	0.000147854	2.4116e-05	0.0	0.0	0.0	0.0	0.0	0.0	0.0	0.0	0.0	1.25621e-05	0.0	0.0	0.0	1.41648e-05	0.0	0.000339042	0.0	6.88131e-05	0.0	0.0	0.0	0.0	0.0	0.0	9.75375e-05	0.0	0.0	3.43683e-05	0.0	0.0	0.0	0.0	0.0	0.0	0.0	0.0	1.58988e-05	0.0	0.0	0.0	0.0	0.0	0.0	0.0	0.0	6.84032e-05	0.0	0.0	4.4156e-05	0.0	0.0	0.00011131	0.0	5.03402e-05	0.0	0.0	0.0	0.0	6.67187e-06	0.0	0.0	0.0	0.0	0.0	0.0	6.58343e-05	0.0	0.0	0.0	0.0	0.0	0.0	0.0	0.0	1.87329e-05	0.0	0.0
PWY-6922: L-N&delta;-acetylornithine biosynthesis	6.38922e-05	2.90576e-05	3.49208e-05	0.000282757	0.000136869	0.000742128	0.000248956	0.0	0.000204237	0.000210464	0.000249128	0.000315801	8.30539e-05	3.86403e-05	0.0	0.000335203	0.0	0.000112835	0.0	0.000369368	0.000221217	0.0	7.38788e-05	8.09833e-05	0.000317739	0.000130551	0.000354987	0.0001142659999999	0.000409841	0.000789439	0.000133089	5.64704e-05	0.0	0.000232576	0.000585936	0.0	0.000572141	8.07718e-05	0.0	0.000407867	0.000247855	0.000395666	0.000705485	2.56321e-05	0.0	0.000169874	0.000336149	0.0	0.000258789	0.000162348	0.0007182	0.000308445	0.00131342	0.0	0.00038828	3.83736e-05	0.000933692	1.99514e-05	9.11967e-05	0.000688174	0.000149025	0.000192781	0.00317903	0.000389919	6.06272e-05	0.000180356	6.4775e-05	0.0	0.000416622	0.0	0.000555085	0.00100098	0.000215795	0.000137107	0.000209139	0.000168961	5.10929e-05	0.0	0.000114439	0.000499534	0.00034219	0.000111157	6.50164e-05	0.0	3.5884e-05	0.000211751	0.0	0.000175959	0.000156295	5.52501e-05	0.000140422	0.000455351	0.00157201	0.000162678	8.77962e-05	0.000662687	4.01141e-05	0.000147304	0.000206511	0.00016847	0.000197298	1.46379e-05	0.0	0.000334269	3.93767e-05	0.000484789	1.66755e-05	7.05996e-05	8.29032e-05	0.000965988	7.65952e-05	0.0	8.02758e-05	4.84248e-05	0.000116785	0.000216665	0.000333517	9.08047e-05	2.38927e-05	0.000100925	0.00025111	9.73003e-05	0.0	0.0	0.000525559	0.0	0.000293281	0.000325177	0.0	0.000923026	0.000193059	0.000143927	0.000754341	0.000144315	0.000122797	0.0	0.000455505	0.000501036	0.000162545	0.000386774	0.000481229	5.21293e-05	0.00101438	3.58027e-05	7.12299e-05	2.183e-05	0.000438336	0.000146489	0.000387663	0.000555262	0.000317921	0.0	0.0	0.00167713	0.000572126	0.000530046	0.0	0.000809482	0.000143973	0.000251273	3.73239e-05	0.000323989	0.000166166	0.000445952	1.56311e-05	0.000687739	2.2108e-05	0.000242748	0.000321703	2.67992e-05	0.000849167	0.000632864	1.03147e-05	2.74546e-05	0.000518518	4.52448e-05	0.000222827	5.39948e-05	5.96478e-05	8.49909e-05	0.000146603
PWY-6936: seleno-amino acid biosynthesis (plants)	0.005972	0.00144583	0.000925068	0.00321703	0.00832065	0.00317238	0.00196081	0.00603093	0.0033374	0.00235454	0.0055677	0.00341488	0.00538954	0.00592731	0.00423793	0.00238947	0.00191094	0.00261838	0.004824	0.00206903	0.000576994	0.00132781	0.00105258	0.00327709	0.0050322	0.0022433	0.000899737	0.00502245	0.00438344	0.00186477	0.000700144	0.00301133	0.00284315	0.00178267	0.00383953	0.00481866	0.00489999	0.00222006	0.00591359	0.00458396	0.00162593	0.00115554	0.00378234	0.00445891	0.00603875	0.0031921	0.00390723	0.00125758	0.00321724	0.00128613	0.00502378	0.00321031	0.00418464	0.0	0.00184156	0.000972863	0.00257934	0.00576312	0.0032383	0.00220859	0.00455369	0.00383851	0.00884119	0.0033119	0.000995804	0.00126321	0.00101435	0.000483683	0.00381715	0.00111124	0.00329132	0.00300862	0.000397035	0.000143557	0.00416866	0.0040274	0.00249948	0.00142504	0.00357109	0.00454987	0.00390206	0.00183342	0.000835447	0.000428697	0.0010915	0.0033752	0.00144453	0.00209645	0.00190977	0.00271024	0.00287696	0.00215455	0.00456942	0.00325705	0.0020287	0.00182064	0.00284974	0.000645902	0.0020521	0.00114946	0.000815212	0.00310002	0.001329	0.00323728	0.00146792	0.00310288	0.0016722	0.00227318	0.00258052	0.00375741	0.000586425	0.00396646	0.00239899	0.00313082	0.00323122	0.00433793	0.0044868	0.00323445	0.00121807	0.00440467	0.00088455	0.00231183	0.00103253	0.000890633	0.00179456	0.00159926	0.0046086	0.000669832	0.000585763	0.00520809	0.000573766	0.00229872	0.00523978	0.000807263	0.00295701	0.000581902	0.00181391	0.0042664	0.000725006	0.000340033	0.00184127	0.00507627	0.00264671	0.00170928	0.00244902	0.00104501	0.00277085	0.000994413	0.0011886	0.00268594	0.00545798	0.00501513	0.0011144	0.00553258	0.00479041	0.00514256	0.0043851	0.00339614	0.00102188	0.00287354	0.00422751	0.00427986	0.00363143	0.0042839	0.00272645	0.00505353	0.00281295	0.0028476	0.00346149	0.00146262	0.00523811	0.00456311	0.00480768	0.00324224	0.0064587	0.00308288	0.00310446	0.00532805	0.00523758	0.00254863	0.00420504
PWY-6953: dTDP-3-acetamido-&alpha;-D-fucose biosynthesis	0.0	0.0	0.000169533	0.0	0.0	0.0	0.0	0.0	0.0	0.0	0.0	0.0	0.0	0.0	0.0	0.0	0.0	0.0	0.0	0.0	0.00022121	0.0	0.0	7.8567e-05	0.0	0.0	0.0	0.0	0.0	0.0	0.0	0.0	0.0	0.0	0.0	0.0	0.00028348	0.0	0.0	0.0	0.0	0.0	0.0	0.0	0.0	0.00343292	0.0	0.0	0.0	0.0	0.0	0.0	0.0	0.0	0.0	0.0	0.0	0.0	0.000375834	0.000829691	0.000849498	0.0	0.0	0.0	0.0	0.0	2.32199e-05	0.0	0.0	0.0	0.0	0.0	0.0	0.0	0.0	0.0	4.04746e-05	0.0	0.0	0.0	0.0	0.0	0.0	0.0	0.0	0.0	0.0	0.0	0.0	0.0	0.0	0.0	0.0	0.000117576	0.0	0.000373623	0.0	0.0	0.0	0.0	0.0	0.0	0.0	0.0	0.0	0.0	0.0	1.74783e-05	0.0	0.0	0.0	0.0	0.0	0.0	0.0	0.0	0.0	6.80327e-05	0.0	2.21835e-05	0.0	0.0	0.0	0.0	0.0	0.000106029	0.000131082	0.0	0.0	0.0	0.000402367	0.0	0.0	0.0	0.0	0.0	0.0	0.0	0.0	0.0	4.06868e-05	0.0	0.0	0.0	0.0	0.00016318	0.0	4.9848e-05	0.0	0.0	0.0	0.0	0.0	0.0	0.0	1.9499e-05	0.0	0.000312598	0.0	0.000101728	0.0	0.0	0.0	0.0	0.0	0.0	6.83985e-05	0.0	0.0	0.0	0.0	5.61178e-05	0.0	0.0	0.0	0.0	0.0	0.0	4.73117e-06	0.0	7.73858e-05
PWY-6961: L-ascorbate degradation II (bacterial, aerobic)	0.0	0.000138807	8.54221e-05	0.000300313	0.000271079	8.72327e-05	0.000493251	0.0	0.000368014	0.000133967	0.00452808	0.00110812	0.00107031	0.00044511	0.00148026	0.000179553	0.0	0.000651328	0.00354106	5.4167e-05	0.0	0.0	0.0	0.000382903	0.00213875	0.000750981	0.000218758	0.00229487	0.00180064	0.000443441	0.00012829	6.783e-05	0.0	0.000462772	0.00105857	0.0043853	0.000427625	2.06198e-05	1.15499e-05	0.00142036	0.000192682	0.000171777	0.000376089	0.00139884	0.00220051	0.000438152	0.000921306	4.36179e-05	0.000711701	0.0	0.00150604	0.000553089	0.00195809	0.0	0.0	6.96035e-05	0.00123673	0.00148078	8.86935e-05	0.000807692	0.000456801	0.00437871	0.0	0.0011407	7.90689e-05	9.07639e-05	0.0	0.0	0.00146899	0.0	0.000968992	0.000901043	0.0	0.0	0.000561474	0.000529081	0.0	2.41575e-05	8.57356e-05	0.00252662	6.21722e-05	5.90471e-05	0.0	0.0	0.000168083	0.0	0.0	0.000629178	0.0	4.23728e-05	0.0	0.0	0.00221916	0.00149852	4.01322e-05	7.20559e-06	0.0	0.0	0.000105338	0.0	0.000231851	0.000215404	9.99978e-05	0.000217829	0.0	0.000356677	1.58997e-05	0.000551387	0.000250783	0.0031449	3.05474e-05	0.0	0.0	0.0	0.000179414	0.000479207	0.00323747	0.000245713	0.0	0.00112949	5.43489e-05	0.000390748	4.63545e-05	0.0	0.000843619	0.0	0.00142837	7.22144e-05	0.0	0.00263185	0.0	0.0	0.0	0.0	0.000107859	0.0	0.000439865	0.00199356	3.9168e-05	0.0	0.000659068	0.000543121	8.10509e-05	0.000726319	0.000229057	0.000191839	0.00121618	0.0	0.000115315	0.000518152	0.00338047	0.00238151	0.0	0.00345994	0.00297205	0.00169325	0.00101986	0.000202112	0.0	0.00048525	0.0	0.000571942	0.000176515	0.00196574	2.96199e-05	0.00127504	0.000107336	0.000200917	0.000341413	0.00016499	0.00089593	0.00149377	0.000146953	0.000217315	0.00126722	0.000245015	0.000613086	0.00166681	0.000132516	0.0	0.000251884
PWY-6969: TCA cycle V (2-oxoglutarate synthase)	0.00122628	0.000911003	0.000985393	0.00126855	0.000562169	0.00111349	0.00238655	0.0	0.00288712	0.0012563	0.00362715	0.00206869	0.000516388	0.00261879	0.00374864	0.0015657	0.000249342	0.00160263	0.00314032	0.00183004	0.00384412	0.00069219	0.000783041	0.0026823	0.00271824	0.00229574	0.001083	0.00253767	0.00258392	0.00381674	0.00144164	0.00235714	0.00210873	0.0013389	0.00211517	0.0022916	0.00206499	0.00257094	1.72808e-05	0.00189307	0.00194643	0.000501999	0.00343414	0.00242234	0.0	0.000703923	0.00171667	0.00123879	0.00143714	0.00205232	0.00211084	0.00168609	0.00233213	0.00159325	0.0041012	0.00118593	0.00216411	0.000538587	0.000962051	0.00505739	0.00131424	0.00332396	0.00207466	0.000896513	0.00115779	0.000772447	0.00114276	0.000552874	0.00227237	0.00019344	0.00202197	0.0024332	0.00167148	0.00296021	0.00281118	0.00186774	0.000460335	0.00198448	0.0014859	0.0033107	0.00284883	0.000550653	0.00155875	0.00040743	0.00153159	0.00163303	0.0016107	0.00152506	0.0011079	0.00190894	0.000524125	0.00200823	0.00373977	0.00252949	0.00246799	0.00209008	0.0013861	0.000979211	0.00214395	0.00122749	0.00147141	0.00223935	0.000366286	0.00309984	0.00268447	0.00208393	0.00208289	0.0012639	0.00173109	0.00260178	0.000597026	0.000577647	0.00188729	0.0016534	0.00221141	0.00330255	0.0034891	0.00204929	0.000819476	0.00199245	0.00139338	0.00230226	0.000978258	0.0012699	0.00216311	0.00182692	0.00214974	0.00196269	0.00259136	0.00195504	0.00372265	0.00222247	0.00481891	2.39658e-05	0.00159669	0.000630063	0.00115002	0.0030941	0.00251916	0.000656907	0.00377705	0.000489373	0.00102005	0.00138109	0.00157137	0.00105126	0.00203278	0.00128748	0.00132713	0.00115725	0.0037964	0.00225234	0.00115913	0.0031947	0.00359831	0.00212106	0.000675823	0.00124957	0.000723607	0.000939927	0.00127393	0.00188876	0.00189242	0.00153546	0.000864399	0.000824047	0.00233609	0.000520141	0.00325813	0.000694806	0.00257587	0.00186319	0.00077142	0.00136885	0.00193852	0.00132314	0.00367113	0.00107219	0.00173636	0.000443273	0.00253395
PWY-6981: chitin biosynthesis	0.0	0.0	0.0	0.0	0.0	0.0	0.0	0.0	0.0	0.0	0.0	0.0	0.0	0.0	0.0	0.0	0.0	0.0	0.0	0.0	0.0	0.0	0.0	0.0	0.0	0.0	0.0	0.0	0.0	0.0	0.0	0.0	0.0	0.0	0.0	0.0	0.0	0.0	0.0	0.0	0.0	0.0	0.0	0.0	0.0	0.0	0.0	0.0	0.0	0.0	0.0	0.0	0.0	0.0	0.0	0.0	0.0	0.0	0.0	0.0	0.0	0.0	0.0	0.0	0.0	0.0	0.0	0.0	0.0	0.0	0.0	0.0	0.0	0.0	0.0	0.0	0.0	0.0	0.0	0.0	0.0	0.0	0.0	0.0	0.0	0.0	0.0	0.0	0.0	0.0	0.0	0.0	0.0	0.0	0.0	0.0	0.0	0.0	0.0	0.0	0.0	0.0	0.0	0.0	0.0	0.0	0.0	0.0	0.0	0.0	0.0	0.0	0.0	0.0	0.0	0.0	0.0	0.0	0.0	0.0	0.0	0.0	0.0	0.0	0.0	0.0	0.0	0.0	0.0	0.0	0.0	0.0	0.0	0.0	0.0	0.0	0.0	0.0	0.0	0.0	0.0	0.0	0.0	0.0	9.31654e-05	0.0	0.0	0.0	0.0	0.0	0.0	0.0	0.0	0.0	0.0	0.0	0.0	0.0	0.0	0.0	0.0	0.0	0.0	0.0	0.0	0.0	0.0	0.0	0.0	0.0	0.0	0.0	0.0	0.0	0.0	0.0	0.0	0.0	0.0	0.0	0.0
PWY-6992: 1,5-anhydrofructose degradation	0.0	5.7397e-06	0.000286113	0.000632108	5.40194e-05	0.0	0.000427614	0.0	0.0	0.0	0.000621676	0.000950183	3.17824e-05	6.40401e-05	0.00129843	8.65893e-06	0.000499927	0.0	0.000464306	0.000177265	0.000119976	8.72741e-05	0.0	0.000252072	0.00134883	0.000304464	5.20469e-06	0.0	0.000289414	4.37726e-05	0.000114354	0.00103546	0.0	0.000805598	0.00107711	0.0	0.000762856	0.0	2.20785e-06	0.000133256	3.08976e-05	1.79852e-05	0.0	0.000201031	0.0	0.00201085	7.24606e-05	0.0	0.000719369	0.0	5.36662e-05	9.78199e-05	0.000109456	0.0	0.00083046	0.0	0.000206078	0.0	0.00165969	0.000899429	0.00106689	0.000291952	0.0	4.90456e-05	0.0	0.0	4.63718e-05	0.0	0.000386696	0.0	0.0	2.90629e-05	0.0	0.0	3.96722e-05	0.000121506	3.88589e-05	0.0	0.0	9.02868e-05	5.12028e-06	0.00117557	0.0	0.0	4.92437e-05	0.0	0.000373212	0.000164313	0.000823475	0.0	0.0	0.000382256	0.000107008	0.00058083	0.0	0.0	0.0	0.0	0.0	0.0	0.0	0.0	0.000640736	0.000207664	0.0	0.000884225	4.27517e-06	7.42504e-05	2.41999e-05	1.38718e-05	0.0	0.0	0.0	0.0	0.0	0.000591087	0.000488833	0.000116706	2.87737e-05	0.000207324	0.0	0.000163129	0.000717306	0.0	7.14637e-05	0.0	0.00093238	0.000221352	0.0	0.000213104	0.0	0.0	0.0	0.0	0.0	0.0	4.06547e-05	7.3825e-05	7.26963e-05	0.0	1.30729e-05	4.5476e-05	0.0	8.14726e-05	1.4173e-05	0.000860446	6.94137e-05	0.0	6.41469e-05	7.37392e-06	0.000113209	7.88166e-05	0.0	0.000226525	0.00019982	4.36317e-05	8.29039e-05	0.000192675	0.0	7.32368e-05	0.00189133	0.00191179	7.16554e-05	0.0	0.000119444	0.00158922	4.25168e-05	0.000802303	8.5399e-05	0.0	0.00206215	0.000979696	0.00046643	0.0	0.000592442	4.45923e-05	0.00126012	8.02961e-05	0.00237968	0.000348435	8.36368e-05
PWY-7000: kanamycin biosynthesis	0.0	0.0	0.0	0.0	0.0	0.0	0.0	0.0	0.0	0.0	0.0	0.0	0.0	0.0	0.0	0.0	0.0	0.0	0.0	0.0	0.0	0.0	0.0	0.0	0.0	0.0	0.0	0.0	0.0	0.0	0.0	0.0	0.0	0.0	0.0	0.0	0.0	0.0	0.0	0.0	0.0	0.0	0.0	0.0	0.0	0.0	0.0	0.0	0.0	0.0	0.0	0.0	0.0	0.0	0.0	0.0	0.0	0.0	0.0	0.0	0.0	0.0	0.0	0.0	0.0	0.0	0.0	0.0	0.0	0.0	0.0	0.0	0.0	0.0	0.0	0.0	0.0	0.0	0.0	0.0	0.0	0.0	0.0	0.0	0.0	0.0	0.0	0.0	0.0	0.0	0.0	0.0	0.0	0.0	0.0	0.0	0.0	0.0	0.0	0.0	0.0	0.0	0.0	9.07024e-05	0.0	0.0	0.0	0.0	0.0	0.0	0.0	0.0	0.0	0.0	0.0	0.0	0.0	1.16746e-05	0.0	0.0	0.0	0.0	0.0	0.0	0.0	3.70156e-05	0.0	0.0	0.0	0.0	0.0	0.0	0.0	0.0	0.0	0.0	0.0	0.0	0.0	0.0	0.0	0.0	0.0	0.0	0.0	0.0	0.0	0.0	0.0	0.0	0.0	0.0	0.0	0.0	0.0	0.0	0.0	0.0	0.0	0.0	0.0	0.0	0.0	0.0	0.0	0.0	5.08955e-05	0.0	0.0	0.0	0.0	0.0	0.0	0.0	0.0	0.0	0.0	0.0	0.0	0.0	0.0
PWY-7009: 2,2'-dihydroxybiphenyl degradation	0.0	0.0	0.0	0.0	0.0	0.0	0.0	0.0	0.0	0.0	0.0	0.0	0.0	0.0	0.0	0.0	0.0	0.0	0.0	0.0	0.0	0.0	0.0	0.0	0.0	0.0	0.0	0.0	0.0	0.0	0.0	0.0	0.0	0.0	0.0	0.0	0.0	0.0	0.0	0.0	0.0	0.0	0.0	0.0	0.0	0.0	0.0	0.0	0.0	0.0	0.0	0.0	0.0	0.0	0.0	0.0	0.0	0.0	0.0	0.0	0.0	0.0	0.0	0.0	0.0	0.0	0.0	0.0	0.0	0.0	0.0	0.0	0.0	0.0	0.0	0.0	0.0	0.0	0.0	0.0	0.0	0.0	0.0	0.0	0.0	0.0	0.0	0.0	0.0	0.0	0.0	0.0	0.0	0.0	0.0	0.0	0.0	0.0	0.0	0.0	0.0	0.0	0.0	0.0	0.0	0.0	0.0	0.0	0.0	0.0	0.0	0.0	0.0	0.0	0.0	0.0	0.0	0.0	0.0	0.0	0.0	0.0	0.0	0.0	0.0	0.0	0.0	0.0	0.0	0.0	0.0	0.0	0.0	0.0	0.0	0.0	0.0	0.0	0.0	0.0	0.0	0.0	0.0	0.0	3.10949e-05	0.0	0.0	0.0	0.0	0.0	0.0	0.0	0.0	0.0	0.0	0.0	0.0	0.0	0.0	0.0	0.0	0.0	0.0	0.0	0.0	0.0	0.0	0.0	0.0	0.0	0.0	0.0	0.0	0.0	0.0	0.0	0.0	0.0	0.0	0.0	0.0
PWY-7013: (S)-propane-1,2-diol degradation	7.13544e-05	0.000486493	0.000274336	0.0	0.0	0.00318071	6.23499e-05	0.0	0.0	6.45573e-05	0.00233507	2.15323e-05	0.0	0.00761331	0.0	0.000584785	0.000126757	0.000739064	0.00238145	5.22166e-05	0.000106744	4.29608e-05	0.000139672	0.0	0.0	0.000104963	0.000270659	7.67748e-05	5.32135e-05	0.0	0.000160968	0.000296431	0.000151731	0.000556995	0.0	0.0	0.000101547	8.66485e-05	6.96581e-06	0.00127809	0.000152076	0.000835503	0.00346536	0.000288203	0.0	0.0	5.64267e-05	1.43911e-05	0.000150444	3.39768e-05	0.0033646	8.86943e-05	0.00158522	0.00254137	0.000460462	8.18685e-05	0.00316239	0.000161967	0.000215634	4.59208e-05	0.000142187	0.0	0.0	0.00208043	0.000148557	0.000264905	0.000236979	0.0	0.000636519	0.000163726	0.0	0.00116712	4.08392e-05	0.000199938	0.002267	2.85257e-05	0.00016736	3.52323e-05	0.00056299	5.19607e-05	0.000406477	0.00040163	0.0	0.000631336	0.0	0.000104047	0.0	0.000501926	0.000485014	0.0	0.0	0.000387853	0.00167622	0.000345457	0.000126558	0.000267257	0.000250967	0.0	6.28749e-05	0.0	0.000218166	0.0	0.000465929	0.000706653	0.000108538	0.00208538	0.000367727	0.0	0.00279994	0.00467681	0.0	0.000145736	0.0	0.000178308	0.00025503	0.000134409	6.07253e-05	0.00024185	4.46107e-05	0.000433725	0.000117517	0.000496158	4.56516e-05	9.84751e-05	0.00105515	3.01888e-05	0.0016097799999999	0.000427424	0.000112479	6.71627e-05	7.89557e-05	3.44066e-05	0.0	0.0	4.37088e-05	0.0	0.000695396	6.32646e-05	0.000114144	0.000178581	0.000311506	0.000179718	0.00428587	0.000214793	0.000104894	0.000860359	0.000225346	2.04446e-05	0.000716386	0.00078175	0.00198718	0.00207731	0.000107727	0.000432596	0.00217485	0.00365346	0.000353227	0.0	0.000193325	0.000319351	0.000918459	0.000357891	0.000175297	0.000673429	0.000193951	0.000467919	0.000289585	0.000111187	0.000405223	8.04517e-05	0.00312269	0.00203514	0.000155843	0.000254877	0.000354962	5.9666e-05	0.00107542	0.00329127	0.000783658	0.000208287	0.000352709
PWY-702: L-methionine biosynthesis II	0.000778578	0.00135831	0.000521222	0.00157525	0.00298	0.00201326	0.000906181	0.0035012	0.00117466	0.00137903	0.003384	0.00181638	0.00426745	0.00326867	0.00174334	0.000952337	0.000300426	0.00156996	0.00389609	0.00042516	0.000236983	0.0007936	0.000551623	0.00107091	0.0025258	0.00187077	0.000363944	0.00335644	0.00277621	0.00122129	0.000445877	0.000916201	0.000829358	0.000844664	0.0017214	0.00425292	0.000875256	0.000366333	0.00534535	0.00254127	0.0011079	0.000601545	0.00208961	0.00331995	0.0048474	0.0010813	0.00273374	0.000452237	0.00140483	0.000794184	0.0041398	0.00203152	0.00223827	0.0	0.00027032	0.00043799	0.00217851	0.00511495	0.000722968	0.00138765	0.00157977	0.0037289	0.00732322	0.00191642	0.000411843	0.000490787	0.00036506	6.46909e-05	0.00232796	0.000310501	0.00119877	0.00199772	0.000153881	0.000179015	0.00163118	0.00143942	0.00121219	0.000561999	0.00185077	0.00265083	0.00143636	0.000414048	0.0	0.000344406	0.000675631	0.00101925	0.000654122	0.00101186	0.000609353	0.0009519	0.0	0.000427305	0.00329157	0.00177533	0.000459952	0.000554579	0.00116316	0.000257696	0.000687988	0.000225919	0.000417406	0.00114518	0.000641051	0.00135113	0.000697156	0.00108881	0.000887101	0.00132212	0.00130799	0.00329481	0.000204067	0.00147957	0.00048999	0.00145528	0.00175405	0.00146741	0.00307915	0.00182151	0.000201367	0.00396621	0.000402659	0.00151676	0.000375124	0.000693352	0.00127032	0.000666448	0.0022157	0.000380566	0.000249416	0.00287757	0.000357698	0.000568549	0.000404112	0.000497307	0.00119556	0.0	0.00107518	0.00248258	0.000193097	0.000185552	0.000945704	0.00454604	0.0019007	0.00106309	0.00105437	0.000920037	0.0016713399999999	0.000158532	0.000886793	0.00112814	0.00303227	0.00390317	0.000512583	0.00400442	0.00411013	0.00505782	0.0100788	0.00117591	0.000858958	0.00125523	0.00144928	0.00209417	0.00107106	0.00302498	0.000985058	0.00201085	0.00128238	0.00148604	0.00149024	0.000976863	0.00166527	0.00238755	0.0014875	0.00151398	0.00453568	0.000835251	0.00190105	0.00321329	0.00389716	0.00175272	0.00171042
PWY-7031: protein N-glycosylation (bacterial)	0.0	3.32723e-05	0.0	0.0	0.0	0.0	0.0	0.0	0.0	0.0	0.0	0.0	0.0	0.0	0.0	0.0	0.0	0.0	0.0	0.0	0.00020919	0.0	0.0	0.0	0.0	0.0	0.0	0.0	0.0	0.0	0.0	0.0	0.0	0.0	0.0	0.0	0.0	0.0	0.0	0.0	0.0	0.0	0.0	0.0	0.0	0.0	0.0	0.0	0.0	0.0	0.0	0.0	0.0	0.0	0.0	0.0	0.0	0.0	0.0	0.000117995	0.0	0.0	0.0	0.0	0.0	0.0	0.0	0.0	0.0	0.0	0.0	0.0	0.0	0.0	0.0	0.0	0.0	0.0	0.0	0.0	0.0	0.0	0.0	0.0	0.0	0.0	0.0	0.0	0.0	2.37933e-05	0.0	0.0	0.0	0.0	0.0	0.0	0.0	0.0	0.0	0.0	0.0	0.0	0.0	0.0	0.0	0.0	0.0	0.0	0.0	0.0	0.0	0.0	0.0	0.0	0.0	0.000115923	0.0	2.73733e-05	0.0	0.0	0.0	0.0	0.0	0.0	0.0	0.0	6.49048e-06	0.0	0.0	0.0	0.000242851	0.0	0.0	0.0	0.0	0.0	0.0	0.0	0.0	0.0	0.0	0.0	0.0	0.0	0.0	0.0	0.0	0.0	1.79839e-05	0.0	0.0	0.0	0.0	0.0	0.0	0.0	0.0	0.000202632	0.0	3.80487e-05	0.0	0.0	0.0	0.0	0.0	0.000131701	7.26532e-05	1.2576e-05	2.23064e-05	0.0	0.0	0.0	0.0	0.0	0.0	0.0	0.000163769	0.0	7.95322e-06	0.0	4.09759e-05
PWY-7039: phosphatidate metabolism, as a signaling molecule	0.0	0.0	0.0	0.0	0.0	0.0	0.0	0.0	0.0	0.0	0.000571258	0.000348119	0.0	5.7909e-05	0.00035777	0.0	0.0	2.05892e-05	0.000574789	0.0	0.0	0.0	0.0	0.0	0.0	0.000185466	0.0	0.000944079	0.0	0.000226626	2.41758e-05	0.0	0.0	0.000147384	0.000455899	0.00060739	0.0	0.0	0.0	0.000100935	0.0	9.27543e-06	2.65873e-05	0.000173994	0.0	0.0	0.00010757	0.0	0.0	0.0	2.83858e-06	0.0002455	0.000109322	0.0	0.0	0.0	0.0	7.97268e-06	0.0	0.000201214	0.0	0.0	0.0	1.01962e-05	0.0	0.0	0.0	0.0	0.0	0.0	0.0	0.0	0.0	0.0	0.0	0.000215446	0.0	0.0	0.0	3.75184e-05	8.24487e-06	0.0	0.0	0.0	0.0	0.0	0.0	0.0	0.0	0.0	0.0	0.0	0.0	0.0	0.0	0.0	0.0	0.0	0.0	0.0	0.0	0.0	0.0	6.02848e-05	0.0	0.0	0.0	0.0	0.0	0.0	0.0	0.0	0.0	0.0	0.0	4.26344e-05	0.000427683	0.0	0.0	0.0	0.0	0.0	0.0	0.0	0.000287368	0.0	0.0	0.0	0.0	0.0	0.0	0.0	0.0	0.0	0.0	0.0	0.0	1.4057e-05	0.0	0.0	0.000367779	1.74087e-05	0.0	0.0	0.0	0.0	0.0	0.0	0.0	5.6621e-05	0.00121321	0.0	0.0	0.000539497	5.68607e-05	3.85973e-05	0.000224399	0.000180461	0.0	9.08223e-05	9.06889e-05	0.000353022	0.0	0.000111041	0.0	0.0	0.0	3.05973e-05	6.96373e-05	6.77458e-05	0.0	0.0	3.88606e-05	0.0	0.0	0.0	0.0	0.0	1.84735e-05	0.0	0.0
PWY-7090: UDP-2,3-diacetamido-2,3-dideoxy-&alpha;-D-mannuronate biosynthesis	0.0	0.0	0.0	0.0	0.0	0.0	0.0	0.00149726	0.0	0.0	0.0	0.0	0.0	0.0	0.0	0.0	0.0	0.0	0.0	0.0	0.0	0.0	0.0	0.0	0.0	0.0	0.0	0.0	0.0	0.0	0.0	0.0	0.0	0.0	0.0	0.0	0.0	0.0	0.0	0.0	0.0	0.0	0.0	0.0	0.0	0.0	0.0	0.0	0.0	0.0	0.0	0.0	0.0	0.0	0.0	0.0	0.0	0.0	0.0	0.0	0.0	0.0	0.0	0.0	0.0	0.0	0.0	0.0	0.0	0.0	0.0	0.0	0.0	0.0	0.0	0.0	0.0	0.0	0.0	0.0	0.0	0.0	0.0	0.0	0.0	0.0	0.0	0.0	0.0	0.0	0.0	0.0	0.0	0.0	0.0	0.0	0.0	0.0	0.0	0.0	0.0	0.0	0.0	0.0	0.0	0.0	0.0	0.0	0.0	0.0	0.0	0.0	0.0	0.0	0.0	0.0	0.0	3.13236e-05	0.0	0.0	0.0	0.0	0.0	0.0	0.0	0.0	0.0	0.0	0.0	0.0	0.0	0.0	0.0	0.0	0.0	0.0	0.0	5.57775e-06	0.0	0.0	0.0	0.0	0.0	0.0	0.0	0.0	0.0	0.0	0.0	0.0	0.0	0.0	0.0	0.0	0.0	0.0	0.0	0.0	0.0	0.0	0.0	0.0	0.0	0.0	0.0	0.0	0.0	0.0	0.0	0.0	0.0	0.0	0.0	0.0	0.0	0.0	0.0	0.0	0.0	0.0	0.0
PWY-7094: fatty acid salvage	2.01111e-05	2.1099e-05	1.52585e-05	9.05778e-05	4.37647e-05	0.000854816	6.66339e-05	0.00228802	0.000186369	0.000193459	0.00153031	0.000875036	0.000277347	0.000404395	0.000634704	0.000107837	0.0	0.000338616	0.00165416	2.54803e-05	0.0	0.0	0.0	7.51684e-05	0.000581015	0.000174727	6.47414e-05	0.000820477	0.000974977	0.00046892	0.00018459	0.0	4.26129e-05	0.00015405	0.000519884	0.00244914	0.000263831	0.0	0.00456566	0.00185788	0.000231182	6.20569e-05	0.000267354	0.000575389	0.000996513	0.000254481	0.000426827	1.61589e-05	0.000245713	0.0	0.000683758	0.00374866	0.000945205	0.0	0.000369263	0.0	0.000967251	0.000328068	3.94652e-05	0.00103078	1.82467e-05	0.00159191	0.0	0.000326688	4.00069e-05	9.14995e-05	0.0	0.0	0.000332415	0.0	0.000887883	0.00120925	0.0	0.0	0.000614095	0.000161571	0.0	0.0	8.17329e-05	0.00137501	2.06124e-05	0.0	0.0	0.0	3.51149e-05	0.0	4.62688e-05	9.52331e-05	0.0	1.22027e-05	0.0	0.0	0.00242572	0.00116233	1.77008e-06	0.0	0.0	0.0	4.45297e-05	0.0	8.03156e-05	4.52616e-05	0.000174792	8.7961e-05	0.0	7.93243e-05	1.49622e-05	0.000135769	0.000204016	0.0023156	0.0	0.0	0.0	0.0	3.70034e-05	0.000126832	0.000643962	0.000133191	5.85222e-05	0.000170982	0.0	4.98882e-05	0.0	0.0	0.00024865	0.0	0.000953421	6.97294e-05	0.0	0.00192347	0.0	0.0	0.0	0.0	0.000120867	0.0	0.00019609	0.000994832	2.48212e-05	0.0	0.00035995	0.00406185	0.00117162	0.00023073	0.000130088	3.44825e-05	0.000653029	0.0	4.46631e-05	8.76743e-05	0.000766378	0.00445832	0.0	0.00202011	0.00349178	0.00051373	0.000217811	0.00046492	0.0	0.000295318	1.08392e-05	0.000323815	6.04763e-05	0.00011336	2.06094e-05	0.000481467	5.6968e-05	0.000184514	7.88853e-05	0.000104043	0.00029572	0.00110155	2.6424e-05	9.64963e-05	0.000369405	4.61529e-05	0.000133888	0.000311313	6.43125e-05	0.0	0.000182896
PWY-7111: pyruvate fermentation to isobutanol (engineered)	0.00580514	0.008404	0.00546258	0.00707005	0.00959764	0.00835176	0.00710369	0.00274021	0.00595442	0.00684955	0.00815661	0.0078924	0.00794972	0.00331469	0.00940436	0.00823947	0.0055185	0.00647438	0.00893474	0.0070009	0.0042546	0.00673429	0.00358995	0.0059802	0.00806487	0.00790492	0.00710315	0.00441836	0.00751902	0.00675079	0.00918916	0.00617761	0.00489867	0.00536114	0.00701681	0.00779328	0.00401662	0.00411292	0.00613588	0.00767301	0.00852251	0.00636157	0.00627467	0.00892905	0.00723399	0.00497199	0.0100453	0.00504004	0.00890297	0.00791507	0.00684291	0.00696633	0.00874227	0.00666654	0.00840392	0.00597762	0.00674898	0.00744271	0.00477566	0.00442005	0.00378967	0.0116726	0.0104325	0.0105707	0.00570921	0.00530837	0.00431164	0.00208804	0.00778329	0.00281145	0.00628663	0.00711494	0.00644068	0.00124653	0.00669933	0.00840084	0.00678532	0.00613932	0.00700025	0.00896597	0.0105323	0.00272266	0.00334104	0.0059431	0.00635644	0.00661872	0.00510281	0.0051851	0.00329251	0.00496341	0.00250923	0.00351819	0.00750135	0.00701203	0.00422874	0.00932756	0.00707568	0.00532172	0.0060235	0.00741625	0.00784548	0.00564569	0.00276098	0.00454121	0.00660913	0.00696206	0.00951744	0.00718311	0.00820195	0.00841536	0.00345908	0.00740349	0.00525774	0.00715054	0.00415036	0.00554409	0.00930173	0.00621125	0.0026665	0.0100498	0.00617321	0.00699654	0.00549735	0.00679379	0.00575839	0.00649238	0.00720016	0.00817734	0.00599631	0.00830674	0.00416274	0.00519202	0.00840303	0.00203376	0.0064737	0.000760211	0.00737201	0.00854525	0.00705959	0.00394346	0.00700064	0.0058983	0.00828459	0.00523975	0.0054049	0.00469735	0.00786261	0.0052682	0.00406871	0.00813818	0.00703529	0.00643285	0.00757357	0.00860946	0.00606065	0.00765342	0.0106876	0.00588833	0.00262547	0.00894622	0.00369593	0.00782161	0.00719152	0.00424375	0.00756636	0.00731162	0.00855629	0.00635286	0.00593956	0.00558107	0.00612097	0.00857189	0.00636557	0.00587586	0.00742931	0.00626242	0.00734783	0.00380857	0.00932965	0.00718049	0.00492236
PWY-7115: C4 photosynthetic carbon assimilation cycle, NAD-ME type	0.00052757	0.000484911	0.000462045	0.000513671	0.00244974	0.00224674	0.000394415	0.0016364	0.000843337	0.000797653	0.00135005	0.00116444	0.00341682	0.00160645	0.00157156	0.00174074	0.000344367	0.000582	0.00276622	0.000907117	0.000138427	0.000259223	0.000260167	0.000652113	0.00123027	0.00124335	0.000137353	0.00228686	0.00203984	0.000831058	0.000376405	0.0	0.000468308	0.000586187	0.00114551	0.00394576	0.000415727	0.000322297	0.0068498	0.00175775	0.000677432	0.000193702	0.00167388	0.00391357	0.00339087	0.000473123	0.000925734	0.000286202	0.000672081	0.000759473	0.00169347	0.00113966	0.001608	0.0	0.000118972	0.000384127	0.00234443	0.00205162	0.000258247	0.000577682	0.000956302	0.00172941	0.000971731	0.000776053	0.00045261	0.000261019	0.00048105	5.01925e-05	0.000907747	4.72357e-05	0.00136767	0.00158031	0.0	0.0	0.0013347	0.00105173	0.000325891	0.000255061	0.00130226	0.00187328	0.000473557	5.69795e-05	0.0	4.83187e-05	0.000361792	0.00201934	0.00125112	0.000806382	0.00044057	0.000747982	0.000134867	0.0	0.00310734	0.00122484	0.00040906	9.57109e-05	0.000931907	0.000274045	0.00175332	2.67029e-05	0.000907745	0.000613567	0.00018312	0.000685427	0.00040619	0.000528878	0.000483513	0.000647238	0.000999212	0.00245341	0.000109802	0.0	0.000269856	0.00149879	0.000584012	0.000894823	0.00217245	0.00207263	0.00136204	0.00243401	0.000427276	0.00111193	0.000103101	0.000910287	0.000590268	0.00141118	0.00139084	7.15719e-05	0.0	0.00140782	0.000222584	0.000497134	0.0	0.000284349	0.000968047	0.0	0.000651286	0.00198553	0.000494514	3.6516e-05	0.000917288	0.0056671	0.00267931	0.00101005	0.000405125	0.000296964	0.00131674	0.00083266	0.00032335	0.000550506	0.00315044	0.00516682	0.00024357	0.00233123	0.00464177	0.00235817	0.00171378	0.000587807	0.0	0.000370924	0.000922518	0.00116314	0.000673106	0.00212636	0.000502235	0.00184796	0.000550494	0.000754087	0.000521388	0.000761146	0.00159001	0.0016728	0.00163286	0.000891792	0.0031029	0.000825756	0.00136272	0.00150585	0.00221007	0.00109846	0.000311295
PWY-7117: C4 photosynthetic carbon assimilation cycle, PEPCK type	0.000538655	0.000705741	0.000577424	0.00140533	0.00253257	0.00257214	0.00177051	0.00260196	0.002075	0.00116148	0.00547389	0.00229725	0.00338549	0.00448132	0.0042733	0.00228727	0.0012567	0.00146509	0.00481145	0.000765091	8.69222e-05	0.000269359	0.000508064	0.00117592	0.00393139	0.00234985	0.000489887	0.00348392	0.00384063	0.00177313	0.000716126	4.46296e-05	0.000561516	0.00160636	0.00278078	0.0052149	0.00102688	0.000804974	0.00698032	0.00199037	0.000699735	0.000615708	0.00352388	0.00529637	0.00520117	0.00131243	0.00212236	4.44612e-05	0.00180368	0.000949021	0.0032152	0.00570959	0.00309595	0.0	0.000718368	0.000652416	0.00279236	0.00290192	0.000722148	0.00218154	0.00300298	0.0061116	0.00243266	0.00123491	0.000722206	0.000767945	0.000584985	0.000386354	0.00378264	6.12855e-05	0.00313429	0.00238969	0.000149065	0.000230296	0.00260724	0.00163631	0.000340417	0.0	0.00184243	0.00331516	0.0023688	0.000589485	0.000296259	6.09144e-05	0.000557616	0.00332522	0.00128974	0.00144339	0.000745031	0.000771164	0.000144855	0.000199674	0.00351553	0.00294117	0.000706595	0.00149652	0.00125981	8.83274e-05	0.00224295	0.0	0.000811284	0.00122983	0.000746767	0.00246424	4.47107e-05	0.00122831	0.000788126	0.00172351	0.00166833	0.00272648	0.000238828	8.41425e-05	0.000315039	0.00200599	0.000965083	0.00154484	0.00440878	0.0024248	0.00164978	0.00480419	0.000488467	0.00233341	6.9715e-05	0.00151888	0.00141492	0.00300098	0.00293047	0.00032206	0.000492282	0.00401992	0.0	0.000562795	5.18744e-05	0.000449007	0.00149698	0.0	0.00124103	0.00342857	0.000471886	4.37279e-05	0.0013229	0.00659956	0.00265173	0.00172811	0.000845784	0.000801816	0.00242016	0.000868632	0.000905568	0.00136015	0.00556892	0.00594812	0.000302497	0.00400153	0.00550105	0.00335714	0.00609293	0.0015622	0.0	0.00100472	0.00142436	0.00258768	0.000550703	0.00185805	0.000544977	0.00341736	0.00054629	0.0012538	0.00156702	0.00160279	0.0037426	0.00291754	0.00161555	0.00125185	0.00529845	0.000725889	0.00208502	0.00219396	0.00298077	0.00161284	0.00104441
PWY-7118: chitin deacetylation	1.64148e-05	0.00029082	0.000139298	0.000509718	0.000523152	0.0007822	0.000811987	0.00268689	0.00044041	0.000451272	0.00222422	0.000969447	0.000873242	0.00231928	0.00293312	0.000303963	0.00011027	0.000665096	0.00480776	2.93957e-05	0.0	0.0	1.01699e-05	0.000539719	0.00189118	0.00193685	0.000131866	0.00318613	0.00237236	0.000891149	0.000217417	0.0	9.98304e-05	0.000669561	0.00102778	0.0039164	0.00030985	2.1711e-05	0.00503986	0.0009852	9.65099e-05	0.000144306	0.00128561	0.003722	0.00299637	0.00032241	0.00108705	0.0	0.000624685	0.0	0.00127304	0.00343606	0.0020539	0.0	0.000292975	7.24745e-05	0.00126778	0.000671264	0.000177423	0.00138822	0.000541131	0.000935258	0.000154335	0.00082415	1.74461e-05	0.000144244	0.0	0.0	0.00167844	0.0	0.000914172	0.000687331	2.43134e-05	0.0	0.00111017	0.000772661	0.0	0.0	0.000163794	0.00188192	5.00691e-05	0.000229141	0.0	0.0	0.000389909	2.45594e-05	4.86203e-05	0.000888709	0.0	0.00012246	0.0	1.30911e-05	0.00299261	0.000791109	1.78166e-05	0.0	0.0	0.0	9.05109e-05	0.0	0.000102115	0.000295548	0.000210244	0.000429753	0.0	0.000436383	0.000117977	0.000385619	0.000132849	0.00265097	0.0	0.0	0.0	0.0	0.00023224	0.000475896	0.00399108	0.000327965	5.333e-05	0.00130298	2.85875e-05	0.000771369	0.0	0.0	0.000723826	5.19982e-05	0.00102672	0.000219778	7.38942e-06	0.00164146	0.0	0.0	0.0	0.0	0.00012799	0.0	0.00045367	0.00204863	0.000108405	0.0	0.000687224	0.00420003	0.00097131	0.000795578	0.000339955	0.000122778	0.00127821	0.0	0.000151636	0.000412246	0.00431893	0.00574301	0.0	0.00346533	0.0041888	0.00192006	0.00145149	0.000553103	0.0	0.000216644	0.000153572	0.00122406	0.000309345	0.00103803	6.77687e-05	0.00192862	0.000266823	0.000360166	0.000732799	0.000136032	0.00122524	0.00169581	0.000224641	0.000200874	0.00439916	0.000148723	0.000836448	0.00186112	0.00019269	0.0	0.000202967
PWY-7159: 3,8-divinyl-chlorophyllide a biosynthesis III (aerobic, light independent)	0.0	9.30209e-05	0.0	0.0	0.0	0.0	2.88033e-05	0.0	0.0	0.0	0.0	0.0	0.0	0.0	0.0	0.0	0.0	0.0	0.0	0.0	0.0	0.0	0.0	0.0	0.0	0.0	0.0	0.0	0.0	0.0	0.0	0.0	0.0	0.0	0.0	0.0	0.0	0.0	0.0	0.0	0.0	0.0	0.0	0.0	0.0	0.0	0.0	0.0	0.0	0.0	0.0	0.0	5.16825e-05	0.0	0.0	0.0	0.0	0.0	0.0	0.000122367	0.0	0.0	0.0	0.0	0.0	0.0	0.0	0.0	0.0	0.0	0.0	0.0	0.0	0.0	0.0	0.0	0.0	0.0	0.0	0.0	0.0	0.0	0.0	0.0	0.0	0.0	0.0	0.0	0.0	0.0	0.0	0.0	0.0	5.48308e-05	0.0	0.0	0.0	0.0	0.0	0.0	0.0	0.0	0.0	0.0	0.0	0.0	0.0	0.0	0.0	0.0	0.0	0.0	0.0	0.0	0.0	0.0	0.0	7.08851e-05	0.0	0.0	0.0	9.83955e-05	0.0	0.0	1.99517e-05	0.0	0.0	0.0	0.0	0.0	0.0	0.0	0.0	0.0	0.0	0.0	0.0	0.0	0.0	0.0	0.0	0.0	0.0	0.0	0.000126173	0.0	0.0	0.0	0.0	0.0	0.0	0.0	0.0	0.0	0.0	0.0	0.0	0.000165173	0.0	4.85238e-05	0.0	0.0	0.0	0.0	0.0	0.0	2.25114e-05	0.0	0.0	0.0	0.0	0.0	0.0	0.0	0.0	0.0	0.000188756	0.0	1.59697e-05	0.0	3.56374e-05
PWY-7165: L-ascorbate biosynthesis VIII (engineered pathway)	0.0	3.64356e-05	0.0	0.0	0.0	0.0	0.0	0.0	0.0	0.0	0.0	0.0	0.0	0.000542239	0.0	0.0	0.0	0.0	0.0	0.0	0.0	0.0	0.0	0.0	0.0	0.0	8.75083e-05	0.0	0.0	0.0	1.64148e-05	0.0	0.0	0.0	0.0	0.00153506	0.0	0.0	0.0	0.000149203	0.0	0.0	0.00036786	6.10928e-05	0.00155294	0.0	3.30132e-05	1.04441e-05	0.0	0.0	0.000725768	0.0	0.000122313	0.0	3.11176e-05	0.0	6.52705e-05	0.0	0.0	0.0	0.0	0.0	0.0	0.000297059	0.0	0.0	0.0	0.0	0.0	0.0	0.0	0.0	0.0	0.0	0.00051621	0.0	0.0	0.0	0.0	0.0	0.0	0.0	0.0	0.0	0.0	0.0	0.0	7.8854e-05	0.0	0.0	0.0	0.0	0.000105979	0.0	0.0	0.0	0.0	0.0	0.0	0.0	0.0	3.70587e-05	0.0	0.0	0.0	7.71221e-05	0.0	0.0	5.13294e-05	0.000325364	0.0	0.0	0.0	0.0	0.0	0.0	0.0	0.0	0.0	0.0	0.0	0.0	0.0	0.0	0.0	0.0	0.0	0.0	0.0	0.0	0.0	0.0	0.0	0.0	0.0	0.0	0.0	3.64745e-05	0.0	0.0	3.45274e-05	6.53467e-05	0.0	0.0	0.0	0.0	0.0	0.0	0.0	0.000115226	0.000719224	0.0	0.0	5.35859e-05	0.00114826	0.0	0.0	0.000383512	0.0	6.68142e-05	0.0	0.0	0.0	0.0	0.0	0.0	0.0	0.0	0.0	0.0	0.000461168	0.0	0.0	0.0	0.0	0.0	0.00026364	0.0	0.0	0.0	0.0
PWY-7184: pyrimidine deoxyribonucleotides de novo biosynthesis I	0.00037798	5.3388e-05	0.000862125	0.00107153	0.00097967	0.00167828	0.00144011	8.35713e-05	0.000261024	0.000512623	0.0020357	0.00134803	0.00110482	0.00353205	0.00292964	0.000488581	0.000320979	0.00121151	0.00252388	0.000237077	0.0	0.000238318	0.0	0.0011553	0.00211268	0.00100205	0.000447139	0.00343743	0.00280972	0.000851995	0.000443797	0.000188627	5.88819e-05	0.00126354	0.00167309	0.00277409	0.000711842	0.000131715	0.00360213	0.00177533	0.000323628	0.000550791	0.00211893	0.00327153	0.00302825	0.000798091	0.00120958	0.0	0.00105578	3.84952e-05	0.00268459	0.00144974	0.00228346	0.000840817	0.000463133	9.71937e-05	0.00216358	0.00462841	0.00048452	0.00161557	0.00299033	0.0022059	0.0	0.00106449	0.0013969	0.00040749	0.000814996	0.000227573	0.00287472	4.92236e-05	0.00151125	0.00228273	0.000104226	0.000785625	0.00120359	0.000977718	0.000139393	0.0	8.06837e-05	0.00191739	0.000406568	0.000860325	0.000300091	0.000606084	0.000475608	0.0007185	0.000536152	0.00117462	0.00195557	0.00012993	0.0	7.75019e-05	0.00339366	0.00135575	0.000230652	0.000225019	0.0	0.0	9.52432e-05	0.00043476	0.000305634	0.000664049	0.000775129	0.000964484	0.000291822	0.00166855	0.000151439	0.000721075	0.000500114	0.0022605	0.00102526	0.00111201	0.0	0.0	0.000599965	0.00326633	0.00275607	0.00151359	0.0	0.00163224	0.00115265	0.00100263	6.35383e-05	0.000307069	0.00120318	0.000599149	0.0016599	0.0	2.88254e-05	0.00339761	0.000163008	0.00084892	0.000613368	8.7246e-05	0.00104206	0.000172072	0.000523882	0.00241515	0.000374113	0.0	0.00105545	0.00378145	0.00183767	0.00155225	0.00126661	0.000435046	0.00263049	0.000150582	0.00045537	0.000550927	0.00320557	0.0031108	0.00111698	0.00249123	0.00279124	0.00272762	0.00302472	0.000895642	0.00132496	0.000513064	0.000423506	0.00181147	0.000304386	0.00461426	0.000625233	0.00171868	0.000191006	0.000536499	0.000983155	0.000230031	0.00214514	0.00194351	0.000894433	0.00035439	0.00280612	0.00035802	0.0017271	0.0020173	0.000117726	0.000521669	0.00133311
PWY-7187: pyrimidine deoxyribonucleotides de novo biosynthesis II	5.20737e-05	0.0001071	0.0	0.000318052	0.00027928	0.00109324	0.000342069	0.0	0.000215985	0.000305255	0.00121524	0.00065363	0.000371676	0.0012534	0.00150366	0.000211777	0.0	0.000480627	0.0018834	0.0	0.0	0.0	0.0	0.000248617	0.00118411	0.000627006	0.000103406	0.00166424	0.00160081	0.000575059	0.000233584	0.0	0.0	0.000527152	0.000688072	0.00229841	0.000273573	0.0	0.00337775	0.00136279	0.00018483	0.000158206	0.000966798	0.00162448	0.00155904	0.000197748	0.000660866	1.93293e-05	0.000476821	0.0	0.00108272	0.00064039	0.00112314	0.0	0.0	2.90919e-05	0.00129834	0.000310153	0.0	0.000458256	0.000187504	0.000900713	0.0	0.000584983	7.32991e-05	0.000175083	0.0	0.0	0.00102524	0.0	0.000601273	0.00094978	0.0	0.0	0.000655029	0.000482477	0.0	0.0	1.69159e-05	0.00130174	0.0	0.0	0.0	0.0	0.000147852	0.0	0.0	0.000467592	0.0	0.0	0.0	0.0	0.00183282	0.00063993	0.0	0.0	0.0	0.0	4.66046e-05	0.0	0.0	0.0	7.90944e-05	0.00030036	0.0	0.000293986	6.28826e-05	0.000346323	0.000165689	0.00175844	0.0	0.0	0.0	0.0	0.00034197	0.000159076	0.00166784	0.000104114	0.0	0.000888059	0.0	0.000365752	0.0	0.0	0.000600732	0.0	0.000906637	0.0	0.0	0.00140525	0.0	0.0	0.0	8.3895e-05	0.00015187	0.0	0.000255378	0.00133073	0.0	0.0	0.000532244	0.00327326	0.00120971	0.000506947	0.000202875	0.0	0.00105104	0.0	0.000157483	0.000166423	0.00210667	0.00283515	0.0	0.00168006	0.00289908	0.00144797	0.000647535	0.0	0.0	0.000181796	0.000159439	0.00106946	0.000128821	0.000457983	0.0	0.000845828	8.86487e-05	0.000343337	0.000342676	0.0	0.000607888	0.00096101	0.00022362	0.000360523	0.00167141	0.0	0.000656655	0.000823856	4.96733e-05	6.60866e-05	0.000149946
PWY-7196: superpathway of pyrimidine ribonucleosides salvage	0.0	0.00060146	0.0	0.0	0.0	0.000177391	0.0	0.0	0.000259171	0.0	0.0	0.0	0.0	0.0	0.0	0.0	0.0	0.0	0.0	0.0	0.0	0.0	0.0	0.0	0.0	0.0	0.0	0.0	4.04059e-06	0.0	0.0	0.0	0.0	0.0	0.0	0.0	0.0	0.0	0.0	0.0	0.0	0.0	0.0	0.0	0.0	0.0	0.0	0.0	0.0	0.0	6.83698e-05	0.0	2.66547e-05	0.0	0.0	0.0	0.0	0.0	0.0	0.0	0.0	0.0	0.0	0.000122742	0.0	0.0	0.0	0.0	0.0	0.0	0.0	0.0	0.0	0.0	7.56785e-05	0.0	0.0	0.0	0.000303155	5.06354e-05	0.000635696	0.0	0.0	0.0	0.0	0.000705115	0.0	0.0	0.000449997	0.000120257	0.0	0.0	0.0	0.0	0.0	0.000350115	0.0	0.0	0.000106773	0.0	0.0	0.0	0.000342184	7.70761e-05	0.0	0.0	0.000225558	7.34686e-05	0.000159712	0.0	0.0	0.00147713	0.0	0.000154424	0.000176354	0.0	0.0	0.00102417	8.83813e-05	0.000669137	0.0	0.000306654	0.0	0.000177905	0.0	7.35345e-05	0.0	0.0	0.000280264	0.0	0.0	0.000149086	0.0	0.0	0.0	0.0	0.0	0.0	0.0	0.0	0.000158416	0.0	7.5738e-05	0.0	0.000473042	9.91429e-05	0.0	0.0	0.0	0.000383105	0.0	0.0	0.000168879	0.0	0.0	0.000782829	0.0	0.0	0.0	0.0	0.0	0.0	2.47425e-05	0.0	0.0	0.0	0.0	0.0	0.0	0.000229255	0.000120552	0.0	0.0	0.0	0.0	0.0	0.0	0.0	0.000165243	0.0	5.9364e-05
PWY-7197: pyrimidine deoxyribonucleotide phosphorylation	0.00321999	0.00166827	0.00271182	0.00188819	0.00672222	0.00233287	0.00399533	0.00692338	0.00201892	0.00286704	0.00213234	0.00298348	0.00527257	0.00424039	0.00249962	0.00275565	0.00438808	0.00215464	0.0019915	0.00353072	0.00304167	0.00379009	0.00137023	0.00355444	0.00150553	0.000574913	0.00201737	0.00364514	0.00200959	0.00181736	0.00284393	0.00315249	0.00583434	0.00230422	0.00294956	0.00241436	0.00589737	0.0038058	0.00276068	0.00200487	0.00266913	0.0030968	0.00343221	0.00289342	0.00410711	0.00165849	0.00184395	0.00288474	0.00266595	0.00137439	0.00336366	0.0035442	0.00167798	0.00456872	0.00361183	0.00292432	0.00302713	0.00365806	0.00352914	0.00190693	0.00291217	0.00160533	0.00565506	0.0013922	0.00249433	0.00305709	0.00119129	0.0012951	0.00455664	0.0011145	0.00118044	0.0018524	0.00182405	0.00287041	0.00126112	0.00190222	0.00144412	0.00351378	0.00503817	0.00178733	0.00235186	0.000945441	0.00100646	0.00344875	0.00202843	0.00511453	0.00412607	0.00137086	0.00208023	0.00136859	0.00149218	0.00353402	0.00241424	0.00205065	0.0033695	0.00519453	0.00275501	0.0050139	0.00393422	0.00230284	0.000460665	0.00226253	0.00134798	0.0034172	0.00379429	0.00333636	0.0031818	0.000781488	0.00243686	0.00168822	0.00209056	0.00153248	0.00253047	0.00278819	0.00161081	0.00260127	0.00206665	0.00373179	0.00391097	0.00182774	0.00228352	0.00208533	0.00395812	0.00268337	0.00155413	0.00331773	0.00221342	0.00115949	0.00387198	0.00295027	0.00330638	0.00422123	0.00948655	0.00173391	0.00381409	0.000899299	0.00155931	0.00199	0.00354573	0.00170673	0.00367604	0.00314658	0.00227986	0.00146615	0.00304772	0.00177776	0.00372386	0.00413754	0.00454567	0.00980474	0.0024562	0.00265649	0.00304373	0.00163333	0.0029311	0.00257405	0.00367831	0.00364839	0.0033189	0.00273328	0.00299952	0.00316703	0.00486284	0.00674792	0.00275736	0.00284625	0.00361446	0.00319595	0.00244048	0.00350835	0.00293965	0.0017526	0.00354846	0.00300654	0.0032712	0.00374302	0.00304125	0.00555057	0.00290225	0.00301379	0.00383975
PWY-7198: pyrimidine deoxyribonucleotides de novo biosynthesis IV	0.000370531	0.00222801	0.00117011	0.000191969	0.00821419	0.000994703	0.00118016	6.51055e-05	0.00172291	0.000276565	0.0	0.000577497	0.00625128	0.00030277	0.000624607	0.00229415	0.00326781	0.000795	0.00234838	0.00118181	0.0	0.000547791	0.000934406	0.00114263	0.000157126	0.000622456	0.00061997	0.00220643	0.000172106	0.000336733	0.000383324	0.000545849	0.000533725	0.000730606	0.000583605	0.00250811	0.00239446	0.000475184	7.26435e-06	0.000726793	0.00186215	0.000308115	0.0014607	0.00297416	0.00145315	0.000632831	0.000465469	0.00110812	0.000505986	0.0011104	0.00235332	0.000527788	0.000139256	0.000882152	0.00299105	0.000788735	0.00073818	0.00444494	0.000866447	0.001411	0.00278	0.00115062	0.00696992	0.00205268	0.00118753	0.000684535	0.00157272	0.000177933	0.000572283	0.000170209	0.000552976	0.00205251	8.1815e-05	0.000629478	0.000579441	0.000269088	0.00051904	0.000215261	0.0018994	0.000592886	0.00193857	0.0012042	0.000245099	0.000483714	0.000134025	0.00488648	0.00275911	5.60564e-05	0.00178137	0.00120292	0.0	0.000835568	0.00329021	0.0018055	0.000504023	0.00201787	0.00214131	0.00114887	0.00296994	0.000349247	0.000462524	0.00141598	0.00176285	0.00142116	0.000230285	0.000783833	0.000836037	0.000354387	0.00111401	0.000656104	0.000861812	0.000905962	0.00236572	0.0027607	0.000252859	0.00316903	0.000189002	0.00186151	0.0021411	0.00250957	0.000974841	0.00151573	0.000218424	0.00111227	0.000832037	0.00231445	0.000988569	0.000175144	0.000801581	0.000154868	0.000202147	0.000678694	0.000482238	6.80236e-05	0.00182242	0.000138349	0.00070253	0.000688341	0.00060692	0.00128063	0.00042762	0.00180472	0.00122244	0.000906536	0.00105564	0.00137421	0.000858948	0.00301781	0.00190077	0.00191236	0.0012619	0.000137439	0.0009652	0.00243574	0.00196878	0.00216061	0.00487295	0.000958969	0.00153698	0.000965279	0.000877014	0.00033589	0.000933703	0.00401281	0.000525477	0.0020347	0.000798519	0.000598835	0.000451954	0.0017877	0.00106398	6.20456e-05	0.00137886	8.87137e-05	0.00243766	0.000674736	0.00256161	0.00156751	0.00267871	0.00199166	0.00181523
PWY-7199: pyrimidine deoxyribonucleosides salvage	0.00834977	0.00574711	0.00827464	0.00560049	0.00344002	0.0054449	0.00777451	0.00539027	0.0110135	0.0071986	0.00281329	0.00609713	0.00607551	0.00429129	0.0039394	0.0080765	0.0132263	0.00754848	0.00269877	0.00960906	0.00777778	0.0072872	0.00665926	0.00758765	0.00403355	0.00426307	0.01022	0.00375401	0.00334816	0.00529001	0.00984117	0.00882042	0.00904353	0.00696558	0.00540453	0.00289271	0.00604839	0.00923051	0.00330683	0.00256183	0.00809919	0.00853324	0.00576454	0.00261704	0.0037288	0.00769001	0.00371176	0.00900528	0.0058354	0.00887295	0.00451716	0.0013951	0.00446337	0.00915704	0.00685899	0.00890884	0.00558236	0.00487964	0.008107	0.00545184	0.00414289	0.0024863	0.00436064	0.00256131	0.0144554	0.00824283	0.0101111	0.0073895	0.00409481	0.0101035	0.00531058	0.00620092	0.00968549	0.00765357	0.00672977	0.00850448	0.00641855	0.00746364	0.00730417	0.00410772	0.00731681	0.00763756	0.011481	0.00958358	0.007916	0.00825982	0.0125371	0.00841317	0.00771665	0.00941591	0.00954278	0.00972435	0.0034842	0.00509228	0.00947905	0.00803023	0.00777834	0.00771376	0.00871804	0.00988557	0.011558	0.00781382	0.0108925	0.00675756	0.00879097	0.00836032	0.00744929	0.00766629	0.00865737	0.00385611	0.0117147	0.00758201	0.0101055	0.00775867	0.015887	0.00708207	0.00320634	0.00628521	0.0105002	0.00407591	0.0119385	0.00742234	0.00854773	0.00865159	0.0093638	0.00782613	0.00411477	0.00749487	0.00957834	0.00311099	0.00879678	0.00791044	0.00803454	0.00786552	0.00840931	0.00640057	0.00500596	0.0035416	0.0108054	0.016808	0.00800746	0.00341286	0.00491059	0.00748533	0.0114215	0.00887089	0.00472303	0.0107793	0.00747038	0.00295034	0.00273285	0.00280996	0.00792177	0.00303151	0.00256312	0.00331659	0.0032817	0.00861028	0.00826834	0.00808368	0.00894178	0.00524213	0.0086594	0.00883733	0.0094303	0.00575759	0.00752958	0.0069754	0.00802177	0.00931987	0.00463953	0.00560534	0.006828	0.00830124	0.00375577	0.00733867	0.00537128	0.00580691	0.00543352	0.00655921	0.00698283
PWY-7200: superpathway of pyrimidine deoxyribonucleoside salvage	0.0	0.0	0.0	0.0	0.00147189	0.0	0.0	0.0	0.0	0.0	0.0	0.0	0.0	0.0	0.0	0.000102491	0.0	0.0	0.0	0.0	0.000288823	0.0	0.0	0.0	0.0	0.0	0.0	0.0	0.0	0.0	0.0	0.0	0.0	0.0	0.0	0.0	0.0	0.000169503	0.0	0.000178059	0.0	0.0	0.0	0.0	0.0	0.0	0.0	0.0	0.0	0.0	0.0	0.000751682	0.0	0.0	0.0010441	0.0	0.0	0.0	0.0	0.0	0.0	0.0	0.00397324	0.0	0.0	0.0	0.0	0.0	0.0	0.0	0.0	0.0	0.0	0.0	0.0	0.0	0.0	0.0	0.0	0.0	0.000410315	0.0	0.0	0.0	0.000191258	0.000111072	0.0	0.0	0.0	0.0	0.0	0.0	0.0	0.0	0.000108052	0.0	0.0	0.0	0.000535931	0.0	0.0	0.0	0.0	0.0	0.0	0.0	0.0	0.000170647	0.0	0.0	0.0	0.0	0.000118959	0.0	0.0	0.0	8.48294e-05	0.0	0.0	0.0	0.0	0.0	0.0	0.0	0.0	0.0	0.0	0.0	0.000172252	0.0	0.0	9.28228e-05	0.0	0.0	0.0	0.0	0.0	0.0	0.0	0.0	0.00017143	0.0	0.0	0.0	0.0	0.0	0.0	0.0	0.0	0.000810698	0.0	0.0	0.0	0.0	0.0	0.0	0.0	0.0	0.0	5.14492e-05	0.0	0.000521482	0.0	0.0	0.0	0.0	0.00188453	0.0	0.0	0.0	0.0	0.0	0.0	0.0	0.0	0.0	0.00026875	0.0	2.75908e-05	0.0	0.0
PWY-7204: pyridoxal 5'-phosphate salvage II (plants)	0.0	0.000566184	0.0	0.000402611	0.000107803	0.00108072	0.000574263	0.0	0.000100692	0.000363457	0.00163651	0.000881637	0.000326171	0.000167317	0.00117919	0.000375461	0.0	0.00063286	0.00203113	5.70319e-05	0.0	0.0	0.0	0.000233259	0.00181641	0.000608519	0.0	0.00142843	0.00140299	0.000600087	0.000246048	0.0	0.0	0.00056708	0.000929875	0.00162313	0.000513282	0.0	0.00293918	0.00193217	3.51459e-05	0.00027397	0.000466008	0.00199241	0.0	0.00020336	0.000792499	0.0	0.000477429	0.0	0.000889495	0.00116477	0.00178144	0.0	0.0	0.0	0.000795339	0.000183527	7.42298e-05	0.000867034	4.91184e-06	0.00237193	0.0	0.000485034	0.0	0.000110211	0.0	0.0	0.00104554	0.0	0.000999679	0.000145784	0.0	0.0	0.00051158	0.00038085	0.0	0.0	0.0	0.00173965	4.31136e-05	0.0	0.0	0.0	0.000173768	0.0	0.0	0.000385656	0.0	2.90344e-05	0.0	0.0	0.00148465	0.000954392	2.16838e-05	0.0	0.0	0.0	7.50731e-05	0.0	0.000228427	1.2324e-05	0.000143469	0.000238094	0.0	8.07887e-05	0.0	0.000438367	6.87545e-05	0.00189516	3.0289e-05	0.0	0.0	0.0	1.10615e-05	0.000128787	0.00153621	0.000188558	3.07608e-05	0.0007355	0.0	0.000463313	0.0	0.0	0.000887492	0.0	0.000887522	6.54205e-05	0.0	0.00142955	0.0	0.0	0.0	0.0	0.000105294	0.0	0.000611589	0.00149208	9.32979e-05	0.0	0.000802665	0.00298259	0.00132054	0.000458972	0.000216775	4.23577e-05	0.00103732	1.78856e-05	0.00024225	0.000126289	0.00234615	0.00278986	0.0	0.0017983	0.00117848	0.000909788	0.000317974	0.000575671	4.73727e-05	0.000304359	0.0	0.00098531	0.000180819	0.000294886	1.34468e-05	0.00101854	7.70453e-05	0.000147904	0.00047241	0.000100515	0.000405232	0.00131085	0.000209959	7.2424e-05	0.000832665	0.000307256	0.000726782	0.000616488	2.96226e-05	0.0	0.000182746
PWY-7208: superpathway of pyrimidine nucleobases salvage	0.00440584	0.00258035	0.00593288	0.00428655	0.00872721	0.00344491	0.00558215	0.00721489	0.00292752	0.00521802	0.00279719	0.0040471	0.00639393	0.00506651	0.00284046	0.00397716	0.00601676	0.00305624	0.00244654	0.00484188	0.00536087	0.00568864	0.00196868	0.00557977	0.00317399	0.00462033	0.00275223	0.00440826	0.00325532	0.00255904	0.00366242	0.00427786	0.00825265	0.00424792	0.00413924	0.00336623	0.00689843	0.00539122	0.00365239	0.00276755	0.00381534	0.0035171	0.0043427199999999	0.00343445	0.00495273	0.004616	0.00482486	0.00425447	0.00378183	0.00191015	0.00414158	0.00437118	0.00329181	0.00471585	0.00442251	0.0036216	0.00496898	0.0046113	0.00586916	0.00312191	0.00511984	0.00235497	0.00674196	0.00207637	0.00380655	0.00438627	0.00173831	0.0027043	0.00498441	0.00233039	0.00207748	0.0028788	0.00258085	0.00461401	0.0019851	0.00293608	0.00488786	0.00485127	0.00660195	0.00244874	0.0034352	0.00216535	0.00151301	0.00500016	0.00291452	0.00667756	0.00573886	0.00440735	0.00300122	0.00199266	0.00252	0.00471922	0.00297098	0.00309146	0.00471017	0.00462401	0.00416788	0.00650631	0.00527614	0.00316801	0.000684026	0.00332137	0.0021103	0.00453209	0.00542504	0.00502645	0.00460487	0.00117094	0.00367747	0.00225329	0.00360995	0.00506866	0.0035732	0.00398876	0.0023354	0.00370119	0.00269361	0.00486137	0.00595953	0.00245943	0.0033784	0.00309892	0.00566972	0.00377149	0.00225253	0.00471015	0.00446247	0.00165426	0.00494796	0.00393245	0.0056818	0.00590675	0.0104575	0.00318169	0.00677001	0.00164922	0.00432075	0.00322685	0.00501934	0.00443571	0.00480534	0.00336163	0.0036539	0.00314175	0.00435072	0.00254812	0.0048567	0.00544009	0.00589756	0.0100031	0.00287314	0.00300763	0.00420186	0.00215364	0.00322585	0.00321147	0.00432315	0.00506576	0.00564352	0.00415727	0.00619573	0.0042481	0.00661877	0.00853196	0.004215	0.00459106	0.00494898	0.00576275	0.00365893	0.00506178	0.00411081	0.00353675	0.00442497	0.00653379	0.00418384	0.00559016	0.00432876	0.00622325	0.00404665	0.00553785	0.004753
PWY-7209: superpathway of pyrimidine ribonucleosides degradation	0.000112491	0.000487552	9.0359e-05	6.91719e-05	5.13029e-05	0.000181534	1.98087e-05	0.0	0.00061933	4.69976e-05	0.000194762	0.000187126	0.000214119	0.000255867	0.000505176	0.000449941	0.0	5.43287e-05	0.000413668	3.15556e-05	0.0	8.18665e-05	0.0	7.80579e-05	0.0	0.0	3.50224e-05	0.0	8.16575e-05	0.00022032	0.0	0.0	4.55515e-05	0.0	0.000140056	0.000315998	4.02316e-05	7.95495e-05	0.0	0.00031767	9.33885e-05	1.64771e-05	0.00013293	0.000177729	0.0	0.000172029	7.01412e-05	1.9622e-05	6.49026e-05	0.00013459	6.4119e-05	0.00020646	0.000107274	0.0	0.0	4.43918e-05	0.0	0.0	4.30278e-05	4.0561e-05	0.000477567	7.02756e-05	0.0	6.06154e-05	0.0	0.0	2.15316e-05	0.0	0.000269264	0.0	7.81935e-05	2.0437e-05	0.0	0.0	8.71164e-05	0.000136181	0.0	0.0	0.000117019	0.000149721	0.000310856	0.0	0.0	5.46361e-05	0.0	0.000132844	0.0	9.96724e-05	3.69496e-05	0.000127301	0.0	0.0	7.21387e-05	0.000127262	0.000119462	2.18491e-05	0.000237903	0.0	0.000271097	0.0	0.000176848	0.000179919	0.000195228	0.000390274	0.0	1.2157e-05	0.000181996	0.000138523	0.000254046	0.000105669	5.3917e-05	0.0	3.24282e-05	0.000130589	7.9206e-05	6.24155e-05	0.000587512	0.000482164	0.0	0.00106654	0.0	0.000255971	0.0	0.0	6.99859e-05	0.000218828	0.000144153	2.08392e-05	8.94415e-05	0.000177308	0.0	2.38589e-05	0.0	0.0	4.81372e-05	0.0	4.94832e-05	0.000208472	1.16571e-05	0.0	9.17424e-05	4.31141e-05	0.000217567	9.65584e-05	4.70289e-05	0.0	0.000506495	2.27488e-05	1.23995e-05	0.000180084	6.8053e-05	6.03272e-05	4.66981e-05	0.000917411	0.000115432	0.000465464	2.79564e-05	0.0	0.0	8.6647e-05	0.000222132	0.0	0.000175021	0.0	0.000102199	0.000314441	2.24334e-05	2.92325e-05	7.0374e-05	0.000305329	0.00040645	0.000180367	0.000408591	6.49072e-05	0.000113213	0.0	0.000125145	6.32015e-05	0.000652642	0.00026346	3.36338e-05
PWY-7210: pyrimidine deoxyribonucleotides biosynthesis from CTP	0.000412863	5.89917e-05	0.000904647	0.000264503	3.3347e-05	0.00118213	0.00151335	9.27372e-05	0.0	5.58171e-05	0.0	3.09631e-05	0.000218661	0.000422473	0.000828906	0.0	0.000351982	0.000126851	0.00237093	0.000260885	0.0	0.000261709	0.0	0.0	0.0	0.00066884	0.000481119	0.00261623	0.000238855	0.000129158	0.00020586	0.0002077	6.53216e-05	0.000945827	0.000156555	0.00264484	0.000352784	0.000145519	1.03687e-05	0.000511988	0.000353245	0.000424114	0.00179354	0.00260714	0.00129328	0.000809267	0.00060921	0.0	0.000671939	0.0	0.00269955	0.000123493	0.0	0.000908273	0.0005059	0.0	0.000966652	0.00464534	0.000125094	0.00154031	0.00279403	0.0	0.0	0.000169689	0.00142039	7.1794e-05	0.000821992	0.000244037	0.0	5.41636e-05	0.000686657	0.00206647	0.000114897	0.000827711	0.000152845	0.000363184	0.000151904	0.0	3.63223e-05	0.000753499	0.000439792	0.000802566	0.000320907	0.000653237	0.0	0.000781658	0.000585118	0.0	0.00191617	0.000142361	0.0	8.57722e-05	0.00332751	0.000891088	0.000253545	0.000248274	0.0	0.0	0.0	0.000470533	0.0	0.000702483	0.000792631	0.000465072	0.000320272	0.0003984	0.0	0.000314827	0.000333233	9.57076e-05	0.00104743	0.00108237	0.0	0.0	0.000340681	0.00309981	0.000202601	0.0015813	0.0	0.000944301	0.00118919	0.000170075	7.03933e-05	0.000333991	0.0	0.000644846	4.94212e-05	0.0	3.19945e-05	0.000144919	0.000179523	0.000910106	0.000676056	9.59333e-05	0.00110399	0.000185685	0.0	0.000885488	0.000409165	0.0	0.000418326	0.000102865	0.00143852	0.000646995	0.00132625	0.000217514	0.0011284	0.000166413	5.89012e-05	0.000156943	0.00151831	2.17477e-05	0.00116809	0.00257917	0.00230247	0.00183767	0.00303109	4.74417e-05	0.00137677	0.000550769	0.000458118	0.0003949	0.000138272	0.00461179	0.000669843	0.000715099	5.64546e-05	9.87499e-05	0.000252479	6.19956e-05	8.95142e-05	8.75507e-05	0.000655335	0.0	0.00277239	0.0	0.000868084	0.00204442	0.00013004	0.000563636	0.00140242
PWY-7211: superpathway of pyrimidine deoxyribonucleotides de novo biosynthesis	0.000578584	0.000103008	0.000947484	0.000505199	0.00139984	0.00158927	0.00138979	0.0	0.00047195	0.000887165	0.0	0.000558028	0.000358563	0.0015732	0.00126808	0.00083359	0.0	0.00160039	0.00268001	0.000335454	0.0	0.000406378	0.0	0.00101823	0.00126649	0.00116995	0.000675185	0.00294341	0.000736505	0.00091301	0.000307784	0.000322281	0.000115065	0.0012786	0.00145945	0.00275425	0.000566699	0.000251925	1.86273e-05	0.000824227	0.000581824	0.000824269	0.00225012	0.00299763	0.00177228	0.00053829	0.00133592	0.0	0.000932059	7.31402e-05	0.00285901	0.000212591	0.000408615	0.00146026	0.000634808	0.000177469	0.00140723	0.000965128	0.000706768	0.00157601	0.00083914	0.0	0.0	0.00148027	0.000194988	0.000119555	0.000484012	0.0	0.000970487	9.06844e-05	0.00108741	0.00157518	0.000185237	0.000240347	0.000385534	0.00091291	0.000258039	0.0	0.000152933	0.00116707	0.000670165	0.00113889	0.000431011	0.000405848	0.000840875	0.00101189	0.000729244	0.000342188	0.000999667	0.00024092	0.0	0.000144928	0.00284546	0.00122333	0.000424551	0.00035864	0.0	0.0	0.000164856	0.000387515	0.0	0.00091491	0.00111983	0.00135838	0.000551944	0.00161676	0.000289224	0.000498685	0.00078597	0.00208295	9.71671e-05	0.000406379	0.0	0.0	0.000756481	0.00251811	0.000351168	0.00171864	0.0	0.00137708	0.00122063	0.00114771	0.000121903	0.000548057	0.000306057	0.000981514	0.000486951	0.0	5.65504e-05	0.000252788	0.000310267	0.000787809	7.70077e-05	0.000150085	0.000868664	0.000141498	0.000752051	0.00135469	0.000653799	0.0	0.00157353	0.0001818	0.00191495	0.00099285	0.00097337	0.00071877	0.00164534	6.21457e-05	0.000764016	0.000680636	0.0020396	5.1268e-05	0.000662032	0.00266891	0.00264294	0.00240867	0.00271051	0.00074273	0.00169724	0.000817339	0.000701137	0.000642956	0.000544593	0.00153796	0.00100468	0.00106967	0.00034483	0.000701054	0.00122206	0.00034706	0.00173184	0.000745393	0.000927917	0.00026981	0.00285899	0.000588865	0.00130673	0.002116	0.000227902	0.000923528	0.001578
PWY-7220: adenosine deoxyribonucleotides de novo biosynthesis II	0.00354759	0.00209503	0.00688233	0.00376819	0.00810642	0.00297792	0.0054063	0.0095176	0.00223151	0.00441393	0.00455832	0.00421875	0.00633267	0.00546981	0.00452141	0.00323571	0.00574955	0.00264312	0.00272287	0.00406151	0.00523245	0.00519815	0.00153342	0.00504915	0.00337134	0.00465975	0.00229589	0.00507557	0.00338251	0.00206557	0.00317522	0.00360463	0.00721732	0.0081455	0.00412835	0.00363355	0.00753291	0.00429344	0.00551855	0.0022854	0.00298616	0.00560406	0.00430914	0.0036092	0.00511725	0.0082166	0.00414132	0.0034812	0.00374892	0.00154718	0.00438933	0.00466299	0.00508806	0.00537574	0.00418122	0.00348937	0.00454159	0.0044905	0.0054703	0.00262797	0.00824112	0.00249121	0.00648029	0.00172401	0.00304952	0.00524528	0.00135652	0.00871269	0.00562445	0.00972898	0.00537961	0.00311949	0.00205081	0.00491502	0.00154589	0.00226912	0.00491163	0.00443567	0.00622201	0.00240132	0.00293325	0.00813936	0.00111296	0.00440869	0.00244829	0.00547905	0.00451119	0.00331711	0.00242787	0.00154635	0.00180196	0.00470677	0.00309233	0.00450085	0.00375481	0.00629232	0.00330298	0.00604707	0.00442241	0.00249381	0.000514253	0.00273088	0.00151952	0.00413924	0.00407621	0.00617778	0.00391676	0.000896253	0.00330132	0.00204371	0.00270967	0.00489355	0.00280208	0.00323578	0.0017869	0.00300915	0.00281479	0.00439592	0.00459969	0.00219721	0.00260847	0.00263256	0.00518057	0.00338238	0.00172807	0.00409344	0.00532988	0.00130885	0.00457358	0.00577507	0.0055061	0.00589365	0.0112555	0.00677649	0.00780436	0.00104152	0.0042282	0.00489349	0.00410278	0.00340791	0.00452371	0.00452322	0.00327799	0.00377588	0.00343322	0.00244146	0.00515927	0.0045768	0.00542374	0.00761103	0.00337108	0.00360277	0.00377462	0.00202367	0.00422482	0.00305926	0.00428515	0.00422962	0.0053526	0.0050734	0.00704755	0.00453299	0.00501193	0.00842164	0.00315244	0.00518584	0.00414287	0.00625812	0.00324375	0.0079756	0.00431836	0.00374415	0.00409651	0.00905328	0.00504117	0.0047869	0.00423224	0.00698821	0.00338157	0.0057378	0.00482216
PWY-7221: guanosine ribonucleotides de novo biosynthesis	0.0138284	0.0100268	0.0119631	0.00954177	0.0124867	0.0073746	0.010346	0.0102093	0.0130857	0.0109802	0.00442834	0.00755136	0.00899509	0.00495415	0.00455056	0.0102509	0.0131456	0.00790528	0.00366093	0.0139899	0.0132359	0.0116497	0.013486	0.0122977	0.00525468	0.00616776	0.0114767	0.00491444	0.00527666	0.00993324	0.0133698	0.011544	0.013332	0.0083978	0.00761442	0.0040481	0.0091322	0.0139608	0.00450095	0.00834107	0.0130688	0.00957676	0.00710982	0.00494466	0.00622791	0.0100986	0.00756928	0.0121392	0.00739811	0.0123835	0.0059476	0.00594157	0.00559713	0.0118655	0.0100073	0.0109559	0.00864109	0.00653232	0.0113555	0.00890937	0.00878247	0.00437749	0.0115095	0.00929284	0.0146831	0.00998157	0.011193	0.0127027	0.00663591	0.0131076	0.00736554	0.00789577	0.0118369	0.0121879	0.0173885	0.0112715	0.0101585	0.0106728	0.0141375	0.00558562	0.0098367	0.00977583	0.0169886	0.0141671	0.0117222	0.0134885	0.0169706	0.0181893	0.00963476	0.0120968	0.0257986	0.0113001	0.00516044	0.00677508	0.0139449	0.0114093	0.0105339	0.0109321	0.0122297	0.0133151	0.0167642	0.00956193	0.0166138	0.00882783	0.0138586	0.00864617	0.0107991	0.0100373	0.00934767	0.00566885	0.0164184	0.0134754	0.0119403	0.0104595	0.0120076	0.00951178	0.00459253	0.0101975	0.0178553	0.00713902	0.0134161	0.00900601	0.0120584	0.0119792	0.0106804	0.0108091	0.00637405	0.0102865	0.011371	0.00552427	0.0128981	0.0115721	0.0108316	0.0113345	0.0129588	0.0264694	0.00798262	0.00511927	0.0131942	0.0162908	0.0098112	0.00455777	0.00705668	0.00889972	0.0142333	0.00929991	0.00791863	0.01393	0.0103107	0.0131394	0.00397464	0.00409541	0.0109687	0.00425488	0.00390729	0.00598314	0.00965875	0.0101203	0.0111635	0.0101401	0.0100231	0.00781913	0.0138955	0.00875785	0.0132201	0.00716946	0.010213	0.00991501	0.00936577	0.0104448	0.0072088	0.00728876	0.0104071	0.0108502	0.00513228	0.0127792	0.00883724	0.00596024	0.0106401	0.0108215	0.0105522
PWY-7222: guanosine deoxyribonucleotides de novo biosynthesis II	0.00354759	0.00209503	0.00688233	0.00376819	0.00810642	0.00297792	0.0054063	0.0095176	0.00223151	0.00441393	0.00455832	0.00421875	0.00633267	0.00546981	0.00452141	0.00323571	0.00574955	0.00264312	0.00272287	0.00406151	0.00523245	0.00519815	0.00153342	0.00504915	0.00337134	0.00465975	0.00229589	0.00507557	0.00338251	0.00206557	0.00317522	0.00360463	0.00721732	0.0081455	0.00412835	0.00363355	0.00753291	0.00429344	0.00551855	0.0022854	0.00298616	0.00560406	0.00430914	0.0036092	0.00511725	0.0082166	0.00414132	0.0034812	0.00374892	0.00154718	0.00438933	0.00466299	0.00508806	0.00537574	0.00418122	0.00348937	0.00454159	0.0044905	0.0054703	0.00262797	0.00824112	0.00249121	0.00648029	0.00172401	0.00304952	0.00524528	0.00135652	0.00871269	0.00562445	0.00972898	0.00537961	0.00311949	0.00205081	0.00491502	0.00154589	0.00226912	0.00491163	0.00443567	0.00622201	0.00240132	0.00293325	0.00813936	0.00111296	0.00440869	0.00244829	0.00547905	0.00451119	0.00331711	0.00242787	0.00154635	0.00180196	0.00470677	0.00309233	0.00450085	0.00375481	0.00629232	0.00330298	0.00604707	0.00442241	0.00249381	0.000514253	0.00273088	0.00151952	0.00413924	0.00407621	0.00617778	0.00391676	0.000896253	0.00330132	0.00204371	0.00270967	0.00489355	0.00280208	0.00323578	0.0017869	0.00300915	0.00281479	0.00439592	0.00459969	0.00219721	0.00260847	0.00263256	0.00518057	0.00338238	0.00172807	0.00409344	0.00532988	0.00130885	0.00457358	0.00577507	0.0055061	0.00589365	0.0112555	0.00677649	0.00780436	0.00104152	0.0042282	0.00489349	0.00410278	0.00340791	0.00452371	0.00452322	0.00327799	0.00377588	0.00343322	0.00244146	0.00515927	0.0045768	0.00542374	0.00761103	0.00337108	0.00360277	0.00377462	0.00202367	0.00422482	0.00305926	0.00428515	0.00422962	0.0053526	0.0050734	0.00704755	0.00453299	0.00501193	0.00842164	0.00315244	0.00518584	0.00414287	0.00625812	0.00324375	0.0079756	0.00431836	0.00374415	0.00409651	0.00905328	0.00504117	0.0047869	0.00423224	0.00698821	0.00338157	0.0057378	0.00482216
PWY-7228: superpathway of guanosine nucleotides de novo biosynthesis I	0.00568599	0.00348037	0.00881562	0.00542414	0.0098469	0.004304	0.00718049	0.00992324	0.00383174	0.00633978	0.00461316	0.00545862	0.00756594	0.00533156	0.00476759	0.00493587	0.00809972	0.0040289	0.00323407	0.00636106	0.00762363	0.00726813	0.002763	0.00723439	0.00419124	0.00552464	0.00384344	0.00515946	0.00419626	0.00343164	0.00515304	0.00552309	0.00950752	0.00856451	0.00543455	0.00388904	0.00828632	0.00659933	0.00480667	0.00361441	0.00487242	0.00714117	0.00541506	0.00426364	0.00572109	0.00917638	0.00538934	0.00545	0.00510056	0.00275937	0.00512297	0.00533528	0.00562361	0.0075598	0.00595853	0.00534961	0.0060264	0.00540108	0.0074952	0.00407479	0.00883537	0.00322172	0.00857961	0.00291898	0.00509127	0.00696712	0.00243526	0.0108865	0.00623095	0.0115276	0.00642663	0.00449149	0.00350104	0.00732764	0.00284187	0.00380738	0.00671734	0.00631041	0.0086656	0.00338973	0.00454474	0.00930143	0.00209366	0.00681477	0.00406653	0.00780699	0.00721218	0.00564482	0.00391534	0.00275222	0.00338633	0.00665998	0.00398108	0.00556682	0.00594515	0.00826716	0.00504687	0.00783985	0.00654839	0.00422207	0.000998031	0.00427083	0.00278868	0.00572302	0.00631931	0.00728346	0.00580605	0.00164999	0.00490369	0.00301703	0.004702	0.00720889	0.00456524	0.00497341	0.00315365	0.00462001	0.00355242	0.0061923	0.00732485	0.00339344	0.00439832	0.00411517	0.00732509	0.00541383	0.00300758	0.00604579	0.00591934	0.00233173	0.00658656	0.00576572	0.00778894	0.00788833	0.0113913	0.00875804	0.00983251	0.00201345	0.00566759	0.00508777	0.00629967	0.00569619	0.00628798	0.00450093	0.00454329	0.0053812	0.00557462	0.00393087	0.00631155	0.00697077	0.00717624	0.0113708	0.00373575	0.00394786	0.0056672	0.00278279	0.00417176	0.00407528	0.00594329	0.0060623	0.00733257	0.00680667	0.00831141	0.0057689	0.00747659	0.0086464	0.00511744	0.00606747	0.00598846	0.0077645	0.00484866	0.00917838	0.00545493	0.00495185	0.00592664	0.0100556	0.00525792	0.00699969	0.00576087	0.00652939	0.0051579	0.00762002	0.00668659
PWY-7229: superpathway of adenosine nucleotides de novo biosynthesis I	0.0082778	0.00522169	0.0107291	0.00758626	0.0121066	0.00637242	0.0103444	0.00788313	0.00664441	0.008985	0.0054302	0.00730251	0.00744945	0.00561272	0.00632157	0.00735826	0.0116017	0.00646332	0.00394538	0.00935646	0.0101019	0.0100232	0.0046796	0.00997766	0.00538618	0.00780302	0.00637182	0.0050827	0.00517865	0.00544513	0.0078158	0.00780309	0.0126058	0.0105988	0.00761515	0.00451867	0.010361	0.00943638	0.00554839	0.00568857	0.00748571	0.00926635	0.00672062	0.00459923	0.00573994	0.00972092	0.00693423	0.0082582	0.00709605	0.00483723	0.00596064	0.00628552	0.00609939	0.008804	0.00855737	0.00829298	0.00750876	0.00679134	0.00988335	0.00582107	0.0100859	0.0038954	0.00997038	0.0045513	0.00769372	0.0101486	0.00438367	0.0152468	0.00738185	0.0135533	0.00829308	0.00680284	0.00596337	0.0112491	0.00457839	0.00595754	0.00906674	0.00891504	0.011789	0.00521307	0.00764916	0.0109724	0.0037764	0.00972586	0.00658928	0.0107511	0.0111082	0.00752424	0.00652797	0.0047931	0.00548306	0.00971756	0.00503326	0.00764086	0.00858741	0.0109696	0.00728039	0.0103924	0.00983987	0.00690967	0.00191016	0.00696656	0.00439072	0.00766889	0.00875963	0.00940918	0.00889087	0.00300113	0.00748267	0.00439105	0.00677463	0.00927228	0.0073741	0.00732053	0.00583913	0.0071691	0.00495053	0.00826257	0.0103733	0.00523229	0.00728241	0.00642956	0.0101563	0.00822639	0.00519154	0.00886137	0.00732202	0.00416529	0.00935049	0.00694057	0.00986883	0.0116992	0.0136042	0.0122348	0.0129113	0.00329756	0.00836831	0.00646697	0.00938947	0.00808449	0.0090228	0.00506585	0.00641785	0.00699301	0.00909563	0.006281	0.00790636	0.00938287	0.0104255	0.0108376	0.00346285	0.00426493	0.00869982	0.00386144	0.00469967	0.00514205	0.00624536	0.00854761	0.00941189	0.00824591	0.0102988	0.00704692	0.00950528	0.00944269	0.00741655	0.00666347	0.00871079	0.00942902	0.0073158	0.0107047	0.00666245	0.00625387	0.00809336	0.0113351	0.00552828	0.00933956	0.00749921	0.00703222	0.00733716	0.00935919	0.00858596
PWY-722: nicotinate degradation I	0.0	0.0	0.0	0.0	0.0	0.0	0.0	0.0	0.0	0.0	0.0	0.0	0.0	0.0	0.0	0.0	0.0	0.0	0.0	0.0	0.0	0.0	0.0	0.0	0.0	0.0	0.0	0.0	0.0	0.0	0.0	0.0	0.0	0.0	0.0	0.0	0.0	0.0	0.0	0.0	0.0	0.0	0.0	0.0	0.0010109	0.0	0.0	0.0	0.0	0.0	0.0	0.0	0.0	0.0	0.0	0.0	0.0	0.0	0.0	0.0	0.0	0.0	0.0	0.0	0.0	0.0	0.0	0.0	0.0	0.0	0.0	0.0	0.0	0.0	0.0	0.0	0.0	0.0	0.0	0.0	0.0	0.0	0.0	0.0	0.0	0.0	0.0	0.0	0.0	0.0	0.0	0.0	0.0	0.0	0.0	0.0	0.0	0.0	0.0	0.0	0.0	0.0	0.0	0.0	0.0	0.0	0.0	0.0	0.0	0.0	0.0	0.0	0.0	0.0	0.0	0.0	0.0	0.0	0.0	0.0	0.0	0.0	0.0	0.0	0.0	0.0	0.0	0.0	0.0	0.0	0.0	0.0	0.0	0.0	0.0	0.0	0.0	0.0	0.0	0.0	0.0	0.0	0.0	0.0	0.0	0.0	0.0	0.0	0.0	0.0	0.0	0.000113645	0.0	0.0	0.0	0.0	0.0	0.0	0.0	0.0	0.0	0.0	0.0	0.0	0.0	0.0	0.0	0.0	0.0	0.0	0.0	0.0	0.0	0.0	0.0	0.0	0.0	0.0	0.0	0.0	0.0
PWY-7234: inosine-5'-phosphate biosynthesis III	0.00236676	0.00371621	0.000469394	0.00234666	0.00969805	0.0036808	0.00272226	0.00599342	0.00258097	0.00265206	0.0034246	0.00317058	0.00533533	0.0040097	0.00277822	0.00409148	0.0	0.00372646	0.00257866	0.00474257	0.00202951	0.00182011	0.0111879	0.00110752	0.0018566	0.000898843	0.00607374	0.00352368	0.00286735	0.00653354	0.00982455	0.00501482	0.0022118	0.00307224	0.0031852	0.00325311	0.000864898	0.00156283	0.00282933	0.00476584	0.00680953	0.00280199	0.00491037	0.00298317	0.00424762	0.00169276	0.00222239	0.00321018	0.00369436	0.00895895	0.00421133	0.00321582	0.00256983	0.0	0.00290145	0.00733274	0.00180227	0.00560325	0.00200577	0.00171777	0.00169736	0.0031162	0.00671328	0.00252637	0.0036364	0.00294895	0.00377685	0.00127221	0.00399754	0.000789232	0.00206676	0.00128271	0.00585667	0.00368299	0.00241805	0.00202407	0.000361728	0.00340533	0.003631	0.00363874	0.00274275	0.000302923	0.00158851	0.000960609	0.00267157	0.0056087	0.00555641	0.00218496	0.00314016	0.00530101	0.00200107	0.00403813	0.00343463	0.00192283	0.00218307	0.00743595	0.00314849	0.00412618	0.00496949	0.00760704	0.00895646	0.00425163	0.00228902	0.0039869	0.00260781	0.00283036	0.00310958	0.00554543	0.00156771	0.00308026	0.00151726	0.00168608	0.00401123	0.00372994	0.00405581	0.00265966	0.00297745	0.00421437	0.001851	0.00404174	0.00184933	0.00321334	0.00396622	0.00353447	0.00268759	0.00358783	0.00254905	0.00724726	0.00821235	0.00395381	0.00186195	0.00233064	0.0043584	0.00170644	0.00221964	0.0	0.00161414	0.00311519	0.00493762	0.00223567	0.00469874	0.00284654	0.00345384	0.00263092	0.00192981	0.000345243	0.00418275	0.00536374	0.00520979	0.00208004	0.00222814	0.00284532	0.00599465	0.00284973	0.00324174	0.0040331	0.00378885	0.00243104	0.00164423	0.00307261	0.00168808	0.00399144	0.00235309	0.00679893	0.00214485	0.00246432	0.00223427	0.00299294	0.00287117	0.00193572	0.00381303	0.00311934	0.00294971	0.00260041	0.00378074	0.000549054	0.00289933	0.00589743	0.00215766	0.00248781	0.00246129
PWY-7237: myo-, chiro- and scyllo-inositol degradation	0.00339512	0.00642456	0.00462133	0.00433932	0.0029162	0.00383151	0.00381014	0.00676433	0.00115072	0.00426127	0.00166893	0.00429594	0.00438906	0.00439057	0.00236018	0.00399676	0.0028181	0.0018879	0.00281363	0.00136865	0.00359103	0.00283715	0.00266563	0.00350441	0.00523646	0.00494141	0.00318012	0.00313433	0.00353906	0.00153095	0.00223889	0.00431771	0.00226312	0.00180849	0.00307038	0.00332933	0.00423895	0.00258103	0.00619191	0.000885177	0.00360102	0.00558107	0.00265092	0.00389156	0.00315609	0.0027159799999999	0.00610371	0.00499488	0.00554198	0.00303971	0.00215726	0.000388677	0.00780024	0.0207008	0.001703	0.00388201	0.00355007	0.0043815	0.00531196	0.001321	0.00169245	0.00147936	0.0050862	0.00277063	0.0106133	0.00242296	0.00609914	0.00445041	0.00131988	0.0036027	0.00203727	0.00581778	0.00421059	0.00209237	0.00738342	0.00325543	0.00453637	0.00515092	0.00172807	0.00206079	0.00320806	0.0116961	0.0124088	0.0036615	0.00283836	0.00239152	0.00169528	0.00627446	0.00600638	0.00258279	0.0136706	0.00410516	0.00281161	0.00344761	0.00260191	0.00273529	0.00503284	0.00368963	0.0026224	0.00265821	0.00114732	0.00506402	0.0116045	0.00260508	0.00222169	0.00540605	0.00410085	0.00279216	0.00561079	0.00235849	0.0130765	0.00544795	0.00318602	0.00490998	0.00137629	0.00185037	0.00196018	0.00216574	0.00464592	0.00250584	0.00406808	0.00286976	0.00290818	0.00438587	0.00105983	0.00338948	0.00305302	0.00249689	0.00417693	0.00227627	0.00344967	0.00332658	0.00304631	0.00177674	0.00427733	0.0307865	0.00306303	0.00294833	0.00364355	0.0140753	0.00276749	0.00479175	0.00391458	0.00932669	0.00262759	0.0108879	0.00175918	0.00395794	0.00158484	0.0016152	0.00495349	0.00416609	0.00358444	0.00443137	0.0031849	0.00271062	0.000730754	0.00237124	0.0	0.00675597	0.00334682	0.0	0.00471009	0.00288587	0.00666092	0.0	0.0	0.00359714	0.0	0.0041432	0.00307511	0.0	0.00309064	0.00505265	0.0	0.00488263	0.00256296	0.00546105	0.00574559	0.00533338	0.004285
PWY-7238: sucrose biosynthesis II	0.0105408	0.00936144	0.00684105	0.0105886	0.0118978	0.0103216	0.0126233	0.0013277	0.0147331	0.0104246	0.00855268	0.00863374	0.0101348	0.0025986	0.0079913	0.0104609	0.0145967	0.0112174	0.00619883	0.0119097	0.00912581	0.011069	0.00821423	0.0078801	0.00640208	0.0111112	0.0117351	0.00327652	0.00787901	0.00612197	0.00760794	0.011416	0.0125512	0.00584818	0.00870459	0.00662705	0.009876	0.0136189	0.00617577	0.00453387	0.0115353	0.0083434	0.00597408	0.00642724	0.00499207	0.00591688	0.0122631	0.0136174	0.00842004	0.0131364	0.00459534	0.00385254	0.00529003	0.00776132	0.00666469	0.00913178	0.00464033	0.00531561	0.0102707	0.00685907	0.00364259	0.00855955	0.00664785	0.00936189	0.0100749	0.0111392	0.0182698	0.00905316	0.00863374	0.00667326	0.0059909	0.0121673	0.0157787	0.0114314	0.00689735	0.0111995	0.0104643	0.0129468	0.00769718	0.0109427	0.0119193	0.00783341	0.0174989	0.0114283	0.0125763	0.0138613	0.014813	0.0073102	0.0158475	0.0175397	0.00634556	0.00929361	0.00597978	0.00730573	0.0134429	0.00839266	0.0134612	0.0133825	0.0167978	0.0141243	0.0184048	0.0147227	0.0074624	0.00915475	0.0137899	0.00526857	0.0178478	0.0148142	0.0136258	0.00564486	0.00738209	0.00993268	0.0166302	0.013426	0.019776	0.0133993	0.00795127	0.0100638	0.0129737	0.0126751	0.0175329	0.0125454	0.0105053	0.0102073	0.00867325	0.0152654	0.00701524	0.0131726	0.00984801	0.00476738	0.00878396	0.016131	0.0107403	0.0107252	0.0155101	0.00384024	0.00954394	0.00804274	0.0150981	0.00623169	0.00913943	0.0064037	0.00942741	0.00919081	0.0164748	0.0115982	0.00645386	0.0082828	0.013104	0.0113893	0.00660799	0.00635279	0.0135275	0.00771281	0.00528757	0.00601171	0.0112741	0.0103991	0.0109232	0.0073825	0.00847482	0.00578657	0.0129903	0.00344681	0.0114199	0.00481496	0.0126003	0.00828196	0.0110553	0.0118857	0.00589315	0.00435081	0.0105461	0.00753389	0.00416837	0.00977507	0.00593279	0.00109714	0.0137483	0.0121999	0.00685023
PWY-7242: D-fructuronate degradation	0.000694855	0.00079987	0.000984186	0.00205803	0.000327831	0.00120384	0.00345687	0.00187489	0.00104799	0.00128521	0.00135669	0.00246325	0.0040832	0.00258361	0.00266179	0.00201295	0.000425586	0.00283913	0.00210293	0.00201585	0.00103462	0.0017189	0.00112818	0.00118803	0.0020918	0.00194283	0.00284372	0.00317416	0.00127218	0.00106273	0.000976594	0.0010794	0.000920138	0.00133719	0.00219771	0.00115969	0.001423	0.00104835	3.53975e-05	0.00137093	0.00224507	0.00175591	0.000580364	0.00316516	0.0014005	0.00125598	0.00123509	0.00196081	0.00206309	0.00245703	0.00175714	0.00155154	0.00274981	0.000414373	0.000450759	0.00154397	0.000581465	0.00243618	0.00101208	0.000891409	0.000622684	0.00191234	0.000165599	0.00119237	0.00232073	0.00187425	0.00220858	0.00250881	0.000864506	0.00154688	0.00243489	0.00309481	0.00464869	0.0004448	0.000945359	0.00124882	0.00170511	0.00195806	0.00164601	0.00240763	0.00341726	0.00116596	0.00450997	0.00108647	0.00259083	0.00190712	0.000479555	0.00158993	0.00629926	0.003003	0.000507444	0.000524963	0.0016796	0.00207467	0.00106948	0.00103512	0.00191946	0.00186509	0.0020239	0.00204653	0.00167762	0.00342808	0.00136504	0.00159153	0.001288	0.00146701	0.00482792	0.00229228	0.00368531	0.00196679	0.00232386	0.00221672	0.00289651	0.00206987	0.00152893	0.00148553	0.0017826299999999	0.00102368	0.00209963	0.00234163	0.00292888	0.00271085	0.00143126	0.000739222	0.000739289	0.00180519	0.00133233	0.00285333	0.00178372	0.000820199	0.000989338	0.00296759	0.000954971	0.000829812	0.00374069	0.000734151	0.00117559	0.00188083	0.00263031	0.0013018	0.00133817	0.000184496	0.00125033	0.000949395	0.0021957	0.00231957	0.00124308	0.000709715	0.00239624	0.00021307	0.00191289	0.00163663	0.00328276	0.00219384	0.00141586	0.0018451	0.000977989	0.0012855	0.00175374	0.00236815	0.00163899	0.00132831	0.00123785	0.00280316	0.00100059	0.00217411	0.00101997	0.00213975	0.00190256	0.0011276	0.000918807	0.00171584	0.00124087	0.00111399	0.00301784	0.00117266	0.00131948	0.00345905	0.0023076	0.00220074	0.00140382
PWY-7245: superpathway of NAD/NADP - NADH/NADPH interconversion (yeast)	0.0	0.0	0.0	0.0	0.0	0.0	0.0	0.0	9.79004e-05	7.84391e-05	0.0	0.0	0.0	1.98955e-05	0.0	0.0	0.0	0.0	0.0	0.0	0.0	0.0	0.0	0.0	0.0	0.0	0.0	0.0	0.0	3.53894e-05	0.0	0.0	0.0	0.0	3.44483e-05	0.00120225	0.0	0.0	0.000137367	0.000173028	0.0	0.0	0.0	0.000246	7.64495e-05	0.0	2.55032e-05	0.0	0.0	0.0	0.0	0.000253059	0.000174753	0.0	0.0	0.0	0.000140816	0.0	0.0	0.000127852	0.0	0.0	0.0	0.000187094	0.0	0.0	0.0	0.0	0.0	0.0	0.0	0.0	0.0	0.0	7.91085e-05	0.0	0.0	0.0	0.0	0.0	0.0	0.0	0.0	0.0	0.0	0.0	0.0	0.0	0.0	0.0	0.0	0.0	0.000195071	0.0	0.0	0.0	0.0	0.0	0.0	0.0	0.0	0.0	0.0	0.0	0.0	0.0	0.0	0.0	3.26921e-05	0.0	0.0	0.0	0.0	0.0	0.0	0.0	0.0	0.0	0.0	0.0	0.0	0.0	0.0	0.0	0.0	0.0	0.0	0.0	0.0	0.0	0.0	0.0	0.0	0.0	3.23196e-05	0.0	0.0	0.0	0.0	0.0	0.0	0.000965257	0.0	0.0	0.0	0.0	0.0	0.0	0.0	0.0	1.40089e-05	0.00118858	0.0	0.0	0.000966634	5.12184e-05	0.0	0.0	0.0	0.0	0.0	0.0	0.0	2.39851e-05	0.0	0.000105236	0.0	0.0	0.0	0.0	0.0	0.0	0.0	0.0	0.0	0.0	0.0	0.0	0.0	0.0	0.0
PWY-724: superpathway of L-lysine, L-threonine and L-methionine biosynthesis II	0.0071619	0.00706285	0.00821994	0.00729609	0.00494804	0.00587701	0.00712989	0.00398298	0.00828951	0.00754739	0.00375851	0.00578719	0.00788383	0.00484023	0.00434273	0.00801973	0.00609448	0.00638483	0.00358928	0.00754662	0.00751026	0.00833127	0.00860535	0.00661089	0.00493941	0.00626174	0.00756977	0.00415679	0.00443432	0.00670652	0.00733013	0.00742638	0.00797068	0.00569167	0.00655659	0.00410738	0.00657718	0.0086738	0.00419181	0.00370763	0.00699668	0.00731008	0.00542526	0.00455066	0.00524402	0.00705923	0.00641864	0.00863009	0.007249	0.00817436	0.00475256	0.00555722	0.00585038	0.0063476	0.00722671	0.00844786	0.00511541	0.00648758	0.0084837	0.0042856	0.00648801	0.0042955	0.00731957	0.00766017	0.00651797	0.00754622	0.00842734	0.00722889	0.00478878	0.00566677	0.00388568	0.00640022	0.00757463	0.0086522	0.00421806	0.00738494	0.00792809	0.00886922	0.0077588	0.00529228	0.00859417	0.00713761	0.00697625	0.00896889	0.00805664	0.00807452	0.00799662	0.00390687	0.00859603	0.00897108	0.00461064	0.00894381	0.00472723	0.00600889	0.00866365	0.00815807	0.00799814	0.00740039	0.00777483	0.00819142	0.00821889	0.00721629	0.00585238	0.00624732	0.00732074	0.00748225	0.00787195	0.00727051	0.00662942	0.00459116	0.00529106	0.00740459	0.00842384	0.00781196	0.00717385	0.00704707	0.00381492	0.00686585	0.00594162	0.00644628	0.00658038	0.00715636	0.00792513	0.00753636	0.00574662	0.00785489	0.00547414	0.00793631	0.00969212	0.00483533	0.00743162	0.00767592	0.00566921	0.00562282	0.00687053	0.00288586	0.0070533	0.00543123	0.00846203	0.00571328	0.00687568	0.00417256	0.00560031	0.00598646	0.00838886	0.00744765	0.00630714	0.00736976	0.00771307	0.00782241	0.00335706	0.00373624	0.00764993	0.00381699	0.00373655	0.00548812	0.00824556	0.00767346	0.00849883	0.00756217	0.00800282	0.00597369	0.00709219	0.00500688	0.00736713	0.00514872	0.0078666	0.00689997	0.00650361	0.00679713	0.00556014	0.00604686	0.00731983	0.00691938	0.00454055	0.00778936	0.00585007	0.00570272	0.00831231	0.00777881	0.00771633
PWY-7254: TCA cycle VII (acetate-producers)	5.67659e-05	0.000249138	8.98384e-05	2.26341e-05	0.000361182	0.000269433	0.000466317	0.0	0.000662592	0.000698126	0.0	0.000129401	0.0	0.0	0.0	0.000344845	0.0	0.000564377	0.0	0.000142744	0.000141284	2.28536e-05	0.0	0.000841765	0.0	0.0	6.13527e-05	0.0	1.99617e-06	0.00125382	0.000450938	1.81279e-05	7.77579e-05	0.000551131	0.00024321	0.0	0.000341333	0.0	0.0	0.000916564	0.000255151	0.0001132399999999	0.000772839	0.0	0.0	0.000122862	1.1957e-05	7.84499e-05	0.000307972	0.0	0.0	0.000115204	0.0	0.0	0.00056913	0.000115852	5.11546e-05	0.0	0.000290272	0.00158226	0.0	0.0	0.00169152	0.0	0.0	0.000232536	0.0	0.0	0.00086173	0.0	6.76128e-05	0.000110455	0.0	0.0	0.001125	0.000547371	0.0	0.0	0.000219172	4.89123e-05	0.00015898	0.0	0.0	0.0	0.000455442	5.66939e-05	0.0	0.000159047	0.0	0.0	0.0	0.0	0.0	0.0	4.41932e-05	0.0	0.0	0.0	0.000192657	0.0	0.000335029	3.55295e-05	0.0	0.0008126	0.0	0.000827804	0.000394852	0.000764392	0.000530994	0.000385699	8.16465e-05	0.0	0.0	0.0	0.000496099	0.000771958	0.000134373	0.000513122	5.21663e-05	0.000601655	0.0	0.00119545	5.80866e-05	0.0	0.000584263	0.0	0.0	0.000181499	0.0	0.0	0.0	0.0	0.0	0.0	0.000185596	0.0	0.0	0.0	0.000294136	0.0	0.000733837	0.0	0.000306744	0.0	0.000368281	1.90008e-05	0.000962607	2.54157e-05	0.000419337	0.00043244	0.0	0.0	0.0	3.85745e-05	0.0	0.0	0.0	0.00052404	0.0	0.000408413	3.49014e-05	0.000717802	0.000399512	0.0	0.0	0.000292796	0.000317418	0.000161608	0.00147887	0.000135374	0.000139584	2.73142e-05	0.000164923	0.000372366	0.000112926	0.000223419	0.00156421	0.0	0.000279635	0.0	0.000425848
PWY-7268: cytosolic NADPH production (yeast)	0.0	0.0	0.0	0.0	0.0	0.0	0.0	0.00291254	0.000123574	8.48102e-05	0.0	0.0	0.0	1.50313e-05	0.0	0.0	0.0	0.0	0.0	0.0	0.0	0.0	0.0	0.0	0.0	0.0	0.0	0.0	0.0	0.000600848	0.0	0.0	0.0	0.0	2.99568e-05	0.00127516	0.0	0.0	0.00322522	0.000145787	0.0	0.0	0.0	0.00022971	0.000715311	0.0	2.03682e-05	0.0	0.0	0.0	0.0	0.00327321	0.000154462	0.0	0.000241705	0.0	0.000115098	0.0	0.0	0.00109749	0.0	0.0	0.0	0.000208156	0.0	0.0	0.0	0.0	0.0	0.0	0.0	0.0	0.0	0.0	6.55892e-05	0.0	0.0	0.0	0.0	0.0	0.0	0.0	0.0	0.0	0.0	0.0	0.0	0.0	0.0	0.0	0.0	0.0	0.000154074	0.0	0.0	0.0	0.0	0.0	0.0	0.0	0.0	0.0	0.0	0.0	0.0	0.0	0.0	0.0	5.27128e-05	0.0	0.0	0.0	0.0	0.0	0.0	0.0	0.0	0.0	0.0	0.0	0.0	0.0	0.0	0.0	0.0	0.0	0.0	0.0	0.0	0.0	0.0	0.0	0.0	0.0	9.49096e-05	0.0	0.0	0.0	0.0	0.0	0.0	0.00324341	0.0	0.0	0.0	0.0	0.0	0.0	0.0	0.0	1.05734e-05	0.0025212	0.0	0.0	0.000855228	4.03954e-05	0.0	0.000332139	0.0	0.0	0.0	0.0	0.0	2.42607e-05	0.0	0.000103366	0.0	0.0	4.344e-05	0.0	0.0	0.0	0.0	0.0	0.0	0.0	0.0	0.0	0.0	0.0	0.0
PWY-7269: mitochondrial NADPH production (yeast)	0.0	4.20192e-05	0.0	8.23813e-05	5.85226e-05	5.87588e-05	1.51656e-05	0.00229244	0.000119949	0.000127218	0.000103771	4.44727e-05	0.0	0.00116851	0.00037054	3.00282e-05	0.0	0.0	0.00129666	0.0	0.0	0.0	0.0	2.61537e-05	0.000274457	0.000202727	4.24415e-05	0.000620052	0.000489933	0.000421095	0.000113223	0.0	1.67648e-05	0.000105339	0.000124181	0.00148386	1.94509e-05	0.0	0.00386334	0.000757618	0.00016046	0.0	0.000643552	0.000574908	0.000504408	0.0	0.00020635	0.0	0.0	0.0	0.000516472	0.00266954	0.000539492	0.0	0.000164935	0.0	0.000819115	5.37516e-05	1.72333e-05	0.000830497	1.69648e-05	0.000177331	0.0	0.000280314	6.36661e-05	3.95202e-05	0.0	0.0	0.000268043	0.0	0.0	0.000587621	0.0	0.0	0.000406281	0.000139599	0.0	0.0	0.0	0.0	1.0823e-05	0.0	0.0	0.0	7.32852e-05	0.0	3.92586e-05	0.000214356	0.0	0.0	0.0	0.0	0.00158499	0.0	0.0	0.0	0.0	0.0	0.0	0.0	0.0	4.11141e-05	0.0	0.000102885	0.0	0.000135806	4.35462e-05	8.55477e-05	4.10911e-05	0.00068937	0.0	0.000103433	0.0	0.0	5.75944e-05	3.56658e-05	0.000520242	8.21249e-05	0.0	0.000247527	0.0	0.000102179	0.0	0.0	9.88587e-05	0.0	0.0	2.55978e-05	0.0	0.00013299	0.0	0.0	0.0	0.0	6.36304e-05	0.0	1.33544e-05	3.64993e-05	0.0	0.0	0.000178885	0.00324907	1.30414e-05	0.000101946	0.000357044	8.49326e-06	0.000128573	0.0	9.16836e-05	9.24651e-05	0.000912285	0.0023202	0.0	0.000921719	0.00217072	0.000497349	0.000103704	0.000224395	0.0	2.00189e-05	3.00592e-05	0.000172017	2.2579e-05	4.62243e-05	0.0	0.000218588	0.0	2.03198e-05	2.90228e-05	0.0	0.000698261	0.0	0.0	0.0	0.00022002	0.0	0.000164542	9.63876e-05	0.0	0.0	0.0
PWY-7279: aerobic respiration II (cytochrome c) (yeast)	0.0	0.0	0.0	0.0	0.0	0.0	0.0	0.0	0.0	0.0	0.0	0.0	0.0	0.0	0.0	0.0	0.0	0.0	0.0	0.0	0.0	0.0	0.0	0.0	0.0	0.0	0.0	0.0	0.0	0.0	0.0	0.0	0.0	0.0	0.0	0.0	0.0	0.0	0.0	0.0	0.0	0.0	0.0	0.0	0.0	0.0	0.0	0.0	0.0	0.0	0.0	0.0	0.0	0.0	0.0	0.0	0.0	0.0	0.0	0.0	0.0	0.0	0.0	0.0	0.0	0.0	0.0	0.0	0.0	0.0	0.0	0.0	0.0	0.0	0.0	0.0	0.0	0.0	0.0	0.0	0.0	0.0	0.0	0.0	0.0	0.0	0.0	0.0	0.0	0.0	0.0	0.0	0.0	0.0	0.0	0.0	0.0	0.0	0.0	0.0	0.0	0.0	0.0	0.0	0.0	0.0	0.0	0.0	0.0	0.0	0.0	0.0	0.0	0.0	0.0	0.0	0.0	0.0	0.0	0.0	0.0	0.0	0.0	0.0	0.0	0.0	0.0	0.0	0.0	0.0	0.0	0.0	0.0	0.0	0.0	0.0	0.0	0.0	0.0	0.0	0.0	0.0	0.0	0.0	0.0	0.0	0.0	0.0	0.0	0.0	0.0	0.0	0.0	0.0	0.0	0.0	2.60601e-06	0.0	0.0	0.0	0.0	0.0	0.0	0.0	0.0	0.0	0.0	0.0	0.0	0.0	0.0	0.0	0.0	0.0	0.0	0.0	0.0	0.0	0.0	0.0	0.0
PWY-7282: 4-amino-2-methyl-5-diphosphomethylpyrimidine biosynthesis II	0.00407813	0.00184787	0.00501596	0.00302541	0.000853515	0.00324174	0.00350771	0.00339294	0.00410956	0.00338168	0.00242378	0.00358732	0.00227952	0.00288987	0.00282802	0.00268666	0.00435643	0.00417628	0.00334926	0.00379905	0.00374571	0.00368797	0.00203867	0.00251201	0.00330991	0.00295553	0.00600822	0.00296864	0.00302932	0.0027617	0.00315324	0.0036303	0.00309794	0.00395704	0.00334515	0.00391993	0.00268663	0.00458487	0.00345341	0.00295922	0.00224138	0.0036454	0.00189045	0.0028847	0.00383339	0.00296597	0.00235568	0.00548557	0.00409193	0.00221643	0.00331048	0.00295879	0.00269239	0.004226	0.00389977	0.00470361	0.00217141	0.00250685	0.00430217	0.00205668	0.00342119	0.00322716	0.0	0.00278515	0.00157784	0.00410401	0.00501468	0.00251706	0.00241342	0.00164644	0.00358057	0.00374675	0.00220562	0.00161879	0.00270639	0.00246386	0.00576953	0.00414692	0.00314616	0.00372662	0.0038075	0.00744951	0.000310508	0.00344231	0.00448362	0.00273248	0.00303196	0.00158655	0.00381245	0.00420631	0.0017854	0.00490202	0.0031445	0.00373177	0.0046057	0.00565723	0.00261671	0.00356594	0.00357405	0.00254851	0.00161791	0.00230629	0.00281384	0.00431781	0.00261786	0.00452595	0.00327246	0.00481098	0.00251065	0.00283029	0.00157736	0.00362263	0.00495321	0.00266694	0.00250745	0.00360203	0.00313107	0.00497202	0.000245142	0.00256164	0.000212695	0.00422692	0.00456268	0.00444642	0.00265193	0.00406644	0.00309011	0.00368215	0.00371209	0.00260713	0.00440718	0.00305792	0.00308288	0.0029182	0.00164357	0.00102313	0.00409888	0.00324949	0.00310938	0.00210898	0.00381233	0.00382147	0.00322621	0.00611621	0.00162075	0.00733787	0.00330802	0.004845	0.00298715	0.000798597	0.00320058	0.00360104	0.00445745	0.00333909	0.00339067	0.00262402	0.00121069	0.00213397	0.00595001	0.00396587	0.0035405	0.00390906	0.00257434	0.00187252	0.00320567	0.00371517	0.00432902	0.00387124	0.0046756	0.0042492	0.00306983	0.00302566	0.00489868	0.00352505	0.00306395	0.00307623	0.00357279	0.00200553	0.00315809	0.00429358	0.00467643
PWY-7286: 7-(3-amino-3-carboxypropyl)-wyosine biosynthesis	0.0	0.0	0.0	0.0	0.0	0.0	0.0	0.0	0.0	0.0	0.0	0.0	0.0	0.0	0.0	0.0	0.0	0.0	0.0	0.0	0.0	0.0	0.0	0.0	0.0	0.0	0.0	0.0	0.0	0.0	0.0	0.0	0.0	0.0	0.0	0.0	0.0	0.0	0.0	0.0	0.0	0.0	0.0	0.0	0.0	0.0	0.0	0.0	0.0	0.0	0.0	0.0	0.0	0.0	0.0	0.0	0.0	0.0	0.0	0.0	0.0	0.0	0.0	0.0	0.0	0.0	0.0	0.0	0.0	0.0	0.0	0.0	0.0	0.0	0.0	0.0	0.0	0.0	0.0	0.0	0.0	0.0	0.0	0.0	0.0	0.0	0.0	0.0	0.0	0.0	0.0	0.0	0.0	0.0	0.0	0.0	0.0	0.0	0.0	0.0	0.0	0.0	0.0	0.0	0.0	0.0	0.0	0.0	0.0	0.0	0.0	0.0	0.0	0.0	0.0	0.0	0.0	0.0	0.0	0.0	0.0	0.0	0.0	0.0	0.0	0.0	0.0	0.0	0.0	0.0	0.0	0.0	0.0	0.0	0.0	0.0	0.0	0.0	0.0	0.0	0.0	0.0	0.0	0.0	0.0	0.0	0.0	0.0	0.0	0.0	0.0	0.0	0.0	0.0	0.0	0.0	0.0	3.71781e-05	0.0	0.0	0.0	0.0	0.000119861	0.0	0.0	0.0	0.0	0.0	0.0	0.0	0.0	0.0	0.0	0.0	0.0	0.0	1.57344e-05	0.0	0.0	0.0	0.0
PWY-7290: Escherichia coli serotype O86 O-antigen biosynthesis	0.0	0.0	0.0	0.0	0.0	0.0	0.0	0.0	0.0	0.0	0.0	0.0	0.0	0.0	0.0	0.0	0.0	0.0	0.0	0.0	0.0	0.0	0.0	0.0	0.0	0.0	0.0	0.0	0.0	0.0	0.0	0.0	0.0	0.0	0.0	0.0	0.0	0.0	0.0	0.0	0.0	0.0	0.0	0.0	0.0	0.0	0.0	0.0	0.0	0.0	0.0	0.0	0.0	0.0	0.0	0.0	0.0	0.0	0.0	0.0	0.0	0.0	0.0	0.0	0.0	0.0	0.0	0.0	0.0	0.0	0.0	0.0	0.0	0.0	0.0	0.0	0.0	0.0	0.0	0.0	0.0	0.0	0.0	0.0	0.0	0.0	0.0	0.0	0.0	0.0	0.0	0.0	0.0	0.0	0.0	0.0	0.0	0.0	0.0	0.0	0.0	0.0	0.0	0.0	0.0	0.0	0.0	0.0	0.0	0.0	0.0	0.0	0.0	0.0	0.0	0.0	0.0	0.0	0.0	0.0	0.0	0.0	0.0	0.0	0.0	0.0	0.0	0.0	0.0	0.0	0.0	0.0	0.0	0.0	0.0	0.0	0.0	0.0	0.0	0.0	0.0	0.0	0.0	0.000157679	0.0	0.0	0.0	0.0	0.0	0.0	0.0	0.0	0.0	0.0	0.0	0.0	0.0	0.0	0.0	0.0	0.0	0.0	0.0	0.0	0.0	0.0	0.0	0.0	0.0	0.0	0.0	0.0	0.0	0.0	0.0	0.0	0.0	0.0	0.0	0.0	0.0
PWY-7294: D-xylose degradation IV	0.0	0.0	0.0	0.0	0.0	0.0	0.000120973	0.0	0.0	0.0	0.0	0.0	0.0	0.0	0.0	0.000108969	0.0	0.00020389	0.0	0.0	0.0	0.0	0.0	0.0	1.82003e-05	0.0	0.0	0.0	0.0	0.000102012	1.95323e-05	0.0	0.0	0.0	0.000293183	0.0	0.000119581	0.0	0.0	0.0	9.06581e-05	0.0	0.0	0.0	0.0	0.000136934	0.0	0.0	0.0	0.0	0.000116624	5.95768e-05	0.0	0.0	0.0	4.54601e-05	4.50413e-05	0.0	8.93795e-05	0.000100338	0.0	0.0	0.0	0.0	0.0	0.0	0.0	0.0	0.000117258	0.0	0.0	0.0	0.0	0.0	0.000190496	5.8816e-05	0.0	0.0	0.0	0.0	0.0	0.0	0.0	0.0	0.0	0.0	0.0	0.0	0.0	0.0	0.0	0.0	0.0	0.0	0.0	0.0	0.0	0.0	0.0	0.0	0.0	0.0	0.0	2.80613e-05	0.0	0.0	0.0	0.0	0.0	0.0	0.0	0.0	0.0	0.0	0.0	0.000198049	7.31827e-05	4.47081e-05	0.0	1.8908e-05	0.0	0.000114592	0.0	0.0	6.77633e-05	0.0	0.0	0.0	0.0	0.0	0.0	0.0	0.0	0.0	0.0	0.0	8.54705e-05	0.0	0.0	0.0	0.0	0.0	0.0	0.0	0.0	0.0	0.00028481	0.0	0.0	5.88656e-05	0.0	0.0	0.0	0.000167325	0.00212032	2.14642e-05	0.0	5.98891e-05	0.0	0.000101683	0.0	0.0	0.0	0.0	0.0	0.0	0.0	0.0	0.0	7.81898e-05	0.0	0.0	0.0	0.0	0.0	0.0	0.0	0.0	1.71633e-05	0.0	6.34597e-05
PWY-7312: dTDP-&beta;-D-fucofuranose biosynthesis	0.0	0.0	0.000163721	0.000832467	0.0	0.000833214	5.39824e-05	0.0	0.000592546	0.000597888	0.0	0.0	0.0	0.0	0.0	0.000163818	0.0	0.0	0.0	0.000961083	0.000264841	2.88114e-05	0.0	0.0	0.000204932	0.0	0.000142878	0.0	8.69593e-05	0.0	0.000140917	0.0	0.000253645	2.69389e-05	0.0	0.0	0.0	0.0	0.0	0.0	0.0	0.00409651	0.0	0.0	0.0	0.0	3.57261e-05	0.000655793	0.0	2.40547e-05	0.0	3.78088e-05	0.0	0.0	0.0	0.000186535	0.0	0.0	0.0	0.0	0.0	0.0	0.0	0.0	0.0	0.00424403	0.000153148	0.0010479	0.0	0.00293266	0.00340038	0.0	0.000285241	0.00231237	3.11374e-05	2.0959e-05	0.000239917	0.00174053	0.000665614	0.000615584	0.0	0.0	3.03333e-05	0.0	9.6381e-05	0.000275858	0.0	0.0	0.000124421	0.0	0.0	0.00166286	0.0	0.0	3.26202e-05	0.0	3.2544e-05	0.000482116	0.000263595	0.000117915	0.0	6.84042e-05	0.0	0.0	5.52739e-05	0.000174567	0.0	0.000460959	0.0	0.0	0.0	0.000343628	0.000132503	1.44834e-05	9.36034e-05	0.0	0.0	0.000764804	0.0	0.000181121	0.0	0.000626707	0.0013073	0.0	0.0	0.00014289	0.0	0.0	0.0	0.0	0.000207056	7.64635e-05	0.0	0.00391505	0.000327824	0.0	0.00296473	0.0	9.56742e-05	0.000404575	0.0	0.0	0.000774171	0.0	0.000141624	0.0	0.000103804	0.0	0.00179695	0.0	0.0	0.0	0.0	0.00025321	0.0	0.0	0.0	7.86089e-05	0.0	0.00175932	0.000468129	0.000378791	4.76777e-05	0.0	0.000118451	0.0	6.1935e-05	5.96934e-05	0.0	0.000367455	0.000192875	0.0001427	0.0	9.09518e-05	0.0	0.000102621	0.0	0.0	0.0	0.000283002	0.0
PWY-7315: dTDP-N-acetylthomosamine biosynthesis	0.00032941	0.00124807	0.000305046	0.000426602	0.000144972	0.0014716	0.000744106	0.0	0.000179359	0.00054256	0.0015643	0.000634207	0.000221905	0.0014792	0.00124222	0.000196373	0.0	0.000367014	0.00247099	6.38472e-05	2.82885e-05	4.08596e-05	0.0	0.000245091	0.00131257	0.000663466	0.000108743	0.00169805	0.00127446	0.000223986	0.000125232	0.000119676	0.000229902	0.000403123	0.000620937	0.00235432	0.000223562	4.29074e-05	0.0051585	0.0014472	0.000501604	0.000169006	0.00117011	0.00251845	0.00349036	0.00187982	0.000568392	0.000132208	0.000393152	7.42437e-05	0.0010311	0.000476951	0.000929719	0.0	2.76372e-05	9.33378e-05	0.00137619	0.000893596	8.75882e-05	0.000525338	0.000837776	0.00171149	0.0	0.000438168	2.77217e-05	0.000179243	0.0	0.0	0.00106125	0.0	0.00071392	0.00117817	1.91069e-05	0.0	0.000789071	0.000520889	0.000104635	0.000327036	0.00016555	0.00146779	2.09315e-05	0.0	0.0	0.000318919	0.000241246	0.000240394	7.76432e-05	0.0006774	0.000244364	0.0	0.0	0.0	0.00209342	0.000666307	3.45487e-05	0.0	9.80513e-05	0.000135649	0.000153095	0.0	0.000172795	0.000241803	4.79486e-05	0.00200623	0.000311036	0.000355322	0.000201574	0.000394075	0.00027896	0.00200392	4.65713e-05	1.94703e-05	0.0	7.82516e-05	0.00050292	0.000795329	0.00164908	0.000298498	3.3789e-05	0.000745237	0.000137735	0.000846375	0.000147222	0.0	0.000392451	2.68964e-05	0.000919722	7.46425e-05	2.39103e-05	0.00154554	2.91898e-05	0.0002165	0.0	5.26496e-05	0.000152272	0.0	0.000208473	0.00113842	7.10588e-05	0.0	0.000655938	0.00408286	0.00200118	0.000368512	0.000218973	6.483e-05	0.000628253	0.000437119	0.000237321	0.000291324	0.00208202	0.0031544	3.29583e-05	0.00203363	0.0032615	0.000838178	0.000568839	0.000422244	0.00142729	0.000222145	6.18384e-05	0.00223023	0.000393001	0.0013809	0.000120531	0.000908688	0.000569723	0.00015938	0.00190756	0.000193093	0.000794504	0.00116096	0.000391116	3.65745e-05	0.00274936	0.0	0.000881384	0.00149481	5.91766e-05	0.0	0.000103587
PWY-7316: dTDP-N-acetylviosamine biosynthesis	0.0	0.0	0.000195456	0.000507795	0.0	6.74009e-05	0.0	0.0	0.0	0.0	0.000818136	0.000960333	2.49073e-05	0.0	0.000322869	0.0	0.00531875	0.0	0.000193283	8.10714e-05	0.00012332	0.0	0.0	0.000157469	0.00184151	0.0	3.86025e-05	0.0	1.31721e-05	0.0	0.0	0.000810911	0.000204438	0.000483619	0.0	0.0	0.00108672	0.0	0.0	0.000138493	0.0	2.88297e-05	0.0	0.0	0.0	1.19944e-05	3.44062e-05	0.0	0.000652847	0.0	0.0	0.0	0.0	0.000602833	0.000674042	0.000169959	0.0	4.34609e-06	0.0032872	0.0	0.00442229	0.0	0.0	0.0	3.43111e-05	0.0	4.12599e-05	0.0	0.0	0.0	0.0	0.0	0.0	0.0	6.25322e-05	0.0	2.60788e-05	0.000102656	0.0	0.0	1.52686e-05	0.00137126	0.0	1.37648e-05	0.0	0.0	0.000271683	0.0	0.000823338	0.0	0.0	0.000174959	0.0	6.97516e-05	0.0	8.13679e-05	0.0	0.0	0.0	0.0	0.0	0.0	0.00129302	5.29764e-05	0.0	0.0	0.0	0.0	7.58921e-06	0.0	0.0	9.69761e-06	0.0	0.0	0.0	0.000165008	2.83858e-05	6.68281e-05	0.0	3.03907e-05	0.0	0.000215809	0.000486602	0.0	0.0	0.0	0.000643012	0.000127638	0.0	8.12956e-05	0.000159209	7.17303e-05	0.0	0.0	0.0	0.0	0.0	0.0	0.000182731	0.0	2.84008e-05	0.0	3.08559e-05	7.94507e-06	0.0	0.0015039	0.0	8.0209e-05	0.0	2.00874e-05	0.0	0.0	3.19433e-05	4.89154e-05	0.0	0.0	0.0	0.000140102	0.0	0.000247506	0.0	0.00273651	6.55385e-05	0.0	0.000215128	0.00560354	2.3707e-05	0.000534815	0.0	2.26123e-05	0.0	0.00083482	0.000752184	0.0	0.000168395	0.0	0.0	0.0	4.28077e-05	0.0	0.000212826
PWY-7317: superpathway of dTDP-glucose-derived O-antigen building blocks biosynthesis	0.0	0.0	0.0	0.0	0.0	0.0	0.0	0.0	0.0	0.0	0.0	0.0	0.0	0.0	0.0	0.0	0.0	0.0	0.0	0.0	0.0	0.0	0.0	0.0	0.0	0.0	0.0	0.0	0.0	0.0	0.0	0.0	0.0	0.0	0.0	0.0	0.0	0.0	0.0	0.0	0.0	0.0	0.0	0.0	0.0	0.0	0.0	0.0	0.0	0.0	0.0	0.0	0.0	0.0	0.0	0.0	0.0	0.0	0.0	0.0	0.0	0.0	0.0	0.0	0.0	0.0	0.0	0.0	0.0	0.0	0.0	0.0	0.0	0.0	0.0	0.0	2.8063e-05	0.0	0.0	0.0	0.0	0.0	0.0	0.0	0.0	0.0	0.0	0.0	0.0	0.0	0.0	0.0	0.0	0.0	0.0	0.0	0.0	0.0	0.0	0.0	0.0	0.0	0.0	0.0	0.0	0.0	0.0	0.0	0.0	0.0	0.0	0.0	0.0	0.0	0.0	0.0	0.0	0.0	0.0	0.0	0.0	0.0	0.0	0.0	0.0	0.0	0.0	0.0	0.0	0.0	0.0	0.0	0.0	0.0	0.0	0.0	0.0	0.0	0.0	0.0	0.0	0.0	0.0	0.0	0.0	0.0	0.0	0.0	0.0	0.0	0.0	0.0	0.0	0.0	0.0	0.0	0.0	5.89865e-05	0.0	4.64654e-05	0.0	0.0	0.0	0.0	0.0	0.0	0.0	0.0	0.0	0.0	0.0	5.25643e-05	0.0	0.0	0.0	0.0	0.0	0.0	0.0	0.0	3.63513e-05
PWY-7323: superpathway of GDP-mannose-derived O-antigen building blocks biosynthesis	0.00198739	0.00140822	0.00143972	0.00259319	0.000435828	0.0024095	0.00261426	0.00220289	0.00141324	0.00246543	0.00209374	0.00239752	0.000534409	0.00047506	0.00277472	0.00158237	0.000241843	0.00201289	0.00206824	0.00211322	0.00290858	0.00275209	0.00182974	0.00146214	0.00272761	0.00476893	0.00217958	0.00163002	0.00169033	0.00178475	0.0015895	0.00275557	0.00250569	0.00262048	0.00317223	0.00173762	0.00167444	0.00192044	7.09251e-06	0.00156281	0.00196064	0.00148508	0.00220858	0.00183167	0.000760115	0.0023442099999999	0.00303621	0.00181143	0.00242727	0.000768702	0.00204695	0.00224533	0.0029145	0.00126765	0.00363847	0.00177461	0.000675548	0.00131468	0.00182591	0.00548138	0.00154576	0.00241995	0.000127479	0.0018801	0.00161217	0.00278643	0.00113476	0.00248262	0.00186717	0.00108344	0.0021294	0.00273069	0.00191224	0.00197214	0.00135413	0.00180304	0.00438978	0.00289499	0.000797849	0.00263022	0.00195247	0.00212734	0.00246047	0.00167901	0.0021294	0.000825827	0.000670613	0.00154579	0.00184054	0.00101671	0.000422227	0.00331102	0.0021214	0.00213512	0.00182705	0.00148291	0.00131966	0.00228865	0.000899751	0.00204005	0.000761209	0.00168884	0.00148386	0.00362026	0.0015132	0.00138327	0.00303099	0.00216067	0.00309398	0.00174582	0.00145402	0.00201301	0.0027095	0.000994522	0.000749361	0.00269298	0.00262262	0.00233969	0.00123771	0.0020119	0.00095148	0.00273538	0.00246178	0.00214527	0.0017182	0.00229376	0.00292841	0.0027005	0.00308132	0.00254401	0.00268923	0.00210826	0.00197236	0.00166276	0.00154752	0.000507825	0.00456458	0.00367394	0.00214639	0.00114053	0.00233589	0.000447591	0.00222311	0.00273988	0.00111212	0.00221021	0.00285708	0.00243774	0.00202885	0.000413722	5.7968e-06	0.000938464	0.00229751	0.00232902	0.00313431	0.00157144	0.000596051	0.00181785	0.00376855	0.00213347	0.00274593	0.00246131	0.00147508	0.000256545	0.00170358	0.00185397	0.00240192	0.00302659	0.00231299	0.00228581	0.00202499	0.00236843	0.0025102	0.00277096	0.00109214	0.0026939	0.00234948	0.000919047	0.00133703	0.00399997	0.00311329
PWY-7328: superpathway of UDP-glucose-derived O-antigen building blocks biosynthesis	0.00163008	0.0040158	0.00241213	0.00276606	0.000742722	0.00262378	0.00276828	0.000333461	0.00248214	0.00265055	0.0010672	0.00326212	0.000770713	0.00409681	0.00373856	0.00242447	0.00238957	0.00280972	0.000980429	0.00220083	0.00280809	0.00144498	0.00143887	0.0024212	0.00380336	0.0017928	0.00187422	0.00242231	0.00327905	0.00132035	0.0012705	0.00114279	0.00232764	0.00285211	0.00304546	0.00167677	0.00217006	0.00190781	5.74439e-05	0.00113674	0.00300257	0.00125771	0.00268856	4.69925e-05	0.00154743	0.00123299	0.00374071	0.00131745	0.00251913	0.00152079	0.00387545	0.00139175	0.000204748	0.00332809	0.00261647	0.00120146	0.00362802	0.005567	0.00185391	0.000981656	0.00227272	0.00269923	0.00385913	0.00383631	0.00339626	0.00131948	0.00143194	0.000246664	0.00190108	0.000425806	0.00226243	0.00210174	0.00175071	0.00102271	0.00240638	0.00271226	0.00103205	0.00159796	0.00293304	0.00269747	0.0031518	0.0014897999999999	0.00703296	0.00256004	0.00282556	0.00311265	0.00197543	0.00165009	0.00208979	0.00179437	0.000511845	0.00144749	0.00289814	0.00276348	0.00204193	0.00170984	0.00262272	0.00179062	0.00151232	0.0015034	0.00165034	0.00224055	0.00243145	0.00202711	0.0035247	0.0021692	0.00194853	0.00156789	0.00257574	0.00125206	0.00227177	0.001309	0.0011405	0.0027208	0.00170253	0.00240676	0.00188705	0.00261053	0.00194161	0.00386883	0.00146305	0.00270554	0.00149757	0.00202358	0.0018382	0.00158138	0.00364498	0.00136047	0.00152582	0.0035131	0.0030656	0.00102771	0.00173811	0.00276194	0.00151216	0.000539391	0.00259113	0.00330707	0.00176794	0.00277367	0.00193157	0.000179157	0.00237949	0.00272863	0.0020733	0.00176981	0.00265875	0.00247909	0.00190555	0.00348576	2.77259e-05	1.58784e-05	0.0021288	0.000952259	7.94585e-05	0.00213373	0.00411796	0.00178401	0.0026587	0.00161726	0.00240725	0.00279318	0.00294242	0.000680596	0.0023029	0.00152264	0.00225919	0.00214863	0.00260594	0.000917946	0.0031718	0.00244389	0.00316595	0.00256895	0.00218703	0.00226085	0.00238991	0.00170278	0.00422679	0.00170257	0.00154581
PWY-7332: superpathway of UDP-N-acetylglucosamine-derived O-antigen building blocks biosynthesis	0.0	0.0	0.00014412	0.0	0.0	0.0	0.0003268	0.0	0.0	0.0	0.0	0.0	0.0	0.0	0.0	0.0	0.0	0.0	0.0	0.0	0.0	0.0	0.0	0.0	0.0	0.0	0.0	0.0	0.0	0.0	0.0	0.0	0.0	0.0	0.0	0.0	0.0	0.0	0.0	0.0	0.0	0.0	0.0	0.0	0.0	0.0	0.0	2.05365e-05	0.0	0.0	0.0	0.0	0.0	0.0	0.000238386	0.0	0.0	0.0	0.0	0.0	0.0	0.0	0.0	0.0	0.0	0.0	0.0	0.0	0.0	0.0	0.0	0.0	0.0	0.0	0.0	0.0	0.0	0.0	0.0	0.0	0.0	0.0	0.0	0.0	0.0	0.0	0.0	0.0	0.0	0.0	0.0	0.0	0.0	0.0	0.0	0.0	0.0	0.0	0.0	0.0	0.0	0.0	0.0	0.000111241	0.0	0.0	0.0	0.0	0.0	0.0	0.0	0.0	0.0	0.0	0.0	0.0	2.83049e-05	0.0	0.0	0.0	0.0	0.0	0.0	0.0	0.0	0.0	0.0	4.67738e-05	0.0	0.0	0.0	0.0	0.0	0.0	0.0	0.0	0.0	0.0	0.0	0.0	0.0	0.0	0.0	0.0	0.0	0.000229591	0.0	0.0	0.0	0.0	0.0	0.0	0.0	0.0	0.0	0.0	0.0	0.000278875	0.0	0.0	0.0	0.00112648	5.6154e-05	0.0	0.0	0.0	0.0	0.0	0.0	0.0	0.0	0.000188081	0.0	0.0	0.0	0.0	0.000271712	0.0	0.0	0.0	0.0
PWY-7340: 9-cis, 11-trans-octadecadienoyl-CoA degradation (isomerase-dependent, yeast)	0.0	2.22679e-05	3.12096e-05	0.0	0.0	1.37605e-05	0.0	0.00210154	0.000122003	7.59699e-05	0.0	0.000102327	0.000303271	0.00120253	0.0	0.000112717	0.0	0.000360624	0.000338402	0.0	0.0	0.0	0.0	0.0	0.000144634	0.0	5.92279e-05	0.00119664	7.95627e-06	0.000497005	9.73164e-05	0.0	0.0	0.0	0.000250059	0.0	0.000100296	0.0	1.71782e-05	0.0	0.0001506	0.000131224	0.000280113	0.000253332	0.000770925	0.0	0.0	1.30763e-05	0.000121138	0.0	0.000741817	0.00260216	0.000620848	0.0	0.000233297	2.02833e-05	0.0	0.000882872	3.87344e-05	0.000866714	0.000288406	0.0	0.0	0.000459946	3.74906e-05	4.66072e-05	0.0	0.0	0.000388498	0.0	4.88292e-05	0.000532626	0.0	0.0	0.0	0.000121403	0.0	0.0	4.85632e-05	6.82205e-05	1.06133e-05	8.97935e-05	0.0	0.0	2.10185e-05	0.0	0.0	0.0	0.0	9.14774e-06	0.0	0.0	0.000183606	0.000404486	4.68493e-06	0.0	0.0	0.0	4.4948e-05	0.0	5.29607e-05	0.0	4.98214e-05	8.26604e-05	0.0	0.000236656	3.22938e-05	4.95313e-05	8.53632e-05	0.00170839	0.0	0.0	0.0	0.0	0.0	3.98555e-05	0.0	7.18637e-05	0.0	0.000281921	0.0	0.000103466	0.0	0.0	0.000153207	0.0	0.000187274	6.25303e-05	0.0	8.70282e-05	0.0	0.0	0.0	0.0	0.0	0.0	0.000175954	3.19794e-05	0.0	0.0	4.10968e-05	0.0	0.0	0.000157712	3.49854e-05	3.50569e-05	0.000290107	0.0	6.73752e-05	0.000176259	0.0	0.0	0.0	7.21698e-05	0.0	0.000992328	0.000270408	0.000310214	0.0	0.000182439	3.41637e-05	0.000127723	7.5374e-06	0.0011747	0.0	0.000149513	1.77628e-05	1.15008e-05	0.000114922	6.14135e-05	0.0	9.82846e-05	0.0	3.02488e-05	0.0	0.0	0.000250413	0.00160949	6.40427e-05	0.0	0.000131195
PWY-7345: superpathway of anaerobic sucrose degradation	0.00257516	0.00351225	0.00355428	0.00211717	0.00174308	0.00409683	0.00223657	0.00337444	0.00288345	0.00295764	0.00411344	0.0038001	0.00204966	0.00339229	0.00429652	0.00229645	0.0029552	0.00258439	0.00442157	0.00324982	0.00240395	0.00223821	0.00203338	0.00282777	0.00443204	0.00410839	0.00326856	0.00363278	0.00493064	0.00316146	0.00255558	0.00206227	0.00241388	0.00364936	0.00354774	0.00416874	0.00381058	0.00373968	0.00412063	0.00270042	0.00290947	0.00295962	0.00429176	0.00348463	0.00420799	0.00354385	0.00313451	0.00298586	0.00331314	0.00214022	0.00397733	0.00259639	0.00421771	0.00152691	0.00372622	0.00216495	0.00412472	0.0034094	0.00188631	0.00279893	0.00347182	0.00287194	0.00442607	0.00343239	0.00132991	0.00212927	0.00291217	0.00309982	0.00415334	0.000618267	0.00347565	0.00345213	0.000900345	0.00113339	0.00391106	0.00299709	0.00212274	0.00332635	0.00164185	0.00316737	0.00287951	0.0030413	0.00136536	0.00362076	0.00236161	0.00224917	0.00231682	0.00251838	0.0026935	0.00308353	0.000949995	0.00192316	0.00463113	0.00398829	0.00318473	0.00200182	0.00302019	0.00270048	0.00293434	0.00234334	0.00167883	0.00277268	0.00210347	0.00385296	0.00193123	0.00411722	0.00258962	0.00338865	0.00297269	0.00352613	0.00258611	0.00187317	0.0035406	0.00316762	0.00304615	0.00317161	0.00526787	0.00324763	0.00210744	0.00434094	0.000813283	0.00373371	0.00270711	0.00247561	0.0030748	0.00293594	0.0040803	0.0018903	0.00205966	0.00351253	0.00184371	0.00276128	0.00519611	0.00225766	0.00283493	0.00106574	0.00206587	0.00361404	0.00299544	0.000650107	0.00276406	0.00410743	0.00432146	0.00408802	0.00388454	0.00264138	0.00341742	0.00282423	0.00266429	0.00160765	0.00437942	0.00430727	0.00222721	0.00492061	0.00439508	0.00417015	0.00229116	0.00286661	0.00119008	0.00328807	0.0030656	0.00372105	0.00186943	0.00300155	0.00234317	0.00224562	0.00281751	0.00370356	0.00284194	0.00234001	0.00449189	0.00388048	0.00311625	0.00297553	0.00430339	0.00260156	0.00357029	0.00225495	0.00262611	0.00325171	0.00316807
PWY-7356: thiamine diphosphate salvage IV (yeast)	0.00155992	0.00249648	0.000176999	0.000860964	0.00166658	0.00122444	0.000702039	0.00104987	0.00186966	0.00169411	0.0	0.000414853	0.00493302	0.00476741	0.000157046	0.00235594	0.0	0.000937173	0.000665128	0.00242949	0.000322746	0.000976432	0.000506789	0.00128222	0.000117585	0.000174332	0.00262473	0.00195146	4.09711e-05	0.000586498	0.00155603	0.000371999	0.00103574	0.00098901	0.000257615	0.00272578	0.00130611	0.000249818	0.00270939	0.000482815	0.00153113	0.000405391	0.00120913	0.00115849	0.00270325	0.00012551	0.00063155	0.00145849	0.00120868	0.00169029	0.00304355	0.00139776	3.02646e-05	0.00251026	0.000446976	0.000980755	0.00131289	0.00484463	0.00111307	0.000103926	0.000107364	0.000380331	0.00280207	0.00304894	0.000898598	0.00174748	0.00183357	6.21411e-05	0.000232733	0.000167189	5.33364e-05	0.000587832	0.000774393	0.000117281	0.00146319	0.000868032	0.000328603	0.000392493	0.00142714	0.00114748	0.00130125	0.000384207	0.000778121	0.00131843	0.000307762	0.0032103	0.00105539	0.00011607	0.000837607	0.0018902	0.000557283	0.000796503	0.00127053	0.00067376	0.000357211	0.000880691	0.00071854	0.00114976	0.0021632	0.00106161	0.000269579	0.00144263	0.000543232	0.000988761	0.00168175	0.000686598	0.00146747	0.00141945	0.00149118	0.00102913	0.000515961	0.00182058	0.00156971	0.000995735	0.00106705	0.000579646	0.000371183	0.00160569	0.00157596	0.00155101	0.0016573	0.000793569	0.00085637	0.00120673	0.000551355	0.00192008	0.000298585	0.000774456	0.000737196	5.67395e-06	0.000365938	0.00122708	0.000215053	0.0	0.00132943	0.000271296	0.000622827	0.000428497	0.00119769	0.000494985	0.000885972	0.00304599	0.00129926	0.000425819	0.00148143	0.000630507	0.000613412	0.00161592	0.000702581	0.00100786	0.000397423	0.00220016	0.000514206	0.000635003	0.00116794	0.00257525	0.00364394	0.000452776	0.00117342	0.000347811	0.000268731	0.000594027	0.000481293	0.0019052	0.00103671	0.00128114	0.000910621	0.00109345	0.000507704	0.000480014	0.00192333	0.000334385	0.000891989	0.00040299	0.000730437	0.000554844	0.000415486	0.00541242	0.000678554	0.000941947	0.00026559
PWY-7357: thiamine phosphate formation from pyrithiamine and oxythiamine (yeast)	0.00675242	0.0077943	0.00498099	0.00526146	0.00186009	0.00425054	0.00538308	0.00192309	0.00491879	0.00525198	0.00206972	0.00425164	0.00532595	0.0038043	0.00323329	0.00653146	0.00544847	0.00622174	0.0026336	0.005091	0.00479546	0.00565665	0.00261034	0.00399508	0.00282281	0.00460696	0.00814484	0.00260721	0.0032412	0.00276916	0.00454608	0.00421388	0.00465117	0.00344827	0.00387312	0.00322466	0.00523511	0.00517877	0.0035554	0.00398398	0.00828897	0.00320918	0.00290157	0.00237935	0.00310536	0.00323367	0.00462801	0.00614423	0.00467722	0.00609935	0.00375684	0.00187346	0.00230579	0.00373758	0.00615755	0.00653731	0.00436121	0.00549654	0.00344728	0.00214744	0.00402659	0.0020701	0.00328449	0.00529083	0.00601865	0.00389157	0.00760909	0.00237327	0.00307917	0.00238806	0.00283752	0.00544947	0.00805744	0.00157479	0.00387484	0.00464349	0.00603147	0.00504618	0.00450605	0.00358795	0.00609022	0.00672233	0.00898456	0.00410746	0.00643665	0.00570713	0.00222609	0.00806271	0.0097245	0.006596	0.00810666	0.00399968	0.00274747	0.00456524	0.00544994	0.00591526	0.00695181	0.00571873	0.0062806	0.00496594	0.00598003	0.00738957	0.00991269	0.00465456	0.00542164	0.00440743	0.0077139	0.00570745	0.00574895	0.00313113	0.00639974	0.00681611	0.00736723	0.0066256	0.00381967	0.00460213	0.00274797	0.00507462	0.0061397	0.00449067	0.00682618	0.00572436	0.0046768	0.00519865	0.00359877	0.00647241	0.00372141	0.00592082	0.00554615	0.00332175	0.00566283	0.00539799	0.00440633	0.00222288	0.00687687	0.001718	0.00579129	0.00364696	0.00583239	0.00854741	0.00385682	0.00327538	0.0042072	0.00566882	0.00400264	0.00844741	0.00297109	0.00603988	0.00379379	0.00796295	0.00228677	0.00253123	0.00644752	0.00265931	0.00262122	0.00348953	0.003253	0.0032503	0.00626958	0.0037612	0.00441777	0.00365232	0.00568756	0.00244573	0.0060474	0.00336407	0.00597109	0.00526189	0.0048708	0.00490947	0.00388712	0.00234887	0.00544803	0.00488062	0.00219225	0.00629362	0.00419661	0.00551467	0.00609483	0.00621334	0.00579363
PWY-7371: 1,4-dihydroxy-6-naphthoate biosynthesis II	6.77246e-05	0.0	0.000316824	4.87518e-05	0.0	0.0	2.58745e-05	0.0	0.000315073	5.9132e-05	0.0	0.0	0.0	0.0	0.0	0.000479736	0.0	0.0	0.0	0.000157945	0.000401824	0.0	0.0	0.000505895	0.0	0.0	0.0	0.0	0.0	0.0	0.0001994	0.000839432	5.19927e-05	4.38659e-05	0.000138443	0.0	0.0	0.00027337	0.0	0.000481323	6.37434e-05	0.0	0.0	0.0	0.0	0.0	2.48266e-05	0.000518711	0.000155646	0.00013488	0.0	0.0	0.0	0.0	0.000918573	5.16324e-05	0.0	0.0	0.000183249	0.000212175	0.0	2.35364e-06	0.0	0.0	0.000639214	0.0	0.00022884	0.0	0.000604047	0.0	0.0	0.0	5.25944e-05	0.000578999	6.81507e-05	6.55147e-05	0.0	0.0	5.91904e-05	0.0	0.0	0.0	0.0	0.0	5.40329e-05	0.0	0.000805855	0.0	0.000123605	0.0	0.000100325	9.73382e-05	0.0	0.0	0.000306572	0.0	0.0	0.000396698	7.89872e-05	0.000700368	0.0	4.98737e-05	0.0	0.0	0.000134251	8.7295e-05	2.26636e-05	0.000777875	0.0	0.0	7.65092e-05	0.0	0.000313471	0.0	0.000219068	0.000343672	1.12361e-05	0.000269842	3.24987e-05	0.0	0.000561661	0.0	0.000342872	0.0	0.0	0.0	0.0	0.00113462	0.0	0.000966235	0.000376124	0.0	0.00124073	0.0	0.0	0.0	0.0	0.0	0.000246532	0.0	9.14988e-05	0.0	0.0	0.0	0.000126269	0.0	0.000340877	6.67494e-05	0.000303076	0.0	0.0	0.0	0.000133489	0.0	0.0	0.0	0.0	6.79425e-05	0.0	0.0	0.0	0.000604223	6.6156e-05	0.0	0.000212701	8.8143e-05	0.000562386	2.55544e-05	6.98628e-05	0.0	0.0	0.0	0.000127219	0.0	0.0	0.000139161	0.000603545	0.0	0.0	1.75848e-05	0.0
PWY-7374: 1,4-dihydroxy-6-naphthoate biosynthesis I	0.0	0.0	0.0	0.0	0.0	0.0	0.0	0.0	0.0	0.0	0.0	0.0	0.0	0.0	0.0	0.0	0.0	0.0	0.0	0.0	0.0	0.0	0.0	0.0	0.0	0.0	0.0	0.0	0.0	0.0	0.0	0.0	0.0	0.0	0.0	0.0	0.0	0.0	0.0	0.0	0.0	0.0	0.0	0.0	0.0	0.0	0.0	0.0	0.0	0.0	0.0	0.0	0.0	0.0	0.0	0.0	0.0	0.0	0.0	0.00014101	0.0	0.0	0.0	0.0	0.0	0.0	0.0	0.0	0.0	0.0	0.0	0.0	0.0	0.0	0.0	0.0	0.0	0.0	0.0	0.0	0.0	0.0	0.0	0.0	0.0	0.0	0.000193365	0.0	0.0	0.0	0.0	0.0	0.0	0.0	0.0	0.0	0.0	0.0	0.0	0.0	0.0	0.0	0.0	0.0	0.0	0.0	0.0	0.0	0.0	0.0	0.0	0.0	0.0	0.0	0.0	0.0	0.0	0.0	0.0	0.0	0.0	0.0	0.0	0.0	0.0	0.0	0.0	0.0	0.0	0.0	0.0	0.0	0.0	0.0	0.0	0.0	0.0	0.0	0.0	0.0	0.0	0.0	0.0	0.0	0.0	0.0	0.0	0.0	0.0	0.0	0.0	0.0	0.0	0.0	0.0	0.0	0.0	0.0	0.0	0.0	0.0	0.0	2.27429e-05	0.0	0.0	0.0	0.0	0.0	0.0	0.0	0.0	0.0	0.0	0.0	0.0	0.0	0.000105428	0.0	0.0	0.0	0.0
PWY-7383: anaerobic energy metabolism (invertebrates, cytosol)	0.00533945	0.000488666	0.000435497	0.000223794	0.0	0.00124138	0.00279785	4.37743e-05	0.00421516	0.00287412	0.0	0.000834107	0.000119373	0.0	0.000456477	0.00182373	0.0	0.00160879	0.0	0.00263271	0.00133143	0.00245526	0.00213876	0.00203978	0.000702921	0.0	0.00237774	8.99231e-05	6.70444e-06	0.00346237	0.00143239	0.00214627	0.00308927	0.000323191	0.00144786	0.0	0.00404404	0.00410411	0.0	0.00397148	0.00259092	0.00131186	0.00059216	0.000283928	0.00101485	0.000130662	0.000472283	0.00226204	0.000872455	0.00128116	0.000548505	0.000709329	0.000564762	0.00203531	0.000441314	0.000681787	0.000510072	6.4472e-05	0.00228794	0.00184248	0.00017103	0.000726485	0.00327301	0.00146875	0.00212969	0.00113715	0.00259627	0.000279872	0.00210194	0.000320399	0.0	0.00091953	0.001296	0.00165862	0.00138793	0.00231771	0.00042035	0.00197625	0.00333727	0.00128559	0.00187649	0.00104014	0.00121159	0.0034143	0.00290447	0.00263566	0.00576077	6.70738e-05	0.000569256	0.00377861	0.00157282	0.000289141	0.00172669	0.000635784	0.00429051	0.000458828	0.00107107	0.000646446	0.00285838	0.0028094	0.00129466	0.000840519	0.000604546	0.00238559	0.00375043	0.00101832	0.0016917	0.00162676	0.00241496	0.0044374	0.000276206	0.000438117	0.00372493	0.0014942	0.00327517	0.00347628	0.000888942	0.00239978	0.00201098	0.000553361	0.00347753	0.00177959	0.00165377	0.000760536	0.00438921	0.00118573	0.000559339	0.00221931	0.00151662	0.000220289	0.0015653	0.00197894	0.000776077	7.00148e-05	0.000990373	0.00136614	0.00052065	0.000143725	0.00254693	0.000150843	0.00308776	0.000208522	0.000733558	0.00102651	0.0030632	0.0012675	0.00142313	0.00291313	0.00330004	0.0030278	0.0	2.87564e-05	0.00144253	0.00110652	0.0	0.0012682	5.74422e-05	0.00207527	0.00110357	0.000751075	0.0	0.000188268	0.00250061	0.00265598	0.00139638	0.000325477	0.00187494	0.000355917	0.000669701	0.000230727	0.00127831	0.0	0.00433126	0.000238216	0.0	0.00098445	0.00146328	0.000222264	0.00226691	0.00053441	0.00360086
PWY-7384: anaerobic energy metabolism (invertebrates, mitochondrial)	0.0	0.0	0.0	1.43004e-05	0.0	0.0	3.24812e-05	0.0	0.0	4.82304e-05	0.000298855	4.34786e-05	0.0	0.0	0.0	1.90793e-05	0.0	1.30616e-05	0.0	0.0	0.0	0.0	0.0	1.81088e-05	0.000143259	0.0	7.91587e-06	0.0	0.000162909	4.49222e-05	6.39331e-05	0.0	0.0	2.85449e-05	3.99572e-05	0.0	0.0	0.0	0.0	0.000389121	0.0	0.0	0.000115784	0.0	0.0	0.0	0.000146821	0.0	0.0	0.0	0.000202828	0.0	0.000428248	0.0	0.0	0.0	0.0	0.0	1.72803e-05	0.0	0.0	2.30789e-05	0.0	0.000156249	0.0	0.0	0.0	0.0	7.29881e-05	0.0	0.0	0.0	0.0	0.0	0.0	1.82204e-05	0.0	0.0	0.0	0.0	4.86456e-06	0.0	0.0	0.0	1.7195e-05	0.0	0.0	3.00111e-05	0.0	0.0	0.0	0.0	9.63956e-05	0.0	0.0	0.0	0.0	0.0	0.0	0.0	0.0	1.51663e-05	0.0	1.36738e-05	0.0	5.60698e-05	4.42613e-06	6.21162e-05	0.0	0.0	0.0	0.0	0.0	0.0	0.0	0.0	0.000327549	1.84021e-05	0.0	5.06869e-05	0.0	2.3731e-05	0.0	0.0	0.000106803	0.0	0.0	0.0	0.0	9.23803e-05	0.0	0.0	0.0	0.0	7.56867e-06	0.0	2.60112e-05	1.06157e-05	0.0	0.0	0.000124671	0.000239924	0.0	1.00727e-05	1.97402e-05	8.88144e-06	0.000111284	0.0	1.68313e-05	0.0	0.0	0.0	0.0	0.000165043	0.0	0.0	0.0	0.0	0.0	0.0	1.84592e-05	4.95973e-05	1.56002e-05	0.0	0.0	0.0	0.0	4.61843e-05	7.82839e-05	0.0	0.000167951	0.0	1.48259e-05	0.0	9.05592e-05	0.0	6.13958e-05	3.50396e-05	0.0	0.0	0.0
PWY-7385: 1,3-propanediol biosynthesis (engineered)	5.58618e-05	0.000130449	5.76417e-05	0.000687095	0.0	0.000120466	0.000176347	0.0	0.0	0.000340031	0.000325144	0.000386417	6.49086e-05	0.000637713	0.0	0.000286644	0.0	0.000423358	0.000816187	5.09367e-05	0.0	1.47032e-05	0.0	7.63331e-05	0.00134557	0.000165483	0.000145186	0.0	0.000493502	0.000677855	7.04497e-05	0.0	9.19007e-05	0.000507626	0.000449366	0.0	0.000105997	0.0	0.0	0.000715665	0.0	0.000242924	0.000744598	0.0001156	0.0	0.000362115	0.00177559	0.0	0.000145363	0.0	0.000894532	1.68048e-05	0.000797715	0.0	0.0	0.0	0.0	1.87845e-05	0.000244465	0.0	8.64655e-05	2.82632e-05	0.0	0.000716668	0.0	3.99755e-05	0.0	0.0	0.000492847	9.93342e-06	0.000164994	8.30352e-05	0.0	0.0	0.000782629	6.02122e-05	0.0	0.0	0.00013988	5.36123e-05	4.06449e-05	0.000308329	0.0	0.0	4.81281e-05	0.0	0.0	0.00060559	0.0	3.12166e-05	0.0	4.4665e-05	0.000458683	0.000340688	7.27357e-06	1.35049e-05	0.0	0.0	3.96356e-05	0.0	5.28099e-05	0.000146473	0.000132788	0.000523455	0.0	0.00011689	6.5606e-06	3.83958e-05	0.000577271	0.00174126	0.0	0.0	0.0	0.0	3.86706e-05	0.000217215	1.33175e-05	0.000180783	0.0	0.000374984	6.6105e-05	0.000336386	0.000107003	0.0	0.000467803	0.0	0.000858401	0.000165969	2.10867e-05	0.000643099	0.0	0.0	0.0	0.0	4.97017e-05	0.0	0.000907569	0.000574598	2.06166e-05	0.0	8.8501e-05	0.0	6.85664e-05	4.21885e-05	0.000172296	0.000238729	0.00100074	0.0	0.000292312	0.000124091	0.00179386	0.000577253	0.0	0.000382154	0.00097837	0.0012312	0.00029293	0.000121951	0.0	0.000342674	2.76501e-05	0.00122869	0.000345973	0.000243561	0.0	0.000670294	0.000106418	0.000246665	0.000824375	7.82142e-05	0.000995497	0.000843983	0.000131637	0.0	0.000385042	7.42815e-05	0.000528663	0.0	0.000120803	0.0	8.80833e-05
PWY-7388: octanoyl-[acyl-carrier protein] biosynthesis (mitochondria, yeast)	0.0	5.48126e-05	0.0	0.000182039	0.0	0.0	0.0	0.0	8.16477e-05	0.0	0.0	0.0	0.0	0.0015016	0.000193386	0.0	0.0	9.09282e-06	0.000871477	0.0	0.0	0.0	0.0	0.00015197	0.0	0.000280784	0.0	0.000141896	0.00045698	0.0	0.0	0.0	0.0	0.0	2.02325e-05	0.0	0.0	0.0	7.73844e-06	4.49963e-05	0.000175827	0.0	0.000940817	0.000373641	0.0	0.0	0.0	0.0	0.0	0.0	0.000269826	0.0	0.0	0.0	0.0	0.0	0.00104084	1.16597e-05	0.0	0.000115911	2.05456e-05	0.0	0.00357787	1.46737e-05	0.0	0.0	0.0	0.0	0.000403572	0.0	0.0	0.0	0.0	0.0	0.000596643	0.000361888	0.0	0.0	0.0	0.0	2.70284e-05	0.0	0.0	0.0	0.0	0.0	0.0	0.000337905	0.0	0.0	0.0	0.0	0.0	2.89168e-05	0.0	0.0	0.0	0.0	0.0	0.0	0.0	9.28477e-05	0.0	0.0	0.0	0.00021471	6.50758e-05	0.0	0.0	0.0	0.0	0.0	0.0	0.0	0.0	0.0	0.000591426	0.0	4.78278e-05	0.00014928	0.0	0.000263474	0.0	0.0	0.0	0.0	0.0	0.0	0.0	1.63006e-05	0.0	0.0	0.0	0.0	0.0	0.0	0.0	0.0	0.0	0.0	0.0	3.41896e-06	0.0	4.60261e-05	0.0	4.18915e-05	7.61486e-05	0.0	0.000137741	0.000745472	0.000526762	6.44022e-05	0.0	9.66584e-05	0.000748419	8.61904e-05	0.000469412	4.25599e-05	0.0	9.11792e-06	0.000250111	0.000248914	0.0	0.0	0.0	0.00135723	0.0	0.0	0.0	0.0	0.000407631	0.0	0.0	0.0	0.0	0.000193185	0.000477351	3.50073e-05	3.88843e-05	0.0	4.69964e-05
PWY-7389: superpathway of anaerobic energy metabolism (invertebrates)	0.0	0.0	0.0	2.23457e-05	0.0	0.0	5.05815e-05	0.0	0.0	7.6618e-05	0.0	6.84236e-05	0.0	0.0	0.0	3.08024e-05	0.0	2.09807e-05	0.0	0.0	0.0	0.0	0.0	2.9059e-05	0.000206494	0.0	1.25398e-05	0.0	8.56451e-06	7.11876e-05	9.70032e-05	0.0	0.0	4.39589e-05	6.35433e-05	0.0	0.0	0.0	0.0	0.000586809	0.0	0.0	0.00016766	0.0	0.0	0.0	0.00019977	0.0	0.0	0.0	0.000267721	0.0	0.000472143	0.0	0.0	0.0	0.0	0.0	2.73201e-05	0.0	0.0	3.67731e-05	0.0	0.000230157	0.0	0.0	0.0	0.0	0.000113185	0.0	0.0	0.0	0.0	0.0	0.0	2.93741e-05	0.0	0.0	0.0	0.0	7.86999e-06	0.0	0.0	0.0	2.73503e-05	0.0	0.0	3.81106e-05	0.0	0.0	0.0	0.0	0.000151362	0.0	0.0	0.0	0.0	0.0	0.0	0.0	0.0	2.43123e-05	0.0	2.20205e-05	0.0	8.60106e-05	7.16266e-06	9.67329e-05	0.0	0.0	0.0	0.0	0.0	0.0	0.0	0.0	0.000432634	2.9758e-05	0.0	7.79062e-05	0.0	3.81137e-05	0.0	0.0	0.00016132	0.0	0.0	0.0	0.0	0.000118943	0.0	0.0	0.0	0.0	1.22406e-05	0.0	4.09883e-05	1.64894e-05	0.0	0.0	0.000191629	0.000191014	0.0	1.62615e-05	3.14447e-05	1.42604e-05	0.000171521	0.0	2.67601e-05	0.0	0.0	0.0	0.0	0.000245325	0.0	0.0	0.0	0.0	0.0	0.0	0.0	6.92016e-05	2.51747e-05	0.0	0.0	0.0	0.0	6.94195e-05	0.000115357	0.0	0.00025221	0.0	2.40167e-05	0.0	0.0	0.0	9.69207e-05	5.18323e-05	0.0	0.0	0.0
PWY-7391: isoprene biosynthesis II (engineered)	0.0	0.0	0.0	0.0	0.0007428	0.0	0.0	0.000702348	0.0	0.0	0.0	0.0	0.00138665	0.00143087	0.0	0.0	0.0	0.0	0.00013794	0.0	0.0	0.0	0.0	0.0	0.0	0.0	0.0	0.00113505	0.0	0.0	0.0	0.0	0.0	0.0	0.0	0.0	0.0	0.0	9.71531e-06	0.0	0.0	0.0	0.0	5.09183e-05	0.0	0.0	0.0	0.0	0.0	0.0	0.000906207	0.0	0.0	0.0	0.0	0.0	0.0	0.00208904	0.0	0.0	0.0	0.0	0.000584571	0.0	0.0	0.0	0.0	0.0	0.0	0.0	0.0	0.0	0.0	0.0	0.0	0.0	0.0	0.0	0.0	0.0	0.0	0.0	0.0	0.0	0.0	0.0	0.0	0.0	0.0	0.0	0.0	0.0	0.000111958	0.0	0.0	0.0	0.0	0.0	0.0	0.0	0.0	0.0	0.0	0.0	0.0	0.0	0.0	0.0	0.0	0.0	0.0	0.0	0.0	0.0	0.0	0.0	0.0	4.34432e-05	0.0	0.0	0.0	0.0	0.0	0.0	0.0	0.0	0.0	0.0	0.0	0.0	0.0	0.0	0.0	0.0	0.0	0.0	0.0	0.0	0.0	0.0	0.0	0.0	0.0	0.000128781	8.99187e-05	0.0	0.0	0.0	0.0	0.0	0.0	8.34872e-06	0.0	0.0	0.0	0.000501071	0.000416918	0.0	0.0	0.0	0.0	0.0	0.0	0.0011338	0.0	0.0	0.0	0.0	0.0	0.0	0.0	0.0	0.0	0.0	0.0	0.0	0.0	0.00301454	0.0	0.0	0.0
PWY-7392: taxadiene biosynthesis (engineered)	0.00180674	0.000714846	0.00390024	0.00303297	0.000274884	0.00200636	0.00183802	0.0021421499999999	0.000811037	0.00191474	0.000287165	0.00226692	0.000316036	0.0009408	0.00398757	0.00274309	0.0	0.00248819	0.0	0.00136911	0.00249193	0.00252933	0.00125535	0.00175319	0.00213129	0.00397376	0.00118855	0.000622925	0.00200558	0.00180973	0.00139246	0.00159983	0.00188691	0.00418514	0.00337185	0.0	0.00366538	0.00173257	8.90096e-05	0.000783843	0.000815182	0.00376692	0.00379423	0.000585231	0.00146932	0.00520104	0.00368196	0.00132605	0.00259828	0.000702258	0.00237379	0.00222265	0.00048767	0.0033954	0.00263168	0.00137748	0.000817802	0.00088346	0.00293343	0.00182133	0.00565715	5.32974e-05	0.00374173	0.00189536	0.000611359	0.00242976	0.000917018	0.00142197	0.00272417	0.00395189	0.003893	0.00237228	0.00130286	0.00235923	0.000485794	0.000787885	0.00386857	0.00345704	0.000580699	0.00125506	0.00238264	0.00516601	0.0	0.00231231	0.00106609	0.000542056	0.000412832	0.000510261	0.00274052	0.00102657	0.000471317	0.00242157	0.000987712	0.00393728	0.00157457	0.00132242	0.00241033	0.00210419	0.000381561	0.0019177	0.000240158	0.00208011	7.67162e-05	0.00310581	0.000885814	0.00420368	0.0028048	0.000478927	0.00252511	0.000261897	0.00146016	0.0052454	0.00116726	0.00194982	0.000406521	0.00232233	0.0008441189999999	0.00240446	0.0	0.00139528	0.000486562	0.00212694	0.00240797	0.00243064	0.000385906	0.00200626	0.00370234	0.000587704	0.000677656	0.00362016	0.00285888	0.00148021	0.00362618	0.00258457	0.00133697	9.21688e-05	0.00261725	0.00391281	0.000669334	0.000263432	0.00217928	5.03954e-05	0.00195397	0.00306567	0.000953212	0.0032361	0.0021984	0.000891204	0.00218772	0.000898729	0.000164397	8.09408e-05	0.00214545	0.000394323	0.000530126	0.000413152	0.000205409	0.00160025	0.00227761	0.00354953	0.00431638	0.00168808	0.000734864	0.000241135	0.00149193	0.00098031	0.00136021	0.00342106	0.00203029	0.00343331	0.00216504	0.00248947	0.00279707	0.00238233	0.00176347	0.00248948	0.00241426	8.62004e-05	4.13691e-05	0.00370345	0.00331482
PWY-7396: butanol and isobutanol biosynthesis (engineered)	0.0	0.0	0.0	0.0	0.0	0.0	0.0	0.0	0.0	0.0	0.0	0.0	0.0	0.000359643	0.0	0.0	0.0	0.0	0.0	0.0	0.0	0.0	0.0	0.0	0.0	0.0	5.92346e-05	0.0	0.0	0.0	0.0	0.0	0.0	0.0	0.0	0.0	0.0	0.0	0.00323119	0.0	0.0	0.0	0.000265453	1.66567e-05	0.0	0.0	0.0	0.0	0.0	0.0	0.000178351	0.0	0.0	0.0	0.0	0.0	0.0	0.0	0.0	0.0	0.0	0.0	0.00116617	1.16546e-05	0.0	0.0	0.0	0.0	0.0	0.0	0.0	0.0	0.0	0.0	0.0001576	0.0	0.0	0.0	0.0	0.0	0.0	0.0	0.0	0.0	0.0	0.0	0.0	0.0	0.0	0.0	0.0	0.0	0.0	0.0	0.0	0.0	0.0	0.0	0.0	0.0	0.0	0.0	0.0	0.0	0.0	8.49105e-05	0.0	0.0	0.0	0.0	0.0	0.0	0.0	0.0	0.0	0.0	0.0	0.0	0.0	0.0	0.0	0.0	0.0	0.0	0.0	0.0	0.0	0.0	0.0	0.0	0.0	0.0	0.0	0.0	6.48172e-05	0.0	0.0	0.0	0.0	0.0	0.0	0.00305268	0.0	0.0	0.0	0.0	0.0	0.0	0.0	6.30746e-05	0.000246096	0.00228309	0.0	3.75432e-05	0.0	0.0	0.0	0.0	0.0	7.59138e-06	0.0	0.0	0.0	0.0	0.0	0.0	0.0	0.0	0.0	0.0	0.000299929	0.0	0.0	0.0	0.0	0.0	2.76789e-05	0.0	0.0	0.0	0.0
PWY-7399: methylphosphonate degradation II	0.0	0.0	0.0	0.0	0.0	0.0	0.0	0.0	0.0	0.0	0.0	1.59289e-05	0.0	0.0	0.0	0.0	0.0	0.0	0.0	0.0	0.0	0.0	0.0	0.0	2.31444e-05	0.0	0.0	0.0	0.0	0.0	0.0	0.0	0.0	0.0	0.0	0.0	5.58521e-05	0.0	0.0	0.0	0.0	4.59605e-06	0.0	0.0	0.0	0.0	0.0	0.0	2.03208e-05	0.0	0.0	0.000245617	0.0	0.0	0.0	0.0	0.0	0.0	0.0	0.0	0.0	4.69133e-06	0.0	0.0	0.0	0.0	0.0	0.0	0.0	0.0	0.0	0.0	0.0	0.0	0.0	0.0	0.0	0.0	0.0	0.0	0.0	0.0	0.0	0.0	0.0	0.0	0.0	0.0	0.0	0.0	0.0	0.0	0.0	1.54631e-05	0.0	0.0	0.0	0.0	0.0	0.0	0.0	0.0	0.0	0.0	0.0	4.31048e-05	0.0	0.0	1.12189e-05	0.0	0.0	0.0	0.0	0.0	0.0	0.0	0.0	2.22615e-05	0.0	0.0	0.0	9.06848e-06	0.0	0.0	7.84459e-05	0.0	8.52882e-06	0.0	0.0	0.0	0.0	0.0	0.0	0.0	0.0	0.0	2.57869e-05	0.0	0.0	0.0	0.0	0.0	0.0	0.0	0.0	0.0	3.87799e-05	0.0	0.0	0.000148178	0.0	0.0	0.0	0.0	0.0	0.0	0.0	0.0	0.0	1.63726e-05	0.0	0.0	1.16413e-05	0.0	0.0	0.0	0.0	1.33023e-05	0.0	0.0	0.0	0.0	0.0	0.0	0.0	0.0	2.41404e-05	0.0	0.0	0.0	1.76235e-05
PWY-7400: L-arginine biosynthesis IV (archaebacteria)	0.00444054	0.00660867	0.00472945	0.00628353	0.0060792	0.00624083	0.00728827	0.00364935	0.00619192	0.00608474	0.00356766	0.0056645	0.00463782	0.00290098	0.00464372	0.00623504	0.000839518	0.00729336	0.00427686	0.00578408	0.00542547	0.00711661	0.0106355	0.00508098	0.00489285	0.00541796	0.0070682	0.00337419	0.00433574	0.0079089	0.00435487	0.00725392	0.00538134	0.00391483	0.0054066	0.00458452	0.00467591	0.00714855	0.00456914	0.0071988	0.00571059	0.0026417	0.00532774	0.00431785	0.00448231	0.00327924	0.00684034	0.00783954	0.00558458	0.00865973	0.00419386	0.00504047	0.00427113	0.00414383	0.00486702	0.00614855	0.00513328	0.00466357	0.00597452	0.0028729	0.00367114	0.00526349	0.00345363	0.00654314	0.00456196	0.00444644	0.00900383	0.00611509	0.00456078	0.00184896	0.00285564	0.00655532	0.00701109	0.00552021	0.00504526	0.00656637	0.00583689	0.00642918	0.00572276	0.00639651	0.00612652	0.00195799	0.00197086	0.00575778	0.00737199	0.00482613	0.00703392	0.00373226	0.00478636	0.00884209	0.00288057	0.00463961	0.00442494	0.00509603	0.00703492	0.00452418	0.00840173	0.00693076	0.0057866	0.00575927	0.0068341	0.00739298	0.00406511	0.00664326	0.00702206	0.00397124	0.00466644	0.00784543	0.00752245	0.00632841	0.00344877	0.00349925	0.00813628	0.0082273	0.00775315	0.00740584	0.00484868	0.00603755	0.00264806	0.0073524	0.0047189	0.00614399	0.00602923	0.00640223	0.00774987	0.00726791	0.00511715	0.00849908	0.00633473	0.00460358	0.00522564	0.00614266	0.00449686	0.00226552	0.00406587	0.00232436	0.0045224	0.004734	0.00591953	0.00221667	0.00531223	0.00433263	0.005856	0.0029152	0.00727548	0.00493778	0.00493303	0.00558194	0.00704111	0.00545578	0.00403312	0.00383338	0.00802748	0.00474726	0.00438148	0.00482644	0.00510003	0.00685362	0.0069074	0.00408696	0.00430342	0.0044728	0.00696872	0.00260297	0.00469989	0.00382415	0.00707855	0.00651787	0.00514827	0.00482885	0.00506845	0.00462542	0.00610441	0.003251	0.00411019	0.00600893	0.00499398	0.00282047	0.00384898	0.00512057	0.00559258
PWY-7409: phospholipid remodeling (phosphatidylethanolamine, yeast)	0.0	5.29647e-06	1.50763e-05	3.6977e-05	0.0	2.7652e-05	5.33259e-05	0.0	5.02357e-05	0.0	0.00163573	0.000486106	0.000173038	6.00703e-05	0.0	5.00173e-05	0.0	0.000201599	0.000119058	0.0	0.0	0.0	0.0	9.19063e-06	5.26248e-05	0.0	0.0	0.000272817	2.22053e-06	2.11865e-05	6.52193e-05	0.0	0.0	0.0	0.00021615	0.000998494	0.000110027	0.0	4.76788e-05	0.00102712	0.0	8.94765e-05	5.57851e-05	0.000252642	0.0	0.000114901	0.000169716	0.0	0.000156466	0.0	0.000314819	0.000106771	0.000461422	0.0	0.0	0.0	0.0	0.000141898	0.0	0.000111472	0.0	0.00143338	0.0	0.00017068	0.0	5.70041e-05	0.0	0.0	0.000238934	0.0	0.000299005	0.0	0.0	0.0	0.000340575	6.79412e-05	0.0	0.0	2.99939e-05	0.000627977	0.0	0.0	0.0	0.0	0.0	0.0	0.0	0.000106322	0.0	0.0	0.0	0.0	0.000235844	0.000648912	0.0	0.0	0.0	0.0	4.10508e-05	0.0	7.06717e-05	7.05988e-06	6.49992e-05	2.06542e-05	0.0	3.01037e-05	9.26238e-06	0.0	7.68241e-05	0.000983986	0.0	0.0	0.0	0.0	0.0	6.16942e-05	0.000430662	2.91397e-05	0.0	4.42595e-05	0.0	5.2675e-05	0.0	0.0	0.000179637	0.0	0.000389577	0.0	0.0	0.001232	0.0	0.0	0.0	0.0	9.8777e-05	0.0	6.51099e-05	0.000674023	0.0	0.0	0.000313355	0.000443874	0.0	0.0	7.97745e-05	2.40873e-05	0.00025884	0.0	2.69563e-05	5.20042e-05	0.00043402	0.00112393	0.0	0.000702697	0.000167265	0.000169608	6.77574e-05	0.000115402	0.0	0.000144798	0.0	0.0	3.01405e-05	0.000130943	0.0	0.000317698	6.54715e-05	6.2289e-05	0.0	5.30024e-05	7.21995e-05	0.00085847	0.0	0.0	0.000143165	0.0	8.75826e-05	9.28334e-05	2.95062e-05	0.0	6.8816e-05
PWY-7413: dTDP-6-deoxy-&alpha;-D-allose biosynthesis	0.0	0.0	0.0	0.0	0.0	0.0	0.0	0.0	0.0	0.0	0.0	0.0	0.0	0.0	0.0	0.0	0.0	0.0	0.0	0.0	0.0	0.0	0.0	0.0	0.0	0.0	0.0	0.0	0.0	0.0	0.0	0.0	0.0	0.0	0.0	0.0	0.0	0.0	0.0	0.0	0.0	0.0	0.0	0.0	0.0	0.0	0.0	0.0	0.0	0.0	0.0	0.0	0.0	0.0	0.0	0.0	0.0	0.0	0.0	0.0	0.0	0.0	0.0	0.0	0.0	0.0	0.0	0.0	0.0	0.0	0.0	0.0	0.0	0.0	0.0	0.0	0.0	0.0	0.0	0.0	0.0	0.0	0.0	0.0	0.0	0.0	0.0	0.0	0.0	0.0	0.0	0.0	0.0	0.0	0.0	0.0	0.0	0.0	0.0	0.0	0.0	0.0	0.0	0.0	0.0	0.0	0.0	0.0	0.0	0.0	0.0	0.0	0.0	0.0	0.0	0.0	0.0	2.84154e-05	0.0	0.0	0.0	0.0	0.0	0.0	0.0	0.0	0.0	0.0	0.0	0.0	0.0	0.0	0.0	0.0	0.0	0.0	0.0	0.0	0.0	0.0	0.0	0.0	0.0	0.0	0.0	0.0	0.0	0.0	0.0	0.0	0.0	0.0	0.0	0.0	0.0	0.0	0.0	0.0	0.0	0.0	0.0	0.0	0.0	0.0	0.0	0.0	0.0	0.0	0.0	0.0	0.0	0.0	0.0	0.0	0.0	0.0	0.0	0.0	0.0	0.0	0.0
PWY-7431: aromatic biogenic amine degradation (bacteria)	0.0	0.0	0.0	0.0	0.0	0.0	0.0	0.0	0.0	0.0	0.0	0.0	0.0	0.0	0.0	0.0	0.0	0.0	0.0	0.0	0.0	0.0	0.0	0.0	0.0	0.0	0.0	0.0	0.0	0.0	0.0	0.0	0.0	0.0	0.0	0.0	0.0	0.0	0.0	0.0	0.0	0.0	0.0	0.0	0.0	0.0	0.0	0.0	0.0	0.0	0.0	0.0	0.0	0.0	0.0	0.0	0.0	0.0	0.0	0.0	0.0	0.0	0.0	1.45642e-06	0.0	0.0	0.0	0.0	0.0	0.0	0.0	0.0	0.0	0.0	0.0	0.0	0.0	0.0	0.0	0.0	0.0	0.0	0.0	0.0	0.0	0.0	0.0	0.0	0.0	0.0	0.0	0.0	0.0	0.0	0.0	0.0	0.0	0.0	0.0	0.0	0.0	0.0	0.0	0.0	0.0	6.66518e-06	1.91712e-06	0.0	0.0	0.0	0.0	0.0	0.0	0.0	0.0	0.0	0.0	0.0	0.0	0.0	0.0	0.0	0.0	0.0	0.0	0.0	0.0	0.0	0.0	0.0	0.0	0.0	0.0	0.0	0.0	0.0	0.0	0.0	0.0	0.0	0.0	0.0	0.0	0.0	0.0	0.0	0.0	0.0	0.0	0.0	0.0	3.42038e-05	0.0	0.0	0.0	0.0	0.0	0.0	0.0	0.0	0.0	0.0	0.0	0.0	0.0	0.0	0.0	0.0	0.0	0.0	0.0	0.0	0.0	0.0	0.0	0.0	0.0	0.0	0.0	0.0	0.0
PWY-7434: terminal O-glycans residues modification (via type 2 precursor disaccharide)	0.000175486	0.0	0.000542006	5.50018e-05	1.44983e-05	5.31695e-05	0.0	2.8301e-05	0.0	0.0	0.0	1.50796e-05	0.0	4.23466e-06	0.0	0.0	0.0	0.0	0.0	0.0	0.0	2.48371e-05	0.0	0.0	0.0	0.0	0.0	0.0	6.18182e-07	0.0	0.0	8.5279e-05	0.0	0.0	0.000125227	0.0	0.0	0.0	0.0	0.0	0.000191763	0.0	0.0	0.0	3.42153e-05	0.0	4.8104e-05	0.0	0.0	0.0	4.4168e-05	0.0	0.0	0.0	0.0	0.0	6.07277e-06	0.0	0.0	0.0	0.0	0.0	0.000312358	0.00170858	0.0	8.90552e-05	0.0	0.0	0.0	5.71115e-05	0.0	0.0	0.0	2.426e-05	2.09184e-05	0.0	0.0	0.000268638	0.0	3.62887e-05	0.0	0.0	0.0	0.0	0.000272357	0.0	0.0	0.000122418	0.0	5.49009e-05	0.000260107	2.72034e-05	2.72375e-05	0.0	0.0	5.05931e-05	4.38821e-06	0.000169058	0.0	0.0	0.0	0.0	0.0	2.78234e-05	0.0	0.000952079	8.9678e-06	3.47356e-05	3.65412e-05	0.0	0.000350262	2.20369e-05	6.07392e-05	0.0	0.0	0.0	1.24781e-05	7.27204e-05	0.000178528	5.58534e-05	0.0	0.0	4.96837e-05	0.0	0.000270384	2.72771e-05	0.0	0.0	0.0	0.0	0.0	0.0	0.00314426	3.91229e-05	1.56726e-05	0.0	0.0	2.22103e-05	0.0	0.0	3.60834e-05	0.0	3.54559e-05	0.0	0.0	0.00344689	0.0	2.69897e-05	0.0	3.87352e-05	8.41714e-07	6.93144e-06	0.000660037	0.0	0.0	0.0	0.0	2.27106e-05	0.0	2.46657e-05	0.000165136	0.0	0.0	9.60663e-06	3.12841e-05	0.0	0.0	0.0	0.0	0.00025827	0.0	0.0	0.0	1.80652e-05	0.0	0.0	0.0	0.0	0.0	0.0	2.25203e-05
PWY-7446: sulfoquinovose degradation I	0.0	2.07073e-05	1.10719e-05	8.44185e-05	5.01829e-05	0.0	0.000114015	0.0	0.0	7.67837e-05	0.000806888	0.000153747	0.0	9.51217e-05	0.000178201	6.77304e-05	0.0	1.34159e-05	0.00107254	0.0	0.0	0.0	0.0	0.000107796	0.000659969	0.000257444	1.46406e-05	0.000785649	0.000697413	0.000115704	2.79796e-05	0.0	0.0	0.000135713	0.000109115	0.0	9.42757e-05	0.0	1.11965e-06	0.000386492	0.000127664	0.0	0.0	0.000551621	0.0	1.74737e-05	0.000258739	0.0	0.000120562	0.0	0.000260656	0.000130756	0.000590948	0.0	0.0	3.32471e-05	0.00018371	0.000156708	4.16372e-05	0.000160683	0.000252271	0.00139057	0.0	6.56822e-05	0.0	3.21629e-05	0.0	0.0	0.000385869	0.0	0.0	0.000511167	0.0	0.0	0.0	7.63363e-05	0.0	0.0	0.0	0.0	0.0	0.0	0.0	0.0	3.43539e-05	0.0	0.0	6.35586e-05	0.0	0.0	0.0	0.0	0.00047835	6.76127e-05	0.0	0.0	0.0	0.0	0.0	0.0	0.0	4.11036e-05	0.0	2.44338e-05	0.0	3.3013e-05	0.0	0.000140419	1.58584e-05	0.0	0.0	0.0	0.0	0.0	0.000291499	0.000159768	0.000420985	2.56818e-05	1.72751e-05	0.000288903	0.0	9.46672e-05	0.0	0.0	0.000172261	0.0	0.000207556	0.0	0.0	0.000591072	0.0	0.0	0.0	0.0	0.0	0.0	8.91313e-05	5.37632e-05	0.0	0.0	0.000227207	0.000158335	0.0	0.000146316	2.27389e-05	3.04309e-05	0.000162606	0.0	4.79283e-05	2.73769e-05	0.00104005	0.0005087409999999	0.0	0.000587293	0.00237095	0.000374075	0.000183819	2.74755e-05	0.0	8.88795e-06	0.0	0.0	2.00108e-05	3.75155e-05	0.0	0.000170062	0.0	2.00978e-05	7.87595e-05	1.91167e-05	0.0	0.000204448	4.70035e-05	0.0	0.00025705	0.0	0.000131909	0.000211629	0.0	0.0	7.39753e-06
PWY-7456: &beta;-(1,4)-mannan degradation	0.00131288	0.00128052	0.00115324	0.00205361	0.000107192	0.00147251	0.00203081	0.0	0.00155754	0.00177324	0.000594769	0.00195401	0.000250186	0.0	0.0016425	0.00164359	0.00612874	0.00364739	0.0	0.00183727	0.00224881	0.00187898	0.00174669	0.00118157	0.00231859	0.0016996	0.00207563	0.00020575	0.000596614	0.00147405	0.00132612	0.00225357	0.00205493	0.00179257	0.00209928	0.0	0.00125383	0.00223519	0.0	0.000338553	0.00088461	0.00108962	0.00189576	0.0	0.0	0.00178485	0.00034195	0.00283728	0.00238868	0.00245001	0.00141679	0.000583454	0.00249103	0.000946968	0.00365484	0.00207367	0.000532621	0.0	0.00144137	0.00134043	0.00117326	0.000171828	0.0	0.00160751	0.00109959	0.00209379	0.00297714	0.00185438	0.0010528	0.000758589	0.000614912	0.00284459	0.00241081	0.00116722	0.000738763	0.00104468	0.00331746	0.00231896	0.000943144	0.00127503	0.00254522	0.00168731	0.00147489	0.00158481	0.00372118	0.00162682	0.000725876	0.00063849	0.0034085	0.00368761	0.000296132	0.00244526	0.00111176	0.00166375	0.00213585	0.00120336	0.00176929	0.00167595	0.00131067	0.00299178	0.00246896	0.00282135	0.000991916	0.00287578	0.00293453	0.00107621	0.00277012	0.00364926	0.00176741	0.000157479	0.00116043	0.00168762	0.0035204	0.00171272	0.000593593	0.00302359	0.000964093	0.00181168	0.00038788	0.000643794	0.00117625	0.00271041	0.00190045	0.00184781	0.000761229	0.00237514	0.00164575	0.00375306	0.0036663	0.000501255	0.0021834	0.00264693	0.00195739	0.00106681	0.00151863	0.000485961	0.00213352	0.00156943	0.00238624	0.000549281	0.00196931	0.0	0.0013326	0.00263473	0.00107268	0.00240363	0.00197053	0.00192459	0.00141273	0.00032293	0.0	0.0	0.00248702	0.000256323	0.0	0.0	0.0	0.0011357	0.00280451	0.00146191	0.00224476	0.00198835	0.00120828	0.0	0.00131282	0.00189265	0.00223028	0.00207658	0.00217356	0.00153263	0.00174767	0.00204132	0.00197194	0.00129488	0.00076159	0.00202578	0.00170772	6.56112e-05	0.00248665	0.00280625	0.00249885
PWY-7527: L-methionine salvage cycle III	0.0	0.0	0.0	0.0	0.0	1.71517e-05	0.0	0.0	0.0	0.0	0.0	0.0	0.0	0.0	0.0	0.0	0.0	0.0	0.0	0.0	0.0	0.0	0.0	0.0	0.0	0.0	0.0	0.0	0.0	0.0	0.0	0.0	0.0	0.0	0.0	0.0	0.0	0.0	0.0	0.0	0.0	0.0	0.0	0.0	0.0	0.0	0.0	0.0	0.0	0.0	0.0	0.0	0.0	0.0	0.0	0.0	1.58416e-05	0.0	0.0	0.0	0.0	0.0	0.0	0.0	0.0	0.0	0.0	0.0	0.0	0.0	0.0	0.0	0.0	0.0	0.0	0.0	0.0	0.0	0.0	0.0	0.0	0.0	0.0	0.0	0.0	0.0	0.0	0.0	0.0	0.0	0.0	0.0	0.0	0.0	0.0	0.0	0.0	0.0	0.0	0.0	0.0	0.0	0.0	0.0	0.0	0.0	0.0	0.0	0.0	0.0	0.0	0.0	0.0	0.0	0.0	0.0	0.0	0.0	0.0	0.0	0.0	0.0	0.0	0.0	0.0	0.0	0.0	0.0	0.0	0.0	0.0	0.0	0.0	0.0	0.0	0.0	0.0	0.0	0.0	0.0	0.0	0.0	0.0	0.0	0.0	0.0	0.0	0.0	0.0	0.0	0.0	0.0	0.0	0.0	0.0	0.0	0.0	0.0	0.0	0.0	0.0	0.0	0.0	0.0	0.0	0.0	0.0	0.0	0.0	0.0	0.0	0.0	0.0	0.0	0.0	0.0	0.0	0.0	0.0	0.0	0.0
PWY-7528: L-methionine salvage cycle I (bacteria and plants)	0.0	0.0	0.0	0.0	0.0	0.0	0.0	0.0	0.0	0.0	0.0	0.0	0.0	0.0	0.0	0.0	0.0	0.0	0.0	0.0	0.0	0.0	0.0	0.0	0.0	0.0	0.0	0.0	0.0	0.0	0.0	0.0	0.0	0.0	0.0	0.0	0.0	0.0	0.0	0.0	0.0	0.0	0.0	0.0	0.0	0.0	0.0	0.0	0.0	0.0	8.13172e-05	0.0	0.0	0.0	0.0	0.0	0.0	0.0	0.0	0.0	0.0	0.0	0.0	0.0	0.0	0.0	0.0	0.0	0.0	0.0	0.0	0.0	0.0	0.0	0.0	0.0	0.0	0.0	0.0	0.0	0.0	0.0	0.0	0.0	0.0	0.0	0.0	0.0	0.0	0.0	0.0	0.0	0.0	0.0	0.0	0.0	0.0	0.0	0.0	0.0	0.0	0.0	0.0	0.0	0.0	0.0	0.0	0.0	0.0	0.0	0.0	0.0	0.0	0.0	0.0	0.0	0.0	0.0	0.0	0.0	0.0	0.0	0.0	0.0	0.0	0.0	0.0	0.0	0.0	0.0	0.0	0.0	0.0	0.0	0.0	0.0	0.0	0.0	0.0	0.0	0.0	0.0	0.0	0.0	0.0	0.0	0.0	0.0	0.0	0.0	1.34933e-05	0.0	0.0	0.0	0.0	0.0	0.0	0.0	0.0	0.0	0.0	0.0	0.0	0.0	0.0	0.0	0.0	0.0	0.0	0.0	0.0	0.0	0.0	0.0	0.0	0.0	0.0	0.0	0.0	0.0	0.0
PWY-7560: methylerythritol phosphate pathway II	0.0041816	0.00390539	0.00581343	0.00509213	0.00460777	0.00518215	0.005459	0.00216153	0.0017675	0.00382396	0.00392313	0.00628831	0.00516392	0.00307317	0.00478997	0.00470014	0.00964293	0.00509061	0.00367553	0.00361302	0.00635995	0.00401277	0.00412526	0.00638601	0.00456853	0.0048989	0.0025792	0.00304632	0.00384628	0.00369171	0.00751582	0.00640496	0.00327151	0.00547178	0.00503364	0.0036019	0.00478924	0.00312391	0.00296675	0.00395382	0.0059173	0.00495062	0.00500577	0.00356492	0.00224639	0.00657473	0.00474519	0.00222793	0.00522438	0.00142031	0.00408321	0.00271371	0.0050049	0.00978525	0.00416923	0.00200519	0.00708087	0.00489499	0.00774733	0.00434926	0.00620467	0.00314913	0.00501967	0.00332268	0.0108675	0.00324667	0.00142422	0.00209376	0.00413742	0.00468715	0.00435058	0.0051344	0.00811587	0.00376118	0.00848867	0.00841052	0.00501615	0.00574189	0.00479856	0.0047019	0.0046991	0.00624224	0.0132228	0.00350538	0.00367574	0.00406439	0.000950269	0.011242	0.00671752	0.00166794	0.0172397	0.00342854	0.00368013	0.0052691	0.00346099	0.00168999	0.00575651	0.00291768	0.00122184	0.0032869	0.00109336	0.00312401	0.0119121	0.00451491	0.0047496	0.00666859	0.00369794	0.00257446	0.00402649	0.00445459	0.0149456	0.0060353	0.0015065	0.00491314	0.00278344	0.00480178	0.00417367	0.00467709	0.0110088	0.00329891	0.0097515	0.00335878	0.00407762	0.00458718	0.00319534	0.00359082	0.00449548	0.00247314	0.00238898	0.00434508	0.00742742	0.00193716	0.00549771	0.00312862	0.0020973	0.0117587	0.00295147	0.00471254	0.000821099	0.0175271	0.00398792	0.00314972	0.00525061	0.00524593	0.00276543	0.00440076	0.00431389	0.00861153	0.0034867	0.00287398	0.00323662	0.00296904	0.00316875	0.00363715	0.00304889	0.00427022	0.00539832	0.0044182	0.00698909	0.00603175	0.00823692	0.00580926	0.00632035	0.00329826	0.006134	0.00585279	0.00336184	0.00538655	0.00780969	0.00427221	0.00535383	0.0048352	0.00534707	0.00311278	0.00388937	0.00434757	0.0053728	0.00214707	0.00735882	0.00496904	0.00528578
PWY-7616: methanol oxidation to carbon dioxide	0.0	2.32698e-05	0.0	3.54458e-05	0.0	0.0	4.58988e-05	0.0	0.000113667	9.18271e-06	4.79678e-05	8.68188e-05	7.66954e-05	0.000216868	8.40549e-05	1.35762e-05	0.0	6.11951e-06	0.0	0.0	0.0	0.0	0.0	0.0	2.32831e-05	0.0	0.0	0.0	7.58761e-06	0.0	0.0	0.0	0.0	0.0	6.76257e-05	0.0	0.0	0.0	0.0	0.0	2.04504e-05	0.0	0.000107054	2.89654e-05	0.0	1.09707e-05	3.71445e-05	1.63707e-05	0.0	0.0	7.56778e-05	3.45314e-05	0.000234336	0.0	0.0	0.0	0.0	2.50509e-05	6.41925e-06	0.0001348	4.93501e-06	0.0	0.0	4.96979e-06	0.0	0.0	0.0	0.0	0.000207884	0.0	0.0	9.33172e-05	0.0	0.0	0.000125591	6.48432e-05	0.0	0.0	0.0	2.57035e-05	4.24622e-06	0.0	0.0	0.0	3.18016e-05	0.0	0.0	2.81178e-05	0.0	0.0	0.0	0.0	0.0	1.61277e-05	0.0	0.0	0.0	0.0	0.0	0.0	0.0	5.57432e-06	0.0	4.96158e-05	0.0	0.0	0.0	2.49736e-05	0.0	3.28156e-06	0.0	0.0	0.0	0.0	0.0	0.0	1.60011e-05	9.92134e-06	0.0	0.000110266	0.0	7.23594e-05	0.0	0.0	5.75431e-06	0.0	1.92627e-05	0.0	0.0	2.13691e-06	0.0	0.0	0.0	0.0	0.0	0.0	0.0	4.13096e-05	0.0	0.0	0.0	7.75209e-06	0.0	9.05601e-05	1.53715e-05	0.0	3.94217e-05	0.0	5.80713e-05	4.79029e-05	0.000167563	0.0	0.0	3.87976e-05	6.78649e-05	7.47178e-05	1.71999e-05	6.61153e-05	0.0	1.6422e-05	0.0	0.0	1.07356e-05	1.57954e-05	0.0	0.000226572	0.0	2.02771e-05	7.55388e-05	0.0	6.09815e-05	2.2898e-05	6.5211e-06	0.0	0.0	0.0	7.2489e-05	0.0	1.5021e-05	0.0	3.78117e-06
PWY-7663: gondoate biosynthesis (anaerobic)	0.00737718	0.00889616	0.00899134	0.00672599	0.000737287	0.00484643	0.00542822	0.0124799	0.0040571	0.00662999	0.00500927	0.0051794	0.00759121	0.00933698	0.0056947	0.00458837	0.00980734	0.00408933	0.00689613	0.0068757	0.010781	0.00852336	0.0124657	0.00611285	0.00585509	0.00534886	0.0046388	0.00672308	0.00692652	0.00830174	0.00749169	0.00899188	0.00754139	0.00909983	0.00533763	0.0063441	0.00670677	0.0070499	0.0067117	0.00637016	0.00580034	0.00956016	0.00696956	0.00712405	0.00898023	0.00763786	0.004115	0.00699629	0.00614941	0.00887554	0.00658594	0.00820618	0.00578295	0.00769145	0.00874591	0.0101623	0.00643006	0.00847056	0.00716885	0.00527494	0.00571471	0.00705862	0.00336492	0.00542352	0.00619131	0.0089709	0.0075184	0.0115791	0.00772085	0.0126614	0.00698702	0.0049335	0.00647401	0.0154459	0.00491751	0.00485658	0.00769265	0.00812058	0.00873855	0.00583727	0.00654156	0.00877037	0.0061316	0.00676711	0.007515	0.0043214	0.00778133	0.00629657	0.00382615	0.00529674	0.00332613	0.00935639	0.00678706	0.00522833	0.00661313	0.00806238	0.00676111	0.00839068	0.00563295	0.00847523	0.005841	0.00635421	0.00499745	0.0074329	0.00628579	0.00683631	0.00375568	0.0046117	0.00407696	0.00720925	0.00533699	0.00540161	0.00546151	0.00605544	0.00356102	0.00565975	0.00587236	0.00641085	0.00436485	0.00430853	0.00622298	0.00488418	0.00936469	0.00991833	0.00630503	0.00841202	0.00718752	0.00873251	0.00966869	0.00640594	0.00951717	0.00713582	0.00876945	0.0131403	0.00648518	0.00262951	0.00571707	0.00711948	0.00559624	0.00418176	0.00660685	0.00667115	0.00496453	0.00732658	0.00398213	0.00753706	0.00645067	0.00819104	0.00795596	0.00132436	0.00666556	0.00666425	0.00627874	0.00614403	0.00762763	0.00502242	0.00713174	0.0079626	0.00789817	0.00807969	0.00694535	0.00637255	0.00569938	0.00835246	0.0076393	0.0066493	0.00688725	0.00694565	0.00671366	0.00941993	0.00556906	0.00641219	0.00556297	0.00852671	0.00572885	0.00805425	0.00678491	0.0114681	0.00393897	0.00624261	0.00838303
PWY-7664: oleate biosynthesis IV (anaerobic)	0.00141978	0.00819914	0.00232858	0.00274011	0.000673511	0.00378667	0.00197588	0.0111278	0.00188342	0.00206116	0.00394899	0.00448282	0.00656206	0.00794874	0.00428858	0.00276213	0.00176303	0.00376535	0.00513276	0.00118196	0.00284901	0.00153462	0.010846	0.00281116	0.0050188	0.00479338	0.00158247	0.00642495	0.00488982	0.00774294	0.0028826	0.00344882	0.00237955	0.00467932	0.00473014	0.00479704	0.00457943	0.000801826	0.00521791	0.00497232	0.00128208	0.00499361	0.00676709	0.00612479	0.0063209	0.00472004	0.00399028	0.00218071	0.00576884	0.00310967	0.00585122	0.00753907	0.00565893	0.00529562	0.00545468	0.00337462	0.00451406	0.00621908	0.00172429	0.00473954	0.00275028	0.0038478	0.000812828	0.00258225	0.000926322	0.0029264	0.00100218	0.00192204	0.00525491	0.00461632	0.00640983	0.00399107	0.00217555	0.00332184	0.00394218	0.00345346	0.00132826	0.00247576	0.00151079	0.00430387	0.000596959	0.00124796	7.0937e-05	0.00111345	0.00229534	0.00189468	0.00224825	0.00297959	0.000933962	0.00297474	0.00049777	0.00444889	0.00424524	0.0051339	0.000930123	0.00199374	0.0014362	0.00394275	0.00194407	0.00188438	0.00122051	0.00214191	0.00161095	0.00301338	0.00167374	0.00281853	0.00225576	0.0028621	0.0032406	0.00556547	0.000126831	0.0033037	0.0019981	0.00164863	0.00332217	0.00339581	0.00438319	0.0025237	0.00117651	0.00352349	0.000638771	0.00316423	0.00295045	0.00103992	0.00391686	0.00218523	0.00594901	0.00481866	0.0052396	0.0053714	0.00239613	0.0029694	0.00194959	0.00526304	0.00232466	0.0	0.00205303	0.00520318	0.00193338	0.000332245	0.00437914	0.00529905	0.00406604	0.00306124	0.00165655	0.00100006	0.00599858	0.00226129	0.00299176	0.000875272	0.00449169	0.00479483	0.00275108	0.00471311	0.00512758	0.00490393	0.00707694	0.0043589	0.000834833	0.00394785	0.00299668	0.00468041	0.00113102	0.00542359	0.000630613	0.00535196	0.00260928	0.00323094	0.00339203	0.00346429	0.00438672	0.00538753	0.00205202	0.00361089	0.00566285	0.00132399	0.00349041	0.00772441	0.00215478	0.00123169	0.00242992
PWY-7688: dTDP-&alpha;-D-ravidosamine and dTDP-4-acetyl-&alpha;-D-ravidosamine biosynthesis	0.0	0.0	0.000247414	0.0	0.0	0.000227211	0.0	0.0	0.0	3.90696e-05	0.0	0.0	0.0	0.0	0.0	0.0	0.0	0.0	0.0	0.0	0.000454033	3.28979e-05	0.0	0.000125251	0.0	0.0	0.0	2.33747e-05	0.0	0.0	0.0	0.0	0.000661751	0.0	0.000189097	0.0	0.000564679	0.0	0.0	0.0	0.0	0.0	0.0	0.0	0.0	0.00524047	0.0	0.0	0.000968886	4.96515e-05	0.0	5.45872e-05	0.0	0.0	0.0	0.000424629	0.0	3.97836e-06	0.000465299	0.00221362	0.00153158	0.0	0.0	1.15611e-05	0.0	0.0	3.05711e-05	0.0	0.0	0.0	0.000731822	0.0	0.0	0.0	0.0	7.50458e-05	0.000107261	0.000242288	0.0	0.0	0.0	0.0	0.0	0.0	0.0	0.0	0.0	0.0	0.0	0.0	0.0	0.0	0.0	0.000376272	0.0	0.000460537	1.02021e-05	0.0	0.0	0.0	0.0	0.0	0.0	0.0	9.5964e-05	0.0	0.0	2.02835e-05	0.0	0.0	0.0	0.0	0.0	7.55783e-06	0.0	0.0	7.6471e-06	8.54927e-05	0.0	6.821e-05	0.0	0.0	0.0	0.0	0.0	0.00025979	0.00022807	0.000280673	0.000350777	0.0	0.000687335	0.000385843	0.0	0.0	0.0	0.0	0.0	0.0	0.0	0.0	0.00015234	0.0	0.000187187	4.23299e-05	0.0	0.000267792	0.000544389	0.000360078	0.0	0.0	0.0	0.0	3.29539e-05	0.000154986	0.0	2.34179e-05	0.0	0.000577126	0.0	0.000142592	0.0	0.0	5.928e-05	0.0	0.000162953	0.0	0.000115162	2.23446e-05	3.71978e-05	0.0	1.03709e-05	0.000239365	0.000475743	9.81405e-05	0.0	0.0	0.0	0.0	6.0251e-06	0.0	0.000124848
PWY-7723: bacterial bioluminescence	0.0	1.0835e-05	0.0	0.0	0.0	8.7789e-05	0.0	0.0	0.0	0.0	0.0	0.0	0.0	0.000157525	0.0	0.0	0.0	0.0	0.0	0.0	0.0	0.0	0.0	0.0	0.0	0.0	1.19286e-05	0.0	0.0	0.0	0.0	0.0	0.0	0.0	0.0	0.0	0.0	0.0	0.0	9.19241e-05	3.50965e-06	0.0	0.0	2.06657e-05	0.0	0.0	0.0	0.0	0.0	0.0	0.000354483	0.0	0.0	0.0	0.0	0.0	0.0	5.87985e-05	0.0	0.0	0.0	0.0	0.0	0.0	0.0	0.0	0.0	0.0	0.0	0.0	0.0	0.000154033	0.0	0.0	0.0	0.0	0.0	0.0	0.0	0.0	0.0	0.0	0.0	0.0	0.0	0.0	0.0	0.0	0.0	0.0	0.0	0.0	0.0	0.0	0.0	0.0	0.0	0.0	0.0	0.0	0.0	0.0	0.0	2.25643e-05	0.0	0.0	5.51173e-06	0.0	6.70795e-05	0.0	0.0	0.0	0.0	0.0	0.0	0.0	0.0	6.94717e-05	0.0	2.35728e-05	0.0	0.0	0.0	0.0	0.0	0.0	0.0	0.0	0.0	0.0	0.0	0.0	0.0	0.0	2.60528e-05	0.0	0.0	0.0	0.0	0.0	0.0	0.000324603	0.0	0.0	0.0	0.0	0.0	0.0	0.0	7.01894e-05	0.0	0.0	0.0	2.36679e-05	0.000206252	0.000318184	1.23546e-05	0.0	0.0	0.0	0.0	0.0	0.0	0.0	0.0	0.0	0.0	0.0	0.0	0.0	0.000187541	0.0	0.0	0.0	0.0	0.0	0.0	0.0	6.85244e-06	0.0	4.0717e-05
PWY-7731: superpathway of photosynthetic hydrogen production	0.0	0.0	0.0	0.0	0.0	0.0	0.0	0.0	0.0	0.0	0.0	0.0	0.0	0.0	0.0	0.0	0.0	0.0	0.0	0.0	0.0	0.0	0.0	0.0	0.0	0.0	0.0	0.0	0.0	0.0	0.0	0.0	0.0	0.0	0.0	0.0	0.0	0.0	0.0	0.0	0.0	0.0	0.0	0.0	0.0	0.0	0.0	0.0	0.0	0.0	0.0	0.0	0.0	0.0	0.0	0.0	0.0	0.0	0.0	0.0	0.0	0.0	4.43503e-05	0.0	0.0	0.0	0.0	0.0	0.0	0.0	0.0	0.0	0.0	0.0	0.0	0.0	0.0	0.0	0.0	0.0	0.0	0.0	0.0	0.0	0.0	0.0	0.0	0.0	0.0	0.0	0.0	0.0	0.0	0.0	0.0	0.0	0.0	0.0	0.0	0.0	0.0	0.0	0.0	0.0	0.0	0.0	0.0	0.0	0.0	0.0	0.0	0.0	0.0	0.0	0.0	0.0	0.0	0.0	0.0	0.0	0.0	0.0	0.0	0.0	0.0	0.0	0.0	0.0	0.0	0.0	0.0	0.0	0.0	0.0	0.0	0.0	0.0	0.0	0.0	0.0	0.0	0.0	0.0	0.0	0.0	0.0	0.0	0.0	0.0	0.0	0.0	0.0	0.0	0.0	0.0	0.0	0.0	0.0	0.0	0.0	0.0	0.0	0.0	0.0	0.0	0.0	0.0	0.0	0.0	0.0	0.0	0.0	0.0	0.0	0.0	0.0	0.0	0.0	0.0	0.0	0.0
PWY-7754: bile acid 7&alpha;-dehydroxylation	0.0	0.0	0.0	0.0	0.0	0.0	0.0	0.0	0.0	0.0	0.0	0.0	0.0	0.0	0.0	0.0	0.0	0.0	0.0	0.0	0.0	0.0	0.0	0.0	0.0	0.0	0.0	0.0	0.0	0.0	0.0	0.0	0.0	0.0	0.0	0.0	0.0	0.0	0.0	0.0	0.0	0.0	0.0	0.0	0.0	0.0	0.0	0.0	0.0	0.0	9.91275e-06	0.0	0.0	0.0	0.0	0.0	0.0	0.0	0.0	0.0	0.0	0.0	0.0	0.0	0.0	0.0	0.0	0.0	0.0	0.0	0.0	0.0	0.0	0.0	0.0	0.0	0.0	0.0	0.0	0.0	0.0	0.0	0.0	0.0	0.0	0.0	0.0	0.0	0.0	0.0	0.0	0.0	0.0	0.0	0.0	0.0	0.0	0.0	0.0	0.0	0.0	0.0	0.0	0.0	0.0	0.0	0.0	0.0	0.0	0.0	0.0	0.0	0.0	0.0	0.0	0.0	0.0	0.0	0.0	0.0	0.0	0.0	0.0	0.0	1.43074e-05	0.0	0.0	0.0	0.0	0.0	0.0	0.0	0.0	0.0	0.0	0.0	0.0	0.0	0.0	0.0	0.0	0.0	0.0	0.0	0.0	4.817e-05	0.0	0.0	0.0	0.0	0.0	0.0	0.0	0.0	0.0	0.0	0.0	0.0	0.0	0.0	0.0	0.0	0.0	0.0	0.0	0.0	0.0	0.0	0.0	0.0	0.0	0.0	0.0	0.0	0.0	0.0	1.07465e-05	0.0	1.97005e-05	0.0	0.0
PWY-7761: NAD salvage pathway II (PNC IV cycle)	0.00237054	0.00107765	0.000294875	0.00348238	0.00122122	0.00231046	0.00271855	0.00254083	0.00245013	0.00265801	0.00200932	0.00232979	0.00109425	0.000217405	0.00227412	0.00295064	0.00235191	0.00181918	0.00165241	0.00260279	0.00174941	0.00229688	0.00068418	0.00221806	0.00199702	0.00207931	0.00316447	0.000753428	0.0024189	0.00303098	0.00199543	0.00242722	0.00226606	0.00146925	0.00271395	0.00107348	0.00283414	0.00297067	2.81493e-06	0.00268779	0.00155345	0.000642454	0.00167794	0.00227819	0.0022947	0.000475545	0.00216332	0.00316767	0.001765	0.00214905	0.00224859	0.00408046	0.00197955	0.00345308	0.00527182	0.000782044	0.00193778	0.00247063	0.00236922	0.00271141	0.00205522	0.00240128	0.00119966	0.00212208	0.00292076	0.00179602	0.00261434	4.6304e-05	0.00324635	0.00010517	0.00125108	0.00107712	0.00272083	0.00120007	0.00181658	0.00188741	0.000312987	0.00199809	0.00155681	0.00214573	0.00150727	0.0001383	0.00235033	0.0025149	0.00228166	0.00296865	0.00190164	0.00151146	0.00075254	0.00329479	0.000953488	0.000857355	0.00291053	0.00113503	0.00304962	0.00077677	0.000494496	0.00307825	0.00262205	0.00243993	0.00172129	0.00126823	0.00242892	0.000689111	0.00328361	0.000626541	0.00157906	0.00231819	0.00198135	0.00197261	0.00172007	0.000923897	0.00262558	0.000695268	0.00117817	0.00218008	0.00248655	0.00308416	0.00139266	0.00120806	0.00163892	0.00220365	0.0024389	0.00105057	0.00171774	0.00168628	0.00151744	0.00156437	0.00190969	0.00142151	0.00191941	0.00207057	0.00445814	0.000749572	0.00117866	0.000964649	0.000662658	0.00174381	0.00397666	0.000729739	0.00250086	0.00135932	0.00215828	0.00217069	0.00155471	8.75532e-05	0.00201355	0.00231622	0.00182308	0.00122554	0.000618555	0.00120517	0.00296445	0.00201429	0.000541048	0.00238082	0.00385522	0.00253068	0.000596007	0.000887385	0.000864632	0.00249191	0.00266766	0.00174241	0.00279926	0.00263905	0.00170246	0.00104373	0.00286007	0.00188398	0.00213579	0.00243414	0.000717132	0.00267671	0.00203727	0.00273077	0.00233475	0.00113907	0.000934241	0.000350201	0.00179317
PWY-7783: plasmalogen degradation	0.0	0.0	0.0	0.0	0.0	0.0	0.0	0.0	5.19724e-05	0.0	0.0	0.0	0.0	2.75086e-05	0.0	2.97769e-05	0.0	0.0	0.0	0.0	0.0	0.0	0.0	0.0	0.0	0.0	0.0	0.0	0.0	0.000219979	0.0	0.0	0.0	0.0	2.91695e-05	0.0	0.0	0.0	0.0	0.0	0.0	0.0	0.0	0.000272058	0.0	0.0	0.0	0.0	0.0	0.0	1.84067e-06	0.00028736	0.000210766	0.0	0.0	0.0	0.0	0.0	0.0	0.000294004	0.0	0.0	0.0	0.0	0.0	0.0	0.0	0.0	0.0	0.0	0.0	0.0	0.0	0.0	0.0	0.0	0.0	0.0	0.0	0.0	0.0	0.0	0.0	0.0	0.0	0.0	0.0	0.0	0.0	0.0	0.0	0.0	0.0	0.0	0.0	0.0	0.0	0.0	0.0	0.0	0.0	0.0	0.0	0.0	0.0	0.0	0.0	1.19918e-05	0.0	0.0	0.0	0.0	0.0	0.0	0.0	0.0	0.0	0.0	0.0	0.0	0.0	0.0	0.0	0.0	0.0	0.0	0.0	0.0	0.0	0.0	0.0	0.0	0.0	0.0	0.0	0.0	0.0	0.0	0.0	0.0	0.0	0.0	0.0	0.0	0.0	0.0	0.0	0.0	0.0	0.000102497	0.0	0.000222116	0.0	0.0	0.0	0.0	0.0	0.000172145	0.0	0.0	0.0	0.0	5.1851e-06	0.0	0.0	9.69875e-05	0.0	0.0	9.49686e-05	2.73326e-05	0.0	0.000214918	0.0	0.0	0.0	0.0	0.0	0.0	0.0	0.0	0.0
PWY-7784: reductive acetyl coenzyme A pathway II (autotrophic methanogens)	0.0	0.0	0.0	0.0	0.0	0.0	0.0	0.0	0.0	0.0	0.0	0.0	0.0	0.0	0.0	0.0	0.0	0.0	0.0	0.0	0.0	0.0	0.0	0.0	0.0	0.0	0.0	0.0	0.0	0.0	0.0	0.0	0.0	0.0	0.0	0.0	0.0	0.0	0.0	0.0	0.0	0.0	0.0	0.0	0.0	0.0	0.0	0.0	0.0	0.0	0.0	0.0	0.0	0.0	0.0	0.0	0.0	0.0	0.0	0.0	0.0	0.0	0.0	0.0	0.0	0.0	0.0	0.0	0.0	0.0	0.0	0.0	0.0	0.0	0.0	0.0	0.0	0.0	0.0	0.0	0.0	0.0	0.0	0.0	0.0	0.0	0.0	0.0	0.0	0.0	0.0	0.0	0.0	0.0	0.0	0.0	0.0	0.0	0.0	0.0	0.0	0.0	0.0	0.0	0.0	0.0	0.0	0.0	0.0	0.0	0.0	0.0	0.0	0.0	0.0	0.0	0.0	0.0	0.0	0.0	0.0	0.0	0.0	0.0	0.0	0.0	0.0	0.0	0.0	0.0	0.0	0.0	0.0	0.0	0.0	0.0	0.0	0.0	0.0	0.0	0.0	0.0	0.0	0.0	0.0	0.0	0.0	0.0	0.0	0.0	0.0	0.0	0.0	0.0	0.0	0.0	0.0	0.0	0.0	0.0	0.0	0.0	4.32406e-05	0.0	0.0	0.0	0.0	0.0	0.0	0.0	0.0	0.0	0.0	0.0	0.0	0.0	0.0	0.0	0.0	0.0	0.0
PWY-7790: UMP biosynthesis II	0.0135385	0.00946974	0.0112935	0.0110819	0.0116046	0.00891458	0.0114248	0.00696732	0.0148659	0.0122783	0.00331653	0.00745833	0.00815912	0.00515334	0.00447472	0.0120835	0.0126297	0.0100343	0.00329099	0.0137851	0.0134994	0.0128172	0.0154896	0.0124652	0.00506674	0.00837993	0.0131107	0.00406167	0.00432799	0.0109931	0.0132561	0.0117831	0.0131407	0.00904924	0.00733461	0.00263371	0.00825655	0.0122134	0.00405375	0.00796031	0.0140201	0.0109582	0.00694933	0.00362059	0.00385139	0.0087725	0.00734571	0.0138238	0.00889809	0.0146266	0.00562172	0.00554188	0.00549619	0.0112255	0.0120205	0.0127171	0.00972524	0.00717491	0.010977	0.00955375	0.00855509	0.00351528	0.00819824	0.00881058	0.0161856	0.0123925	0.0132162	0.0153544	0.00550603	0.0127189	0.00783084	0.00930903	0.0154466	0.0127655	0.0118887	0.0120782	0.0105791	0.0113358	0.0140964	0.00557239	0.0135325	0.00947662	0.0178153	0.0144667	0.0138266	0.0131838	0.0149163	0.0127985	0.0131458	0.0136582	0.0194783	0.0107733	0.00508834	0.00743855	0.0121052	0.0125495	0.0120018	0.0116617	0.0127816	0.0141826	0.0156586	0.0120407	0.0144977	0.00904427	0.0148439	0.00885586	0.0133255	0.0123016	0.0118067	0.00589709	0.0180064	0.0103053	0.0134317	0.0119489	0.0113588	0.0101845	0.0044221	0.0100195	0.0150314	0.00720295	0.0158568	0.0100791	0.0126272	0.0123412	0.0104235	0.0122323	0.00640126	0.0136956	0.0121826	0.0039149	0.0131179	0.0123749	0.00948307	0.013573	0.013335	0.0205399	0.00934261	0.00499404	0.0136224	0.0180306	0.0107501	0.0047703	0.00847479	0.00818171	0.0137864	0.0102877	0.00753549	0.0140374	0.0122848	0.0123164	0.00328745	0.00339468	0.0127903	0.00388209	0.00376447	0.00531271	0.0053259	0.0102717	0.0117615	0.00949629	0.0104849	0.00747766	0.0127886	0.00801956	0.0136759	0.00664547	0.0115493	0.00997282	0.00966871	0.0103758	0.00694944	0.00642003	0.0111109	0.0107053	0.00413655	0.0123771	0.00931657	0.00552211	0.0107769	0.0105118	0.0104048
PWY-7791: UMP biosynthesis III	0.0135385	0.00946974	0.0112935	0.0110819	0.0116046	0.00891458	0.0114248	0.00696732	0.0148659	0.0122783	0.00331653	0.00745833	0.00815912	0.00515334	0.00447472	0.0120835	0.0126297	0.0100343	0.00329099	0.0137851	0.0134994	0.0128172	0.0154896	0.0124652	0.00506674	0.00837993	0.0131107	0.00406167	0.00432799	0.0109931	0.0132561	0.0117831	0.0131407	0.00904924	0.00733461	0.00263371	0.00825655	0.0122134	0.00405375	0.00796031	0.0140201	0.0109582	0.00694933	0.00362059	0.00385139	0.0087725	0.00734571	0.0138238	0.00889809	0.0146266	0.00562172	0.00554188	0.00549619	0.0112255	0.0120205	0.0127171	0.00972524	0.00717491	0.010977	0.00955375	0.00855509	0.00351528	0.00819824	0.00881058	0.0161856	0.0123925	0.0132162	0.0153544	0.00550603	0.0127189	0.00783084	0.00930903	0.0154466	0.0127655	0.0118887	0.0120782	0.0105791	0.0113358	0.0140964	0.00557239	0.0135325	0.00947662	0.0178153	0.0144667	0.0138266	0.0131838	0.0149163	0.0127985	0.0131458	0.0136582	0.0194783	0.0107733	0.00508834	0.00743855	0.0121052	0.0125495	0.0120018	0.0116617	0.0127816	0.0141826	0.0156586	0.0120407	0.0144977	0.00904427	0.0148439	0.00885586	0.0133255	0.0123016	0.0118067	0.00589709	0.0180064	0.0103053	0.0134317	0.0119489	0.0113588	0.0101845	0.0044221	0.0100195	0.0150314	0.00720295	0.0158568	0.0100791	0.0126272	0.0123412	0.0104235	0.0122323	0.00640126	0.0136956	0.0121826	0.0039149	0.0131179	0.0123749	0.00948307	0.013573	0.013335	0.0205399	0.00934261	0.00499404	0.0136224	0.0180306	0.0107501	0.0047703	0.00847479	0.00818171	0.0137864	0.0102877	0.00753549	0.0140374	0.0122848	0.0123164	0.00300381	0.00339468	0.0127903	0.00388209	0.00376447	0.00531271	0.0053259	0.0102717	0.0117615	0.00949629	0.0104849	0.00747766	0.0127886	0.00801956	0.0136759	0.00664547	0.0115493	0.00997282	0.00966871	0.0103758	0.00694944	0.00642003	0.0111109	0.0107053	0.00413655	0.0123771	0.00931657	0.00552211	0.0107769	0.0105118	0.0104048
PWY-7805: (aminomethyl)phosphonate degradation	0.0	1.47356e-05	1.77808e-05	6.17261e-05	6.39505e-05	3.02603e-05	0.000135432	0.0	0.000116119	0.0	0.00144169	7.8198e-05	0.000120814	0.000109784	0.000211602	0.0001102	0.0	0.000158234	0.00025781	0.0	0.0	0.0	0.0	4.70155e-05	0.00110096	0.000175263	8.6938e-05	0.000559396	0.0	0.000387917	5.83511e-05	0.0	0.0	0.0	0.000270602	0.0	0.00016481	0.0	7.89903e-07	0.000305952	0.0	7.64291e-06	0.000129323	0.000769258	0.0026058	0.0	0.000203465	0.0	0.00012229	0.0	0.000406611	0.000567412	0.000525231	0.0	0.0	0.0	0.0	6.36205e-05	0.0	0.000309219	0.0	0.00316374	0.0	0.000251774	0.0	0.0	0.0	0.0	0.000185537	0.0	8.42366e-05	1.91437e-05	0.0	0.0	0.000203914	0.000111164	0.0	0.0	1.78458e-05	0.0	0.0	0.0	0.0	0.0	4.90918e-05	0.0	0.0	0.000117873	0.0	0.0	0.0	0.0	0.000476105	4.1673e-05	0.0	0.0	0.0	0.0	7.14022e-05	0.0	2.4003e-05	0.0	0.0	7.38704e-05	0.0	0.0	0.0	0.0	0.000252979	0.000501226	0.0	0.0	0.0	0.0	5.63818e-05	0.0	0.000345604	3.32649e-05	0.0	0.000108534	0.0	4.97772e-05	0.0	0.0	0.000221848	0.0	0.00023822	2.26724e-05	0.0	0.00113748	0.0	0.0	0.0	0.0	4.08186e-05	0.0	0.000117055	0.000308113	1.59991e-05	0.0	0.000299539	0.000259202	0.0	0.0	0.000105742	1.18417e-05	0.000219628	0.0	1.64606e-05	9.07577e-05	0.00086998	0.000260415	0.0	0.000943334	7.22127e-05	0.000365848	0.0	0.000197147	0.0	0.000152065	0.0	0.00035026	5.46449e-05	0.000141405	0.0	0.00027917	9.05192e-05	7.16105e-05	0.000110321	3.81186e-05	0.000151434	0.000113563	6.03146e-06	0.0	0.0	3.11617e-05	0.0	0.000202127	2.24867e-05	0.0	7.85771e-05
PWY-7807: glyphosate degradation III	0.0	1.64175e-05	2.91464e-05	6.94194e-05	6.1415e-05	3.98743e-05	0.000142619	0.00203472	0.000148325	0.0	0.00149227	0.000418262	0.000114642	0.000134788	0.000203242	0.000142262	0.0	0.000273671	0.000249554	0.0	6.17237e-05	0.0	0.0	6.24516e-05	0.00122077	0.000257405	0.000101314	0.000545746	0.0	0.000472216	6.01232e-05	0.0	0.0	0.0	0.000588736	0.000682086	0.000188892	0.0	1.0525e-06	0.000373537	0.0	6.81165e-06	0.000156608	0.000914183	0.0029092	0.000119093	0.000195786	0.0	0.000198925	0.0	0.0004509079999999	0.00263368	0.000577314	0.0	0.000200644	0.0	0.0	6.24053e-05	0.0	0.000890067	0.0	0.00319145	0.0	0.000282212	0.0	0.0	0.0	0.0	0.000211431	0.0	0.000138473	1.88018e-05	0.0	0.0	0.000380272	0.000160471	0.0	0.0	4.26237e-05	0.000627376	0.0	0.0	0.0	0.0	5.25211e-05	0.0	0.0	0.000111541	0.0	0.0	0.0	0.0	0.000483437	3.70144e-05	0.0	0.0	0.0	0.0	9.4173e-05	0.0	2.17397e-05	1.21369e-05	0.0	8.90873e-05	0.0	5.22279e-05	0.0	0.0	0.000272982	0.000507438	0.0	0.0	0.0	0.0	6.02068e-05	0.000112001	0.000323054	3.34149e-05	3.71091e-05	0.000110001	0.0	4.93555e-05	0.0	0.0	0.000248934	0.0	0.000405537	0.000104843	0.0	0.00117251	0.0	0.0	0.0	0.0	4.37749e-05	0.0	0.000154473	0.000551743	3.5935e-05	0.0	0.000366938	0.000293612	0.0	0.0	0.000168466	1.23453e-05	0.000603831	0.0	1.47415e-05	0.000121758	0.000867946	0.0003153	0.0	0.0010161	6.78657e-05	0.000368912	0.0	0.000342803	0.0	0.000172708	0.0	0.000388834	5.68575e-05	0.000147206	0.0	0.000446082	0.000176557	7.88174e-05	0.000111968	6.3274e-05	0.000163658	0.00103775	5.3926e-06	0.0	0.0	2.85228e-05	0.0	0.000194027	3.82053e-05	0.0	8.78201e-05
PWY-7820: teichuronic acid biosynthesis (B. subtilis 168)	0.0	0.0	7.42875e-05	0.0	0.0	0.0	0.0	0.0	0.0	0.0	0.0	0.0	0.0	0.0	0.000291102	0.0	0.0	0.0	0.0	0.0	0.0	0.0	0.0	0.0	9.6916e-06	0.0	0.0	0.0	0.0	0.0	0.0	0.0	0.0	0.0	0.0	0.0	0.0	0.0	0.0	0.0	0.0	0.0	7.57056e-05	0.0	0.0	0.0	0.0	4.13902e-06	0.0	0.0	0.0	0.0	0.0	0.0	4.8274e-05	0.0	0.0	0.0	0.0	0.0	1.33138e-05	0.0	0.0	0.0	0.0	0.0	4.00559e-05	0.0	0.0	0.0	0.0	0.0	0.0	0.0	1.40969e-05	0.0	0.0	0.0	0.0	0.0	0.0	0.0	0.0	0.0	0.0	0.0	0.0	0.0	0.0	1.88603e-05	0.0	0.0	0.0	0.0	0.0	0.0	0.0	0.0	0.0	0.0	0.0	0.0	0.0	4.23663e-05	0.0	9.36081e-05	0.0	0.0	0.0	0.0	0.0	0.0	0.0	0.0	0.0	0.0	5.97561e-05	0.0	0.0	3.59563e-06	0.0	0.0	0.0	0.0	0.0	0.0	0.0	0.0	0.0	0.0	0.0	0.0	0.0	0.0	0.0	0.0	0.0	0.0	0.0	0.0	0.0	0.0	0.0	2.60786e-05	0.0	0.0	0.0	0.0	0.0	0.0	0.0	0.0	0.0	0.0	0.0	0.0	0.0	0.0	0.0	0.0	0.0	0.0	0.0	0.0	0.0	0.0	0.0	0.0	0.0	0.0	8.48088e-06	0.0	0.0	0.0	0.0	0.0	0.0	0.0	0.0	0.0	0.0
PWY-7822: chitin degradation III (Serratia)	0.0	2.90544e-05	0.0	0.0	0.0	0.0	0.0	0.0	0.0	0.0	0.0	0.0	0.0	0.0	0.0	0.0	0.0	0.0	0.0	0.0	0.0	0.0	0.0	0.0	0.0	0.0	0.0	0.0	0.0	0.0	0.0	0.0	0.0	0.0	0.0	0.0	0.0	0.0	0.0	0.0	0.0	0.0	0.0	0.0	0.003975	0.0	0.0	0.0	0.0	0.0	0.0	0.0	0.0	0.0	0.0	0.0	0.0	0.0	0.0	0.0	0.0	0.0	0.0	0.0	0.0	0.0	0.0	0.0	0.0	0.0	0.0	0.0	0.0	0.0	0.0	0.0	0.0	0.0	0.0	0.0	0.0	0.0	0.0	0.0	0.0	0.0	0.0	0.0	0.0	0.0	0.0	0.0	0.0	0.0	0.0	0.0	0.0	0.0	0.0	0.0	0.0	0.0	0.0	0.0	0.0	0.0	0.0	0.0	0.0	0.0	0.0	0.0	0.0	0.0	0.0	0.0	0.0	0.0	0.0	0.0	0.0	0.0	0.0	0.0	0.0	0.0	0.0	0.0	0.0	0.0	0.0	0.0	0.0	0.0	0.0	0.0	0.0	0.0	0.0	0.0	0.0	0.0	0.0	0.0	0.0	0.0	0.0	0.0	0.0	0.0	0.0	0.000465822	0.0	0.0	0.0	0.0	0.0	0.0	0.0	0.0	0.0	0.0	0.0	0.0	0.0	0.0	0.0	0.0	0.0	0.0	0.0	0.0	0.0	0.0	0.0	0.0	0.0	0.0	0.0	0.0	0.0
PWY-7851: coenzyme A biosynthesis II (eukaryotic)	0.00833466	0.00778121	0.00954538	0.0077226	0.00328405	0.00610236	0.00759949	0.00633176	0.0071815	0.00810444	0.00354281	0.00574668	0.00518187	0.00364962	0.00386253	0.00749692	0.0112671	0.00753621	0.0025578	0.00965565	0.00788435	0.00928386	0.0107106	0.00906813	0.00387789	0.00478894	0.0101591	0.00344021	0.00358873	0.00746105	0.0112246	0.00912272	0.00951405	0.00636895	0.00601212	0.00325004	0.00763618	0.00937854	0.00405708	0.00356649	0.00901675	0.00751821	0.00495781	0.0027711	0.00379173	0.00786399	0.00513956	0.0103966	0.0071986	0.011844	0.00454972	0.00429212	0.00358976	0.00851016	0.00991738	0.0105577	0.00676525	0.00597937	0.00846209	0.00771026	0.00703687	0.00312204	0.00721724	0.00547167	0.0073766	0.00758755	0.0109882	0.00856028	0.00535849	0.00846868	0.00597165	0.0065361	0.0107734	0.00666858	0.00501638	0.00668756	0.00873198	0.0084628	0.00833178	0.00442585	0.0098809	0.00823711	0.008628	0.00845596	0.00837667	0.00881813	0.00932463	0.00456688	0.0085449399999999	0.0106059	0.00688295	0.00814926	0.00321242	0.00559704	0.0105028	0.0110521	0.00894643	0.00902173	0.0105565	0.0102603	0.0125672	0.00936604	0.00542422	0.00673099	0.00796534	0.00706881	0.00948732	0.00897055	0.0081122	0.00350714	0.00999732	0.00678617	0.0101133	0.00920108	0.00757336	0.00697694	0.00342812	0.00823876	0.00685649	0.005237	0.0100864	0.00693951	0.00806108	0.00857178	0.00377801	0.00764217	0.00570091	0.0093615	0.0111266	0.00398843	0.00868402	0.00947297	0.0109021	0.00765912	0.0105244	0.0123394	0.00706599	0.00375471	0.0101782	0.0101643	0.00773197	0.00307794	0.00570377	0.00695815	0.00838893	0.00865404	0.00547184	0.00970079	0.00709695	0.00920356	0.00224053	0.00269637	0.00997235	0.00299239	0.00327336	0.00439131	0.00178616	0.00806536	0.00909546	0.00827209	0.00822652	0.00599781	0.00899123	0.00407056	0.00974115	0.00564305	0.00946338	0.00833514	0.00856326	0.00821766	0.00532248	0.00588834	0.00948531	0.00899934	0.00401018	0.00995107	0.00695898	0.00536774	0.00837722	0.00867571	0.00778154
PWY-7858: (5Z)-dodecenoate biosynthesis II	0.000319012	0.000152619	2.95444e-05	0.000519618	0.000193694	0.0012449	0.000407499	0.00503994	0.000192851	0.000208255	0.00139612	0.000817187	0.00466085	0.00641903	0.00163003	0.000230995	0.0	0.000480973	0.0039971	3.20406e-05	5.58101e-05	1.83819e-05	0.0	0.000330334	0.00280956	0.00400373	9.92219e-05	0.00491769	0.00180361	0.00161147	0.000225629	0.0	5.85902e-05	0.000539834	0.000864731	0.00333695	0.000281281	0.0	0.00385557	0.00146061	0.000171952	0.000180907	0.00230104	0.00435761	0.00467082	0.000207902	0.000819196	1.52386e-05	0.000478082	3.75562e-05	0.00387578	0.00494321	0.00190515	0.0	0.000364521	8.09364e-05	0.00138088	0.00513286	0.00010853	0.00171755	0.000558117	0.0029029	0.0	0.000631003	3.73495e-05	0.000139673	0.0	0.0	0.00173553	0.0	0.000826083	0.00113605	0.0	0.0	0.00134393	0.000477574	0.0	0.0	5.97305e-05	0.00221755	2.5638e-05	0.0	0.0	0.0	0.000150881	0.0	0.0	0.00218397	0.0	0.0	0.0	1.75954e-05	0.00276154	0.000671401	0.0	0.0	0.0	0.0	0.000251013	0.0	0.0	0.0	5.29089e-05	0.000259052	0.0	0.000763575	0.000535317	0.000955538	0.000172177	0.00291537	0.0	0.0	0.0	0.0	0.000273395	0.000507027	0.00298756	0.000309821	0.0	0.00167937	0.0	0.000429851	0.0	0.0	0.00034952	0.0	0.000907441	1.56703e-05	0.0	0.00103976	0.0	0.0	0.0	0.000141827	0.000140832	0.0	0.000277951	0.00188746	0.0	0.0	0.00046724	0.00356601	0.0016052	0.0009343	0.000205606	3.22986e-05	0.00163004	0.0	0.000139039	0.000140119	0.00328131	0.00362427	0.0	0.00235398	0.00407402	0.00225428	0.00178094	0.000756025	0.0	0.000143136	0.000354309	0.000886015	0.000165211	0.00382635	0.0	0.00141885	0.000325904	0.000649513	0.000559471	6.66734e-05	0.0011987	0.00149324	0.000180142	0.000848265	0.00365288	0.0	0.000631125	0.00653319	8.80997e-05	9.49469e-05	0.000226256
PWY-7873: D-erythronate degradation II	0.0	5.23513e-06	0.0	2.71749e-05	0.0	0.0	0.0	0.0	0.0	7.87169e-06	0.000196737	0.000121123	7.39344e-06	2.08333e-05	4.91644e-05	0.0	0.0	1.68805e-05	0.000161333	0.0	0.0	0.0	0.0	1.79252e-05	0.0	0.0	0.0	0.000458693	0.000187228	0.0	0.0	0.0	0.0	0.0	9.02203e-05	9.6129e-05	0.0	0.0	9.54386e-07	0.000588688	0.0	0.0	6.16697e-05	0.000312678	0.0	4.33117e-05	1.73235e-05	0.0	8.13234e-06	0.0	0.00014332	5.33284e-05	0.0	0.0	0.0	0.0	0.0	2.32677e-05	9.94971e-06	0.0	0.0	0.0	0.0	4.78096e-05	0.0	2.79721e-05	0.0	0.0	4.1884e-05	0.0	8.4959e-05	6.29054e-06	0.0	0.0	8.19517e-05	3.90281e-05	0.0	0.0	0.0	0.000147923	0.0	0.0	0.0	0.0	0.0	0.0	0.0	5.06818e-05	0.0	0.0	0.0	0.0	0.000154343	8.92954e-05	0.0	0.0	0.0	0.0	0.0	0.0	0.0	0.0	0.0	0.0	0.0	6.6085e-06	0.0	3.76923e-05	1.11105e-05	0.000100434	0.0	0.0	0.0	0.0	0.0	0.0	0.000282642	1.41277e-05	0.0	9.43546e-05	0.0	2.52161e-05	0.0	0.0	0.0	0.0	0.000104095	0.0	0.0	0.00018097	0.0	0.0	0.0	0.0	3.20753e-06	0.0	0.0	0.000190239	0.0	0.0	0.0	7.40127e-05	0.0	3.66494e-05	0.0	0.0	0.000139609	0.0	2.64281e-05	0.0	0.000594542	0.000208145	0.0	5.82177e-05	8.20507e-05	0.000219988	3.55091e-05	2.99007e-05	0.0	3.61607e-05	0.0	0.000127906	0.0	2.37072e-05	0.0	0.000194818	0.0	2.10579e-05	3.69691e-05	0.0	0.0	0.0	1.03612e-05	0.0	0.000189725	0.0	3.99991e-05	1.17653e-05	0.0	0.0	1.93237e-05
PWY-7874: L-threonate degradation	0.0	5.23513e-06	0.0	4.21825e-05	2.44356e-05	1.12517e-05	3.89658e-05	0.0	0.0	3.46538e-05	0.00040518	0.000121123	4.4351e-05	2.08333e-05	0.000216107	0.0	0.0	3.91366e-05	0.000242515	0.0	0.0	0.0	0.0	1.79252e-05	0.0	0.0	0.0	0.000458693	0.000377595	0.0	0.0	0.0	0.0	7.31882e-05	9.02203e-05	0.000197008	1.17003e-05	0.0	9.54386e-07	0.000610211	0.0	2.20089e-05	6.16697e-05	0.000356902	0.0	6.9342e-05	3.24306e-05	0.0	6.03662e-05	0.0	0.00014332	5.33284e-05	0.00016815	0.0	0.0	0.0	0.0	2.32677e-05	1.99775e-05	5.24561e-05	0.0	0.0	0.0	4.78096e-05	0.0	2.79721e-05	0.0	0.0	0.000119588	0.0	8.4959e-05	1.43837e-05	0.0	0.0	8.19517e-05	3.94576e-05	0.0	0.0	8.79096e-06	0.000165138	0.0	0.0	0.0	0.0	7.13744e-06	0.0	0.0	7.13101e-05	0.0	0.0	0.0	0.0	0.000216398	0.000110259	0.0	0.0	0.0	0.0	0.0	0.0	0.0	0.0	8.60407e-06	2.72055e-05	0.0	9.30827e-06	0.0	6.56232e-05	1.54401e-05	0.000115064	0.0	0.0	0.0	0.0	0.0	0.0	0.000433546	1.41277e-05	0.0	0.000139905	0.0	3.81347e-05	0.0	0.0	3.03131e-05	0.0	0.000106403	9.01962e-06	0.0	0.00018097	0.0	0.0	0.0	0.0	3.20753e-06	0.0	0.0	0.000190239	0.0	0.0	0.0	7.40127e-05	0.0	8.25573e-05	0.0	0.0	0.000139609	0.0	3.23524e-05	0.0	0.00063198	0.000313522	0.0	5.82177e-05	0.000122807	0.000250838	8.70252e-05	3.45777e-05	0.0	4.1706e-05	0.0	0.000213883	0.0	3.04472e-05	0.0	0.000194818	1.00131e-05	2.10579e-05	6.40435e-05	0.0	0.0	0.000215975	2.42534e-05	0.0	0.000201654	0.0	9.78369e-05	1.17653e-05	7.78858e-06	0.0	1.93237e-05
PWY-7883: anhydromuropeptides recycling II	0.000255308	0.00170745	0.000188988	0.00103963	6.27577e-05	0.00131206	0.000250238	0.0021012	0.0003251	0.000440895	0.0014152	0.000413746	0.000360421	0.00135237	0.000776226	0.000337039	0.0	0.000916225	0.00221541	0.000152494	0.000300646	0.000608129	0.000170447	0.000230269	0.000619892	0.000242577	0.00150172	0.00132009	0.000377685	0.00123773	0.000786717	0.000330674	2.68453e-05	0.00052922	0.000604266	0.003116	6.93569e-05	0.000175363	0.00356972	0.00154998	0.000580688	0.00043128	0.00130397	0.0021138	0.00216236	0.000407477	0.000997381	0.000541941	0.000733715	0.0	0.000694268	0.00381155	0.000900969	0.0	0.000389415	0.0	0.000872392	0.000892068	0.000210646	0.00100001	0.000298278	0.000307524	0.0	0.00191914	6.49289e-05	0.000217524	0.000168798	0.0	0.000742001	0.0	0.00077607	0.00119332	0.000685518	0.00120848	0.000718849	0.000409435	0.000205236	0.0	0.000712641	0.00104838	0.000463679	0.0	6.3946e-05	0.0	9.52713e-05	0.000714528	0.0	0.000362635	0.00150839	0.000971539	0.000101226	0.0	0.00174901	0.000113323	0.000232956	0.0013339	3.51527e-05	0.000800251	0.000660832	0.000259505	5.1446e-05	0.000262679	0.000918785	0.00115791	0.000272648	0.000858667	0.000127238	0.000440767	0.000116331	0.00160076	0.000330497	0.0	0.000388981	2.7119e-05	0.000612777	0.000385422	0.00066724	0.000273636	5.1849e-05	0.000173105	3.09535e-05	0.000195695	0.000492628	0.000830241	0.000251111	0.000404796	0.00100373	1.41265e-05	0.00160182	0.00163257	0.000322693	0.000305024	0.0	0.000929364	0.000388268	0.000139113	0.00108914	0.0012291	0.000809275	8.01398e-05	0.00036113	0.0034414	0.0015151	8.41638e-05	0.000799818	1.40845e-05	0.000643741	0.000609358	0.000711919	0.000124908	0.00121574	0.00368221	0.00154772	0.00181588	0.00340373	0.00119531	0.000225606	0.000955297	0.000784105	3.0531e-05	0.000334174	0.000289435	9.25648e-05	0.00065341	0.000307649	0.00112836	0.000193927	0.000973823	0.000704223	0.0001991	0.000798535	0.00153867	0.000330905	0.00130603	0.00213768	0.000503293	0.000164587	0.000880635	0.000603287	0.000892543	9.40807e-05
PWY-7942: 5-oxo-L-proline metabolism	0.0	0.000126214	3.35871e-05	0.000353973	0.000284845	0.00103496	0.000384169	0.0	0.000102384	0.000498234	0.0	0.000675677	0.000180016	0.00197582	0.0011451	0.000262114	0.0	0.000370055	0.00121707	0.0	0.0	0.0	0.0	0.000389764	0.000382757	0.000442031	0.000167194	0.00145541	0.000696859	0.000445553	0.000194944	0.0	0.0	0.000353935	0.000575866	0.000915462	0.000373377	0.000245426	0.00306192	0.000637162	0.000204252	6.51941e-05	0.0014979	0.00134548	0.00315726	0.00016428	0.000756299	0.0	0.000367723	0.00149809	0.00118655	0.000410695	0.000638482	0.0	0.0	0.00066662	0.00110755	0.000377327	0.000249435	0.000647386	0.00034671	0.00146934	0.000198175	0.000689335	0.0	0.000126368	0.0	0.0	0.000805254	0.0	0.000184234	0.000594678	3.34741e-05	0.0	0.000924843	0.000752463	0.0	0.000212564	8.03588e-05	0.000976558	0.000131241	0.0	0.0	0.0	0.000245012	0.0	0.000910634	0.000751451	0.0	0.0	0.0	0.0	0.00117136	0.000378958	0.000262623	0.0	0.000590193	0.0	0.00075288	0.00152652	0.00318171	0.00110601	0.000233948	0.000576494	0.0	0.000607606	9.30741e-05	0.00085326	8.9245e-05	0.00133922	2.73537e-05	0.0	4.56397e-05	0.000736913	0.000616486	0.000727405	0.000973342	8.97898e-05	0.0	0.00118456	0.0	0.000875433	0.0	0.0	0.000873211	0.0	0.000663264	4.72507e-05	0.0	0.000157327	0.0	0.0	0.0	1.99463e-05	0.000145427	0.0	0.000279666	0.000234695	0.0	0.0	0.000560133	0.00308154	0.00128756	0.000466199	0.000201084	0.00023474	0.000680642	3.80415e-06	0.000339512	0.000298582	0.000519295	0.00258009	0.0	0.000847057	0.00102194	0.00161445	0.000486384	0.000735899	0.0	0.000166704	0.00017988	0.00033231	0.000199764	0.000214834	0.0	0.000636221	0.000135636	0.000170507	0.000322376	8.00568e-05	0.00129087	0.000646154	0.000143877	0.0	0.000476783	0.0	0.000679924	0.000551344	3.24498e-05	0.0	0.000104281
PWY-7953: UDP-N-acetylmuramoyl-pentapeptide biosynthesis III (meso-diaminopimelate containing)	0.0127843	0.00898263	0.0109471	0.0101462	0.00479313	0.00734458	0.0101741	0.00245995	0.0121644	0.0109074	0.00591533	0.00789254	0.00174535	0.00336653	0.00612029	0.00996051	0.0128659	0.00833703	0.00419225	0.011554	0.00978025	0.0122866	0.0123194	0.0120608	0.00541935	0.00732608	0.0117592	0.0041232	0.00549672	0.00912965	0.0126872	0.0123402	0.0124707	0.00863002	0.00761113	0.00383915	0.0115356	0.0125551	0.00357137	0.0103886	0.0117236	0.0111839	0.00634801	0.00408745	0.00439473	0.00877287	0.00751815	0.0114368	0.00878594	0.0129586	0.00485817	0.00491716	0.00555783	0.00957012	0.00983412	0.0121875	0.00851848	0.00291785	0.0108221	0.00784682	0.00928458	0.00386966	0.011029	0.00682406	0.0110379	0.0116272	0.0127626	0.0100358	0.00979376	0.0110039	0.00846698	0.00739232	0.011392	0.00852776	0.0105272	0.0106939	0.0102934	0.0114237	0.0118368	0.00577399	0.0102057	0.0113509	0.0114966	0.0137754	0.0100114	0.0111293	0.0122381	0.0119316	0.00861672	0.0119301	0.0185896	0.0116934	0.00480078	0.00741321	0.013124	0.0112782	0.0106708	0.0118291	0.0118228	0.0128206	0.0154689	0.0100162	0.0118032	0.00874528	0.0120619	0.00937485	0.00966073	0.0104008	0.0081973	0.00548793	0.0138575	0.0104977	0.011671	0.0105835	0.0188251	0.0102652	0.0051643	0.00947321	0.014362	0.0057936	0.0136627	0.0090132	0.0109103	0.00963548	0.0146532	0.00906615	0.00700688	0.0110919	0.0110902	0.00518632	0.0108037	0.0125633	0.0138308	0.0101519	0.012615	0.0184092	0.0109227	0.00562139	0.0118576	0.0150192	0.00938044	0.00381745	0.00688265	0.00759716	0.0131355	0.00978761	0.00692397	0.012569	0.00966167	0.00962187	0.00364809	0.00369088	0.0117463	0.00507584	0.00363034	0.00516007	0.00259974	0.010952	0.0102059	0.00898894	0.00991408	0.00779666	0.012274	0.00476803	0.0127663	0.00639482	0.011918	0.00914816	0.009208	0.0104208	0.00695612	0.00672654	0.00946576	0.0104915	0.00440992	0.0114008	0.00836609	0.00324875	0.00886435	0.00943207	0.00973239
PWY-7977: L-methionine biosynthesis IV	0.0107225	0.00576786	0.0101533	0.00858097	0.000949694	0.00681719	0.00629892	0.00137609	0.00479006	0.00861645	0.00611453	0.00671171	0.000756864	0.00424438	0.00566148	0.00785044	0.00827302	0.0067407	0.00577177	0.00778083	0.0113465	0.00957241	0.0106533	0.00983341	0.00610009	0.00588955	0.00765223	0.00528027	0.00533583	0.00738153	0.0112306	0.00972143	0.0098135	0.00877167	0.00663601	0.00568711	0.00755147	0.00870236	0.00652259	0.00883817	0.00879309	0.00984458	0.00704172	0.00518463	0.00702338	0.00926554	0.0057528	0.00791727	0.00697029	0.0116391	0.00511843	0.00462005	0.00580457	0.0100702	0.00533242	0.0109895	0.00827024	0.00260886	0.00958336	0.00382512	0.00757463	0.00587244	0.00359437	0.00527634	0.00965586	0.00983464	0.00722869	0.0112918	0.00626762	0.0133686	0.00903806	0.0057008	0.00920888	0.0138064	0.00993302	0.00817584	0.00839437	0.00920732	0.00728237	0.00430207	0.00747287	0.0102756	0.0133566	0.00869603	0.00849529	0.00527566	0.00955857	0.0109895	0.00799845	0.0078021	0.0170391	0.0087729	0.00508288	0.00643295	0.00920916	0.00921318	0.00865501	0.0084117	0.00561479	0.0113466	0.0100847	0.007931	0.0138297	0.00796698	0.00975372	0.00841591	0.00642263	0.0070841	0.0067484	0.00598986	0.0172301	0.0087338	0.00705582	0.00773773	0.00905636	0.0077217	0.00603666	0.00732506	0.0103552	0.0052824	0.00797057	0.0069016	0.00905095	0.010494	0.00759388	0.00876352	0.00591241	0.00892641	0.00930289	0.00577418	0.0114437	0.00782304	0.00604382	0.0140214	0.00509977	0.0182359	0.00715056	0.00515973	0.00709194	0.0148129	0.0075692	0.00610386	0.00710478	0.0079641	0.00656228	0.00820946	0.00579763	0.0104527	0.00894212	0.00744773	0.00625857	0.00563359	0.00860719	0.00488098	0.00574394	0.00518224	0.00234907	0.00666841	0.00750911	0.00897691	0.00898891	0.00781724	0.00953084	0.0029831	0.0101151	0.00689135	0.00693651	0.00847519	0.00754905	0.00888721	0.00756791	0.00724224	0.00725157	0.00893598	0.00631213	0.00977892	0.00816082	0.00264469	0.00741583	0.00797423	0.00993722
PWY-7992: superpathway of menaquinol-8 biosynthesis III	0.000175055	0.0	0.000786593	0.000127644	0.0	0.0	6.81955e-05	0.0	0.000734732	0.000153787	0.0	0.0	0.0	0.0	0.0	0.00107919	0.0	0.0	0.0	0.000390861	0.000946707	0.0	0.0	0.00113404	0.0	0.0	0.0	0.0	0.0	0.0	0.000506056	0.00172825	0.000135955	0.00011547	0.000350392	0.0	0.0	0.000664746	0.0	0.00100792	0.000155913	0.0	0.0	0.0	0.0	0.0	6.50837e-05	0.00125744	0.000396966	0.000339778	0.0	0.0	0.0	0.0	0.00161579	0.000136116	0.0	0.0	0.00046031	0.000492499	0.0	6.2679e-06	0.0	0.0	0.00133024	0.0	0.000576131	0.0	0.00129315	0.0	0.0	0.0	0.000136177	0.00133633	0.000174283	0.000168905	0.0	0.0	0.000151277	0.0	0.0	0.0	0.0	0.0	0.000141647	0.0	0.00130513	0.0	0.000310124	0.0	0.000251056	0.000255214	0.0	0.0	0.000741247	0.0	0.0	0.000936758	0.000199353	0.00147011	0.0	0.000130267	0.0	0.0	0.000335079	0.000228157	5.98171e-05	0.00165762	0.0	0.0	0.000196065	0.0	0.00076191	0.0	0.000373145	0.000797623	2.97977e-05	0.000654557	0.0	0.0	0.000699676	0.0	0.000823172	0.0	0.0	0.0	0.0	0.00230087	0.0	0.00191673	0.000897916	0.0	0.0023857	0.0	0.0	0.0	0.0	0.0	0.000612671	0.0	0.000236897	0.0	0.0	0.0	0.000307616	0.0	0.000811336	0.000174293	0.000721158	0.0	0.0	0.0	0.000341544	0.0	0.0	0.0	0.0	0.000172942	0.0	0.0	0.0	0.00126054	0.000164784	0.0	0.000497875	0.000225827	0.00120868	6.74914e-05	0.000177736	0.0	0.0	0.0	0.000323381	0.0	0.0	0.000353262	0.00125053	0.0	0.0	4.66558e-05	0.0
PWY-8004: Entner-Doudoroff pathway I	0.00172867	0.00132437	0.00279398	0.00256152	0.000936649	0.00290257	0.0024502	0.00368013	0.00188021	0.00250801	0.00212808	0.00347937	0.00476666	0.0039051	0.00353825	0.00312535	0.00415435	0.002422	0.00331716	0.0026571	0.00261636	0.00223062	0.0011543	0.00246312	0.00319057	0.00294657	0.00216863	0.00423023	0.00305868	0.00243881	0.00220639	0.00263176	0.00207817	0.00273603	0.00281267	0.00327977	0.00295936	0.00226926	0.00303358	0.00197538	0.000974529	0.0026345	0.00144999	0.00420622	0.00276489	0.00355368	0.00198757	0.00191646	0.0036836	0.00181786	0.00346841	0.00328016	0.00490912	0.0	0.00180339	0.00147333	0.00194393	0.00335787	0.00348722	0.00249449	0.00347882	0.00159399	0.00057124	0.0014135	0.00138269	0.00199597	0.00255685	0.00292738	0.00225156	0.00290908	0.00257541	0.00239693	0.000510007	0.000970294	0.00145001	0.00190258	0.00125113	0.00343697	0.0016626	0.00260646	0.00348282	0.00203952	0.000322315	0.00273232	0.00150683	0.00295976	0.00313338	0.00165588	0.00195764	0.00219176	0.00111181	0.00102315	0.00348144	0.00306265	0.00205087	0.00176065	0.00328642	0.00252935	0.00265595	0.00170896	0.000917571	0.00201238	0.00134351	0.00243978	0.00153952	0.00365368	0.00204443	0.00262388	0.00211057	0.00243476	0.0019471	0.0018536	0.00231037	0.00357589	0.000828305	0.00251105	0.00291694	0.0023353	0.000862307	0.00348319	0.000512627	0.00321883	0.00285649	0.00297445	0.00134257	0.00286301	0.00251901	0.00174746	0.00109626	0.00222755	0.00170937	0.00219344	0.00200637	0.00131006	0.00183174	0.000726125	0.00142136	0.00349273	0.00203143	0.000407467	0.00230362	0.00317936	0.00301459	0.00303351	0.00172433	0.00196284	0.00289863	0.0018429	0.00197355	0.000591688	0.00395476	0.00342285	0.00141111	0.00342072	0.00332386	0.00319056	0.00259958	0.00226052	0.000586351	0.00329021	0.00284338	0.00315473	0.00150368	0.00316024	0.0015245	0.00433024	0.00234151	0.00285059	0.00299337	0.0024106	0.00332681	0.00291515	0.00253721	0.00238074	0.00398503	0.00212597	0.00247346	0.00310986	0.00323395	0.00243439	0.00201644
PWY-8011: L-serine biosynthesis II	0.0	0.0	0.0	0.0	8.25724e-05	0.0	0.0	0.0	0.0	0.0	0.0	0.0	0.0	0.0	0.0	0.0	0.0	0.0	0.0	0.0	0.0	0.0	0.0	0.0	0.0	0.0	0.0	0.0	0.0	0.0	0.0	0.0	0.0	0.0	0.0	0.0	0.0	0.0	0.0	0.0	0.0	0.0	0.0	0.0	0.0	0.0	0.0	0.0	0.0	0.0	0.0	0.0	0.0	0.0	0.0	0.0	0.0	0.0	0.0	0.0	0.0	0.0	0.0	0.0	0.0	0.0	0.0	0.0	0.0	0.0	0.0	0.0	0.0	0.0	0.0	0.0	0.0	0.0	0.0	0.0	0.0	0.0	0.0	0.0	0.0	0.0	0.0	0.0	0.0	0.0	0.0	0.0	0.0	0.0	0.0	0.0	0.0	0.0	0.0	0.0	0.0	0.0	0.0	0.0	0.0	0.0	0.0	0.0	0.0	0.0	0.0	0.0	0.0	0.0	0.0	0.0	0.0	0.0	0.0	0.0	0.0	0.0	0.0	0.0	0.0	0.0	0.0	0.0	0.0	0.0	0.0	0.0	0.0	0.0	0.0	0.0	0.0	0.0	0.0	0.0	0.0	0.0	0.0	0.0	0.0	0.0	0.0	0.0	0.0	0.0	0.0	0.0	0.0	0.0	0.0	0.0	0.0	0.0	0.0	0.0	0.0	0.0	0.0	0.0	0.0	0.0	0.0	0.0	0.0	0.0	0.0	0.0	0.0	0.0	0.0	0.0	0.0	0.0	0.0	0.0	0.0
PWY-801: homocysteine and cysteine interconversion	1.02088e-05	3.23528e-05	0.0	0.000150011	4.85411e-05	0.00033652	0.000145007	0.00121931	6.90285e-05	0.000128195	0.000846257	0.000551016	0.00022195	0.00141057	0.00094123	0.000104014	0.0	0.000328945	0.000425188	2.60507e-05	0.0	0.0	0.0	4.67915e-05	0.000907817	0.000442953	3.52427e-05	0.00128248	0.000771566	0.000414834	6.45939e-05	0.0	1.87874e-05	0.000337816	0.000482011	0.0	0.000169725	0.0	1.6178e-05	0.000599298	4.51067e-05	0.0	0.000316405	0.00119188	0.000526561	0.000144782	0.0004817	0.0	0.000321083	0.0	0.000543223	0.000741682	0.000242699	0.0	0.0001188	0.0	2.69095e-05	9.41297e-05	7.07038e-05	0.00042571	6.60841e-06	0.000153796	0.0	0.000175418	0.0	0.00011844	2.26503e-05	0.0	0.0	0.0	8.65908e-05	6.98815e-05	0.0	0.0	0.000432216	0.000234964	0.0	0.0	1.56122e-05	0.00107805	2.34278e-05	5.03903e-05	0.0	0.0	6.24838e-05	0.0	0.0	0.000309589	0.0	0.0	0.0	0.0	0.000201144	0.000519381	0.0	0.0	0.0	0.0	3.84388e-05	0.0	2.0787e-05	8.25998e-05	4.35864e-05	0.000171441	0.0	0.000234085	7.53424e-05	0.000282924	7.40893e-05	0.000307973	0.0	0.0	0.0	0.0	0.0	5.34691e-05	0.000775696	0.000117359	0.0	0.000666212	0.0	0.000178742	0.0	0.0	0.000210341	0.0	0.000585638	0.0	0.0	0.000126719	0.0	0.0	0.0	0.0	2.91058e-05	0.0	0.000145607	0.00102577	7.6573e-06	0.0	0.000371544	0.0	0.000221822	0.000212769	0.000134748	3.15435e-05	0.0	0.0	8.10329e-05	0.000111421	0.00146258	6.00861e-05	0.0	9.68796e-05	0.000540144	0.000759263	0.000243151	0.00026009	0.0	0.000115692	6.76218e-05	0.000531689	6.58775e-05	0.000172755	1.16913e-05	0.000494746	5.94634e-05	8.73765e-05	0.000158822	8.7012e-05	0.000613897	0.000449151	7.47508e-05	4.64288e-05	0.000721278	0.0	0.000369914	0.000323727	2.47958e-05	0.0	6.55405e-05
PWY-8073: lipid IVA biosynthesis (P. putida)	0.00063073	0.00248432	0.00198464	0.00219996	0.000135734	0.00200939	0.00174139	0.00150677	0.00158458	0.00221851	0.00366365	0.00234671	0.000466961	0.00190047	0.0036253	0.000952579	0.0012004	0.00258221	0.00358271	0.00205341	0.00244023	0.00189727	0.0016645	0.00112838	0.00315361	0.00243512	0.0049644	0.00218772	0.00319855	0.00223659	0.00264681	0.00121265	0.00200232	0.00188591	0.00221604	0.00361714	0.00185219	0.00216666	0.00350923	0.00356954	0.00086098	0.00591837	0.0028861	0.00283697	0.0033077	0.00135443	0.00178787	0.00467039	0.00407722	0.00393728	0.00193573	0.00387741	0.00345964	0.00140015	0.000914684	0.00495205	0.00255922	0.00075481	0.00179474	0.00237459	0.00188148	0.00342356	0.0	0.00226182	0.0010095	0.00424588	0.00458735	0.00390458	0.00386021	0.00355467	0.00503389	0.00293615	0.00168249	0.00304078	0.00255772	0.0018442	0.00247203	0.00280561	0.00311691	0.00289561	0.00235327	0.00567272	8.17359e-05	0.00366024	0.00256621	0.00204099	0.000887961	0.00177516	0.00253346	0.0032564	0.00081883	0.00644778	0.00282087	0.00264886	0.00225963	0.00421934	0.00147193	0.00157711	0.00180548	0.00130227	0.000445023	0.00175229	0.00177413	0.00255172	0.00129661	0.00393621	0.00146965	0.00396923	0.00139375	0.00251276	0.000919051	0.000616517	0.00290335	0.0017323	0.00133224	0.00132808	0.00317248	0.00191451	0.000418608	0.00206559	0.000127651	0.00251346	0.00298711	0.00362296	0.0020813	0.00243335	0.00299864	0.00471976	0.00590695	0.00369518	0.0023212	0.00257768	0.003573	0.00582512	0.00125183	0.000424686	0.00358352	0.00306596	0.00312223	0.00200004	0.00191476	0.00307926	0.00222244	0.00564843	0.00175114	0.00548169	0.0028594	0.00269589	0.00253803	0.000395666	0.00346519	0.00354601	0.00325283	0.00275384	0.00349873	0.00187429	0.000448532	0.00166085	0.00268481	0.00279099	0.000967471	0.00338743	0.000661414	0.00106942	0.000769271	0.00299644	0.00188943	0.00215057	0.00313867	0.00115547	0.00235141	0.00320996	0.00228808	0.00227588	0.00359484	0.00179465	0.00203609	0.00122518	0.000889144	0.0019917	0.00296965
PWY-8085: picolinate degradation	0.0	0.0	0.0	0.0	0.0	0.0	0.0	0.0	0.0	0.0	0.0	0.0	0.0	0.0	0.0	0.0	0.0	0.0	0.0	0.0	0.0	0.0	0.0	0.0	0.0	0.0	0.0	0.0	0.0	0.0	0.0	0.0	0.0	0.0	0.0	0.0	0.0	0.0	0.0	0.0	0.0	0.0	0.0	0.0	0.00122069	0.0	0.0	0.0	0.0	0.0	0.0	0.0	0.0	0.0	0.0	0.0	0.0	0.0	0.0	0.0	0.0	0.0	0.0	0.0	0.0	0.0	0.0	0.0	0.0	0.0	0.0	0.0	0.0	0.0	0.0	0.0	0.0	0.0	0.0	0.0	0.0	0.0	0.0	0.0	0.0	0.0	0.0	0.0	0.0	0.0	0.0	0.0	0.0	0.0	0.0	0.0	0.0	0.0	0.0	0.0	0.0	0.0	0.0	0.0	0.0	0.0	0.0	0.0	0.0	0.0	0.0	0.0	0.0	0.0	0.0	0.0	0.0	0.0	0.0	0.0	0.0	0.0	0.0	0.0	0.0	0.0	0.0	0.0	0.0	0.0	0.0	0.0	0.0	0.0	0.0	0.0	0.0	0.0	0.0	0.0	0.0	0.0	0.0	0.0	0.0	0.0	0.0	0.0	0.0	0.0	0.0	0.000113267	0.0	0.0	0.0	0.0	0.0	0.0	0.0	0.0	0.0	0.0	0.0	0.0	0.0	0.0	0.0	0.0	0.0	0.0	0.0	0.0	0.0	0.0	0.0	0.0	0.0	0.0	0.0	0.0	0.0
PWY-8086: (S)-lactate fermentation to propanoate, acetate and hydrogen	0.0	3.28095e-05	0.0	8.37579e-05	1.13251e-05	0.0	5.93119e-05	0.0	2.03718e-05	0.000126812	0.0	3.3774e-05	0.0	0.0	0.0	6.02488e-05	0.0	1.0808e-05	0.0	0.0	0.0	0.0	0.0	9.38506e-05	0.000116159	0.0	9.37702e-06	0.0	0.000178714	0.000166331	5.70705e-05	0.0	0.0	0.00011597	3.11993e-05	0.0	0.0	0.0	0.0	0.000320809	0.0	0.0	0.000104435	0.0	0.0	0.0	0.00016263	0.0	0.0	0.0	0.000180647	0.0	0.0003836	0.0	0.0	0.0	0.0	0.0	4.06664e-05	6.84134e-05	0.0	1.7622e-05	0.0	0.000190541	0.0	0.0	0.0	0.0	0.000164758	0.0	0.0	0.0	0.0	0.0	0.0	0.00014583	0.0	0.0	0.0	0.0	6.11709e-06	0.0	0.0	0.0	2.11668e-05	0.0	0.0	0.000200498	0.0	0.0	0.0	0.0	7.5295e-05	0.0	0.0	0.0	0.0	0.0	0.0	0.0	1.54162e-05	2.1197e-05	0.0	4.77057e-05	0.0	4.96439e-05	3.65456e-06	0.000130199	0.0	0.0	1.22585e-05	0.0	0.0	0.0	0.0	0.0	0.000578513	1.56045e-05	0.0	4.14689e-05	0.0	0.000120597	0.0	0.0	0.000103648	0.0	0.0	0.0	0.0	7.08203e-05	0.0	0.0	0.0	0.0	2.48034e-05	0.0	7.96517e-05	8.0311e-06	0.0	0.0	0.000110604	0.000144551	0.0	0.00011064	9.30704e-05	8.59171e-06	0.000108657	0.0	7.19216e-05	0.0	0.0	0.0	0.0	0.000133345	0.0	0.0	0.0	0.0	0.0	0.0	3.34583e-05	0.000296276	7.38468e-05	0.0	0.0	0.0	0.0	3.82053e-05	6.8521e-05	0.0	0.000174777	0.0	6.90137e-05	0.0	0.000229801	2.68101e-05	0.000275388	3.26463e-05	0.0	0.0	0.0
PWY-8112: factor 420 biosynthesis I (archaea)	0.0	0.0	0.0	0.0	0.0	0.0	0.0	0.0	0.0	0.0	0.0	0.0	0.0	0.0	0.0	0.0	0.0	0.0	0.0	0.0	0.0	0.0	0.0	0.0	0.0	0.0	0.0	0.0	0.0	0.0	0.0	0.0	0.0	0.0	0.0	0.0	0.0	0.0	0.0	0.0	0.0	0.0	0.0	0.0	0.0	0.0	0.0	0.0	0.0	0.0	0.0	0.0	0.0	0.0	0.0	0.0	0.0	0.0	0.0	0.0	0.0	0.0	0.0	0.0	0.0	0.0	0.0	0.0	0.0	0.0	0.0	0.0	0.0	0.0	0.0	0.0	0.0	0.0	0.0	0.0	0.0	0.0	0.0	0.0	0.0	0.0	0.0	0.0	0.0	0.0	0.0	0.0	0.0	0.0	0.0	0.0	0.0	0.0	0.0	0.0	0.0	0.0	0.0	0.0	0.0	0.0	0.0	0.0	0.0	0.0	0.0	0.0	0.0	0.0	0.0	0.0	0.0	0.0	0.0	0.0	0.0	0.0	0.0	0.0	0.0	0.0	0.0	0.0	0.0	0.0	0.0	0.0	0.0	0.0	0.0	0.0	0.0	0.0	0.0	0.0	0.0	0.0	0.0	0.0	0.0	0.0	0.0	0.0	0.0	0.0	0.0	0.0	0.0	0.0	0.0	0.0	0.0	6.1062e-05	0.0	0.0	0.0	0.0	6.63182e-05	0.0	0.0	0.0	0.0	0.0	0.0	0.0	0.0	0.0	0.0	0.0	0.0	0.0	9.15071e-06	0.0	0.0	0.0	0.0
PWY-8113: 3PG-factor 420 biosynthesis	0.0	0.0	0.0	0.0	0.0	0.0	0.0	0.0	0.0	0.0	0.0	0.0	0.0	0.0	0.0	0.0	0.0	0.0	0.0	0.0	0.0	0.0	0.0	0.0	0.0	0.0	0.0	0.0	0.0	0.0	0.0	0.0	0.0	0.0	0.0	0.0	0.0	0.0	0.0	0.0	0.0	0.0	0.0	0.0	0.0	0.0	0.0	0.0	0.0	0.0	0.0	0.0	0.0	0.0	0.0	0.0	0.0	0.0	0.0	0.0	0.0	0.0	0.0	0.0	0.0	0.0	0.0	0.0	0.0	0.0	0.0	0.0	0.0	0.0	0.0	0.0	0.0	0.0	0.0	0.0	0.0	0.0	0.0	0.0	0.0	0.0	0.0	0.0	0.0	0.0	0.0	0.0	0.0	0.0	0.0	0.0	0.0	0.0	0.0	0.0	0.0	0.0	0.0	0.0	0.0	0.0	0.0	0.0	0.0	0.0	0.0	0.0	0.0	0.0	0.0	0.0	0.0	0.0	0.0	0.0	0.0	0.0	0.0	0.0	0.0	0.0	0.0	0.0	0.0	0.0	0.0	0.0	0.0	0.0	0.0	0.0	0.0	0.0	0.0	0.0	0.0	0.0	0.0	0.0	0.0	0.0	0.0	0.0	0.0	0.0	0.0	0.0	0.0	0.0	0.0	0.0	0.0	5.01876e-05	0.0	0.0	0.0	0.0	6.63182e-05	0.0	0.0	0.0	0.0	0.0	0.0	0.0	0.0	0.0	0.0	0.0	0.0	0.0	9.15071e-06	0.0	0.0	0.0	0.0
PWY-8125: mevalonate pathway IV (archaea)	0.0	0.0	0.0	0.0	0.0	0.0	0.0	0.0	0.0	0.0	0.0	0.0	0.0	0.0	0.0	0.0	0.0	0.0	0.0	0.0	0.0	2.40415e-05	0.0	0.0	0.0	0.0	0.0	0.0	0.0	0.0	0.0	0.0	0.0	0.0	0.0	0.0	0.0	0.0	0.0	0.0	0.0	0.0	0.0	0.0	0.0	0.0	0.0	0.0	0.0	0.0	0.0	0.0	0.0	0.0	0.0	0.0	0.0	0.0	0.0	0.0	0.0	0.0	0.0	0.0	0.0	0.0	0.0	0.0	0.0	0.0	0.0	0.0	0.0	0.0	0.0	0.0	0.0	0.0	0.0	0.0	0.0	0.0	0.0	0.0	0.0	0.0	0.0	0.0	0.0	0.0	0.0	0.0	0.0	0.0	0.0	0.0	0.0	0.0	0.0	0.0	0.0	0.0	0.0	0.0	0.0	0.0	0.0	0.0	0.0	0.0	0.0	0.0	0.0	0.0	0.0	0.0	0.0	2.14393e-05	0.0	0.0	0.0	0.0	0.0	0.0	0.0	0.0	0.0	0.0	0.0	0.0	0.0	0.0	0.0	0.0	0.0	0.0	0.0	0.0	0.0	0.0	0.0	0.0	0.0	0.0	0.0	0.0	0.0	0.0	0.0	0.0	0.0	0.0	0.0	0.0	0.0	0.0	0.0	0.0	0.0	0.0	0.0	0.0	0.0	0.0	0.0	0.0	0.0	0.0	0.0	0.0	0.0	0.0	0.0	0.0	0.0	0.0	0.0	0.0	0.0	0.0	0.0
PWY-8131: 5'-deoxyadenosine degradation II	7.69023e-05	0.0024549	0.000178851	6.51904e-05	0.0	0.000816149	4.36642e-05	0.0	0.0	0.00028879	0.0	0.000157921	0.0	0.00193995	0.0	0.000462625	0.000372534	0.00109923	0.000666429	0.00125984	0.000329695	0.000244707	0.000458673	0.000217445	6.16966e-05	0.0	0.000500131	0.000499138	9.3943e-05	0.000491384	0.000373545	0.000183598	0.000194676	0.0	0.00040834	0.000893376	0.000286961	0.000197518	0.00260474	0.000106743	0.00133546	0.000747489	0.00140076	0.00143454	0.00318385	9.99501e-05	7.03509e-05	0.00058847	0.000162635	0.000719081	0.000925195	7.10929e-05	0.00111092	0.00100625	0.000476395	0.000369711	0.00112634	0.0014529	0.000490699	0.000133981	0.000914665	0.00250399	0.0	0.0037312	0.000195182	0.0004076	0.000535714	2.7401e-05	0.00129579	0.000198076	0.000167773	0.00111232	0.000306627	0.000240011	0.000993097	0.000175726	0.000286839	0.000267429	0.00104712	0.000108385	0.000812438	0.000592747	6.50538e-05	0.00171557	0.000167996	0.000171018	0.0	0.000141616	0.000239339	0.000288072	0.000227548	0.00137451	0.0013743	0.000973235	0.000103813	0.000125304	0.000312278	0.000215328	0.000255809	0.000442954	0.0	0.0	0.00066175	0.00101415	0.000381503	0.00115607	0.000250455	0.000250618	0.00167468	0.00134413	0.000149136	0.000284764	0.000255567	0.000296931	0.000778561	0.000441362	0.000150545	0.00028737	0.0	0.000229561	0.000587759	0.000957224	0.00011775	0.000462323	0.000702657	0.000312771	0.0010156	0.00109325	0.000402781	0.000511172	0.000301117	0.000224563	0.000216381	5.22206e-05	0.000118667	0.0	0.000766957	3.76921e-05	0.000181414	0.000451994	0.000160779	0.00231855	0.000975637	0.000313015	0.000240975	0.00112838	0.00131331	0.000292521	0.000716646	0.000329518	0.000599162	0.00197025	0.000277169	0.000139501	0.00216981	0.00144298	0.00018499	8.98243e-05	0.000217977	0.00071721	9.7783e-05	0.000213539	0.000104108	0.00124943	0.000176827	0.000594479	0.000149388	0.000156981	5.06903e-05	7.84497e-05	0.00113402	2.38602e-05	0.000167582	0.000515564	0.00127714	0.0	0.000582219	0.00194362	0.000491035	0.000607067	0.000383486
PWY-8134: bile acid 7&beta;-dehydroxylation	0.0	0.0	0.0	0.0	0.0	0.0	0.0	0.0	0.0	0.0	0.0	0.0	0.0	0.0	0.0	0.0	0.0	0.0	0.0	0.0	0.0	0.0	0.0	0.0	0.0	0.0	0.0	0.0	0.0	0.0	0.0	0.0	0.0	0.0	0.0	0.0	0.0	0.0	0.0	0.0	0.0	0.0	0.0	0.0	0.0	0.0	0.0	0.0	0.0	0.0	1.12596e-05	0.0	0.0	0.0	0.0	0.0	0.0	0.0	0.0	0.0	0.0	0.0	0.0	0.0	0.0	0.0	0.0	0.0	0.0	0.0	0.0	0.0	0.0	0.0	0.0	0.0	0.0	0.0	0.0	0.0	0.0	0.0	0.0	0.0	0.0	0.0	0.0	0.0	0.0	0.0	0.0	0.0	0.0	0.0	0.0	0.0	0.0	0.0	0.0	0.0	0.0	0.0	0.0	0.0	0.0	0.0	0.0	0.0	0.0	0.0	0.0	0.0	0.0	0.0	0.0	0.0	0.0	0.0	0.0	0.0	0.0	0.0	0.0	0.0	1.98787e-05	0.0	0.0	0.0	0.0	0.0	0.0	0.0	0.0	0.0	0.0	0.0	0.0	0.0	0.0	0.0	0.0	0.0	0.0	0.0	0.0	6.47525e-05	0.0	0.0	0.0	0.0	0.0	0.0	0.0	0.0	0.0	0.0	0.0	0.0	0.0	0.0	0.0	0.0	0.0	0.0	0.0	0.0	0.0	0.0	0.0	0.0	0.0	0.0	0.0	0.0	0.0	0.0	1.18642e-05	0.0	2.26232e-05	0.0	6.54278e-06
PWY-8173: anteiso-branched-chain fatty acid biosynthesis	0.0	0.0	0.0	0.0	0.0	0.0	0.0	0.0	0.0	0.0	0.0	0.0	0.0	8.3828e-05	0.0	0.0	0.0	0.0	0.0	0.0	0.0	0.0	0.0	0.0	0.0	0.0	0.0	0.0	0.0	0.0	0.0	0.0	0.0	0.0	9.36875e-05	0.0	0.0	0.0	0.0	0.0	0.0	0.0	0.0	0.000726945	0.0	0.0	0.0	0.0	0.0	0.0	0.0	0.0	0.0	0.0	0.0	0.0	0.0	0.0	0.0	0.000592304	0.0	0.0	0.0	0.0	0.0	0.0	0.0	0.0	0.0	0.0	0.0	0.0	0.0	0.0	0.0	0.0	0.0	0.0	0.0	0.0	0.0	0.0	0.0	0.0	0.0	0.0	0.0	0.0	0.0	0.0	0.0	0.0	0.0	0.0	0.0	0.0	0.0	0.0	0.0	0.0	0.0	0.0	0.0	0.0	0.0	0.0	0.0	0.0	0.0	0.0	0.0	0.0	0.0	0.0	0.0	0.0	0.0	0.0	0.0	0.0	0.0	0.0	0.0	0.0	0.0	0.0	0.0	0.0	0.0	0.0	0.0	0.0	0.0	0.0	0.0	0.0	0.0	0.0	0.0	0.0	0.0	0.0	0.0	0.0	0.0	0.0	0.0	0.0	0.0	0.0	0.0	0.0	0.0	0.0	0.0	0.0	0.0	0.000237141	0.0	0.0	0.0	0.0	0.0	0.0	0.0	0.0	0.0	0.0	0.0	0.0	0.0	0.0	0.0	0.0	0.0	0.0	0.0	0.0	0.0	0.0	0.0
PWY-8174: odd iso-branched-chain fatty acid biosynthesis	0.0	0.0	0.0	0.0	0.0	0.0	0.0	0.0	0.0	0.0	0.0	0.0	0.0	8.3828e-05	0.0	0.0	0.0	0.0	0.0	0.0	0.0	0.0	0.0	0.0	0.0	0.0	0.0	0.0	0.0	0.0	0.0	0.0	0.0	0.0	9.36875e-05	0.0	0.0	0.0	0.0	0.0	0.0	0.0	0.0	0.000726945	0.0	0.0	0.0	0.0	0.0	0.0	0.0	0.0	0.0	0.0	0.0	0.0	0.0	0.0	0.0	0.000592304	0.0	0.0	0.0	0.0	0.0	0.0	0.0	0.0	0.0	0.0	0.0	0.0	0.0	0.0	0.0	0.0	0.0	0.0	0.0	0.0	0.0	0.0	0.0	0.0	0.0	0.0	0.0	0.0	0.0	0.0	0.0	0.0	0.0	0.0	0.0	0.0	0.0	0.0	0.0	0.0	0.0	0.0	0.0	0.0	0.0	0.0	0.0	0.0	0.0	0.0	0.0	0.0	0.0	0.0	0.0	0.0	0.0	0.0	0.0	0.0	0.0	0.0	0.0	0.0	0.0	0.0	0.0	0.0	0.0	0.0	0.0	0.0	0.0	0.0	0.0	0.0	0.0	0.0	0.0	0.0	0.0	0.0	0.0	0.0	0.0	0.0	0.0	0.0	0.0	0.0	0.0	0.0	0.0	0.0	0.0	0.0	0.0	0.000237141	0.0	0.0	0.0	0.0	0.0	0.0	0.0	0.0	0.0	0.0	0.0	0.0	0.0	0.0	0.0	0.0	0.0	0.0	0.0	0.0	0.0	0.0	0.0
PWY-8175: even iso-branched-chain fatty acid biosynthesis	0.0	0.0	0.0	0.0	0.0	0.0	0.0	0.0	0.0	0.0	0.0	0.0	0.0	8.3828e-05	0.0	0.0	0.0	0.0	0.0	0.0	0.0	0.0	0.0	0.0	0.0	0.0	0.0	0.0	0.0	0.0	0.0	0.0	0.0	0.0	9.36875e-05	0.0	0.0	0.0	0.0	0.0	0.0	0.0	0.0	0.000726945	0.0	0.0	0.0	0.0	0.0	0.0	0.0	0.0	0.0	0.0	0.0	0.0	0.0	0.0	0.0	0.000592304	0.0	0.0	0.0	0.0	0.0	0.0	0.0	0.0	0.0	0.0	0.0	0.0	0.0	0.0	0.0	0.0	0.0	0.0	0.0	0.0	0.0	0.0	0.0	0.0	0.0	0.0	0.0	0.0	0.0	0.0	0.0	0.0	0.0	0.0	0.0	0.0	0.0	0.0	0.0	0.0	0.0	0.0	0.0	0.0	0.0	0.0	0.0	0.0	0.0	0.0	0.0	0.0	0.0	0.0	0.0	0.0	0.0	0.0	0.0	0.0	0.0	0.0	0.0	0.0	0.0	0.0	0.0	0.0	0.0	0.0	0.0	0.0	0.0	0.0	0.0	0.0	0.0	0.0	0.0	0.0	0.0	0.0	0.0	0.0	0.0	0.0	0.0	0.0	0.0	0.0	0.0	0.0	0.0	0.0	0.0	0.0	0.0	0.000237141	0.0	0.0	0.0	0.0	0.0	0.0	0.0	0.0	0.0	0.0	0.0	0.0	0.0	0.0	0.0	0.0	0.0	0.0	0.0	0.0	0.0	0.0	0.0
PWY-8178: pentose phosphate pathway (non-oxidative branch) II	0.00787239	0.0118992	0.00414973	0.00603078	0.00622786	0.00742939	0.00578163	0.00664576	0.00595723	0.00604957	0.00723607	0.00682164	0.00576375	0.00744359	0.00631543	0.00566366	0.00865346	0.00641138	0.00632074	0.00526529	0.00676351	0.00635788	0.0026099	0.0057855	0.00674206	0.00655959	0.00305203	0.00575388	0.0068586	0.00441308	0.00327617	0.00593748	0.00591287	0.00440393	0.00567018	0.00863624	0.00739359	0.00652778	0.00792734	0.00706757	0.00626399	0.00382439	0.00650397	0.00603049	0.00681393	0.00473586	0.00686282	0.00369308	0.00568108	0.00389358	0.00641906	0.00522157	0.00602565	0.00456797	0.00594587	0.00373046	0.00795236	0.00658272	0.00462514	0.00853318	0.00618202	0.00586071	0.00614974	0.0127234	0.00683617	0.0041954	0.00223112	0.00187391	0.00714746	0.00393542	0.00565019	0.00491016	0.00514313	0.00459589	0.00792526	0.00748801	0.00659436	0.00619314	0.00548191	0.00681436	0.00358471	0.00497846	0.00816461	0.00498125	0.00711482	0.00581326	0.00606624	0.00888825	0.00538743	0.00505373	0.010186	0.00303583	0.00650412	0.00583342	0.00598153	0.00279162	0.00776484	0.00717342	0.00496915	0.00289944	0.00619506	0.00637509	0.0099821	0.00490102	0.0094971	0.00532836	0.00515848	0.0046784	0.00775949	0.00643568	0.00910527	0.00790674	0.0041804	0.00722426	0.00662897	0.0072399	0.00679494	0.00645395	0.00615505	0.00543164	0.00481605	0.00646472	0.0046965	0.00612722	0.00927647	0.00497997	0.00654315	0.0048935	0.00238585	0.00702058	0.00699201	0.00464012	0.00838128	0.00193424	0.00307547	0.00877203	0.00677072	0.00661697	0.00348509	0.00925315	0.00565747	0.00783234	0.00743078	0.00523009	0.00517553	0.0052903	0.00586818	0.0048198	0.00604234	0.0077418	0.00692243	0.0068718	0.00351879	0.00614625	0.00612212	0.00644132	0.00528341	0.0057742	0.00596707	0.00522305	0.00512043	0.00556029	0.00621059	0.00706785	0.00728938	0.00653661	0.00713225	0.00481409	0.00715977	0.00585538	0.00682863	0.00650474	0.00570749	0.00422894	0.00695209	0.00513683	0.00632183	0.00615469	0.00807323	0.00738838	0.00582669
PWY-8187: L-arginine degradation XIII (reductive Stickland reaction)	0.00183668	0.000747033	0.0037368	0.00285489	0.00667797	0.00145177	0.00202287	0.00705044	0.00554217	0.00175273	0.00290886	0.00321528	0.00670487	0.00443872	0.0030978	0.00211496	0.00135054	0.00154853	0.00246394	0.00296872	0.00243318	0.00324084	0.00125574	0.00233173	0.00259019	0.00416571	0.00354264	0.00342313	0.00298286	0.00304387	0.00174503	0.00157287	0.00158116	0.00299986	0.00370526	0.00226982	0.00403687	0.00165012	0.000489567	0.000882659	0.00184464	0.00303308	0.00319477	0.0016107	0.00150549	0.00427106	0.00338817	0.0026053	0.00372583	0.00154019	0.00303686	0.00523207	0.00426937	0.00105898	0.00205012	0.00228677	0.00133312	0.00425685	0.00249171	0.00172955	0.00369296	0.00276233	0.00617621	0.00125155	0.00174725	0.00262433	0.00182116	0.00162266	0.00311359	0.00247601	0.00310593	0.00246533	0.00215403	0.00185424	0.000902915	0.00232607	0.00394955	0.00395137	0.00130915	0.00343883	0.00235841	0.00183572	0.00154638	0.0039766	0.00136734	0.00192628	0.00228322	0.00104006	0.00232656	0.00287575	0.00108355	0.00431091	0.00216954	0.00482511	0.00181889	0.00254198	0.00374282	0.00342992	0.00238328	0.00186112	0.00517262	0.00210274	0.000570518	0.00252964	0.00240483	0.00243293	0.00283401	0.000964015	0.00313397	0.0036284	0.00091746	0.00393024	0.00215362	0.00333683	0.0075563	0.00272323	0.00269934	0.00293997	0.00201465	0.00286301	0.00453582	0.00195373	0.00277971	0.00181606	0.00801782	0.00192033	0.00449009	0.00115913	0.00280126	0.00427395	0.00256655	0.0026322	0.00201137	0.00284962	0.00185559	0.000284322	0.00403991	0.00428748	0.0030221	0.000311651	0.00274969	0.000933456	0.00154155	0.00236498	0.0030205	0.00136737	0.00274348	0.00200636	0.00406791	0.0146029	0.00234613	0.00149449	0.0025085	0.00243172	0.00252052	0.00234097	0.00364848	0.00301047	0.00140688	0.00362083	0.00214315	0.00115901	0.0028107	0.00661941	0.00141061	0.00177042	0.00309253	0.00311083	0.00150909	0.00500864	0.00180546	0.00338121	0.00189351	0.00393129	0.0020196	0.00236897	0.00256105	0.0058672	0.00128079	0.00364383	0.00332196
PWY-8188: L-alanine degradation VI (reductive Stickland reaction)	0.000217615	0.0	0.0	2.2731e-05	0.0	3.70964e-05	0.000107005	0.0	0.0	0.0	0.0	4.78837e-05	2.27893e-05	0.0	0.0	0.000356445	0.0	0.00011774	0.0	0.0	0.0	0.000163553	0.0	0.0	0.0	0.0	0.0	0.0	9.9392e-06	0.0	0.0	0.0	0.0	0.00028268	0.0	0.0	0.0	0.0	0.0	0.0	0.0	0.0	0.0	0.0	0.0	2.6684e-05	4.1624e-05	0.0	2.91398e-05	0.0	3.079e-05	0.0	0.0	0.0	0.0	0.0	0.0	0.0	4.68435e-05	0.0	0.0	0.0	0.0	6.60979e-05	0.0	0.0	6.02297e-05	0.0	0.0	0.0	0.0	0.0	0.0	0.0	0.0	0.0	0.0	7.57204e-05	0.0	0.0	2.8701e-05	0.0	0.0	3.37186e-05	2.05979e-05	0.0	0.0	0.0	0.0	0.000128239	0.0	0.0	0.0	2.92783e-05	9.53314e-05	0.0	0.0	0.0	0.0	0.0	0.0	0.0	0.0	5.12932e-05	7.04196e-05	0.0	0.0	0.0	2.3807e-06	0.0	0.0	6.57587e-05	0.0	0.0	4.69137e-05	0.0	1.15341e-05	9.54783e-05	0.0	0.0	0.0	2.94248e-05	0.000104799	0.0	0.0	6.35081e-05	0.0	0.0	0.0	0.0	0.0	0.0	0.0	0.0	0.0	0.0	0.000106598	0.000155626	0.0	0.0	0.0	0.0	0.0	0.0	0.000139707	0.0	0.0	0.0	0.0	0.0	0.0	0.0	0.0	0.0	0.0	0.0	0.0	0.0	0.0	6.60788e-05	0.0	0.000137651	7.18904e-05	0.0	0.000174481	0.0	6.54098e-05	0.0	0.000101397	7.79877e-05	9.37373e-05	0.0	0.000110979	0.0	5.35367e-05	0.0	0.000103089	0.0	5.9173e-05	0.0	5.69784e-05
PWY-8189: L-alanine degradation V (oxidative Stickland reaction)	0.000217615	0.0	0.0	2.2731e-05	0.0	3.70964e-05	0.000107005	0.0	0.0	0.0	0.0	4.78837e-05	2.27893e-05	0.0	0.0	0.000356445	0.0	0.00011774	0.0	0.0	0.0	0.000163553	0.0	0.0	0.0	0.0	0.0	0.0	9.9392e-06	0.0	0.0	0.0	0.0	0.00028268	0.0	0.0	0.0	0.0	0.0	0.0	0.0	0.0	0.0	0.0	0.0	2.6684e-05	4.1624e-05	0.0	2.91398e-05	0.0	3.079e-05	0.0	0.0	0.0	0.0	0.0	0.0	0.0	4.68435e-05	0.0	0.0	0.0	0.0	6.60979e-05	0.0	0.0	6.02297e-05	0.0	0.0	0.0	0.0	0.0	0.0	0.0	0.0	0.0	0.0	7.57204e-05	0.0	0.0	2.8701e-05	0.0	0.0	3.37186e-05	2.05979e-05	0.0	0.0	0.0	0.0	0.000128239	0.0	0.0	0.0	2.92783e-05	9.53314e-05	0.0	0.0	0.0	0.0	0.0	0.0	0.0	0.0	5.12932e-05	7.04196e-05	0.0	0.0	0.0	2.3807e-06	0.0	0.0	6.57587e-05	0.0	0.0	4.69137e-05	0.0	1.15341e-05	9.54783e-05	0.0	0.0	0.0	2.94248e-05	0.000104799	0.0	0.0	6.35081e-05	0.0	0.0	0.0	0.0	0.0	0.0	0.0	0.0	0.0	0.0	0.000106598	0.000155626	0.0	0.0	0.0	0.0	0.0	0.0	0.000139707	0.0	0.0	0.0	0.0	0.0	0.0	0.0	0.0	0.0	0.0	0.0	0.0	0.0	0.0	6.60788e-05	0.0	0.000137651	7.18904e-05	0.0	0.000174481	0.0	6.54098e-05	0.0	0.000101397	7.79877e-05	9.37373e-05	0.0	0.000110979	0.0	5.35367e-05	0.0	0.000103089	0.0	5.9173e-05	0.0	5.69784e-05
PWY-8190: L-glutamate degradation XI (reductive Stickland reaction)	0.0	9.53602e-05	0.000188729	3.0182e-05	0.0	0.000231723	3.92001e-05	0.0	8.24337e-05	0.000278145	0.0	6.98543e-05	0.0	0.0	0.0	1.01335e-05	0.0	0.0	0.0	0.0	0.0	0.000144259	0.000179951	0.0	4.51595e-05	0.0	3.87857e-05	0.0	0.0	0.0	9.35624e-05	1.23502e-05	3.02585e-05	0.0	8.10062e-05	0.0	0.00024412	0.0	0.0	0.0	0.000188945	5.03287e-05	0.000323883	0.0	0.0	0.0	0.000116729	0.0	5.87364e-05	0.0	1.72269e-05	0.0	0.0	0.0	0.0	0.0	0.000184458	0.0	1.13752e-05	9.80835e-05	0.0	2.45813e-05	0.0	0.000116102	0.0	0.00013872	0.0	0.0	0.000648365	0.0	9.40194e-05	0.000184813	0.0	0.0	0.000149743	4.75445e-05	0.0	0.0	0.000797966	5.83336e-05	0.00139048	0.0	0.0	3.83729e-05	0.0	0.0	1.73531e-05	0.0	0.0	0.0	0.000131962	0.000539478	0.0	3.10503e-05	2.61681e-06	0.000204197	0.0	0.0	4.84197e-05	0.0	2.24599e-05	4.2697e-05	1.58605e-05	3.22905e-05	0.0	0.000764233	1.55943e-05	2.36449e-05	0.000453657	8.74787e-05	0.0	0.0	0.0	0.0	0.0	0.00014343	2.51122e-05	1.10148e-05	0.0	0.000120928	0.0	0.00012365	0.0	0.0	4.67884e-05	0.0	0.0	0.0	0.0	0.0	0.0	0.0	0.000425637	0.0	0.000136209	0.0	7.78844e-06	0.0	0.0	0.0	0.0	0.0	0.000205721	6.18923e-05	1.37943e-05	3.11462e-05	3.31924e-05	0.0	0.000154452	0.0	0.0	0.0	0.0	9.84466e-05	0.0	0.0	0.0	1.6497e-05	0.0	1.3314e-05	0.000185125	0.0	8.58159e-06	0.0	0.0	0.000237872	3.49094e-05	0.000121657	0.000220986	0.0	9.59804e-05	0.000192012	5.01581e-05	0.000107341	0.000293929	0.0	0.000142768	0.0	1.00683e-05	0.0	4.27203e-05
PWY-821: superpathway of sulfur amino acid biosynthesis (Saccharomyces cerevisiae)	0.000257025	0.000383537	0.000118388	0.000893524	0.00091765	0.0018476	0.00101938	4.96963e-05	0.000587132	0.000614596	0.00114236	0.00139944	0.000409476	0.00026494	0.00146168	0.000911651	0.0	0.00120879	0.000502147	0.0	0.0	0.0	0.0	0.00117137	0.00268262	0.00198039	0.000714292	0.000931535	0.00199665	0.00117132	0.000316572	5.34783e-05	1.70401e-05	0.0010568	0.00170907	0.0	0.000889171	0.0	2.51969e-05	0.00212896	0.000516032	0.000410353	0.00228941	0.00204179	0.00190638	0.000481475	0.00180071	0.000113772	0.00103291	0.0	0.00215292	0.0020844	0.00264516	0.0	0.000277063	0.000225281	0.00224641	0.000707733	0.000568003	0.0013617	0.00132594	0.00106412	0.0	0.00128115	0.000133635	0.00047328	0.0	0.0	0.00193938	0.0	0.000993916	0.00151661	4.16797e-05	0.0	0.00169612	0.00103369	6.98517e-05	0.0	0.000162679	0.00211469	0.000151519	0.0	0.0	0.0	0.000292556	4.19541e-05	0.000392322	0.000957604	0.0	0.0	0.0	0.0	0.00254788	0.00157281	0.0	0.0	0.0	0.0	7.96159e-05	0.0	0.000430851	0.000180541	0.000300934	0.000553107	0.0	0.00122285	0.000631313	0.00100544	0.000344032	0.00265758	0.0	0.0	0.0	0.0	0.000920249	0.00104656	0.00199718	0.000714023	0.000160217	0.00175327	0.000235947	0.000873991	0.0	0.0	0.00130873	0.0	0.00168715	0.000107882	0.0	0.00106657	0.0	5.28366e-05	0.0	0.00026533	0.000421544	0.0	0.000824946	0.00171642	0.0	0.0	0.00101262	0.00218944	0.00209778	0.000998433	0.000470742	0.00022528	0.00191675	0.0	0.000204761	0.00039801	0.000728893	0.000240696	0.0	0.00174182	0.000526691	0.00235943	0.0010737	0.00124283	0.0	0.000602664	0.0005364	0.00216786	0.000887975	0.000549435	0.000347106	0.00249289	0.000328721	0.000596044	0.000739529	0.000306914	0.00258922	0.00182769	0.000488146	0.00035203	0.00241557	0.000656087	0.00116422	0.00103218	0.000399795	0.000207149	0.000377318
PWY-822: fructan biosynthesis	0.0	9.18079e-06	0.0	0.0	3.82392e-05	7.36129e-05	0.0	0.0	0.0	0.0	0.0	0.0	0.0	0.0	0.0	0.0	0.0	0.0	0.0	7.48563e-05	0.0	0.0	0.0	0.0	0.0	0.0	0.0	0.0	2.90849e-06	0.0	0.0	0.0	0.0	0.0	0.0	0.0	0.0	0.0	0.0	0.0	0.0	0.0	0.0	0.0	0.0	0.0	0.0	0.0	2.71843e-06	0.0	0.000100486	0.0	0.0	0.0	0.0	0.0	2.53347e-05	0.0	0.0	0.0	0.0	0.0	0.000117147	1.77808e-05	4.35717e-05	0.0	0.0	0.0	0.0	0.0	0.0	0.0	0.0	0.0	0.0	0.0	0.0	0.0	0.0	0.0	0.0	0.0	0.0	0.0	5.29658e-05	0.0	0.0	0.0	1.6891e-05	0.0	0.0	0.0	0.0	0.0	0.0	0.0	0.0	0.0	0.0	0.0	0.0	0.0	0.0	1.08819e-05	0.0	0.0	0.0	0.000101254	0.000102276	0.0	0.0	8.58398e-05	0.0	0.0	5.83912e-05	0.0	0.0	0.000160673	0.0	2.94675e-05	0.0	0.0	0.0	0.0	0.0	9.35297e-06	0.0	0.0	0.0	0.0	0.0	0.0	0.0	7.78616e-05	1.0506e-05	0.0	0.0	1.67461e-05	0.0	0.0	0.0	0.0	1.2262e-05	0.0	4.9092e-05	0.0	0.0	0.0	0.0	0.0	0.0	0.0	0.0	0.0	0.0	5.38407e-05	5.65447e-05	0.0	0.0	4.85091e-05	0.0	0.0	3.26071e-05	0.0	0.0	0.0	2.49211e-05	0.0	0.0	0.0	8.11734e-06	9.00315e-06	0.0	0.0	0.0	0.0	8.55018e-06	0.0	0.0	0.0	4.17744e-05
PWY-841: superpathway of purine nucleotides de novo biosynthesis I	0.00710719	0.00440491	0.00835747	0.00615777	0.00980181	0.00519662	0.00759348	0.00732431	0.00535285	0.00695429	0.0045199	0.00582457	0.00696884	0.00474467	0.00506063	0.00654831	0.00785708	0.00515684	0.00329778	0.00755963	0.00800301	0.00815976	0.00413675	0.00698694	0.00435732	0.00578841	0.00532215	0.00450643	0.00439865	0.0046614	0.0067715	0.00675328	0.00894457	0.00756516	0.00584051	0.00404952	0.00815244	0.00745249	0.00385511	0.00472418	0.00639083	0.006814	0.00562082	0.0039358	0.00488065	0.00732071	0.00547134	0.0068268	0.00604512	0.00416163	0.00507584	0.0048069	0.0049723	0.00755829	0.00722345	0.00699842	0.00494976	0.00575977	0.00797862	0.0048778	0.00748082	0.00357791	0.00838706	0.003715	0.00624025	0.00779399	0.00368035	0.0108496	0.00584043	0.00593444	0.00537616	0.00541895	0.00502283	0.00936831	0.00333775	0.00457575	0.00727747	0.00721183	0.00944246	0.00439422	0.00587526	0.0053208	0.00311885	0.00724358	0.00545242	0.00827127	0.00836456	0.00513765	0.00533605	0.00405979	0.00386206	0.00751114	0.00422948	0.00606919	0.00695701	0.00922002	0.00633108	0.00848393	0.00764044	0.00577933	0.00164214	0.00581202	0.00362438	0.00625193	0.00742794	0.00730756	0.00719793	0.00256463	0.00598901	0.00358269	0.00537715	0.00759592	0.00607574	0.00629486	0.0044022	0.00566077	0.00395211	0.0069247	0.006863	0.00422932	0.00586686	0.00513683	0.00822204	0.00674295	0.00423919	0.00736489	0.005796	0.00359881	0.00793583	0.00543484	0.00774576	0.00872077	0.00883788	0.00652126	0.0093677	0.00247849	0.00619557	0.00489522	0.00746342	0.0060284	0.00724205	0.0038991	0.00524338	0.00540241	0.0071522	0.00506107	0.00643501	0.00792781	0.00806249	0.00946417	0.0033021	0.00356406	0.00709512	0.00322386	0.00382858	0.00451539	0.00570997	0.00662489	0.00815214	0.00701142	0.00806905	0.0060092	0.00774282	0.00789607	0.00616454	0.00585052	0.00700486	0.00790948	0.00588659	0.00841878	0.00557299	0.00493771	0.00683595	0.00871135	0.0048694	0.00741478	0.00641692	0.00617062	0.00609909	0.0077985	0.00733102
PWY-922: mevalonate pathway I (eukaryotes and bacteria)	0.0	1.90839e-05	0.0	0.0	0.000946008	0.000159745	0.0	0.00101925	0.0	0.0	0.0	0.0	0.00186051	0.00257733	0.0	0.0	0.0	0.0	0.000153463	0.0	0.0	2.33546e-05	0.0	0.0	0.0	0.0	0.0	0.00159015	0.0	0.0	0.0	0.0	0.0	0.0	0.0	0.0	0.0	0.0	1.77748e-05	0.0	0.0	0.0	0.0	6.25898e-05	0.000365785	0.0	0.000118616	0.0	0.0	0.0	0.00146049	0.0	9.4743e-06	0.0	0.0	0.0	1.86813e-05	0.00274455	0.0	0.0	0.0	0.0	0.00194653	1.64696e-05	0.0	0.0	0.0	0.0	0.0	1.73707e-05	0.0	0.0	0.0	0.0	0.0	0.0	0.0	0.0	0.0	0.0	0.0	0.0	0.0	0.0	0.0	0.0	0.0	0.0	2.05555e-05	0.0	0.0	0.0	0.000152303	0.0	0.0	0.0	0.0	0.0	0.0	0.0	0.0	0.0	0.0	0.0	0.0	0.0	0.0	5.55538e-05	9.30778e-05	0.0	0.0	0.000119839	0.0	0.0	0.0	0.0	0.0	0.000326533	4.31396e-05	5.31284e-05	0.0	0.0	0.0	0.0	0.0	6.61243e-05	0.0	0.0	0.0	0.0	0.0	0.0	0.0	9.17304e-05	0.0	0.0	0.0	6.07066e-05	0.0	0.0	0.0	0.0	9.99635e-05	0.00026867	0.000153632	0.0	0.0	0.0	0.0	0.000171004	0.0	2.8564e-05	0.0	2.39767e-05	9.64864e-06	0.00074654	0.000597428	0.0	0.0	6.35955e-05	0.0	0.000204787	1.41948e-05	0.00155214	0.0	0.000138175	0.0	1.06145e-05	0.0	0.0	1.66616e-05	5.5056e-05	0.0	0.0	0.000178155	0.0	0.0	0.00378889	0.0	0.0	3.52247e-05
PWY-I9: L-cysteine biosynthesis VI (from L-methionine)	0.000734428	0.00261366	0.000775205	0.00205106	0.00292911	0.00279268	0.00120922	0.00465168	0.00133808	0.00208836	0.004484	0.00240977	0.00443727	0.0030231	0.00347124	0.00107828	0.0	0.00234559	0.00288212	0.000420435	0.000287641	0.00117725	0.000633402	0.00145988	0.00426274	0.00344182	0.000434462	0.00364523	0.00360112	0.00142512	0.000708293	0.000938587	0.000915941	0.00133587	0.00234708	0.00374222	0.000956598	0.000361966	0.00383613	0.00240663	0.0019829	0.00109196	0.00212335	0.00343177	0.00391983	0.00153023	0.00380114	0.000511911	0.00176933	0.00113837	0.00458674	0.00249077	0.00225447	0.0	0.000399038	0.000554845	0.00358	0.00554751	0.000904513	0.00168459	0.00244351	0.00416297	0.00629061	0.00308897	0.000499987	0.000627523	0.000407014	5.99947e-05	0.00342444	0.000253877	0.00281446	0.00326736	0.000174074	0.000962892	0.00263373	0.00195659	0.00167991	0.000688853	0.00275885	0.0038671	0.00158762	0.00146925	0.0	0.000671357	0.00104476	0.0010269	0.000806651	0.00216557	0.000668276	0.00105902	0.0	0.000308866	0.00366739	0.00293171	0.000478654	0.000624553	0.00133123	0.000294837	0.000742239	0.000218116	0.000536059	0.00126933	0.000939456	0.00152283	0.000909468	0.00134465	0.00115522	0.00212861	0.00343622	0.00333057	0.000232987	0.00198936	0.000487583	0.00172367	0.00244409	0.00167154	0.00339089	0.00256618	0.000193026	0.00499113	0.00049251	0.00238503	0.000425409	0.00134869	0.00254815	0.000787063	0.00285536	0.000501582	0.00029112	0.00362385	0.000576201	0.000591254	0.000355717	0.000927647	0.00138251	0.0	0.00164474	0.00335278	0.000197648	0.000256015	0.00142369	0.00411415	0.0028513	0.00227531	0.00126425	0.00355937	0.00247616	0.000149138	0.00150474	0.00125039	0.00268368	0.00320939	0.000616414	0.00333371	0.0034786	0.00501893	0.011685	0.00124957	0.00185791	0.00193247	0.00183646	0.00246617	0.00124001	0.00489848	0.00116293	0.00218048	0.00155619	0.00189759	0.00189202	0.00154469	0.00187439	0.00375436	0.00172871	0.00189551	0.00398046	0.00098218	0.00281642	0.00319031	0.00568483	0.00287323	0.00294236
PWY0-1061: superpathway of L-alanine biosynthesis	0.000818834	0.000542223	0.000560438	0.000416596	0.00748334	0.00255593	0.000272875	0.0059124	0.00083568	0.000910134	0.00157564	0.00113705	0.00672363	0.00133284	0.00118243	0.00212468	0.000240704	0.000508361	0.00301647	0.00212053	0.000128567	0.000321757	0.000277513	0.000607812	0.00096833	0.000982918	0.000106804	0.00258483	0.00201577	0.000708151	0.000375305	0.0	0.000582713	0.000454549	0.00102535	0.00439007	0.000389228	0.00033096	0.00566387	0.0025268	0.000973983	0.00016745	0.00140616	0.00378995	0.00444588	0.000430794	0.000794797	0.000737754	0.000651753	0.000930181	0.00177334	0.000837942	0.0015009	0.0	7.51642e-05	0.000422427	0.00267486	0.00305608	0.000225926	0.000418724	0.000835436	0.00198624	0.000738485	0.000766122	0.000508877	0.000245775	0.000621774	4.65612e-05	0.00065331	4.59551e-05	0.00124723	0.0017459	0.0	0.0	0.00120624	0.00112159	0.000515981	0.000321795	0.00123222	0.00185068	0.000448242	3.60134e-05	0.0	4.32605e-05	0.000289674	0.00254646	0.00169262	0.000695669	0.000498567	0.00114785	0.000192641	0.0	0.00401703	0.00118963	0.000451345	8.68335e-05	0.00111874	0.000396972	0.00223651	3.00274e-05	0.00150288	0.000636707	0.000126992	0.000621712	0.00039475	0.000442404	0.000445969	0.000666071	0.00110872	0.00298303	0.000110153	0.0	0.000370669	0.00184429	0.000644706	0.000995811	0.00184557	0.0025205	0.00162692	0.00272058	0.00055168	0.00104208	0.000405025	0.000982981	0.000514965	0.00145341	0.00134579	4.98231e-05	0.0	0.00158699	0.000207828	0.000663435	0.0	0.000294783	0.00111296	0.000285297	0.000617114	0.00189204	0.000911506	3.22744e-05	0.000934623	0.00479314	0.00296189	0.00095468	0.000368712	0.000299292	0.0012564	0.00115939	0.00027256	0.000436039	0.00304327	0.00493838	0.000261132	0.00244188	0.00423152	0.00355443	0.00790186	0.000508772	0.00225475	0.000364727	0.00101086	0.000975389	0.00105614	0.00542512	0.000721859	0.001704	0.000842455	0.00072689	0.00039781	0.000764579	0.00141173	0.00161452	0.00242042	0.00090818	0.00308323	0.00178037	0.00123552	0.00156934	0.00294826	0.00123821	0.000267573
PWY0-1221: putrescine degradation II	0.0	6.08542e-06	0.0	5.50999e-05	3.36044e-05	0.0	9.72712e-05	0.0	1.59878e-05	4.56891e-05	0.000972131	6.29505e-06	1.54497e-05	4.07492e-05	0.000253988	3.77845e-05	0.0	3.51727e-06	0.000354513	3.36184e-06	0.0	0.0	0.0	2.31962e-05	0.000658541	3.71703e-05	7.44289e-06	0.000472935	0.000593801	9.2124e-05	1.4987e-05	0.0	0.0	0.000105203	9.20979e-05	0.0	3.54849e-05	0.0	4.29276e-06	0.000274698	0.0	0.0	7.03181e-05	0.00089705	0.0	0.0	0.000152727	0.0	0.0	0.0	0.000223597	0.000118475	0.000470507	0.0	0.0	0.0	0.0	0.0	2.7506e-05	0.000140487	0.0	0.00347119	0.0	0.000121207	0.0	0.0	0.0	0.0	0.000177105	0.0	0.0	7.6413e-06	0.0	0.0	0.0	6.43593e-05	0.0	0.0	0.0	0.0	5.59124e-06	0.0	0.0	0.0	3.02707e-05	0.0	0.0	0.000129229	0.0	0.0	0.0	0.0	0.0003314	0.0	0.0	0.0	0.0	0.0	0.0	0.0	1.48616e-05	1.08251e-05	0.0	4.32825e-05	0.0	4.52108e-05	0.0	9.34304e-05	0.0	0.0	0.0	0.0	0.0	0.0	1.40488e-05	0.0	0.000749597	2.03326e-05	1.39742e-05	0.000178796	0.0	5.1244e-05	0.0	0.0	0.000114924	0.0	0.0	0.0	0.0	0.00010322	0.0	0.0	0.0	0.0	3.92603e-06	0.0	6.59903e-05	3.93403e-06	0.0	0.0	0.000211004	0.000290067	0.0	8.26575e-05	4.02731e-05	3.19951e-05	6.63023e-05	0.0	1.1424e-05	6.93346e-05	0.000619383	0.000454244	0.0	0.000346256	0.000294848	0.000231635	5.73293e-05	1.39798e-05	0.0	0.0	0.0	0.00020718	3.91535e-05	9.95574e-05	0.0	7.27917e-05	2.05371e-05	2.19214e-05	2.66766e-05	0.0	7.55631e-05	0.0	2.0166e-05	0.0	0.000236604	0.0	0.000284619	0.0001217	0.0	0.0	2.21699e-06
PWY0-1241: ADP-L-glycero-&beta;-D-manno-heptose biosynthesis	0.00347467	0.000817447	0.00106742	0.000503365	8.94383e-05	0.000970289	0.00102577	0.00149292	0.00127358	0.000843111	0.00214326	0.000915929	0.000258531	0.00115621	0.0011596	0.000757319	0.00173609	0.000925201	0.00191188	0.00117857	0.000453698	0.00183609	0.00082003	0.000331089	0.00127355	0.000499078	0.00129363	0.00131894	0.00122916	0.00220336	0.000694531	0.0012593	0.00138294	0.000262674	0.000736577	0.00314124	0.00254927	0.00105395	0.00372994	0.00716118	0.00108946	0.00050437	0.000932667	0.00200102	0.00337421	0.000407797	0.000745671	0.000464353	0.00113957	0.000672693	0.000772223	0.00297385	0.00111248	0.00137229	0.00232999	0.000933438	0.0022495	0.0006177	0.000615396	0.0011635	0.0009388	0.00166547	0.0	0.00212835	0.000773106	0.000487779	0.000334267	0.000138027	0.00176001	0.000114326	0.000689771	0.00122477	0.000807756	0.000153452	0.00241963	0.000777457	0.000397783	0.00120393	0.00372141	0.0014083	0.00168157	0.000635278	0.000147891	0.000416552	0.000914915	0.00134337	0.0022699	0.000669523	0.000890156	0.00124178	0.000425942	0.0011573	0.00155573	0.000895055	0.00133987	0.00139807	0.000543529	0.000522316	0.000792009	0.000374416	0.00109764	0.000651958	0.000665881	0.00204178	0.000736248	0.00192941	0.000603741	0.00106698	0.00074771	0.0023806	0.00075801	0.0	0.0012148	0.000574283	0.00108533	0.00122025	0.00127422	0.00108778	0.00022419	0.000789831	0.000252512	0.000813999	0.000744598	0.000810096	0.00393684	0.000606083	0.000795336	0.0013137	0.00138521	0.00153653	0.000469563	0.000869547	0.0029073	0.000680418	0.000663789	0.000340039	0.000863084	0.00128094	0.000747614	0.000444069	0.000796793	0.00302977	0.00119117	0.00132433	0.00108456	0.000508777	0.00158926	0.000651839	0.00117004	0.00021209	0.00120867	0.00290049	0.00103341	0.0014186	0.00280906	0.000679959	0.000307648	0.00112596	0.000702788	0.0005003	0.000505038	0.000924113	0.000504206	0.00087563	0.000790853	0.00122825	0.00069587	0.000775413	0.000564678	0.000720908	0.00112941	0.00144179	0.000885492	0.000736981	0.00262845	0.000658527	0.00158893	0.00111598	0.000232509	0.000967937	0.00267382
PWY0-1261: anhydromuropeptides recycling I	0.00113016	0.00296263	0.0018172	0.00208368	0.000451149	0.00198259	0.00166222	0.00319578	0.00167903	0.00166018	0.0025458	0.00237082	0.000840095	0.00219503	0.00173348	0.00099282	0.000185164	0.00235266	0.00345753	0.00226177	0.00137421	0.00159336	0.00218492	0.000764659	0.00235001	0.00210785	0.00289766	0.00318104	0.00192474	0.00226914	0.00259325	0.00274566	0.00203009	0.00159368	0.00214898	0.00394683	0.00152141	0.00247675	0.00471826	0.00230369	0.0012073	0.00122331	0.00203099	0.00304339	0.00506456	0.00102432	0.00218572	0.00270484	0.00220645	0.00190129	0.00213624	0.00434875	0.00231047	0.00128292	0.00071506	0.00162263	0.00141345	0.00154388	0.00169776	0.00198766	0.000987412	0.0012969	0.0	0.00260165	0.000818642	0.00171375	0.00317493	0.000959831	0.00294997	0.0	0.00129496	0.00220984	0.00230293	0.00180457	0.00118293	0.00169224	0.00129707	0.00265174	0.00126631	0.00205319	0.00140345	0.00143517	0.000174762	0.00115351	0.0022757	0.00129751	0.00152846	0.00121656	0.00257205	0.00374819	0.00044328	0.00293267	0.00278124	0.002049	0.00263412	0.00360357	0.00128306	0.00264839	0.0015138	0.00122308	0.000123576	0.00146199	0.0011076	0.00221892	0.00242377	0.00266332	0.00136843	0.00216227	0.000958433	0.00232359	0.000674785	0.000276287	0.00358226	0.00122337	0.00120838	0.00156943	0.00275715	0.00289815	0.000637419	0.00185723	9.05449e-05	0.00242948	0.00262082	0.00251357	0.00144406	0.00232738	0.00254878	0.00206981	0.00272571	0.0025084	0.00130973	0.00196738	0.00395488	0.00148746	0.000902109	0.000553181	0.00267899	0.00245925	0.00285777	0.00034178	0.00289269	0.00411681	0.00231896	0.00242458	0.00139765	0.00214399	0.00259958	0.00207276	0.00242496	0.00038475	0.00237542	0.00410834	0.00318391	0.0036473	0.00407344	0.00217327	0.000880811	0.00267193	0.0022713	0.000685204	0.000915123	0.0021739	0.000752766	0.00173553	0.000658546	0.00242274	0.0019499	0.00166798	0.00175167	0.00152962	0.00186233	0.00230514	0.00173842	0.00213466	0.00378383	0.00149075	0.0015198	0.00150023	0.00119456	0.0018812	0.00222829
PWY0-1277: 3-phenylpropanoate and 3-(3-hydroxyphenyl)propanoate degradation	0.0	0.000188604	2.17249e-05	0.000332145	0.000428921	0.000523653	0.000370543	0.0	0.00013709	0.000284625	0.00318058	0.000741489	3.05633e-05	0.00148564	0.00137246	0.000254257	0.0	5.14548e-05	0.00247478	2.98964e-05	0.0	0.0	0.0	0.000287176	0.00147325	0.000936287	6.32509e-05	0.00194356	0.00260528	0.000350757	0.000182972	0.0	0.0	0.000492987	0.000509539	0.000856015	0.000252068	0.0	6.78005e-06	0.00135564	0.0	0.0	0.000784232	0.001471	0.0	0.0	0.000577731	0.0	0.0	0.0	0.00100443	0.000595182	0.00135551	0.0	0.0	0.0	0.000756509	0.000172808	0.000139378	0.000602982	3.17356e-05	0.00341308	0.0	0.000595335	3.88543e-05	0.0	0.0	0.0	0.00121912	0.0	0.0	0.000152809	0.0	0.0	0.000603659	0.000384043	0.0	0.0	0.0	0.0	8.13086e-05	0.0	0.0	0.0	0.000131109	0.0	0.0	0.000665138	0.0	0.0	0.0	0.0	0.00133581	0.000680933	0.0	0.0	0.0	0.0	0.0	0.0	0.000109835	0.000159025	0.000107017	0.000281876	0.0	0.000280308	7.29603e-05	0.000445937	1.98238e-05	0.00171347	2.63861e-05	0.0	0.0	0.0	5.95714e-05	5.73901e-05	0.00292359	0.000133281	0.0	0.000989378	0.0	0.000463668	0.0	0.0	0.000495479	0.0	0.0	0.0	0.0	0.00194804	0.0	0.0	0.0	0.0	7.33736e-05	0.0	0.000317405	2.79149e-05	0.0	0.0	0.000370985	0.000540963	0.000717964	0.000485092	0.000214163	0.00014037	0.000506541	0.0	0.000411809	0.000158337	0.00308066	0.0	0.0	0.00182004	0.00112839	0.00142823	0.00061396	0.000228874	0.0	0.000238637	2.62136e-05	0.000566993	0.00015809	0.000251572	0.0	0.000295975	5.77155e-05	0.000100963	0.00021102	8.47301e-05	0.00104268	0.0	0.000186268	0.0	0.00197676	0.000241096	0.000548843	0.000624863	0.0	0.0	0.000153719
PWY0-1296: purine ribonucleosides degradation	0.00701781	0.00598559	0.00428179	0.00780836	0.0114601	0.00642726	0.00894908	0.00764977	0.0101593	0.0067208	0.00434732	0.00613337	0.00704238	0.00716197	0.00568772	0.00812048	0.00127727	0.00911893	0.00373096	0.00817635	0.00436396	0.00694601	0.00351131	0.00547826	0.00583291	0.00740233	0.00775883	0.0061963	0.00555913	0.00360299	0.00483587	0.00786791	0.00627941	0.00370914	0.00691467	0.00480135	0.00696599	0.00619003	0.00464563	0.00397336	0.00631132	0.00191521	0.00315816	0.00617636	0.00458296	0.00471564	0.00749824	0.00733422	0.0058914	0.00640234	0.00550686	0.00236126	0.00443392	0.00433148	0.00193454	0.0045758	0.0049792	0.00915142	0.0061493	0.00408449	0.00400013	0.00968235	0.00791857	0.00766651	0.00648379	0.00469889	0.00826729	0.0055826	0.00888501	0.00125817	0.00364378	0.0066834	0.0101533	0.00201541	0.0047808	0.00779336	0.00611131	0.00750653	0.0051996	0.00680363	0.00866056	0.00189378	0.0106473	0.00646195	0.00621348	0.0063339	0.00660405	0.00352028	0.0121594	0.0103148	0.00269139	0.00279435	0.00501817	0.00471023	0.0070728	0.00393551	0.00771662	0.00914903	0.0080482	0.0078072	0.0129893	0.0100032	0.00410033	0.00305876	0.00804548	0.00432401	0.0104839	0.00905587	0.00839661	0.00507074	0.00516554	0.0086902	0.0119453	0.00748129	0.00975362	0.00746509	0.00545014	0.00616005	0.00676011	0.00602037	0.0106261	0.00817544	0.00600268	0.0039855	0.00594382	0.00655626	0.00557528	0.00640858	0.00313073	0.00441831	0.00424412	0.00896067	0.0102126	0.00206402	0.00918153	0.00438538	0.00797501	0.00565251	0.010213	0.00323873	0.00588316	0.0036441	0.0059738	0.00419757	0.0105963	0.00329748	0.00484602	0.00412769	0.00781178	0.00466896	0.00509418	0.00506456	0.00790519	0.0053993	0.00383038	0.00525672	0.00448651	0.00941051	0.00616639	0.00459531	0.00569762	0.00477042	0.00911051	0.0123371	0.00824037	0.00419728	0.00913139	0.00632839	0.00637933	0.00681563	0.00421332	0.00536756	0.00518376	0.00542576	0.00651959	0.00633184	0.00500985	0.00953519	0.00736238	0.00684394	0.00374053
PWY0-1297: superpathway of purine deoxyribonucleosides degradation	0.00062525	0.0025778	0.000311917	0.00195268	0.00741233	0.00291137	0.00122026	0.00160552	0.00108255	0.00141002	0.00419561	0.00264641	0.00489538	0.00526566	0.00361566	0.00126613	0.000843329	0.00103252	0.00356962	0.00101059	0.000278653	0.000458447	0.000128795	0.000937679	0.00325582	0.00267682	0.000809256	0.00464785	0.00436917	0.00172984	0.000664382	0.00101109	0.000289896	0.00143825	0.00191725	0.00354574	0.00130514	6.81756e-05	0.00462065	0.00337246	0.000585224	0.00101787	0.00195505	0.00408138	0.00285841	0.000371543	0.00355578	0.00022548	0.00112899	0.000328735	0.00375395	0.00140975	0.0034998	0.00359219	0.00101742	0.000224874	0.00332505	0.00639119	0.000793453	0.0037638	0.00086811	0.00585039	0.00576436	0.00481247	0.000306505	0.000430039	0.000270844	0.0	0.00345355	0.000283864	0.00109457	0.00103529	0.000485512	0.000232769	0.00190348	0.00358755	0.0011139	0.00038901	0.000666364	0.00218052	0.00130054	0.000847517	6.74182e-05	0.00070341	0.000424465	0.00033136	0.000348909	0.00158669	0.000630022	0.000221393	0.00024864	0.000548743	0.00398965	0.00217135	0.000179164	0.00101348	0.000464456	0.000507504	0.000473763	0.000195579	0.000452665	0.000638109	0.000831453	0.00121496	0.000373093	0.00146042	0.000481246	0.00165155	0.00100587	0.00417066	0.000137349	0.0017683	0.00021619	0.000436559	0.000987658	0.000815008	0.00465824	0.00155023	0.0	0.00293311	0.000392674	0.00163285	0.00039926	0.000278312	0.00225852	0.000634427	0.00180724	0.000390085	0.000463388	0.00370138	0.000311181	0.000191181	0.00100538	0.000258398	0.000328831	0.0	0.0012835	0.00239308	0.000178205	0.000587284	0.00143801	0.0037482	0.00344332	0.00186609	0.00105681	0.00122998	0.00236688	0.000180437	0.00147595	0.00133684	0.00427968	0.00423948	0.000503065	0.00421341	0.00366866	0.00402471	0.00289605	0.00138525	0.000567328	0.00135095	0.00137694	0.00189586	0.000896805	0.00907897	0.000451969	0.00187719	0.00242524	0.000754047	0.00100052	0.000477326	0.00248079	0.00181767	0.000635854	0.000407897	0.00450157	0.00172851	0.00248704	0.0067307	0.000426843	0.000454163	0.000881324
PWY0-1298: superpathway of pyrimidine deoxyribonucleosides degradation	0.000442432	0.00172845	0.000161092	0.000923758	0.00387716	0.00203951	0.000936781	0.00295647	0.00116169	0.0010299	0.00337087	0.00207135	0.00256285	0.004493	0.00291945	0.00110086	0.000170367	0.00171634	0.00357705	0.000554886	0.000209579	0.000423202	9.46849e-05	0.000645759	0.00318924	0.00207646	0.000284881	0.00389659	0.00385113	0.00220636	0.00058561	0.000290019	0.000272697	0.00103267	0.00179613	0.00308853	0.00108337	5.64296e-05	0.00405024	0.0026756	0.000438647	0.00062948	0.00159957	0.00314533	0.00321228	0.000902317	0.00221966	0.000283439	0.000678158	0.000169246	0.00319482	0.00165131	0.00302299	0.0	0.000740955	0.000134495	0.00247087	0.00407781	0.000688097	0.00281804	0.00121929	0.00468705	0.00444156	0.0039065	0.000282438	0.000326666	0.0	0.0	0.00282769	0.00023116	0.00115952	0.00136324	0.000357135	7.24789e-05	0.00146537	0.00202304	0.000794977	0.000304969	0.000326511	0.00268576	0.000447211	0.000565321	5.45739e-05	0.000419471	0.000321427	0.000610914	0.000327594	0.00122659	0.000127762	0.00017887	0.000113849	0.000400974	0.00362824	0.00171239	0.000146073	0.00074915	0.000460394	0.000415768	0.000356521	0.0	0.000471775	0.000353331	0.000503133	0.000606462	0.000421408	0.001054	0.000291887	0.00134907	0.00083528	0.0035591	0.000106139	0.000692074	8.80722e-05	0.000465475	0.00062841	0.00111131	0.00374531	0.00123823	9.38384e-05	0.00227643	0.000267192	0.00112142	0.000173967	0.0	0.00178637	6.30869e-05	0.00192254	0.000296312	0.00011336	0.00324336	0.000236482	0.000173153	0.000839553	0.000104786	0.000751346	0.0	0.00167569	0.00271504	0.000192641	4.70961e-05	0.00111041	0.00377654	0.00255348	0.00171458	0.000914805	0.000523931	0.00210185	0.000152609	0.00116013	0.00099602	0.0032465	0.00356244	0.0	0.00357774	0.00334586	0.00324664	0.00212552	0.00100917	0.000118411	0.0010318	0.000776958	0.00151505	0.000580408	0.00305202	0.000298181	0.00155707	0.00141712	0.00049298	0.00160305	0.000378935	0.00203813	0.0024462	0.000446659	0.000420076	0.00378153	0.000417448	0.00151018	0.00513045	0.000551383	0.00179004	0.00064529
PWY0-1319: CDP-diacylglycerol biosynthesis II	0.00827869	0.00739505	0.0100549	0.00814808	0.00501795	0.00668179	0.00878197	0.00366587	0.00670929	0.00939221	0.00587103	0.00670057	0.0043678	0.00426897	0.00568944	0.00805115	0.0150302	0.00813948	0.00493473	0.00851884	0.00774906	0.00898747	0.00949892	0.0117312	0.00555569	0.00658495	0.00848163	0.00544433	0.00510674	0.00709909	0.00681124	0.00998789	0.00959249	0.00741396	0.00668451	0.00597059	0.00697586	0.00855788	0.00440938	0.00334412	0.00803766	0.0078492	0.0052796	0.00457868	0.00542312	0.00881579	0.00586945	0.011065	0.00687218	0.00799688	0.00528706	0.00403256	0.00498736	0.00643463	0.00989959	0.00894956	0.00515668	0.00472746	0.00843832	0.0071154	0.00794973	0.00493511	0.00524179	0.00631791	0.00769246	0.00862028	0.00945909	0.00703902	0.00549909	0.0106029	0.00712773	0.00640399	0.00948018	0.00763702	0.00644221	0.0069068	0.00924615	0.0089859	0.00652485	0.0060543	0.00790635	0.00884329	0.00882842	0.0109457	0.00953689	0.00598586	0.00743288	0.00423253	0.00955293	0.00896513	0.00287731	0.00900601	0.00492612	0.00647066	0.0084025	0.00784393	0.00846783	0.00930892	0.00930972	0.00909328	0.00835677	0.00894324	0.0059299899999999	0.0067412	0.00960849	0.00694096	0.00902498	0.00884285	0.00722973	0.00484461	0.00666469	0.0082613	0.0098362	0.00768355	0.00705297	0.00755475	0.00482696	0.00722815	0.0133411	0.00542707	0.0115157	0.0073799	0.00906217	0.00778636	0.00377517	0.00751056	0.00624392	0.00946081	0.0077526	0.00571335	0.00855058	0.0089819	0.007565	0.0100834	0.00906157	0.00365138	0.00816603	0.0054997	0.00939591	0.0057132	0.00763629	0.00365142	0.00585063	0.00729035	0.00803539	0.00789622	0.0057846	0.00846614	0.00725327	0.00318386	0.00471943	0.00405191	0.00903533	0.00492129	0.00401702	0.00398937	0.00210382	0.00909945	0.00969824	0.009454	0.00905582	0.00636488	0.00974884	0.00491107	0.00995393	0.00700919	0.00869553	0.0091263	0.00857581	0.010076	0.00600059	0.00807651	0.00788402	0.00922003	0.00547932	0.0114517	0.00651667	0.00487451	0.00835272	0.00851983	0.00785889
PWY0-1337: oleate &beta;-oxidation	0.0	2.07468e-05	1.6631e-05	0.000100797	4.56602e-05	0.000853995	7.53382e-05	0.0	0.000147314	0.000164399	0.00161159	0.000783217	0.000269847	0.000459865	0.000575909	0.000108407	0.0	0.000344058	0.00170818	0.0	0.0	0.0	0.0	8.14376e-05	0.000622403	0.000181549	6.43033e-05	0.000886537	0.000942284	0.000242474	0.000164032	0.0	0.0	0.000147303	0.000541465	0.00254504	0.00026911	0.0	0.00506085	0.00174679	0.000209638	6.74211e-05	0.000294471	0.000896143	0.0	0.000247228	0.000442778	1.51602e-05	0.000257994	0.0	0.000689772	0.000594512	0.000958038	0.0	0.0	0.0	0.000996018	0.000365585	3.84234e-05	0.00057852	2.2068e-05	0.00167441	0.0	0.00033635	4.11928e-05	7.62396e-05	0.0	0.0	0.000352689	0.0	0.000744673	0.00105581	0.0	0.0	0.000603092	0.000157863	0.0	0.0	7.00552e-05	0.00135465	1.6788e-05	0.0	0.0	0.0	3.22552e-05	0.0	0.0	0.000105921	0.0	1.16463e-05	0.0	0.0	0.00232471	0.0010533	1.97964e-06	0.0	0.0	0.0	4.49225e-05	0.0	7.8141e-05	5.00461e-05	0.000111781	8.44702e-05	0.0	8.95704e-05	1.67161e-05	0.000142677	0.000153885	0.00226823	0.0	0.0	0.0	0.0	4.38479e-05	0.000140395	0.00066537	0.000120034	5.32309e-05	0.000187641	0.0	5.4845e-05	0.0	0.0	0.000274241	0.0	0.000898631	6.71613e-05	0.0	0.00179757	0.0	0.0	0.0	0.0	0.000113498	0.0	0.000192558	0.00100276	2.34767e-05	0.0	0.00035302	0.00404841	0.00115768	0.00021916	0.000136873	3.36126e-05	0.000645202	0.0	4.68533e-05	9.57773e-05	0.000838998	0.00436369	0.0	0.00198451	0.00357742	0.000564442	0.000229119	0.000288799	0.0	0.000271706	1.23661e-05	0.000340424	6.58771e-05	0.000135582	0.0	0.00106849	6.03064e-05	0.000167554	8.50156e-05	9.20112e-05	0.000326477	0.00110359	2.88137e-05	6.85062e-05	0.000434686	4.14138e-05	0.00015164	0.000362637	6.31475e-05	0.0	0.000168837
PWY0-1338: polymyxin resistance	0.0	4.7152e-05	1.02226e-05	0.000275702	9.47742e-05	0.000629903	0.000191228	0.00133794	0.00017464	0.000163484	0.00131378	0.000556839	0.000205802	0.000857899	0.00104818	7.50077e-05	0.0	0.000334854	0.00181481	2.37696e-05	0.0	0.0	0.0	0.000175012	0.00118963	0.000575858	9.66542e-05	0.00152293	0.00104912	0.000489532	0.000101114	0.0	1.62129e-05	0.000246066	0.000558607	0.00207883	0.000166348	0.0	0.00420901	0.0010497	0.000225409	9.97422e-05	0.000502748	0.00224275	0.00194345	0.000174184	0.000412264	1.29763e-05	0.000290784	0.0	0.000699995	0.00189425	0.000925463	0.0	0.000207434	6.66832e-05	0.0010127	0.000552481	5.86907e-05	0.000801655	0.000626247	0.00295455	0.0	0.000421157	0.0	9.28427e-05	0.0	0.0	0.000585446	0.0	0.000437919	0.000794662	0.0	0.0	0.000493319	0.000289381	0.0	0.0	1.81332e-05	0.000949825	1.96968e-05	0.0	0.0	0.0	8.36094e-05	0.0	0.0	0.000252746	0.0	0.0	0.0	0.0	0.00177186	0.000573873	4.00804e-06	0.0	0.0	0.0	4.23249e-05	0.0	8.82302e-05	4.70495e-05	3.53478e-05	0.000162949	0.0	0.000213822	3.23861e-05	0.000199359	0.000214233	0.00130465	0.0	0.0	0.0	0.0	3.35546e-05	0.000491839	0.00107029	0.000102024	0.0	0.000429843	0.0	0.000205965	0.0	0.0	0.000310572	0.0	0.000758365	2.18521e-05	0.0	0.00104569	0.0	0.0	0.0	0.0	9.72591e-05	0.0	0.00022029	0.000966744	2.66438e-05	0.0	0.00030034	0.00317052	0.00084726	0.000235298	5.94581e-05	3.58726e-05	0.000596014	0.0	9.28616e-05	9.16669e-05	0.00160202	0.00279134	0.0	0.00171255	0.00203616	0.000795468	0.000296586	0.00043677	0.0	0.000152255	1.80743e-05	0.000405278	8.3171e-05	0.000723069	0.0	0.000788642	5.03182e-05	0.000124684	0.000233104	8.9354e-05	0.000626325	0.000684863	8.72633e-05	4.97558e-05	0.00166863	0.0	0.000304954	0.000767654	4.76814e-05	0.0	8.26865e-05
PWY0-1415: superpathway of heme b biosynthesis from uroporphyrinogen-III	9.43494e-05	0.000323415	2.05816e-05	0.00051996	0.000225819	0.000990463	0.000526869	0.0	0.000102098	0.000391324	0.00358511	0.000811868	0.000459529	0.00182056	0.00182333	0.000291114	0.0	0.00041047	0.00283507	4.12526e-05	0.0	0.0	0.0	0.000386439	0.00206032	0.000578602	0.00010086	0.00231736	0.00204376	0.000781136	0.000199396	8.9357e-06	6.40031e-05	0.000400222	0.000935483	0.00370761	0.000381501	5.5773e-05	0.00427391	0.00154541	0.0	0.000150967	0.00101884	0.00288962	0.00231008	0.000235294	0.00107946	0.0	0.000657481	0.0	0.00112889	0.000854361	0.00148918	0.0	8.11842e-05	0.0	0.00126781	0.000711832	0.000196183	0.000776089	0.000522832	0.00262319	0.000136497	0.000737811	4.64189e-05	9.98968e-05	0.0	0.0	0.00129449	0.0	0.000881754	0.000113271	0.0	0.0	0.000909847	0.000519461	4.63994e-05	0.0	2.3851e-05	0.00154853	2.47312e-05	0.000138629	0.0	0.0	0.000105825	0.0	8.22908e-05	0.000507284	3.71372e-05	0.0	0.0	0.0	0.00169133	0.000784222	1.11418e-05	4.99795e-06	5.79042e-05	0.0	4.4902e-05	0.0	0.0	0.000313315	0.000115569	0.000416037	0.0	0.000372848	9.25057e-05	0.000466716	0.00014845	0.00184175	0.0	0.0	0.0	7.45497e-05	0.0	9.22332e-05	0.00248993	0.000128405	0.0	0.000954284	0.0	0.000417805	0.0	0.0	0.000625559	0.0	0.00124845	7.66136e-05	0.0	0.00148385	0.0	0.0	0.0	0.000166793	0.000120433	0.0	0.000455254	0.00190907	6.71194e-05	0.0	0.000342115	0.00317888	0.00130273	0.000550432	0.000240242	5.01462e-05	0.000968384	0.0	0.000164707	0.00017615	0.00313185	0.00354908	0.0	0.00270491	0.00224178	0.00145045	0.000581438	0.000155366	0.0	0.000258037	0.00018343	0.000991558	0.000217231	0.00103178	4.15685e-05	0.00120608	0.000170511	0.000587096	0.000254271	0.00010842	0.00108126	0.00147385	0.000216486	0.000695485	0.00273953	0.000232442	0.00063413	0.00156456	0.000111028	6.51848e-05	0.000208091
PWY0-1477: ethanolamine utilization	0.0007413	0.00244468	0.00137801	0.00151098	0.00252964	0.00343288	0.00169109	0.00337546	0.0020475	0.00216284	0.00732615	0.00290893	0.00611595	0.0110874	0.00613077	0.00242779	0.0	0.00361103	0.00693768	0.00158464	0.00111886	0.000461589	0.00119545	0.00223101	0.00399958	0.00216493	0.00202313	0.00795858	0.00576173	0.002379	0.000976569	0.000721519	0.000839584	0.00158332	0.00405405	0.00729723	0.00141723	0.00104036	0.00445475	0.00532711	0.00288206	0.0026614	0.00440846	0.00807894	0.00399842	0.00136482	0.00217057	0.0010514	0.00264728	0.000956164	0.00687553	0.00412044	0.00431271	0.00386412	0.00223967	0.000352178	0.00356729	0.00827332	0.00167064	0.00519821	0.000647575	0.0117125	4.3736e-05	0.0061197	0.000442947	0.000627848	0.000965765	0.000141109	0.0041667	0.000577523	0.00225249	0.00253097	0.00103011	0.000892261	0.00308644	0.00265113	0.000899687	0.000916289	0.0022696	0.00621774	0.0026985	0.0017451	0.000305981	0.00190905	0.000780215	0.000838948	0.000947085	0.0017519	0.00141598	0.00125635	0.000489804	0.00129721	0.00480016	0.00262652	0.00125449	0.00167523	0.000473518	0.00122099	0.00146796	0.000977318	0.00162081	0.000669856	0.00215686	0.00247623	0.000895879	0.00320607	0.000750038	0.00262077	0.00628905	0.00652018	0.000259523	0.000892665	9.03591e-05	0.000656254	0.0014156	0.00118225	0.00698177	0.00113385	0.000421115	0.00465557	0.00131994	0.00251047	0.00133514	0.000872977	0.00283884	0.000748023	0.00396387	0.0021455	0.000653758	0.00534102	0.00105965	0.000758573	0.000842414	0.000357786	0.000241519	0.0	0.00209047	0.0052629	0.000626259	0.00110366	0.00141839	0.00526139	0.00413878	0.00177326	0.00188758	0.00408787	0.00472425	0.000355464	0.00305348	0.00280122	0.00981651	0.00487086	0.00126319	0.00590281	0.00480419	0.00854351	0.00277685	0.00161439	0.000342865	0.00174416	0.000832603	0.00220849	0.00122088	0.00640126	0.00107447	0.00387462	0.00220513	0.00108251	0.00152634	0.000524586	0.00436054	0.00479644	0.00104993	0.000737451	0.00615622	0.000841805	0.00284671	0.0117961	0.00307237	0.000462387	0.00130112
PWY0-1479: tRNA processing	0.00059665	0.00285499	0.000961611	0.00252843	0.000711708	0.00201965	0.00131211	0.00195504	0.0020912	0.00211247	0.00443524	0.002041	0.0015755	0.00371135	0.00317649	0.00138384	0.0	0.00196206	0.00325774	0.000610836	0.000626498	0.0011969	0.000529669	0.00227869	0.00320727	0.00264738	0.00159577	0.00330722	0.0037144	0.00137159	0.00101968	0.000595832	0.000687641	0.00144346	0.00268065	0.00362409	0.0012564	0.00198695	0.00382873	0.00406541	0.00100881	0.000695071	0.00262906	0.00408162	0.00393087	0.000711907	0.00262372	0.000613199	0.00159877	0.00181461	0.00272438	0.00364973	0.00251586	0.0	0.000165453	0.00114005	0.00269919	0.00288452	0.000849007	0.00204467	0.00155588	0.00338977	0.00109686	0.00257356	0.000911723	0.000866991	0.000877574	0.000640103	0.00342508	0.0	0.00175225	0.0016346	0.000650818	0.00127357	0.00200719	0.00181521	0.000150464	0.000566209	0.00147478	0.00302748	0.000607686	0.000199118	0.000244373	0.000161545	0.000968837	0.00220383	8.88053e-05	0.00148218	0.00200401	0.00170036	0.000128569	0.000439259	0.00291354	0.00173724	0.00188093	0.00122103	0.00187852	0.0013717	0.00109576	0.000842216	0.00112929	0.00233403	0.00155324	0.00214401	0.00100661	0.00138573	0.000969196	0.00166951	0.000741196	0.00280193	0.000742262	0.000881993	0.000860691	0.00241905	0.00174083	0.00261979	0.0034974	0.000784682	0.000518925	0.00370342	0.000100922	0.00174894	0.000593406	0.000888495	0.00282109	0.00111203	0.00243658	0.0010809	0.00154103	0.0033595	0.000645407	0.000850535	0.0	0.00104053	0.00148986	0.00010185	0.00176455	0.00274336	0.00159106	0.00130526	0.0011535	0.00410759	0.00223584	0.00158009	0.00222546	0.000916755	0.00276866	0.000671641	0.00147116	0.0010172	0.00279554	0.00325704	0.00176349	0.00342343	0.00347418	0.00402039	0.00541303	0.00131976	0.0013878	0.000338821	0.00121083	0.00172546	0.00123933	0.00292402	0.00109812	0.0022873	0.00202531	0.00207156	0.00214328	0.00161453	0.00293223	0.00307699	0.00124444	0.00268977	0.00422452	0.0012344	0.00224405	0.00271575	0.0031421	0.0018855	0.000492292
PWY0-1533: methylphosphonate degradation I	0.0	9.9768e-06	1.71502e-05	4.12214e-05	3.76453e-05	2.30113e-05	9.1192e-05	0.00165015	9.13858e-05	0.0	0.00106158	0.000263629	7.42786e-05	7.88448e-05	0.000119595	9.72368e-05	0.0	0.00017122	0.000148618	0.0	3.64984e-05	0.0	0.0	3.64362e-05	0.000910127	0.000167885	6.45608e-05	0.000347802	0.0	0.000327748	4.08818e-05	0.0	0.0	0.0	0.000378863	0.000432146	0.000117527	0.0	6.01491e-07	0.000251832	0.0	3.94273e-06	9.35214e-05	0.000617101	0.00270988	7.39655e-05	0.00012145	0.0	0.000122866	0.0	0.000286858	0.00220221	0.000381328	0.0	0.000133971	0.0	0.0	3.71528e-05	0.0	0.000662221	0.0	0.00328206	0.0	0.000185062	0.0	0.0	0.0	0.0	0.0001314	0.0	8.23801e-05	1.08159e-05	0.0	0.0	0.000243959	9.75983e-05	0.0	0.0	2.86116e-05	0.000399774	0.0	8.10861e-05	0.0	0.0	3.1864e-05	0.0	0.0	6.62865e-05	0.0	0.0	0.0	0.0	0.000298874	2.13235e-05	0.0	0.0	0.0	0.0	5.98956e-05	0.0	1.27224e-05	7.03546e-06	0.0	5.35577e-05	0.0	3.06744e-05	0.0	0.0	0.000171441	0.000315739	0.0	0.0	0.0	0.0	3.51836e-05	6.71062e-05	0.000194084	1.97229e-05	2.28781e-05	6.39632e-05	0.0	2.88198e-05	0.0	0.0	0.000153998	0.0	0.000257452	6.65187e-05	0.0	0.000839302	0.0	0.0	0.0	0.0	2.68168e-05	0.0	0.000104622	0.000359707	2.28638e-05	0.0	0.000263509	0.000172917	0.0	0.0	0.000116853	7.17263e-06	0.000400367	0.0	8.49904e-06	7.34381e-05	0.000568363	0.00018919	0.0	0.000698262	3.91247e-05	0.000227901	0.0	0.000226817	0.0	0.000107535	0.0	0.00023856	3.44911e-05	0.000106145	0.0	0.000289351	0.000107533	4.6578e-05	6.76053e-05	3.93105e-05	9.76462e-05	0.000737171	3.09049e-06	0.0	0.0	1.65742e-05	0.0	0.000123469	2.41894e-05	0.0	5.39401e-05
PWY0-1586: peptidoglycan maturation (meso-diaminopimelate containing)	0.00605115	0.0130803	0.00771108	0.00959001	0.00640874	0.00673469	0.00642419	0.0117042	0.00541485	0.00739909	0.0139672	0.00774814	0.00810813	0.00939438	0.0120548	0.00708789	0.00369571	0.00847007	0.014876	0.00510241	0.00813431	0.00785993	0.00370949	0.00621995	0.0117746	0.00813948	0.00705798	0.0128568	0.0128831	0.00548216	0.00537116	0.00540133	0.00588938	0.00829696	0.00742593	0.0142272	0.00657301	0.00553884	0.0110606	0.00871272	0.00570861	0.0112	0.00825983	0.0135166	0.0133233999999999	0.00861413	0.00924541	0.00622682	0.00737807	0.00613618	0.0077599	0.0137934	0.00936024	0.00934533	0.00521183	0.00714269	0.00821653	0.00599965	0.00704362	0.0091297	0.00953428	0.0143629	0.00598985	0.0120491	0.00880213	0.00808971	0.00537022	0.00443297	0.00881972	0.0112975	0.0108623	0.00841833	0.00608205	0.00538908	0.0109406	0.00699399	0.0101283	0.00786949	0.00524838	0.0115104	0.00656096	0.0130953	0.00831443	0.00819412	0.00661592	0.00701516	0.00154924	0.0121757	0.00906265	0.00563828	0.0137716	0.00925278	0.0127053	0.00896986	0.00575963	0.00907243	0.00659808	0.00698263	0.00449985	0.00525899	0.00410958	0.00635074	0.0128662	0.00777946	0.00707356	0.0087865	0.00689706	0.00724969	0.00789064	0.0100046	0.0108101	0.00852152	0.0060004	0.00593066	0.00499838	0.00578558	0.0118871	0.00795644	0.00783233	0.0087845	0.00589628	0.0079844	0.00551409	0.00644813	0.00511498	0.00675912	0.00878773	0.00589615	0.00726722	0.0113108	0.00888845	0.00602321	0.00501658	0.0113935	0.00605548	0.00267563	0.0111301	0.010231	0.00578479	0.0117062	0.00646201	0.0105124	0.00728479	0.00968699	0.00533198	0.0121701	0.00841844	0.0068839	0.00668681	0.00744739	0.0173437	0.0147125	0.00664952	0.0131527	0.0137212	0.0104486	0.00716554	0.0067592	0.00866209	0.00892042	0.00750458	0.00778896	0.0065722	0.00820958	0.00780765	0.0104851	0.00548275	0.00799703	0.0073425	0.0080723	0.00877164	0.0100631	0.00850671	0.0080053	0.0131525	0.00821149	0.00835906	0.00604729	0.00636053	0.00829562	0.00837823
PWY0-162: superpathway of pyrimidine ribonucleotides de novo biosynthesis	0.00655317	0.00418935	0.00574747	0.00342251	0.00922642	0.00339547	0.00448639	0.00355084	0.00448064	0.0033469	0.00305946	0.00434763	0.0067019	0.00360661	0.00367238	0.0043614	0.00512774	0.0039571	0.00293316	0.00535349	0.00410741	0.00603082	0.00375447	0.00196974	0.00386127	0.00241076	0.00436716	0.00374402	0.00310882	0.00423902	0.00605028	0.00587261	0.00512676	0.0043947	0.0040651	0.00281848	0.00568606	0.00496484	0.0037858	0.00418448	0.0055925	0.00340587	0.00515467	0.00361478	0.00397293	0.00466806	0.00349834	0.00424942	0.00388695	0.00370957	0.00357576	0.0045193	0.00334812	0.00620122	0.00478226	0.00640652	0.00371152	0.0042829	0.00554501	0.00363217	0.00465859	0.00288184	0.00709822	0.00302906	0.0045106	0.00394708	0.00279089	0.00103134	0.00465816	0.00161292	0.00343062	0.00310939	0.00395195	0.00394219	0.00297464	0.00279033	0.00235819	0.00393498	0.00794965	0.00357141	0.00522394	0.00357788	0.00241856	0.000832152	0.00380735	0.00813395	0.00780938	0.00323521	0.00354931	0.00335289	0.00279132	0.00471043	0.00353907	0.00329997	0.00524325	0.00752913	0.00537244	0.00497376	0.00638182	0.0051967	0.00144327	0.00494909	0.00275512	0.00530228	0.00545739	0.00516393	0.00379892	0.00214695	0.00383228	0.0032911	0.00191161	0.0028748	0.00475975	0.00545043	0.00347133	0.00430566	0.00342882	0.00523349	0.00238613	0.00383747	0.00196278	0.00373155	0.00445313	0.00465576	0.00384009	0.00363341	0.00395826	0.00305039	0.00682731	0.00360782	0.00427805	0.00520569	0.00489232	0.00196039	0.00392211	0.000734201	0.00268388	0.00383775	0.00450368	0.00682791	0.00518525	0.00418479	0.00377988	0.00272268	0.00620109	0.0028848	0.00490822	0.00704875	0.00375495	0.00349533	0.00315645	0.00328829	0.00556525	0.00287387	0.00363728	0.00398081	0.005234	0.00504946	0.00325444	0.00424517	0.00539697	0.00508303	0.00561557	0.00309	0.00368394	0.00482541	0.00418273	0.00511193	0.00467982	0.00319563	0.00518034	0.00433332	0.00462068	0.00387892	0.0038505	0.00207518	0.0043807	0.00307299	0.00548276	0.00469848	0.00561917
PWY0-166: superpathway of pyrimidine deoxyribonucleotides de novo biosynthesis (E. coli)	7.9778e-05	5.91776e-05	0.000106706	0.0010899	0.00107601	0.00173238	0.00106247	0.0	0.000289078	0.000556774	0.00189954	0.00141364	0.00120911	0.00342209	0.00262107	0.000535534	0.0	0.00128228	0.00230952	3.54566e-05	0.0	0.0	0.0	0.00122962	0.0019034	0.000957057	0.000180847	0.00326175	0.00265759	0.000932455	0.000490019	0.0	5.3655e-05	0.00127111	0.00171335	0.00255685	0.000777961	0.0	0.00335533	0.00190517	0.000348887	0.00059623	0.00218834	0.00319509	0.00302972	0.00035187	0.00121452	0.0	0.00111396	4.27492e-05	0.00256732	0.00151616	0.00203384	0.0	0.0	0.000107778	0.00216499	0.000582774	0.000529236	0.00117259	0.00029177	0.00203158	0.0	0.00112598	0.00011483	0.000444595	0.0	0.0	0.00292828	0.0	0.0013442	0.00140578	0.0	0.0	0.00124184	0.00105071	0.0	0.0	8.95023e-05	0.00186617	5.63635e-05	0.000133573	0.0	0.0	0.00052041	0.0	0.000547406	0.00113232	0.0	0.0	0.0	0.0	0.00228797	0.00134476	0.0	0.0	0.0	0.0	0.000105665	0.0	0.000338801	0.00053538	0.000147265	0.00104351	0.0	0.00172199	0.000167214	0.000783304	0.000543253	0.0023497	0.0	0.0	0.0	0.0	0.000663757	0.000238533	0.00260652	0.000388765	0.0	0.00170503	0.0	0.00106486	0.0	0.0	0.00131687	3.16146e-05	0.00161765	0.0	0.0	0.00305679	0.0	0.0	0.0	9.60339e-05	0.00029065	0.0	0.00055092	0.00216792	5.8871e-05	0.0	0.0011425	0.00353016	0.00184276	0.00145887	0.000439488	0.000470106	0.00264344	0.0	0.000501129	0.000608323	0.00297745	0.00290614	0.0	0.0021429	0.00263062	0.00278244	0.00217079	0.000977362	0.0	0.000443534	0.000247633	0.00185745	0.00033662	0.000810642	0.000297999	0.0017331	0.000211375	0.000579846	0.00104586	0.000252733	0.00214371	0.00181359	0.000971508	0.00038539	0.00253912	0.000393113	0.00177808	0.00210478	0.0001176	0.000126216	0.000367454
PWY0-301: L-ascorbate degradation I (bacterial, anaerobic)	2.75059e-05	0.000113381	7.86576e-05	0.000352369	0.000472343	0.00133578	0.000469168	0.000524809	0.00035045	0.000162004	0.00464307	0.00117901	0.00248683	0.00315768	0.00146111	0.0001642	0.0	0.000709519	0.00395288	5.48068e-05	0.0	0.0	0.0	0.000349382	0.00213347	0.000818217	0.000502604	0.00436837	0.00188056	0.000427193	0.000283992	6.39277e-05	0.0	0.000759082	0.0010203	0.00477364	0.00040265	1.80878e-05	0.00548877	0.00219509	0.000230036	0.00016568	0.00115366	0.00143572	0.00228876	0.000483668	0.000919794	3.9833e-05	0.000744376	0.0	0.00294854	0.000649643	0.00198642	0.0	0.0	7.42683e-05	0.00222777	0.00337044	0.000199045	0.000865727	0.000470123	0.00438392	0.000123567	0.000971259	0.000109739	0.000324772	0.0	0.0	0.00143032	0.0	0.00111785	0.00121421	0.0	0.0	0.00119659	0.000538035	0.0	2.23846e-05	0.000103879	0.00325267	5.10223e-05	4.88525e-05	0.0	0.0	0.000259367	5.27029e-05	7.98607e-05	0.000818688	0.0	5.52233e-05	0.0	0.0	0.00286724	0.00163905	3.67059e-05	9.24669e-06	0.0	0.0	0.000116738	0.0	0.000363523	0.000258552	0.000133622	0.000207255	0.0	0.000335607	5.39084e-05	0.000864272	0.000225829	0.00378959	3.58324e-05	0.0	2.58196e-05	0.0	0.000618926	0.000595379	0.00378607	0.0002882	8.28796e-05	0.0014426	8.91528e-05	0.00034031	4.33831e-05	0.0	0.000831529	0.0	0.00162802	7.5927e-05	3.02359e-05	0.00353876	0.0	0.0	0.0	0.0	0.000196369	0.0	0.000414953	0.00207286	3.63795e-05	0.0	0.000708981	0.00454661	0.00169825	0.000878978	0.000389227	0.000170788	0.00125293	0.0	0.000217618	0.000467285	0.00412006	0.00503208	0.0	0.00372725	0.00515581	0.00265396	0.00197043	0.000185548	0.0	0.000460804	0.0	0.000844975	0.000156691	0.00217573	2.5066e-05	0.0014902	0.00010208	0.000204012	0.000343316	0.000228304	0.00138788	0.00140119	0.000151907	0.000291814	0.00125028	0.000269339	0.000766958	0.00336753	0.000127507	4.16931e-05	0.000264758
PWY0-321: phenylacetate degradation I (aerobic)	0.0	3.76229e-06	0.0	4.53511e-05	8.89199e-06	0.0	1.10458e-05	0.0	0.0	1.17399e-05	0.0	8.6774e-06	0.0	4.29601e-06	0.000115633	0.0	0.0	0.0	2.83552e-05	0.0	0.0	0.0	0.0	0.0	0.0	0.000100076	0.0	0.00041003	0.000291088	0.0	0.0	0.0	0.0	9.51448e-05	1.93392e-05	0.0	0.0	0.0	1.59239e-06	0.0	0.0	0.0	5.75505e-05	0.000319395	0.0	0.0	0.0	0.0	0.0	0.0	5.58917e-05	3.91425e-05	7.24003e-05	0.0	0.0	0.0	0.0	0.0	1.24661e-05	2.8766e-05	5.77937e-06	0.0	0.0	0.0	0.0	0.0	0.0	0.0	3.25356e-05	0.0	0.0	4.74979e-05	0.0	0.0	0.0	2.3188e-05	0.0	0.0	0.0	0.0	3.67893e-06	0.0	0.0	0.0	9.21131e-06	0.0	0.0	0.00010082	0.0	0.0	0.0	0.0	0.000247615	0.0	0.0	0.0	0.0	0.0	0.0	0.0	0.0	1.66717e-05	0.0	5.26581e-06	0.0	0.0	0.0	6.24098e-05	0.0	0.0	0.0	0.0	0.0	0.0	0.0	0.0	0.000292981	2.45679e-06	0.0	0.000146562	0.0	4.10368e-05	0.0	0.0	0.0	0.0	0.0	0.0	0.0	4.94734e-06	0.0	0.0	0.0	0.0	0.0	0.0	0.0	0.0	0.0	0.0	0.0	1.67929e-05	0.0	5.1694e-05	0.0	0.0	3.90782e-05	0.0	1.13587e-05	0.0	0.000585427	0.0	0.0	0.000231777	3.70613e-05	0.000194654	6.06294e-05	0.0	0.0	0.0	0.0	8.83066e-05	0.0	0.0	0.0	0.0	0.0	0.0	0.0	0.0	0.0	0.0	9.90178e-06	0.0	4.03221e-05	0.0	0.0	1.54574e-06	0.0	0.0	2.36817e-06
PWY0-41: allantoin degradation IV (anaerobic)	0.0	1.63458e-05	0.0	4.9952e-05	2.26911e-05	3.39051e-06	5.72833e-05	0.0	0.0	2.95664e-05	0.000637113	7.33485e-05	1.76278e-05	3.91774e-05	0.000453983	6.93315e-05	0.0	6.28172e-05	0.000356791	0.0	0.0	0.0	0.0	3.87057e-05	0.00029756	6.99892e-05	1.36014e-05	0.000337138	0.000161016	7.13851e-05	5.13015e-05	0.0	0.0	7.26789e-05	0.000176718	0.000142874	5.67578e-05	0.0	9.53246e-07	0.0007012	0.0	6.63641e-06	0.000104075	0.000382445	0.0	1.64037e-05	0.000232727	0.0	3.95151e-05	0.0	0.000136308	8.26664e-05	7.55196e-06	0.0	0.0	0.0	0.0	3.86172e-05	1.36727e-05	0.000116073	0.0	0.00209814	0.0	0.000126142	0.0	0.0	0.0	0.0	0.000185793	0.0	0.000122622	1.25692e-05	0.0	0.0	0.000129847	0.000137635	0.0	0.0	1.06728e-05	0.000178873	4.30021e-06	0.0	0.0	0.0	2.42372e-05	0.0	0.0	0.000109608	0.0	0.0	0.0	0.0	0.000349177	0.000147961	2.31394e-06	0.0	0.0	0.0	8.25177e-06	0.0	2.69086e-05	1.09203e-05	0.0	5.83914e-05	0.0	3.51537e-05	0.0	7.64777e-05	7.80014e-05	0.000204458	0.0	0.0	0.0	0.0	0.0	0.0	0.000299976	1.37104e-05	0.0	0.000160169	0.0	0.000109357	0.0	0.0	9.00101e-05	0.0	9.61248e-05	0.0	0.0	0.000432972	0.0	0.0	0.0	0.0	0.0	0.0	4.95787e-05	0.000136625	1.09235e-05	0.0	0.0001808	9.2318e-05	0.0	0.000130078	1.4048e-05	9.4836e-06	0.000172566	0.0	4.16754e-05	2.86362e-05	0.000669782	0.0	0.0	0.000551193	0.00015667	0.000431267	8.87607e-05	5.45538e-05	0.0	4.78475e-05	0.0	0.000177404	2.59588e-05	3.68629e-05	0.0	8.41193e-05	2.19631e-05	2.67656e-05	8.14671e-05	9.08219e-06	7.80778e-05	8.95717e-05	1.30978e-05	0.0	0.000112896	0.0	6.2647e-05	0.00013519	2.11471e-06	0.0	2.35832e-05
PWY0-42: 2-methylcitrate cycle I	0.0	3.73109e-05	1.35279e-05	0.000256948	0.000161762	3.72404e-05	0.000146713	0.0	6.55291e-05	0.000121354	0.00182739	0.000476155	0.000141661	0.000304559	0.00150201	0.000154946	0.0	0.000483749	0.00242447	0.0	0.0	0.0	0.0	2.25838e-05	0.00151197	0.000371819	4.90191e-05	0.00143225	0.0011593	0.000390815	4.921e-05	0.0	3.78874e-05	0.000275275	0.00071325	0.00160814	0.000178659	0.0	1.09403e-05	0.00134759	1.63094e-05	7.59944e-05	0.000230749	0.00155506	0.000123465	0.000143653	0.000410518	4.57142e-06	0.000292103	1.28486e-05	0.000482609	0.0013009	0.000956775	0.0	3.1869e-05	0.0	0.000199583	0.000247411	5.94854e-05	0.000509203	1.61525e-05	0.0029283	0.0	0.00037908	0.0	0.000149273	0.0	0.0	0.00117867	0.0	0.000313298	0.000150457	0.0	0.0	0.000303826	0.000477719	0.0	0.0	3.19787e-05	0.00187945	2.568e-05	5.66452e-05	0.0	0.0	8.43693e-05	2.74393e-05	0.0	0.000400873	0.0	0.0	0.0	0.0	0.000876023	0.000536818	0.0	0.0	0.0	0.0	8.71314e-05	0.0	9.08776e-05	6.51478e-05	4.30286e-05	0.000265814	0.0	9.32204e-05	1.31302e-05	0.000408309	0.000172499	0.00156023	0.0	0.0	0.0	0.0	5.14593e-05	7.00966e-05	0.00231953	0.000129252	3.21768e-05	0.000932893	0.0	0.000429348	0.0	0.0	0.000546902	0.0	0.000701958	4.24781e-05	6.22234e-06	0.00150511	0.0	0.0	0.0	0.0	1.31343e-05	0.0	0.000157368	0.00136576	0.0	0.0	0.000226076	0.000479799	4.01603e-05	0.000357935	0.000172752	5.80636e-05	0.00105026	0.0	0.00013869	0.000152527	0.00246059	0.00143317	0.0	0.00203292	0.000873481	0.000752605	0.000424055	0.000304341	0.0	0.00010562	2.90081e-05	0.000394085	0.000113285	0.000315558	0.0	0.000911643	3.81197e-05	9.07546e-05	0.000254401	5.94213e-05	0.000253525	0.000863118	0.00011793	5.42394e-05	0.00143817	5.54284e-05	0.000379	0.000613194	4.09343e-05	1.96739e-05	7.7584e-05
PWY0-461: L-lysine degradation I	0.0	0.0	0.0	5.49749e-05	5.98116e-05	1.40944e-05	0.000125839	0.0	0.0	7.95082e-06	0.0014631	0.000154252	9.09516e-05	8.62377e-05	0.000148333	8.67524e-05	0.0	0.00016653	0.00109141	0.0	0.0	0.0	0.0	2.87085e-05	0.000821902	0.000247323	3.38018e-05	0.000655761	0.000722908	0.00018084	5.46587e-05	0.0	0.0	0.0	0.000226105	0.000497027	0.000106412	0.0	1.81406e-06	0.000936521	0.0	3.82226e-05	0.0	0.00103953	0.000583977	0.000130069	0.00027706	0.0	0.000177544	0.0	0.000192541	0.000173476	0.000718551	0.0	0.0	0.0	0.000182098	2.88622e-05	4.3879e-05	0.000377441	0.0	0.00208896	0.0	0.000259986	0.0	0.0	0.0	0.0	0.000273741	0.0	0.000221194	0.0	0.0	0.0	7.65348e-05	6.49705e-05	0.0	0.0	0.0	0.000502955	1.8264e-05	0.0	0.0	0.0	4.9371e-05	0.0	0.0	8.90373e-05	0.0	0.0	0.0	0.0	0.000499187	0.000211658	0.0	0.0	0.0	0.0	3.13466e-05	0.0	0.0	3.18184e-05	0.0	4.10085e-05	0.0	4.97064e-05	0.0	0.000224228	8.39708e-05	0.00107653	0.0	0.0	0.0	0.0	7.43443e-06	0.0	0.000496497	4.82843e-05	0.0	0.000328122	0.0	1.06871e-05	0.0	0.0	0.000221828	0.0	0.000438816	1.78063e-05	0.0	0.000564287	0.0	0.0	0.0	0.0	2.80028e-05	0.0	0.000103495	0.000525473	0.0	0.0	0.000227524	0.000256494	0.0	0.000104748	8.34125e-05	2.39026e-05	0.000284565	0.0	4.54301e-05	9.06555e-05	0.0011422	0.00058995	0.0	0.000763041	0.000187238	0.000408128	9.61976e-05	0.000230995	0.0	3.51793e-05	0.0	0.000310161	7.28328e-05	0.000151709	0.0	0.000265277	5.85214e-05	4.88087e-05	6.3279e-05	7.79531e-06	0.000126419	0.000509724	3.19593e-05	0.0	0.000241972	0.0	0.000183994	0.000254465	3.09358e-05	0.0	3.7528e-05
PWY0-781: aspartate superpathway	0.000248619	0.000476246	0.000307668	0.000619748	0.000254725	0.00242754	0.000625646	0.00225475	0.00100959	0.000742814	0.0029943	0.00182275	0.00145903	0.00114749	0.00219386	0.0014718	0.0	0.00124784	0.0027056	0.000137414	0.0	6.56866e-05	0.000150989	0.00028104	0.00298321	0.00149939	0.000356894	0.00270448	0.00252253	0.00140909	0.000453764	6.1106e-05	0.000257292	0.00100793	0.00163319	0.0034773	0.000697396	0.0	7.21683e-05	0.00258447	0.000509116	0.000415506	0.00242866	0.00366912	0.00423202	0.001019	0.00173278	0.0	0.0013009	0.000116613	0.00294408	0.00313802	0.00273232	0.0	0.000407847	0.000237984	0.00273124	0.00286579	0.00028541	0.00161201	0.00153526	0.00352691	0.00227876	0.00159109	0.0	0.000327791	0.0	0.0	0.00162189	0.0	0.00176454	0.00191973	0.0	0.0	0.00203174	0.000952896	0.0	0.0	0.000268033	0.00319887	0.000223249	0.0	0.0	0.0	0.000259362	0.0	0.0	0.00105179	0.000124728	0.000202718	0.0	0.0	0.00350947	0.00209044	0.000155806	0.0	0.000229285	0.0	0.000441431	0.0	0.000544081	0.000355981	0.000639857	0.00127103	0.0	0.0010044	0.000462225	0.000972117	0.00100185	0.00350897	0.0	0.0	0.0	0.000106025	0.000898254	0.00152307	0.00290894	0.00129832	0.0	0.00283225	0.0	0.00114037	0.000185606	0.0	0.00122301	0.000351452	0.00222119	8.21503e-05	0.0	0.00269986	0.0	0.0	0.0	0.0	0.000614318	0.0	0.000652234	0.00279973	9.5417e-05	0.0	0.00151283	0.00355859	0.00261725	0.000821375	0.000500918	0.000217859	0.00196313	0.00010177	0.000547237	0.000758116	0.00312545	0.00340001	0.000412762	0.00342228	0.00279091	0.00366596	0.00263161	0.00144244	0.0	0.000783175	0.000270927	0.00164951	0.000477608	0.00216349	0.000192171	0.00212936	0.000314622	0.000482681	0.000689554	0.000704581	0.00232408	0.00241582	0.000602038	0.000310901	0.00372598	0.00050454	0.00138718	0.00248063	0.000687657	0.0	0.000984361
PWY0-845: superpathway of pyridoxal 5'-phosphate biosynthesis and salvage	0.0038347	0.000809898	0.00493162	0.00282158	0.000328055	0.00244747	0.00272967	0.0033675	0.00286991	0.00228744	0.0022527	0.00344059	0.000936754	0.00182966	0.00291049	0.00155148	0.00321372	0.00284949	0.00280984	0.00285166	0.00317757	0.00353593	0.00253556	0.00181089	0.00386544	0.00234888	0.00457633	0.00211192	0.00279184	0.00328485	0.00184864	0.00389327	0.00347474	0.00526077	0.00286651	0.00330325	0.00402864	0.00412584	0.00370404	0.00473454	0.00115568	0.00588827	0.00305638	0.00336921	0.0037151	0.00425909	0.00159809	0.00456004	0.0037465	0.00129879	0.00240594	0.00496404	0.00395277	0.00608191	0.00228607	0.00392944	0.00141655	0.00110167	0.0059161	0.00469054	0.00648133	0.00354792	0.0	0.00165629	0.000764266	0.00479513	0.0034291	0.00244457	0.00280249	0.00721164	0.00596938	0.00263225	0.00121703	0.00474596	0.00160429	0.00131028	0.00578687	0.00401779	0.00304036	0.00311541	0.00267301	0.00978066	0.000132008	0.00357227	0.00333275	0.00167068	0.00275154	0.000817411	0.00230798	0.00281507	0.00100202	0.00716526	0.00263903	0.00361004	0.00455295	0.00553462	0.00153371	0.00275457	0.00235143	0.00172569	0.00083667	0.00130197	0.0013371	0.004442	0.0015448	0.00504361	0.00102594	0.00383952	0.00245378	0.00362165	0.000855109	0.00284236	0.00362825	0.00155311	0.00205375	0.00391197	0.00262324	0.00457681	0.000104002	0.00158344	8.91341e-05	0.00337219	0.00398671	0.00370233	0.00564786	0.00280359	0.0031423	0.00277258	0.00246529	0.0028021	0.00392778	0.00238985	0.00327596	0.00584654	0.000836411	0.000750531	0.00481427	0.00298395	0.0019363	0.00100369	0.00302754	0.00371728	0.00262575	0.00656544	0.000907785	0.00635294	0.00328087	0.00349473	0.00251417	0.000359267	0.00328875	0.00381006	0.00346253	0.00272118	0.003215	0.00161307	0.000581757	0.00348104	0.00577255	0.00549282	0.00336419	0.00407089	0.00144138	0.00122508	0.00201412	0.0045356	0.00293343	0.00320042	0.00369075	0.00456016	0.00389991	0.00404083	0.00486222	0.00337616	0.0038518	0.00197495	0.00411985	0.00120377	0.00268525	0.00432021	0.00560422
PWY0-862: (5Z)-dodecenoate biosynthesis I	0.0012534	0.00784074	0.0020743	0.00248868	0.000663948	0.00361409	0.00178627	0.0106748	0.00172317	0.00184506	0.00364753	0.00434465	0.00640529	0.00761204	0.00409799	0.00258491	0.00155093	0.00372188	0.00486231	0.00103903	0.00253298	0.00135182	0.0102866	0.00256738	0.00482907	0.00570248	0.00142707	0.00635025	0.00457345	0.00749852	0.00261119	0.00311787	0.00212405	0.00431494	0.00462146	0.00441702	0.00438723	0.000697439	0.00481067	0.00482221	0.00113559	0.00460371	0.00660301	0.00584359	0.00587344	0.00444586	0.00392155	0.00195679	0.00564663	0.00280171	0.00567454	0.00697131	0.00550168	0.00496111	0.00508629	0.00303255	0.00420382	0.006592	0.00152656	0.00460662	0.00253755	0.00427905	0.000718425	0.00236563	0.000811291	0.0026343	0.000875713	0.0016809	0.00499679	0.00418053	0.00632326	0.00387389	0.00196121	0.00292877	0.00363469	0.00329958	0.00116566	0.00221167	0.00132954	0.00408384	0.000518368	0.00109084	6.08984e-05	0.000976681	0.002052	0.00172758	0.00201259	0.00344974	0.000829776	0.0027696	0.000433213	0.0040805	0.00394642	0.00511866	0.000812729	0.00177117	0.00126797	0.00362455	0.00175138	0.00166799	0.00107889	0.00193156	0.00143839	0.00273779	0.00148469	0.00255756	0.00211261	0.00268997	0.00311389	0.00529728	0.000109048	0.0030995799999999	0.00181152	0.00146803	0.00327548	0.003167	0.00416572	0.00228441	0.0010418	0.00340186	0.000555941	0.00297248	0.00264172	0.000903339	0.00369281	0.00194202	0.00572482	0.00446522	0.00483006	0.00509374	0.00212546	0.00270925	0.00172897	0.00477066	0.00209597	0.0	0.00185008	0.00493314	0.00174491	0.000287857	0.00412006	0.00490332	0.00390001	0.00278254	0.00151143	0.00087022	0.00587137	0.00201503	0.00271021	0.000810407	0.00415722	0.00444996	0.00251765	0.00439395	0.00474845	0.00482112	0.00705623	0.00402492	0.000725782	0.00361544	0.00274605	0.00445367	0.000997046	0.00511993	0.000546776	0.00513397	0.00236309	0.00296761	0.00314081	0.00312251	0.00417943	0.00516743	0.00185005	0.00326498	0.00564584	0.00116167	0.00320917	0.0085149	0.00199809	0.00108549	0.00216741
PWY1G-0: mycothiol biosynthesis	0.0	0.0	0.0	0.0	0.0	1.22823e-05	0.0	0.0	0.0	0.0	0.0	0.0	0.0	0.0	0.0	0.0	0.0	0.0	0.0	0.0	0.0	0.0	0.0	0.0	0.0	0.0	2.522e-05	0.0	0.0	0.0	0.0	0.0	0.0	0.0	0.0	0.0	0.0	0.0	0.0	0.0	0.0	0.0	0.0	0.0	0.0	0.0	3.91265e-05	0.0	0.0	0.0	0.0	0.0	0.0	0.0	0.0	0.0	0.0	0.0	0.0	0.0	0.0	0.0	0.000538457	0.0	0.0	0.0	0.0	0.0	0.0	0.0	0.0	0.0	0.0	0.0	0.0	0.0	0.0	0.0	0.0	0.0	0.0	0.0	0.0	0.0	0.0	0.0	0.0	0.0	0.0	0.0	0.0	0.0	0.0	0.0	0.0	0.0	0.0	0.0	0.0	0.0	0.0	0.0	0.0	0.0	0.0	0.0	0.0	1.2459e-05	0.0	0.0	0.0	0.0	0.0	0.0	0.0	0.0	0.0	0.0	0.0	0.0	0.0	2.60667e-05	0.0	0.0	0.0	0.0	0.0	0.0	0.0	0.0	0.0	0.0	0.0	0.0	0.0	0.0	0.0	1.64731e-05	0.0	0.0	0.0	0.0	0.0	0.0	0.0	0.0	0.0	0.0	0.0	0.000114232	0.0	0.0	0.0	0.0	0.0	0.0	0.0	0.0	0.0	0.0	0.0	0.0	6.92292e-06	2.37276e-05	0.0	0.0	5.08162e-05	0.0	0.0	0.0	0.0	0.0	0.0	0.0	0.0	0.0	5.06987e-05	0.0	0.0	0.0	0.0
PWY1ZNC-1: assimilatory sulfate reduction IV	0.00013047	0.000198892	4.31887e-05	0.000395062	0.000572163	0.00117151	0.000450093	0.00197502	0.000337347	0.000248774	0.00244436	0.000662626	0.000225731	0.00201512	0.00104418	0.000640653	0.000298477	0.000590118	0.00260855	5.2475e-05	0.0	0.000295959	0.0	0.000594799	0.00185952	0.00118697	0.000599399	0.00186654	0.00220259	0.000743807	0.000163015	0.000198568	3.94285e-05	0.000820915	0.000973832	0.00248298	0.000407876	0.0	0.00419239	0.00105046	0.000260412	0.000187444	0.00256462	0.00136591	0.00339834	0.00017606	0.00100117	0.000136893	0.000461178	0.0	0.00193398	0.00338124	0.00159162	0.000707547	0.000311827	0.00010208	0.00170138	0.000309676	0.000307012	0.00117543	0.000651393	0.00373963	0.0	0.000773187	7.56647e-05	0.000271715	0.0	0.0	0.00126387	0.0	0.00103061	0.00111547	3.5744e-05	3.20159e-05	0.00113018	0.000474315	0.000863743	0.0	5.76717e-05	0.00160912	7.12273e-05	0.0	5.96178e-05	1.57645e-05	0.000106769	1.52157e-05	0.000445629	0.000427967	0.0	0.00049546	0.0	0.0	0.00309215	0.000955944	1.75176e-05	0.000145211	0.00027887	0.000231407	2.60697e-05	0.00127074	0.000189558	6.17195e-05	0.0001337	0.000212043	0.000489734	0.000657105	0.000516264	0.000507122	0.000133604	0.00187764	0.0	2.11203e-05	5.6009e-05	9.49723e-05	0.000501682	0.000552641	0.00164418	0.000380134	6.41435e-05	0.000861983	0.000708231	0.000369519	5.74284e-05	0.0	0.000648051	0.0	0.000963018	3.6532e-05	0.000188915	0.00183318	0.0	1.91755e-05	0.0	0.000159231	0.000177809	0.000225489	0.000428625	0.00145969	2.79363e-05	0.0	0.000507016	0.003552	0.00155066	0.000552107	0.000197183	9.63082e-05	0.00111327	0.0	6.82353e-05	0.000157042	0.0024317	0.00368711	3.55681e-05	0.00257379	0.0041737	0.00153305	0.000508023	0.000883409	0.0	0.000250652	0.000713981	0.00133038	0.000486304	0.000222804	0.000825064	0.00141967	0.000120668	0.00025908	0.000288169	0.00014961	0.0014897	0.00107189	0.00020308	0.000183054	0.0014401	0.000382426	0.000498186	0.000581006	0.000287251	0.00200657	0.000149341
PWY3DJ-35471: L-ascorbate biosynthesis IV (animals, D-glucuronate pathway)	0.0	0.0	0.0	0.0	0.0	0.00127299	0.0	0.0	0.0	0.0	0.0	0.0	0.0	0.00310073	0.0	0.0	0.0	0.0	0.0	0.0	0.0	0.0	0.0	2.22166e-05	0.0	0.0	0.0	0.0	1.0464e-06	0.0	7.5389e-05	0.0	0.0	0.0	0.0	0.0016648	0.0	0.0	0.0	0.000101903	0.0	0.0	0.00178465	0.0	0.0	0.0	2.27975e-05	1.39285e-05	0.0	0.0	0.0	0.0	0.0	0.0	1.91904e-05	3.78384e-05	7.15187e-05	0.0	0.0	0.0	0.0	0.0	0.0	0.0	0.0	0.0	0.0	0.0	0.0	0.0	0.0	0.0	0.0	0.0	0.000788083	0.0	0.0	0.0	0.0	0.0	0.0	0.0	0.0	0.0	0.0	0.0	0.0	7.18155e-05	0.0	0.0	0.0	0.0	0.0	0.0	0.0	0.0	0.0	0.0	0.0	0.0	0.0	0.0	0.0	0.0	4.2184e-05	0.000218697	0.0	0.0	5.30751e-05	0.0	0.0	0.0	0.0	0.0	0.0	0.0	1.2974e-05	0.0	0.0	0.0	0.0	0.0	0.0	0.0	0.0	0.0	1.03025e-05	0.0	0.0	0.0	0.0	0.0	0.0	0.0	0.0	0.0	0.0	0.0	0.0	0.0	4.14858e-05	0.0	0.00155902	0.0	0.0	0.0	0.0	0.0	0.000113002	0.0	0.0007091	0.0	0.0	2.92543e-05	0.0	0.0	0.0	0.0	0.0	0.0	0.0	0.0	0.0	0.0	0.0	0.0	0.0	0.0	0.0	0.0	0.0	0.0	0.0	0.0	0.0	0.0	0.0	0.0	0.0	0.0	0.0
PWY3O-4107: NAD salvage pathway V (PNC V cycle)	9.67404e-05	0.0005376	0.000124119	0.000624826	0.000320864	0.0010936	0.000788448	0.0014827	0.000422625	0.000511434	0.00175462	0.00144039	0.000470165	0.00020748	0.00218387	0.000852756	0.0	0.000598284	0.00117683	0.000664032	0.0	0.000215925	1.74955e-05	0.000396292	0.0019733	0.00181465	8.50102e-05	0.000704191	0.00192361	0.00143868	0.000203615	0.0	4.84641e-05	0.00131492	0.00125447	0.0	0.000290027	0.000140686	0.0	0.00149379	0.000267399	0.00024134	0.00134948	0.00172732	0.00207681	0.00047119	0.00149801	0.0	0.000656802	0.00013902	0.00114454	0.00284125	0.00209362	0.0	0.000116996	6.01987e-05	4.63637e-05	0.000376438	0.000234298	0.00187892	0.0011668	0.00174036	0.00204594	0.00098537	0.000301065	0.000216334	0.000279442	0.0	0.00156756	0.0	0.00134817	0.00100637	0.0	0.0	0.000809343	0.00104447	0.0	0.0	4.48103e-05	0.00219248	0.000759748	8.98121e-05	0.0	0.0	0.000419287	0.00155556	0.000141149	0.000727453	0.000400476	0.000119866	0.0	0.0	0.00246041	0.00109224	0.000197898	0.0	0.000779147	0.0	0.0015057	0.0	0.00086457	0.000324	0.000125222	0.000885967	0.0	0.000374503	0.000286283	0.000959102	0.00082578	0.00149059	0.000109952	0.000575911	0.000156405	0.00120898	0.000902637	0.000525897	0.00203725	0.00151027	0.000587508	0.00256958	0.000165655	0.0010854	0.0	0.0	0.000852657	0.000160598	0.00140696	3.34194e-05	0.000215017	0.00174347	0.0	8.20798e-05	0.0	0.00014374	0.00028941	0.0	0.000801979	0.00181741	3.56141e-05	0.0	0.000853528	0.000402257	0.000540577	0.000563165	0.000830029	5.41845e-05	0.00150773	0.000146363	0.000437813	0.001336	0.00053362	0.000433103	0.000142915	0.0020414	0.000266306	0.00129003	0.000897646	0.000671194	0.0	0.000564073	0.000439571	0.000988464	0.000413084	0.000319773	0.000182361	0.000932767	0.000177984	0.000255486	0.00060646	0.000687037	0.00149027	0.00140386	0.000869944	0.000194208	0.00091128	0.000269356	0.000882956	0.000713905	0.000468137	0.000732046	0.000298743
PWY490-3: nitrate reduction VI (assimilatory)	4.45923e-05	9.09461e-05	0.0	0.000116918	0.0	2.59302e-05	0.0	0.0	0.0	6.0053e-05	0.0	3.00821e-05	0.0	0.0	0.0	0.0	0.0	0.000221844	0.0	0.0	0.0	3.07559e-05	0.0	3.60908e-05	0.0	0.000119931	3.69165e-05	0.0	4.38225e-06	0.0	0.0	2.91238e-05	2.49657e-05	5.01799e-05	0.0	0.0	5.68138e-05	0.0	0.0	0.0	4.82538e-05	0.0	0.0	0.0	0.0	0.0	0.000147014	1.45147e-05	0.00012205	0.000119496	4.66692e-06	0.0	0.0	0.0	0.0	3.55667e-05	0.0	0.000108145	3.20582e-05	0.0	5.46553e-05	9.88778e-06	0.0	0.0	3.45775e-05	6.34874e-05	0.0	0.0	0.0	0.0	1.38983e-05	6.95108e-05	1.4608e-05	3.473e-05	0.0	0.0	0.0	0.0	0.0	8.48405e-05	6.81806e-05	0.0	0.0	0.0	2.08419e-05	0.000104886	0.0	2.72927e-05	0.0	0.000105909	0.0	0.0	7.78067e-06	8.51451e-05	1.22827e-05	0.0	0.0001351	8.39296e-05	5.06029e-05	0.0	0.0	0.000206619	0.000117929	1.52529e-05	4.817e-05	0.0	0.00011579	1.31899e-05	0.0	0.0	2.54393e-05	0.0	6.64485e-05	0.000126439	0.0	0.0	1.54673e-05	0.000261609	0.0	0.000137101	0.0	1.78583e-05	0.0	0.0	0.0	8.34267e-05	1.90377e-05	0.0	0.000135267	5.31196e-06	0.0	3.47246e-05	0.0	1.85195e-05	5.53141e-05	0.0	0.000166189	3.71374e-05	2.72221e-05	4.47071e-05	0.0	0.0	3.05282e-05	0.0	6.26685e-05	0.0	0.0	4.5628e-05	0.00011311	0.0	0.0	0.0	7.71536e-05	1.31805e-05	0.0	0.0	0.0	0.0	0.0	2.35878e-05	6.26634e-05	0.0	1.32142e-05	0.0	3.5705e-05	0.0	1.27063e-05	9.98113e-05	5.58562e-05	0.0	1.86952e-05	0.0	6.49323e-06	0.0	0.0	0.0	0.0	0.0	2.6448e-05	7.46106e-05	2.13562e-05
PWY4FS-7: phosphatidylglycerol biosynthesis I (plastidic)	0.00254681	0.00364999	0.00313389	0.00371975	0.00461833	0.00368005	0.00286678	0.00381203	0.00373058	0.00267967	0.00504452	0.00356613	0.00334896	0.00397614	0.00365236	0.00332947	0.000684501	0.00377233	0.00413738	0.0022235	0.00418021	0.00252907	0.00195945	0.00380341	0.00456587	0.00368172	0.00460088	0.00475107	0.00450456	0.00283005	0.00126982	0.00286001	0.00176827	0.00275027	0.00345953	0.00504743	0.00260095	0.00314978	0.00400108	0.00306278	0.0026753	0.00257671	0.00297369	0.00386585	0.00482899	0.00221254	0.00401135	0.00475408	0.00354773	0.00473355	0.00363731	0.00390059	0.00414308	0.00373294	0.00587691	0.0035075	0.00280515	0.00198561	0.00311169	0.0031758	0.00216507	0.00318707	0.000926175	0.00328756	0.00407425	0.00262303	0.00363442	0.00304133	0.00477178	0.00066174	0.00372741	0.00460215	0.00410056	0.00262082	0.00403086	0.00441475	0.0042776	0.00328365	0.00121235	0.0046669	0.00206176	0.00144905	0.00527772	0.0024097	0.00344659	0.00216409	0.00160395	0.00299568	0.00355413	0.00306356	0.00111113	0.00129961	0.00357149	0.0039429	0.00336438	0.00319152	0.00245913	0.00443793	0.00269896	0.00353736	0.00356451	0.0036132	0.00349665	0.00352041	0.00284169	0.00199114	0.00148662	0.00313602	0.00266069	0.00386293	0.00246641	0.00367832	0.00325464	0.00258177	0.00207205	0.00186629	0.00430786	0.00362072	0.00504658	0.00421372	0.00208206	0.00285871	0.00320156	0.00373728	0.00250531	0.00322944	0.00364958	0.00333114	0.00282434	0.00457256	0.00487607	0.00198053	0.0022379	0.00174149	0.00128039	0.000819028	0.00335607	0.00468884	0.00369428	0.00221449	0.00305288	0.00343285	0.00375056	0.00314958	0.00302742	0.00350195	0.00356662	0.00231814	0.0026587	0.00148873	0.00456108	0.00392929	0.00376915	0.00465251	0.00334361	0.0038701	0.00250955	0.00284727	0.00490927	0.00271476	0.00181232	0.00301383	0.0029397	0.0056154	0.00428037	0.00351548	0.00271968	0.00372809	0.00331662	0.00430165	0.00294168	0.00439385	0.0029598	0.00383207	0.00420406	0.00362623	0.00274184	0.00355732	0.00202736	0.00447394	0.0030675
PWY4FS-8: phosphatidylglycerol biosynthesis II (non-plastidic)	0.00254681	0.00364999	0.00313389	0.00371975	0.00461293	0.00368005	0.00286678	0.00381203	0.00373058	0.00267967	0.00504452	0.00356613	0.00334896	0.00397614	0.00365236	0.00332947	0.000684501	0.00377233	0.00413738	0.0022235	0.00418021	0.00252907	0.00195945	0.00380341	0.00456587	0.00368172	0.00460088	0.00475107	0.0045045	0.00283005	0.00126982	0.00286001	0.00176827	0.00275027	0.00345953	0.00504743	0.00260095	0.00314978	0.00400108	0.00306278	0.0026753	0.00257671	0.00297369	0.00386585	0.00481367	0.00221254	0.00401116	0.00475408	0.00354773	0.00473355	0.00363731	0.00390059	0.00414308	0.00373294	0.00587691	0.0035075	0.00280515	0.00198561	0.00311169	0.0031758	0.00216507	0.00318707	0.000926175	0.00328756	0.00407425	0.00262303	0.00363442	0.00304133	0.00477178	0.00066174	0.00372741	0.00460215	0.00410056	0.00262082	0.00403086	0.00441475	0.0042776	0.00328365	0.00121235	0.0046669	0.00206176	0.00144905	0.00527772	0.0024097	0.00344659	0.00216409	0.00160395	0.00299568	0.00355413	0.00306356	0.00111113	0.00129961	0.00357149	0.0039429	0.00336438	0.00319152	0.00245913	0.00443793	0.00269896	0.00353736	0.00356451	0.0036132	0.00349665	0.00352041	0.00284169	0.00199114	0.00148662	0.00313602	0.00266069	0.00386293	0.00246641	0.00367832	0.00325464	0.00258177	0.00207205	0.00186629	0.00430786	0.00362072	0.00504658	0.00421372	0.00208206	0.00285871	0.00320156	0.00373728	0.00250531	0.00322944	0.00364958	0.00333114	0.00282434	0.00457256	0.00487607	0.00198053	0.0022379	0.00174149	0.00128039	0.000819028	0.00335607	0.00468884	0.00369428	0.00221449	0.00305288	0.00343285	0.00375056	0.00314958	0.00302742	0.00350195	0.00356662	0.00231814	0.0026587	0.00148873	0.00456108	0.00392833	0.00376915	0.00465251	0.00334361	0.0038701	0.00250955	0.00284727	0.00490927	0.00271476	0.00181232	0.00301383	0.0029397	0.0056154	0.00428037	0.00351548	0.00271968	0.00372809	0.00331662	0.00430165	0.00294168	0.00439385	0.0029598	0.00383207	0.00420406	0.00362623	0.00274184	0.00355732	0.00202736	0.00447394	0.0030675
PWY4LZ-257: superpathway of fermentation (Chlamydomonas reinhardtii)	0.000495385	0.00221128	0.000258855	0.00100436	0.00181593	0.00121551	0.000939407	0.0	0.000818389	0.00111474	0.00404177	0.00163497	0.00117395	0.00186488	0.00210682	0.00100319	0.0	0.00081212	0.00453027	0.00077638	0.000230023	0.000134297	0.000105433	0.000768241	0.00213054	0.00164122	0.000638978	0.00343943	0.00337871	0.00122514	0.000530056	0.000289581	0.000136199	0.000938854	0.00150814	0.00174518	0.000864722	5.65098e-05	0.00468792	0.00197356	0.000485481	0.000915878	0.00173447	0.00269264	0.0	0.000139632	0.0013683	7.84808e-05	0.000596837	0.000268835	0.00236217	0.00146759	0.00184673	0.00157506	0.000960131	3.26274e-05	0.0025494	0.00195348	0.000589916	0.00259847	0.00030093	0.00463639	0.00290308	0.00271761	0.000248436	0.000345964	0.000220454	0.0	0.00242378	0.000199115	0.000574143	0.000832285	0.000385343	0.000180605	0.00149674	0.00111845	0.000344023	0.000313907	0.000538723	0.00139308	0.000995901	0.00052507	0.0	0.000566065	0.000340839	0.000267768	0.000275113	0.00133754	0.000474383	0.000179237	0.000202063	0.000412157	0.00243203	0.00160979	0.000146471	0.000796151	0.000187808	0.000399748	0.000375021	0.00016025	0.000356563	0.000346115	0.000658759	0.00105888	0.000302949	0.0010836	0.000387325	0.00117985	0.000546281	0.00382756	0.00011267	5.77494e-05	4.51365e-05	0.000162039	0.000175079	0.000373224	0.00364877	0.00118058	0.0	0.00209899	0.000314841	0.00123633	1.22647e-05	0.000232433	0.00161857	0.000504064	0.000839378	0.000318785	0.000128084	0.00338223	0.000256299	0.00015597	0.000653034	0.00012377	0.000261796	0.0	0.000627874	0.000522524	0.000137473	0.000479755	0.00105576	0.00438	0.000733503	0.00104243	0.000531572	0.000967766	0.00198812	0.000149352	0.00108112	0.00121129	0.00463344	0.00369252	0.000386695	0.00364193	0.00290262	0.00336834	0.00109738	0.000726308	0.000157308	0.00112444	0.000879346	0.00156242	0.00065071	0.00143952	0.000254393	0.00158688	0.000242726	0.000573887	0.000776262	0.000348694	0.00176497	0.000368264	0.000509136	0.00020466	0.0016155	0.00100406	0.00206786	0.0016694	0.000353367	0.0	0.000721863
PWY5F9-12: biphenyl degradation	0.0	1.20217e-05	0.0	0.0	0.0	0.0	0.0	0.0	0.0	0.0	0.0	0.0	0.0	0.0	0.0	0.0	0.0	0.0	0.0	0.0	0.0	0.0	0.0	0.0	0.0	0.0	0.0	0.0	0.0	0.0	0.0	0.0	0.0	0.0	0.0	0.0	0.0	0.0	0.0	0.0	0.0	0.0	0.000181544	0.0	0.0	0.0	0.0	0.0	0.0	0.0	0.0	0.0	0.0	0.0	0.0	0.0	0.0	0.0	0.0	0.0	0.0	0.0	0.0	1.72347e-05	0.0	0.0	0.0	0.0	0.0	0.0	0.0	0.0	0.0	0.0	0.0	0.0	0.0	0.0	0.0	0.0	0.0	0.0	0.0	0.0	0.0	0.0	0.0	0.0	0.0	0.0	0.0	0.0	0.0	0.0	0.0	0.0	0.0	0.0	0.0	0.0	0.0	0.0	0.0	0.0	0.0	0.0	0.0	0.0	0.0	0.0	0.0	0.0	0.0	0.0	0.0	0.0	0.0	0.0	0.0	0.0	0.0	0.0	0.0	0.0	0.0	0.0	0.0	0.0	0.0	0.0	0.0	0.0	0.0	0.0	0.0	0.0	0.0	0.0	0.0	0.0	0.0	0.0	0.0	0.0	0.0	0.0	0.0	0.0	0.0	3.19414e-05	0.0	9.08358e-05	0.0	0.0	0.000165546	0.0	0.0	0.0	0.0	0.0	0.0	0.0	0.0	0.0	0.0	0.0	0.0	0.0	0.0	0.0	0.000128244	0.0	0.0	0.0	0.0	0.0	0.0	0.0	0.0	0.0	0.0
PWY66-367: ketogenesis	0.0	2.49891e-05	0.0	1.95973e-05	0.0	0.0	0.0	0.000896541	0.0	0.0	0.0	0.0	0.0	1.81145e-05	0.0	0.0	0.0	0.0	0.0	5.69931e-05	0.0	0.0	0.0	0.0	0.0	0.0	0.0	0.0	0.0	7.83025e-05	0.0	0.0	0.0	0.0	0.0	0.0	0.0	0.0	0.0	0.0	3.77554e-05	0.0	0.000158401	0.000154811	0.000679381	0.0	0.0	0.0	0.0	0.0	0.000189984	0.0	0.000124194	0.0	0.0	2.44244e-05	0.0	0.000451096	0.0	0.0	2.9637e-05	0.0	0.0	4.59204e-05	4.41993e-05	0.0	0.0	0.0	0.0	0.0	0.0	0.0	0.0	0.0	0.0	0.0	0.0	0.0	0.000346768	0.0	3.63258e-05	0.0	0.0	9.21866e-05	1.89928e-05	0.0	0.0	0.0	0.0	0.0	0.0	0.0	0.000369364	3.5321e-05	0.0	3.23827e-05	0.0	0.0	2.95413e-05	0.0	0.0	0.0	2.35516e-05	0.0	0.0	2.99653e-05	3.58609e-05	6.97914e-05	4.44882e-05	3.62365e-05	0.0	0.0	0.0	0.0	0.0	0.0	0.0	0.000180549	0.0	0.0	0.0	0.000113176	0.0	0.0	6.15666e-05	0.0	0.0	0.0	0.0	0.0	0.0	3.55626e-05	0.0	0.0	0.0	0.0	6.5805e-05	4.1334e-06	0.0	0.0	0.0	0.0	0.0	0.0	0.000102344	0.000593825	6.99029e-06	0.0	0.0	0.000112815	0.0	0.0	0.0	7.5575e-05	0.0	0.00084166	0.0	0.0	0.0	5.52299e-05	0.0	0.000133415	0.0	0.0	0.0	0.000181049	1.28435e-05	1.15452e-05	4.14904e-05	0.0	0.0	0.0	0.0	0.0	0.0	0.0	0.0	0.0	2.37788e-05	0.0	6.2081e-05
PWY66-388: ceramide degradation by &alpha;-oxidation	3.67747e-05	0.0	5.73209e-05	8.98449e-05	0.0	1.45896e-05	0.0	0.00110984	3.44865e-05	7.56218e-05	0.0	1.11435e-05	0.0	1.18043e-05	0.0	2.65948e-05	0.0	0.0	0.0	8.03408e-07	0.0	0.0	0.0	0.0	0.0	0.0	0.0	0.0	0.0	0.000347044	4.00254e-05	0.0	0.0	0.0	2.58825e-05	0.0	1.41585e-05	0.0	0.0	0.0	3.629e-05	0.0	0.0	6.49345e-05	0.000313242	0.0	0.0	0.0	9.72028e-06	0.0	1.63951e-06	0.000706647	4.27296e-05	0.0	1.74123e-05	0.0	0.0	0.0	0.000101425	0.000206642	0.0	0.0	0.000208294	0.000157539	0.0	0.0	0.0	0.0	0.0	0.0	0.0	0.0	1.86818e-05	0.0	0.0	0.0	0.0	0.0	0.0	3.42507e-05	0.0	0.0	0.0	0.0	0.0	0.0	0.0	0.0	0.0	0.0	0.0	0.0	0.0	0.0	1.78775e-07	0.0	0.0	0.0	0.0	0.0	0.0	0.0	0.0	0.0	0.0	0.000287379	0.0	0.0	0.0	0.0	0.0	0.0	0.0	0.0	0.0	0.0	0.0	0.0	0.0	0.0	0.0	0.0	0.0	0.0	0.0	0.0	0.0	0.0	1.1451e-05	0.0	0.0	0.0	0.0	0.0	1.58225e-05	0.0	0.0	0.000170704	0.0	0.0	0.0	0.0	0.0	0.0	2.91397e-05	0.0	4.36326e-05	0.0	0.000120385	0.0	0.0	0.0	0.0	0.0	0.0	0.0	0.0	0.0001551	0.0	5.95718e-05	0.0	0.0	0.0	5.34536e-06	7.85789e-05	0.000203129	1.62422e-05	7.1338e-05	2.57539e-05	0.0	0.0	0.0	0.0	0.0	0.0	0.0	0.0	0.0	0.0	0.0	0.0
PWY66-389: phytol degradation	9.1572e-05	0.000359746	5.87217e-05	0.000503696	0.000453372	2.90607e-05	0.000309894	0.00281682	0.000128083	0.00010437	0.00154492	1.17209e-05	0.000274477	0.00187708	0.000946295	0.000155549	0.0	5.57716e-06	0.00291005	8.1087e-07	1.06243e-06	0.0	0.0	0.000850752	6.3574e-05	0.000212613	3.10266e-05	0.00173412	0.00235757	0.000663942	0.000120941	0.0	4.55702e-05	0.000372978	0.000457636	0.00226025	1.58405e-05	0.0	6.49364e-05	0.00014305	0.000277835	2.83704e-06	0.00132466	0.00276161	0.00304597	0.0	0.000706115	3.015e-05	1.43376e-05	3.98135e-05	0.00144381	0.00279705	0.000824426	0.0	0.000523605	5.86033e-05	0.00109748	0.000657263	0.00015167	0.00146399	0.000358655	0.00459716	0.00491215	0.000189228	0.000205813	0.000257739	2.09326e-05	0.0	0.00122764	0.0	1.88092e-05	0.000546248	1.91864e-05	0.0	0.00139851	0.000422826	0.0	0.0	4.15659e-05	3.97575e-05	8.81973e-05	0.0	4.62851e-05	0.0	0.000113737	0.0	0.000219401	0.000694754	0.0	5.758e-05	0.0	1.08259e-05	0.00136362	8.59379e-06	1.78849e-07	0.0	9.38235e-05	0.0	1.18984e-06	0.0	0.000132248	0.000225984	1.17565e-05	0.000228368	0.0	0.00103048	0.00014618	0.000310911	2.88949e-05	5.98294e-05	6.64454e-07	6.34161e-05	0.0	0.0001142659999999	0.0003865	0.000441559	0.00199077	0.000262906	0.000206072	0.00075533	2.99307e-06	0.00040408	3.10754e-06	0.0	8.66778e-06	0.0	2.66666e-05	9.46527e-05	1.15675e-05	0.000161267	0.0	0.0	0.0	3.48271e-05	1.83501e-05	0.0	3.82704e-05	0.000227004	6.31123e-05	0.000149325	0.000792022	0.000406004	2.77311e-05	0.000409949	0.000725178	4.34143e-05	0.000423983	0.0	0.000146634	0.000887648	0.00263003	0.000113659	0.0	0.00247957	0.0013196	0.000532861	0.000763885	0.000679891	5.84274e-05	6.76162e-05	0.000346196	0.0	5.58707e-05	0.00113046	9.77579e-05	0.0010136	2.29402e-05	0.000101568	6.21045e-05	1.8616e-06	0.00104929	0.000259853	0.000112385	0.000667143	0.00306287	0.000343956	0.00139628	0.000932251	2.15513e-05	3.82007e-05	3.27777e-05
PWY66-391: fatty acid &beta;-oxidation VI (mammalian peroxisome)	0.0	0.000506782	0.000341197	0.0	0.0	1.77453e-05	0.0	0.00361404	0.000195363	0.000167334	0.0	0.000141112	0.000611856	0.00273123	0.0	0.000421778	0.0	0.0010463	0.000454455	7.2406e-05	0.0	0.0	0.000260857	0.0	0.000194507	0.0	0.000219714	0.00273491	1.02723e-05	0.000854612	0.00021064	9.22067e-05	0.0	0.0	0.000366505	0.0	0.000147651	0.0	2.209e-05	0.0	0.000620855	0.000808687	0.000444274	0.000333721	0.00100953	0.0	0.0	0.000151474	0.000181211	0.00012598	0.00170258	0.00442541	0.00100433	0.0	0.000529024	7.12628e-05	0.0	0.00153047	0.000452498	0.00146093	0.000445438	0.0	0.0	0.00183721	7.88124e-05	0.000281088	0.000299493	3.09564e-05	0.000812393	8.45863e-05	6.50871e-05	0.000983845	6.26918e-05	0.000217137	0.0	0.000307266	0.00023108	0.0	0.00072877	8.91353e-05	0.000937647	0.000383117	0.0	0.000591633	7.14909e-05	2.5931e-05	0.0	0.0	0.000525595	3.99182e-05	0.0	0.0	0.000242477	0.00061646	6.61841e-05	0.000448841	0.00011652	0.00017535	0.000169975	2.14096e-05	9.35848e-05	0.0	0.000883941	0.00121927	7.89438e-05	0.00101951	0.000104234	7.30409e-05	0.00245834	0.00263501	0.0	0.00020451	0.0	0.000128349	0.0	5.43283e-05	0.0	0.000174363	0.0	0.000647538	0.000214988	0.000629214	6.90375e-05	0.000174676	0.000215352	0.0001951	0.000257021	0.000474354	0.000166156	0.000113383	0.000111973	2.83706e-05	0.0	7.52605e-05	0.0	0.0	0.000534751	4.14269e-05	0.0	0.000262057	5.53644e-05	0.0	0.0	0.000416735	4.90228e-05	0.00200498	0.000445601	0.0	0.000798327	0.000536387	0.0	0.0	0.000156947	9.3986e-05	0.0	0.00305601	0.000745602	0.000508738	0.000101549	0.000336366	0.000161387	0.000186097	9.97669e-06	0.00199017	3.1915e-05	0.000200087	2.54763e-05	1.5472e-05	0.000311854	0.000172449	0.0	0.000128542	0.0	0.000147577	0.0	0.0	0.000437947	0.00265796	0.000580743	0.000174998	0.000469466
PWY66-399: gluconeogenesis III	0.00269277	0.00105418	0.000958421	0.000442127	0.0	0.00160892	0.00259445	0.0	0.00360431	0.0030886	0.0	0.00135171	0.000188936	0.0	0.000713553	0.00266983	0.0	0.00234457	0.0	0.0029115	0.00215171	0.00250633	0.00165078	0.00275803	0.00109122	0.0	0.00240445	0.000142795	1.07157e-05	0.00359318	0.00174094	0.00255997	0.0025666	0.000725732	0.0021602	0.0	0.00333944	0.00305495	0.0	0.00271547	0.00296384	0.00216569	0.000979908	0.000389821	0.00133384	0.000238283	0.000799641	0.00219969	0.00153889	0.00167421	0.000883812	0.00148538	0.000817715	0.00103383	0.00101883	0.00105758	0.00073089	0.000102724	0.00289925	0.00330825	0.000292888	0.0001978	0.00518336	0.00196448	0.00216935	0.00173667	0.00288341	0.000763793	0.00277385	0.000897534	0.0	0.00119977	0.000701718	0.00183287	0.00175826	0.00245903	0.000746043	0.00268393	0.00331174	0.00108115	0.00283521	0.00174681	0.00136275	0.00372117	0.00172113	0.00323583	0.00361413	0.000108215	0.00103755	0.00277812	0.00107604	0.00069848	0.00162787	0.00107679	0.00266549	0.000980098	0.00182622	0.00133364	0.00288427	0.00236109	0.00166278	0.00138183	0.00112467	0.00286659	0.00222603	0.00201175	0.00199012	0.00217986	0.00238785	0.0032997	0.000696755	0.000958752	0.00274629	0.0020757	0.00258917	0.00295244	0.000887466	0.00319453	0.00188849	0.000781069	0.00259604	0.00257161	0.00254518	0.0014982	0.00261917	0.00195325	0.000899496	0.00203558	0.00129207	0.000346515	0.00175366	0.00200995	0.00180462	0.000123604	0.00143681	0.00118874	0.000946705	0.00022453	0.00216416	0.000296629	0.00250021	0.000171967	0.0009766829999999	0.00191609	0.00337813	0.00183657	0.00227553	0.00235054	0.0027747	0.00221204	0.0	1.96966e-05	0.00146796	0.0011892	0.0	0.00180688	9.1218e-05	0.00251763	0.000673699	0.00158854	0.0	0.000306781	0.00230595	0.00259144	0.0017703	0.000509225	0.00272684	0.000654849	0.00149807	0.000403364	0.00196693	0.0	0.00351249	0.000400273	0.0	0.00139154	0.00255891	0.000358694	0.0026048	0.000871129	0.0026825
PWY66-409: superpathway of purine nucleotide salvage	0.000864763	0.0020784	0.000259003	0.00366836	0.00928096	0.00286835	0.00112422	0.00342028	0.00207605	0.00249942	0.00348699	0.00256303	0.00660999	0.0050627	0.00358387	0.00118271	0.00270444	0.00176676	0.00307474	0.000445054	0.0	0.00119691	0.0	0.00136236	0.00372111	0.00155642	5.539e-05	0.00446624	0.0036328	0.00182535	0.000415012	0.00228673	0.000792991	0.00237327	0.00289296	0.00326151	0.000873018	0.0	0.00402398	0.0027587	0.000276382	0.000705946	0.0030449	0.00396262	0.00416361	0.000994521	0.00503957	0.000608829	0.00242354	0.000612621	0.00450724	0.00229932	0.00330662	0.00214271	0.000215418	0.000611487	0.00325213	0.00596788	0.000582171	0.00234863	0.00217275	0.00368422	0.00788754	0.00310585	0.000158286	0.000536	0.000130976	0.0	0.00291297	0.000545381	0.00260298	0.00210953	0.000103786	0.000132982	0.00206756	0.00472975	0.00259884	0.0	0.000441018	0.00323177	0.00116977	0.00201132	0.00018469	0.000861036	0.00107648	0.00013631	0.000910521	0.00204132	0.000469764	0.000571069	0.0	7.55939e-05	0.00413857	0.00270986	0.000332727	5.43888e-05	0.00117739	0.00041175	0.000449185	0.0	0.000350365	0.00152248	0.00142644	0.00114636	0.000803465	0.00210352	0.000893977	0.00144212	0.00224027	0.0026552	0.000303497	0.0037135	0.000578742	0.00111228	0.00209172	0.00188509	0.0034879	0.00259887	0.0	0.00303645	0.0	0.00204893	0.00106049	0.000396846	0.00277246	0.000908542	0.00341211	0.000464336	0.00124171	0.0029132	0.000108331	0.000375904	0.000154163	0.000735995	0.000663725	0.0	0.00282681	0.00378516	0.000487533	0.000442576	0.00135833	0.003872	0.0024947	0.00346575	0.00242234	0.00101209	0.00330122	0.000334648	0.00133112	0.00187632	0.00347624	0.0036972	0.0008824	0.00308243	0.00361052	0.00371002	0.00490696	0.00297636	0.0	0.00175993	0.00112999	0.00335324	0.0021783	0.00880427	0.00115529	0.00287791	0.00440686	0.00186023	0.00140772	0.00125222	0.00339656	0.003339	0.00065719	0.0010927	0.00432174	0.0037165	0.00276228	0.0063607	0.000854374	0.00118502	0.00153898
PWY66-429: fatty acid biosynthesis initiation (mitochondria)	0.00792149	0.0063104499999999	0.0120595	0.0102836	0.00538461	0.00701807	0.00660856	0.00984447	0.00758179	0.00775192	0.00420282	0.00799314	0.00613705	0.00627925	0.00554813	0.00834286	0.0104925	0.00764522	0.00398498	0.00856684	0.012252	0.0111107	0.00806111	0.0073284	0.00576798	0.0101814	0.00737223	0.00502779	0.00697111	0.00670026	0.00892243	0.00942944	0.00863826	0.0100397	0.00806066	0.00539076	0.0126112	0.00910813	0.00656141	0.00479562	0.00799232	0.0132417	0.00732882	0.00409475	0.00489165	0.0108234	0.00759821	0.00901788	0.0106812	0.00842055	0.0063692	0.00782403	0.00569527	0.00982332	0.00815552	0.0119581	0.00658372	0.00663551	0.0098422	0.0062288	0.0116351	0.00330667	0.00269887	0.00887381	0.00446182	0.0117194	0.00915539	0.0155524	0.00907894	0.0155069	0.0110463	0.00792486	0.00640352	0.017051	0.0048904	0.0057051	0.012181	0.0115548	0.00769792	0.00568644	0.00919685	0.0131355	0.00305591	0.0105018	0.00807832	0.00638642	0.0066747	0.00661885	0.00890478	0.00815912	0.00447589	0.0108583	0.0054294	0.00928937	0.00975604	0.0118701	0.0115783	0.0146641	0.00706649	0.00819144	0.00322099	0.00926581	0.00648054	0.00945759	0.00908826	0.00898945	0.00800039	0.00599305	0.00830839	0.00527353	0.00512686	0.0149144	0.00699266	0.0107585	0.00483754	0.00741208	0.00517676	0.00874223	0.00344259	0.00482623	0.0036525	0.00697776	0.0109587	0.0110686	0.00530932	0.0093144	0.00931788	0.00669919	0.0114724	0.00724371	0.0119112	0.00961173	0.0132381	0.0186081	0.00594864	0.00325102	0.0117444	0.00706079	0.0101193	0.00584926	0.00940886	0.00546497	0.00728473	0.00867608	0.0075128	0.00994564	0.00762035	0.00844481	0.00966398	0.00797625	0.00426734	0.00515599	0.00985204	0.00490424	0.00478701	0.00518838	0.00393637	0.00916979	0.0120392	0.0102327	0.0116443	0.0078826	0.00838948	0.00756439	0.00909683	0.00661281	0.00864292	0.0107063	0.0090299	0.0126612	0.0070532	0.00716456	0.00989468	0.0112874	0.00446118	0.00911847	0.00866054	0.00720644	0.00898274	0.0102929	0.0100196
PWY66-430: myristate biosynthesis (mitochondria)	0.0	5.37131e-05	0.0	0.000189295	0.0	0.0	0.0	0.0	0.0	0.0	0.0	0.0	0.0	0.00154746	0.000201762	0.0	0.0	9.53194e-06	0.000902539	0.0	0.0	0.0	0.0	0.000156825	0.0	0.000288999	0.0	0.000148595	0.000475002	0.0	0.0	0.0	0.0	0.0	2.12064e-05	0.0	0.0	0.0	8.05575e-06	4.71509e-05	0.000174075	0.0	0.000884105	0.000388369	0.0	0.0	0.0	0.0	0.0	0.0	0.000281749	0.0	0.0	0.0	0.0	0.0	0.000987172	1.26631e-05	0.0	0.000120705	2.14065e-05	0.0	0.00269696	1.53742e-05	0.0	0.0	0.0	0.0	0.000415956	0.0	0.0	0.0	0.0	0.0	0.000595055	0.000366548	0.0	0.0	0.0	0.0	2.58346e-05	0.0	0.0	0.0	0.0	0.0	0.0	0.000343703	0.0	0.0	0.0	0.0	0.0	3.02895e-05	0.0	0.0	0.0	0.0	0.0	0.0	0.0	9.5375e-05	0.0	0.0	0.0	0.000209585	5.37165e-05	0.0	0.0	0.0	0.0	0.0	0.0	0.0	0.0	0.0	0.000613199	0.0	4.93929e-05	0.000155546	0.0	0.000269153	0.0	0.0	0.0	0.0	0.0	0.0	0.0	1.70927e-05	0.0	0.0	0.0	0.0	0.0	0.0	0.0	0.0	0.0	0.0	0.0	3.58531e-06	0.0	4.81518e-05	0.0	4.31756e-05	7.96642e-05	0.0	0.000137265	0.000654609	0.000547778	6.74351e-05	0.0	0.000101195	0.000765675	9.02406e-05	0.00048707	4.45216e-05	0.0	9.54657e-06	0.000256628	0.000258573	0.0	0.0	0.0	0.00137413	0.0	0.0	0.0	0.0	0.000412953	0.0	0.0	0.0	0.0	0.000198291	0.000474222	3.67063e-05	3.91565e-05	0.0	4.8667e-05
PYRIDNUCSAL-PWY: NAD salvage pathway I (PNC VI cycle)	0.000132301	0.000604758	0.000143171	0.000799609	0.00039725	0.00122095	0.000954302	0.00181451	0.000540673	0.000644172	0.00186232	0.00152113	0.000545829	0.000279869	0.00226437	0.0010327	0.0	0.000716252	0.00141075	0.000813658	0.0	0.000286395	2.41622e-05	0.000509327	0.0019443	0.00173037	0.000117211	0.000888798	0.00200832	0.00159972	0.000268081	0.0	6.6991e-05	0.00122775	0.00142557	0.0	0.000386786	0.000191915	0.0	0.00159271	0.000339675	0.000279816	0.0012835	0.00188157	0.0021322	0.00043839	0.00155079	0.0	0.000773735	0.000187968	0.00129909	0.00310676	0.00192356	0.0	0.000162021	8.11204e-05	6.41671e-05	0.000491759	0.000311005	0.00191749	0.00125754	0.002071	0.00132006	0.00113592	0.000400444	0.000283134	0.00037217	0.0	0.00178597	0.0	0.00115484	0.000963151	0.0	0.0	0.00093313	0.0011361	0.0	0.0	6.16345e-05	0.00207155	0.000836797	0.0	0.0	0.0	0.000536102	0.00167126	0.00019025	0.000820371	0.00044481	0.000164575	0.0	0.0	0.0024688	0.00103615	0.000267591	0.0	0.000530148	0.0	0.00158474	0.0	0.000958592	0.000401518	0.000170857	0.00069626	0.0	0.000402752	0.000367231	0.0011031	0.000940627	0.0015188	0.000149023	0.000613928	0.000212516	0.000765483	0.000921962	0.000645607	0.00215532	0.00167579	0.000681904	0.0014045	0.000220546	0.0012065	0.0	0.0	0.000961784	0.000214646	0.00134642	4.62545e-05	0.000284573	0.00139511	0.0	0.000112456	0.0	0.000180976	0.000359952	0.0	0.000662184	0.00173736	4.96182e-05	0.0	0.00100572	0.000536665	0.000669426	0.000702125	0.000923789	5.79769e-05	0.00147885	0.000197659	0.000546701	0.00120074	0.000693574	0.000572695	0.000194831	0.00212661	0.00035952	0.00144664	0.00113167	0.000822502	0.0	0.000588651	0.000486598	0.00115453	0.000533489	0.000418555	0.000246806	0.00112856	0.000234755	0.000317639	0.000761485	0.000794047	0.00155507	0.00151417	0.000711998	0.000261047	0.00111596	0.000358463	0.0010282	0.000882143	0.00052487	0.000396646	0.000384177
PYRIDNUCSYN-PWY: NAD de novo biosynthesis I (from aspartate)	0.00712637	0.00502671	0.00784523	0.00535092	0.0010673	0.00421555	0.00506673	0.00597218	0.00431047	0.00650756	0.00296518	0.00525433	0.00554948	0.00208667	0.00298396	0.0059877	0.0107851	0.00405363	0.00311844	0.00592029	0.00833007	0.0066558	0.00929004	0.00678886	0.00339385	0.00494446	0.00617512	0.00271023	0.00365766	0.00602307	0.010697	0.00787893	0.00719725	0.00725116	0.00445108	0.00193295	0.00547837	0.00623509	0.00338456	0.0051837	0.00730529	0.0075368	0.00553481	0.00287987	0.00296818	0.00788529	0.0044821	0.00587848	0.00572647	0.00650718	0.00310965	0.00364776	0.00431799	0.00879034	0.00494665	0.00777832	0.0048765	0.00252032	0.00703373	0.00757613	0.00637813	0.00231089	0.000994193	0.0043146	0.00609374	0.00736411	0.00593567	0.00875809	0.00515999	0.0101607	0.00648289	0.0036187	0.00593352	0.00958147	0.00570908	0.00469084	0.00700168	0.00704667	0.00682194	0.00321678	0.0050004	0.00811484	0.00653852	0.0073979	0.00709044	0.00570149	0.00865437	0.00607724	0.00304416	0.00560567	0.00924124	0.00892115	0.00331573	0.00440788	0.00614696	0.0096617	0.00540756	0.00618831	0.00571697	0.00738823	0.00696613	0.00409968	0.00498359	0.00668073	0.00636248	0.00629857	0.00422268	0.00555144	0.00405175	0.00358109	0.00805513	0.00565325	0.0046103	0.00530716	0.00427299	0.00556807	0.00326534	0.00647627	0.00681105	0.00413921	0.00502068	0.00483013	0.00697987	0.00748468	0.0072447	0.00580694	0.00455654	0.00746433	0.00821299	0.00372983	0.00800295	0.0050607	0.00669587	0.00883392	0.00382176	0.0130327	0.00503917	0.00282368	0.00588749	0.00770754	0.00615364	0.00347751	0.00398702	0.00589801	0.00346253	0.00634776	0.00570277	0.00793448	0.00592513	0.00700241	0.00316085	0.00293254	0.00647436	0.00302788	0.00302474	0.00336268	0.00636981	0.00551846	0.0070344	0.00745046	0.00816353	0.00587121	0.00694869	0.000944917	0.00762387	0.00475684	0.00643013	0.00631567	0.00648395	0.00798182	0.00496107	0.00492658	0.00788854	0.00729378	0.00241278	0.0070136	0.0058425	0.00132617	0.00555177	0.00663832	0.00721145
PYRIDOXSYN-PWY: pyridoxal 5'-phosphate biosynthesis I	0.00464068	0.000643388	0.00485828	0.00293505	0.000193875	0.00213886	0.00260162	0.00224671	0.00220145	0.00196543	0.00267826	0.00352901	0.000625114	0.00164416	0.00374232	0.00135168	0.00454517	0.00257268	0.00276783	0.0025699	0.0030137	0.00332889	0.00283598	0.00162531	0.00328829	0.00273451	0.00454159	0.00173698	0.00238303	0.00335351	0.00180013	0.00500076	0.00332795	0.0048694	0.00272716	0.00255644	0.00466631	0.00366518	0.00339924	0.00520783	0.00101599	0.00761447	0.00309662	0.00276872	0.00325129	0.00398603	0.00138466	0.0046461	0.00396586	0.00120027	0.00209828	0.00427264	0.00356583	0.00702292	0.001989	0.00453984	0.00164062	0.000795334	0.00534876	0.00764343	0.00568032	0.00261184	0.0	0.00124941	0.000657847	0.00566798	0.00330113	0.00229423	0.00266678	0.00649969	0.0054115	0.00226107	0.00116805	0.0052632	0.00153194	0.00135226	0.0051933	0.0044191	0.00321445	0.0027683	0.00223977	0.0094060499999999	0.000108683	0.0030799	0.00321237	0.00142449	0.00202819	0.00110539	0.00206511	0.00257408	0.00104165	0.00941959	0.00309336	0.00338691	0.00409575	0.00566537	0.00130654	0.00256639	0.00204543	0.00150469	0.000709192	0.00116471	0.00114517	0.00412348	0.00130899	0.00551579	0.000883304	0.0037617	0.0019108	0.00305923	0.000818049	0.00248929	0.00346434	0.00132347	0.00151162	0.00332344	0.00306371	0.0044435	0.000143369	0.00178199	7.19854e-05	0.00320782	0.00399522	0.00373913	0.00443181	0.00247923	0.00277015	0.00307566	0.00239577	0.00278696	0.00386425	0.00229674	0.00301065	0.0058751	0.000718754	0.000687494	0.00545107	0.00288278	0.00170637	0.000835714	0.00285824	0.00321751	0.00236167	0.0066724	0.000748595	0.00592783	0.00333072	0.00353044	0.00230433	0.000366453	0.00286663	0.00343318	0.00326699	0.00233502	0.00308954	0.00174984	0.000478139	0.003234	0.0058558	0.00576717	0.00297969	0.00381013	0.00119799	0.00119703	0.0018027	0.00468249	0.00256265	0.00312016	0.00332534	0.00404146	0.00364483	0.00379047	0.00434047	0.00322182	0.0032658	0.00171976	0.00385157	0.00124126	0.00209968	0.00394186	0.00591652
REDCITCYC: TCA cycle VI (Helicobacter)	0.000206814	0.000311328	7.73475e-05	0.000195527	0.00019685	0.000360049	0.000273789	0.0	0.000405445	0.000577109	0.000217789	0.000298691	6.06417e-05	0.000720294	0.00024036	0.000267284	0.0	0.000355671	0.00143302	3.90447e-05	4.81726e-05	1.99859e-05	0.0	0.000292284	0.00065334	0.000465839	6.78012e-05	0.00127742	0.000571912	0.000691247	0.000247732	1.55581e-05	7.09331e-05	0.000284108	0.000575523	0.00133214	0.000234717	0.0	1.72719e-05	0.000945133	0.000335627	9.69217e-05	0.000983834	0.00174859	0.0	0.000127816	0.000287264	3.89699e-05	0.000275929	0.0	0.000641745	0.000601639	0.000591871	0.0	0.000301162	2.8365e-05	0.000429632	0.00036328	0.000135757	0.0011313	0.000371081	0.000480323	0.0	0.000464864	0.0	0.000103378	0.0	0.0	0.000682992	0.0	0.000193627	0.000722974	0.0	0.0	0.000950001	0.000394534	0.0	0.0	0.000118635	8.27573e-05	5.1231e-05	8.47753e-05	0.0	0.0	0.000141493	4.46814e-05	0.0	0.000255969	0.0	3.62996e-05	0.0	0.0	0.00128927	0.000101284	3.61003e-05	0.0	2.02975e-05	0.0	0.000172503	0.0	0.000100257	5.21414e-05	3.34311e-05	0.000220398	0.0	0.000566738	0.000158931	0.000297834	0.000147202	0.00120258	1.98377e-05	0.0	0.0	0.0	0.000236739	0.000477645	0.000569864	0.000306737	5.61335e-05	0.000645529	0.0	0.000630461	0.0	0.0	0.000588056	0.0	5.42215e-05	0.000119584	0.0	0.000290673	0.0	0.0	0.0	0.0	0.000150965	0.0	0.000169426	0.000291908	2.0818e-05	0.0	0.000414413	0.000482176	0.000397087	0.000117096	0.000313893	3.0504e-05	0.000591049	1.18983e-05	0.000316845	0.000309173	0.00156051	0.00198426	0.0	0.000104396	0.00224194	0.000411993	0.000135656	0.000521251	0.0	0.000212776	0.000266182	0.000674108	0.000265077	0.000632525	0.0	0.000490716	0.00020423	0.000243825	0.000549851	8.60651e-05	0.00058923	0.000397315	0.000173833	0.000357381	0.00125686	0.000186598	0.000724167	0.000721445	0.000216849	0.0	0.000121047
RHAMCAT-PWY: L-rhamnose degradation I	0.00281534	0.00500173	0.00407544	0.0042836	0.00379614	0.00343753	0.00226286	0.00155912	0.00164417	0.00228554	0.00266694	0.00306092	0.0021832	0.00539566	0.00347516	0.00195004	0.000736788	0.00242661	0.00361104	0.00204051	0.00381199	0.00358626	0.00229044	0.00195533	0.00360441	0.00327106	0.00228472	0.00355599	0.00312616	0.00169816	0.001672	0.00264083	0.00261204	0.00505292	0.00286027	0.00255432	0.00305518	0.00242247	0.00472502	0.00106025	0.000979637	0.00306773	0.00574139	0.0014387	5.25207e-05	0.00557283	0.00247636	0.00233688	0.00337512	0.00300397	0.00346739	0.00143765	0.00288517	0.00589546	0.00218483	0.00241807	0.00249949	0.00437231	0.00469518	0.00106829	0.00555744	0.00200445	0.000321457	0.00391784	0.00554026	0.00249737	0.00409352	0.00426284	0.0034348	0.0102569	0.0062484	0.00316517	0.00369488	0.00418515	0.00249669	0.0026348	0.00475387	0.00323058	0.00102548	0.00375218	0.00256664	0.00734884	0.000931919	0.00236304	0.00350542	0.00149289	0.00144286	0.00346733	0.0017939	0.00264613	0.000413492	0.00279863	0.00258863	0.0035147	0.00219946	0.00390261	0.00314253	0.00384596	0.00260934	0.00202646	0.00108787	0.00318138	0.00194889	0.00340463	0.00273226	0.00306738	0.00277273	0.00447968	0.00309337	0.00272407	0.00215552	0.00371772	0.00389775	0.00265745	0.00125039	0.00278934	0.00390984	0.00247827	0.00173632	0.00164119	0.00274999	0.00319097	0.00265977	0.00259222	0.00173957	0.00383938	0.00397449	0.00240434	0.00413465	0.00396099	0.00383856	0.00361429	0.00140948	0.00643113	0.00328305	0.00150618	0.00184977	0.00253269	0.00274853	0.00119879	0.00262524	0.00333012	0.00321425	0.00619221	0.0015387	0.00211871	0.00199625	0.00331068	0.00290579	0.00214779	0.00301721	0.00173619	0.00259616	0.00255704	0.00357639	0.00287053	0.00311746	0.00295929	0.00609587	0.00404822	0.00383766	0.00314633	0.00231684	0.00162136	0.00253925	0.00217803	0.00306256	0.00349652	0.00303198	0.00577136	0.00308549	0.00323371	0.00381403	0.00409747	0.0019155	0.00183497	0.00221492	0.00553055	0.00187551	0.00442035	0.00279235
RIBOSYN2-PWY: flavin biosynthesis I (bacteria and plants)	0.00714548	0.00625272	0.00828439	0.00675466	0.000783743	0.00413484	0.00682382	0.00192556	0.00428069	0.00664207	0.00307561	0.005458	0.000547703	0.00181434	0.00378148	0.00739035	0.0128513	0.00535696	0.00223442	0.00728699	0.00678283	0.00625173	0.00371537	0.00619604	0.00388513	0.00591308	0.0074349	0.00243661	0.00344949	0.00448739	0.00816107	0.00622305	0.00609263	0.00729172	0.0053825	0.00338963	0.00618247	0.00676486	0.00351589	0.0037836	0.0070867	0.00638053	0.0041893	0.00283499	0.00336874	0.00760059	0.00382684	0.00608892	0.00566178	0.00686649	0.00283489	0.0033418	0.00491694	0.00595638	0.00912609	0.00779955	0.0054541	0.0025604	0.00603028	0.00851405	0.00706826	0.00159176	0.00333192	0.00563642	0.00685899	0.00657211	0.00714444	0.00661219	0.00358424	0.010311	0.00621562	0.00421777	0.00653236	0.00638395	0.00384522	0.00567904	0.00715261	0.00714098	0.00678957	0.00375371	0.00741349	0.0069539	0.00470407	0.00528398	0.00577684	0.00577182	0.00459879	0.00424838	0.0104065	0.00557465	0.00571921	0.00589104	0.00272235	0.00532089	0.00680143	0.00662368	0.0073581	0.00674171	0.00704991	0.00784496	0.00615104	0.00865744	0.00478481	0.00600318	0.0053039	0.00620107	0.00816734	0.00536871	0.0067202	0.00291478	0.00749983	0.0070741	0.00699242	0.00728303	0.00533872	0.00581395	0.0031492	0.00603561	0.00265837	0.00396082	0.00543764	0.00542529	0.00777387	0.00688528	0.00248522	0.00593776	0.00502168	0.00591231	0.00681609	0.00413621	0.00678102	0.00690763	0.00621602	0.00780713	0.00789787	0.00133502	0.00580884	0.00440044	0.00752848	0.00309015	0.00576443	0.00332055	0.00386267	0.0043879	0.00496714	0.00512718	0.00449072	0.00778226	0.00535226	0.00207593	0.00226157	0.00264887	0.00810326	0.00268196	0.00309823	0.00194725	0.000543109	0.00484944	0.00729141	0.00617757	0.00767526	0.00523954	0.00609378	0.00191393	0.00724458	0.00495514	0.00781396	0.00766202	0.00664558	0.00804722	0.00471506	0.00451306	0.00631365	0.00673378	0.0040995	0.00688065	0.00614486	0.00260118	0.00559465	0.00718151	0.00703438
RUMP-PWY: formaldehyde oxidation I	7.6856e-05	0.0	0.0	0.0	0.000517215	0.0	0.0	0.0	0.0	0.0	0.0	3.13561e-05	0.000100171	0.0	0.0	0.000292926	0.0	1.79397e-05	0.0	0.0	0.0	0.0	0.0	0.0	0.0	0.0	5.24208e-05	2.45043e-05	5.37166e-05	3.83924e-05	0.0	1.3903e-05	3.98968e-05	0.0	0.000183465	0.0	0.000157018	0.0	0.0	0.0	0.0	0.0	0.0	0.0	0.0	7.19622e-05	8.69324e-05	1.47263e-05	0.0	0.0	5.37394e-05	9.8562e-05	0.0	0.0	0.0	0.0	0.0	0.00148102	3.66202e-05	0.0	0.0	0.0	0.00251055	2.30892e-05	0.0	0.0	0.0	0.0	0.0	0.0	0.0	0.0	0.0	0.0	0.0	0.0	0.0	0.0	0.0	0.0	0.0	0.0	0.0	0.0	0.0	0.0	0.0	0.0	0.0	0.0	0.0	0.0	2.15565e-05	0.0	2.5678e-05	0.0	0.0	0.0	2.61744e-05	0.0	0.0	0.0	0.0	3.97425e-05	0.0	0.0	0.0	0.0	0.0	0.0	0.0	0.0	0.0	0.0	0.0	0.000110226	2.29551e-05	0.000316885	0.0	0.0	0.0	0.0	0.0	0.0	0.000218549	0.0	0.0	0.0	0.0	0.00070425	0.0	0.0	0.0	0.0	0.0	0.0	7.68863e-05	3.04583e-05	0.0	0.0	0.0	0.0	0.0	0.0	0.0	0.0	1.58537e-05	0.0	0.0	0.000402833	0.0	0.0	0.0	0.0	0.0	0.000418669	0.000637005	0.000227237	0.0	0.000104015	0.0	0.0	0.000247698	0.000641797	9.46491e-05	0.0	0.0	9.38655e-05	0.0	4.00884e-05	0.0	0.0	9.10091e-05	0.0	0.0	0.0	2.35621e-05	0.000563987	0.00020258	8.9368e-05	0.000103616
SALVADEHYPOX-PWY: adenosine nucleotides degradation II	0.00110478	0.00304215	0.000479802	0.0023558	0.000724767	0.000751246	0.00252481	0.00496414	0.00132702	0.0029622	0.00688881	0.00340673	0.00174119	0.00100065	0.00695811	0.00251239	0.000102619	0.00296718	0.00558457	0.00065849	0.00022844	0.00119111	0.000449884	0.0019103	0.00583261	0.00318909	0.00184011	0.00552277	0.00763973	0.00343104	0.000748372	0.000763535	0.00107047	0.00259761	0.00435814	0.00582651	0.00266468	0.000991626	4.33696e-05	0.00112629	0.00151236	0.000752229	0.00140653	0.00509249	0.00158847	0.0013309	0.00402517	0.000573112	0.00277384	0.00115268	0.00245828	0.00544043	0.00651789	0.000597751	0.000991988	0.000490949	0.000160891	0.00115066	0.00139951	0.00428708	0.00112762	0.00164089	0.000150501	0.00448471	0.000482527	0.000936239	0.00154609	0.000249017	0.00508696	0.00024491	0.00301031	0.000870512	0.00160518	0.00115414	0.00166	0.00357069	0.00203175	0.000308517	0.000865546	0.00622965	0.00116215	0.000831198	0.000838849	0.000807554	0.000689181	0.000764558	0.000323126	0.00247823	0.00371722	0.00161611	0.000327662	0.000674557	0.00421103	0.00318331	0.00115015	0.000106077	0.00122612	0.000847174	0.000815426	0.000899863	0.000478431	0.00245546	0.00104568	0.00175165	0.000679232	0.000918534	0.00117923	0.00178248	0.000701706	0.00437904	0.00106896	0.00177522	0.00139797	0.00105787	0.000747807	0.00101012	0.00702057	0.00107056	0.000871782	0.00439281	0.00114591	0.00211469	0.000420995	0.000403314	0.00315714	0.00174079	0.00425672	0.00124872	0.000342636	0.00621621	0.000208898	0.000748392	0.000153632	0.000205394	0.00146551	0.000135277	0.00293394	0.00540773	0.000325303	0.000412074	0.00151	0.00162866	0.000595816	0.00249267	0.00161058	0.00264228	0.0041454	0.000695821	0.00181423	0.000870069	0.00776287	0.00348621	0.000779643	0.00740079	0.003361	0.00382209	0.00258085	0.00207077	0.000892717	0.00123024	0.00108782	0.00503535	0.00170528	0.00109963	0.0010844	0.00356561	0.00103648	0.0015987	0.00219588	0.00103029	0.00315955	0.00451883	0.00112408	0.000756647	0.00595281	0.00297346	0.00321642	0.00461443	0.00129097	0.0016066	0.00105774
SER-GLYSYN-PWY: superpathway of L-serine and glycine biosynthesis I	0.0040787	0.00756656	0.00647864	0.00464556	0.00186361	0.00456237	0.00360466	0.00240054	0.0047762	0.00495247	0.00394551	0.00530271	0.00140411	0.00299365	0.00429544	0.00429003	0.010816	0.00527046	0.00333302	0.00546701	0.00827258	0.00477645	0.011328	0.00428483	0.00476852	0.0048413	0.00625415	0.0025703	0.00403619	0.0069346	0.00834633	0.00623654	0.00552138	0.00726989	0.00547451	0.0040379	0.00463508	0.00474756	0.00521359	0.00281228	0.00575093	0.010688	0.00640273	0.00347021	0.00380424	0.00610652	0.00589199	0.00660746	0.00589372	0.00795466	0.00407978	0.00739035	0.00463047	0.00728632	0.00599223	0.00641084	0.0058093	0.00280876	0.00702822	0.00828912	0.00591919	0.00503226	0.00399287	0.00674794	0.00363478	0.00805162	0.00587195	0.0115527	0.00490919	0.0108709	0.00680206	0.00573355	0.00410475	0.0178692	0.00402891	0.00275212	0.00797847	0.00670978	0.00595949	0.00559208	0.00635833	0.00742745	0.00160686	0.00762176	0.00667052	0.00643117	0.00548638	0.0025454	0.00471007	0.00506923	0.00202011	0.0107088	0.00415701	0.0057459	0.00453557	0.00622667	0.00571604	0.00565653	0.00506191	0.00784265	0.00784226	0.00511219	0.00510696	0.00785783	0.00652579	0.00733284	0.00487529	0.00590969	0.00717492	0.00407029	0.00243684	0.0073852	0.0042392	0.00598696	0.00406642	0.00556817	0.00389237	0.00571889	0.00206535	0.00479527	0.00235321	0.00643098	0.0074043	0.0102	0.00400974	0.00724342	0.00528305	0.00920998	0.00743088	0.00384211	0.00703835	0.00383914	0.00797075	0.0130369	0.00306732	0.00171515	0.00658575	0.00449249	0.00491769	0.00247175	0.00504995	0.00510017	0.00438009	0.00668993	0.00348472	0.00821167	0.00649314	0.00543266	0.0070278	0.0100192	0.00377484	0.00455594	0.00596909	0.00410423	0.00447576	0.00440722	0.00770713	0.00487642	0.00663854	0.0073309	0.00423777	0.00454689	0.0042683	0.00251913	0.00447325	0.00478033	0.00470933	0.00452925	0.00522064	0.00606031	0.00431438	0.00429161	0.00529324	0.00538425	0.00377113	0.00537572	0.00487921	0.00191413	0.00607213	0.00662986	0.00605187
SO4ASSIM-PWY: assimilatory sulfate reduction I	0.000258019	0.000276657	0.000197843	0.00116592	0.000581258	0.00193825	0.00115714	0.00149571	0.000383875	0.000914972	0.00418872	0.00191525	0.000470227	0.00374784	0.00417122	0.000640653	0.000298477	0.00135933	0.00490601	9.37837e-05	5.13448e-05	0.0	0.0	0.0013025	0.00393886	0.002292	0.000599399	0.00309122	0.00418971	0.00112215	0.000310108	0.000198568	1.32952e-05	0.00123111	0.00219395	0.00326658	0.000899942	0.0	0.00575142	0.00174299	0.000406832	0.000490209	0.00356134	0.00287547	0.0045677	0.00100156	0.00181269	0.000136893	0.00142973	5.86911e-05	0.00254792	0.00338124	0.00396716	0.000707547	0.000306298	0.0002085	0.00221228	0.000567835	0.000429972	0.00163108	0.0014869	0.00538214	0.0	0.00164114	8.03004e-05	0.000379556	0.0	0.0	0.0030197	2.12737e-05	0.00222569	0.00180901	3.5744e-05	0.0	0.00148796	0.00133607	0.000863743	0.0	0.00025842	0.00267768	0.000116351	0.000201528	5.96178e-05	1.57645e-05	0.000467475	5.75412e-05	0.000445629	0.00155117	0.0	0.00049546	0.0	2.33561e-05	0.00485305	0.00216515	0.0	0.0	1.91899e-05	0.000120128	0.000191629	0.00127074	0.000411579	0.000358496	0.000349529	0.00104236	0.000489734	0.00131475	0.000516264	0.00116677	0.000492265	0.00293993	0.0	0.0	5.6009e-05	1.19968e-05	0.000726155	0.000846479	0.00482953	0.000551636	0.000177737	0.00229427	0.000708231	0.00152793	0.0	5.08446e-05	0.00174981	0.0	0.0026113	0.000218575	0.000188915	0.00440557	0.0	7.30442e-05	0.0	0.000202146	0.000405713	0.000225489	0.000864498	0.00309031	0.000149223	0.0	0.00139061	0.00525306	0.00239263	0.00163839	0.000546367	0.000217023	0.00254374	3.76905e-05	0.00062288	0.000380926	0.0049091	0.00525258	0.0	0.00433949	0.00695046	0.00218515	0.000697426	0.000883409	0.0	0.000789334	0.000869123	0.0026145	0.000687213	0.000546422	0.000825064	0.00318394	0.000552543	0.000707414	0.00139984	0.000256579	0.00363073	0.00364357	0.000541535	0.000267192	0.00287822	0.000460654	0.00233443	0.00114967	0.000287251	0.00200657	0.000461274
SULFATE-CYS-PWY: superpathway of sulfate assimilation and cysteine biosynthesis	0.000540754	0.000591703	0.000415382	0.0020318	0.000958788	0.00288625	0.00188058	0.00187084	0.000767812	0.00168655	0.00370849	0.00293174	0.000737192	0.00285569	0.00318282	0.00122379	0.000612728	0.00223484	0.00408662	0.000206329	0.000113582	0.0	0.0	0.00187162	0.00455282	0.0033605	0.00120233	0.00273645	0.00423335	0.00204898	0.000652306	0.000429594	2.98212e-05	0.00208768	0.0031683	0.00369482	0.00145417	0.0	0.00537504	0.00221702	0.000832957	0.00095791	0.0045212	0.00333032	0.00405564	0.0017932	0.00298158	0.000297886	0.00244877	0.000130381	0.0031354	0.00385229	0.00335911	0.0013875	0.000634759	0.00044898	0.003214	0.00103833	0.000866256	0.00233193	0.0024774	0.00495985	0.0	0.00241223	0.000176228	0.000780933	0.0	0.0	0.00354848	4.72537e-05	0.00285014	0.00272954	7.95901e-05	0.0	0.00227907	0.00186757	0.00166741	0.0	0.000543167	0.0036113	0.000250722	0.000427869	0.000128061	3.53236e-05	0.000933146	0.000127844	0.000901809	0.0019198	0.0	0.00100325	0.0	5.2275e-05	0.00401087	0.0029168	0.0	0.0	4.3011e-05	0.000263047	0.000412794	0.0023129	0.000849965	0.000740626	0.000708677	0.00189287	0.000995848	0.00211555	0.0010248	0.00209673	0.000973621	0.00328009	0.0	0.0	0.000124127	2.6927e-05	0.00133578	0.00158619	0.00412553	0.0011004	0.000362935	0.00328058	0.00120857	0.00253521	0.0	0.000113306	0.00238331	0.0	0.00343085	0.000474571	0.000412157	0.00359874	0.0	0.000160749	0.0	0.00040107	0.000775305	0.000351388	0.00162555	0.00380488	0.000323336	0.0	0.00229219	0.00488018	0.00321947	0.00127351	0.000982036	0.000462007	0.00346851	8.40909e-05	0.00118176	0.000819176	0.0042752	0.0045876	0.0	0.00431399	0.00481328	0.00293996	0.00117997	0.00161449	0.0	0.00147195	0.00159449	0.00349415	0.00130512	0.000947969	0.00151492	0.00387318	0.00107106	0.00131807	0.002315	0.000544255	0.00414575	0.00395906	0.00107709	0.000557803	0.0034885	0.000916559	0.00308341	0.00152959	0.000611703	0.00316271	0.000920865
TCA-GLYOX-BYPASS: superpathway of glyoxylate bypass and TCA	3.82016e-05	0.000221546	0.000108322	0.000898532	0.000420771	0.000982674	0.000763183	0.0	0.000690191	0.000636225	0.00375778	0.00175856	0.000519186	0.002537	0.00327053	0.000493283	0.0	0.000971802	0.00356641	8.18379e-05	0.0	0.0	0.0	0.000619836	0.00265013	0.00182734	0.0002258	0.00252127	0.00276855	0.00103394	0.000280682	0.0	0.000105704	0.000991573	0.00178437	0.00245792	0.000838923	0.0	2.21931e-05	0.00195333	0.000242508	0.000301205	0.00227174	0.00239425	0.0	0.000531006	0.00145713	0.0	0.00109825	0.0	0.00191292	0.00200482	0.00234079	0.0	0.000373076	0.000133192	0.00173565	0.00048548	0.00032623	0.0014091	0.000878725	0.00374943	0.0	0.000809899	0.0	0.000266509	0.0	0.0	0.0022173	0.0	0.00175645	0.00128299	0.0	0.0	0.00198293	0.00128049	0.0	0.0	8.93749e-05	0.00286212	0.000124691	0.000223363	0.0	0.0	0.000411295	0.0	0.0	0.00131109	0.0	0.0	0.0	0.0	0.00343797	0.00179388	2.91651e-05	0.0	0.0	0.0	0.000198141	0.0	0.000112172	0.000334534	0.000175938	0.000810236	0.0	0.000993262	0.000185082	0.00107634	0.000615819	0.00269559	0.0	0.0	0.0	0.0	0.00048923	0.000744502	0.00348525	0.000315725	0.000151157	0.00186	0.0	0.00111631	0.0	0.0	0.00148328	0.0	0.00181971	0.00010515	0.0	0.00209257	0.0	0.0	0.0	0.0	0.000242865	0.0	0.000624356	0.00259098	0.000146402	0.0	0.000844212	0.000607497	0.000996415	0.00112084	0.000515879	0.000221209	0.00180583	0.0	0.000310045	0.000574191	0.00390426	0.0025535	0.0	0.00323737	0.00365938	0.00201607	0.00075297	0.000808253	0.0	0.000527074	0.000239723	0.00169978	0.000403774	0.000644557	0.0	0.000869303	0.000245465	0.000435461	0.000884189	0.000264438	0.00210696	0.00170324	0.000453546	0.000145789	0.00198838	0.000305464	0.00122502	0.00104353	0.000179264	0.0	0.000379933
TCA: TCA cycle I (prokaryotic)	0.000102073	0.000335643	0.00016443	0.00123707	0.000474792	0.00111349	0.00148069	0.0	0.00106021	0.000969568	0.00362715	0.00206869	0.000556158	0.00285361	0.00374864	0.00063287	0.0	0.00145496	0.0033805	0.000255025	0.000243437	4.11471e-05	0.0	0.00099193	0.00271824	0.00229574	0.000375822	0.00253767	0.00264547	0.00139588	0.000509377	3.176e-05	0.000136865	0.00124153	0.00211517	0.0022916	0.00129725	0.0	1.72815e-05	0.00189307	0.000454907	0.000501999	0.00342788	0.00242234	0.0	0.000703923	0.00171667	0.000146164	0.00143714	0.0	0.00211084	0.00184445	0.00233213	0.0	0.000572907	0.000215549	0.00216411	0.000538587	0.00058601	0.00147496	0.00104334	0.00333701	0.0021901	0.000896513	0.0	0.000291432	0.0	0.0	0.00227237	0.0	0.00202197	0.00176327	0.0	0.0	0.00281118	0.00171265	0.0	0.0	0.000412732	0.00325401	0.000270907	0.000405085	0.0	0.0	0.000621822	0.000100487	0.0	0.00152506	0.0	0.0	0.0	0.0	0.0038067	0.00252949	7.69917e-05	0.0	0.0	0.0	0.000368651	0.0	0.000612779	0.000521301	0.000366286	0.00127856	0.0	0.00175614	0.000557637	0.00126287	0.00141612	0.00260178	0.000186704	0.0	0.0	0.0	0.000900233	0.00126204	0.0034891	0.000871682	0.000584936	0.00199245	0.0	0.00198743	0.000100734	0.0	0.00216311	0.0	0.00214974	0.000310691	0.0	0.00195504	0.0	0.0	0.0	0.0	0.000348393	0.0	0.000998345	0.0030941	0.00049191	0.0	0.000967106	0.000493411	0.00102005	0.00138109	0.000884428	0.000333773	0.00203278	4.46688e-05	0.000644222	0.00115725	0.0037964	0.00229743	0.0	0.0031947	0.00360273	0.00219699	0.000744991	0.00124957	0.0	0.00091151	0.000676426	0.00188876	0.000674478	0.00102933	0.0	0.000824047	0.00052885	0.000520141	0.00168604	0.000414096	0.00257587	0.00186319	0.000666714	0.00087911	0.00193852	0.000468504	0.00181049	0.00107219	0.000448439	0.0	0.000580948
THISYNARA-PWY: superpathway of thiamine diphosphate biosynthesis III (eukaryotes)	0.00360624	0.007085	0.00483907	0.00318927	0.000854693	0.00328947	0.00307053	0.00012384	0.00193438	0.004032	0.000674335	0.0033042	0.00382855	1.89809e-05	0.00238725	0.00444962	0.00584767	0.00341124	0.000388587	0.00386264	0.00287086	0.00382144	0.00165379	0.00246517	0.0025514	0.00363904	0.00468156	0.000190587	0.00205706	0.00153827	0.00334774	0.0034003	0.00251562	0.00320848	0.00331683	0.000347492	0.00215617	0.00417525	2.31296e-06	0.000738822	0.00193127	0.00323534	0.00131114	0.00153845	0.00102303	0.00258039	0.00320319	0.00552499	0.00415935	0.00347215	0.00231127	0.000382053	0.00197913	0.00321945	0.00664813	0.00458628	0.0023341	0.00257987	0.00293976	0.00131475	0.00261865	0.000638416	0.00246535	0.00260623	0.0023446	0.00393032	0.00580991	0.00233533	0.0018983	0.00118329	0.00286897	0.00457248	0.00379065	0.00113133	0.000527948	0.00264481	0.00542652	0.00444629	0.00271436	0.00151769	0.00430088	0.00617148	0.00190839	0.0029858	0.00510064	0.00395849	0.00102198	0.000460776	0.00777343	0.00402891	0.000902582	0.00397553	0.00124406	0.00368158	0.00393836	0.00531868	0.00432349	0.00365067	0.00245985	0.00238844	0.00100331	0.00401567	0.00330741	0.00383456	0.00328687	0.00412285	0.00552316	0.0039157	0.00244745	0.00111454	0.00295252	0.00448366	0.0043649	0.00419903	0.00114815	0.00277324	0.000709562	0.00451356	0.00102183	0.00354732	0.0024221	0.00462567	0.00460652	0.00494168	0.001014	0.004615	0.00270056	0.00479154	0.00551286	0.00218941	0.00336677	0.00327938	0.00266294	0.00232171	0.0042242	0.000965826	0.00416803	0.00252546	0.00485336	0.00620986	0.00241191	0.000965473	0.0029862	0.00543503	0.00205298	0.00840597	0.00135012	0.00280387	0.0030127	0.00182111	1.07884e-05	4.35318e-05	0.00485702	0.000758145	3.76428e-05	0.00282301	0.00253697	0.00154315	0.00500313	0.00341709	0.00351156	0.00337721	0.00278663	0.000561166	0.00377755	0.00318549	0.00433291	0.00445177	0.00318924	0.00396323	0.00248721	0.00235108	0.00403166	0.00368423	0.00119705	0.00449302	0.00291283	0.000115164	0.00301058	0.0041458	0.00430048
THREOCAT-PWY: superpathway of L-threonine metabolism	0.0	8.60491e-05	0.0	0.000338693	0.000104578	0.000374366	0.000605931	0.0	0.000104035	0.000300142	0.0	0.000169788	0.0	0.00102896	0.000907143	0.0	0.0	0.000110684	0.000784171	0.0	0.0	0.0	0.0	0.000178171	0.0	0.000801193	8.00476e-05	0.00102118	0.00111561	0.0	0.0	0.0	0.0	0.000478429	0.000199371	0.00144048	0.0	0.0	0.0	0.000254537	0.0	0.0	0.00092481	0.000693877	0.0	0.0	4.20854e-05	0.0	0.0	0.0	0.000869343	0.000305014	0.00109599	0.0	0.0	0.0	0.000528656	0.000115737	0.000118208	0.000599681	0.0	0.0	0.0	0.000326238	0.0	0.0	0.0	0.0	0.000666061	0.0	0.0	0.000136622	0.0	0.0	0.000609656	0.000331676	0.0	0.0	0.0	0.0	4.10862e-05	0.0	0.0	0.0	9.54107e-05	0.0	0.0	0.000427491	0.0	0.0	0.0	0.0	0.00147694	0.0	0.0	0.0	0.0	0.0	0.0	0.0	0.0	0.000158021	0.0	0.000278734	0.0	0.000448416	0.000111843	0.0	3.23614e-05	0.0	4.02547e-05	0.0	0.0	0.0	0.0	0.0	0.000756577	5.64505e-05	0.0	0.000864467	0.0	0.000495726	0.0	0.0	0.0	0.0	0.0	0.0	0.0	0.000125129	0.0	0.0	0.0	0.0	0.00012108	0.0	0.0	0.0	0.0	0.0	0.0	0.0	0.000202997	0.000400777	0.0	0.0	0.000285165	0.0	7.22676e-05	3.36162e-05	0.000535179	0.0	0.0	0.00158152	0.000820536	0.00109995	7.68975e-05	0.0	0.0	3.07658e-05	4.60655e-05	0.000550069	6.57252e-05	3.29819e-05	0.0	0.000279869	0.0	0.000165763	0.0	0.0	0.000709723	0.0	6.51332e-05	0.0	0.000483101	0.0	0.000278082	4.30814e-05	0.0	0.0	1.62006e-05
THRESYN-PWY: superpathway of L-threonine biosynthesis	0.0058267	0.00621047	0.00764164	0.00724963	0.00366677	0.00632109	0.0051947	0.00314399	0.00537976	0.00659462	0.00462641	0.00548248	0.00712103	0.00520532	0.00445862	0.00669299	0.0067387	0.00557306	0.00446839	0.00633122	0.00790825	0.0074233	0.00591305	0.00673931	0.0053462	0.00654192	0.0060257	0.00454153	0.00519025	0.00577315	0.00629978	0.00583817	0.00646675	0.00722577	0.00719128	0.00518039	0.00732688	0.00728264	0.00564464	0.00313835	0.00600218	0.0101588	0.00518407	0.00491271	0.00519882	0.00835182	0.0062479	0.00693411	0.00710757	0.00509407	0.00536931	0.00560121	0.0055496	0.00746158	0.00564513	0.00704523	0.00555658	0.00615757	0.00858787	0.00367959	0.00761639	0.00499837	0.00850456	0.00419048	0.00569882	0.010784	0.00667142	0.00772176	0.00486679	0.0118653	0.00847161	0.00627234	0.00692839	0.0115051	0.00361638	0.00712329	0.00780245	0.00831624	0.0060406	0.00542405	0.00678299	0.00786206	0.00619709	0.00768469	0.00681652	0.00676149	0.00572736	0.0034128	0.00549938	0.00594386	0.00420393	0.00943445	0.00439595	0.00693496	0.00725698	0.00775241	0.00622497	0.00697704	0.00614254	0.00630635	0.00542046	0.00550293	0.00532051	0.00666335	0.00541813	0.00717371	0.00584343	0.00506651	0.00650765	0.00467169	0.00441268	0.00792482	0.00538968	0.00614993	0.00665683	0.0060714	0.00425841	0.00667045	0.00603181	0.00605262	0.00626304	0.0062417	0.00791817	0.00738147	0.00391664	0.00696261	0.00636428	0.00670892	0.00814115	0.00601705	0.00729046	0.00670513	0.00539355	0.0128644	0.00548941	0.00234247	0.00740871	0.00638887	0.00717972	0.00432207	0.00642523	0.00546345	0.00612547	0.00567944	0.00561908	0.00657083	0.00568651	0.00653481	0.00746307	0.00794084	0.00420607	0.00486819	0.00580123	0.00445587	0.00455807	0.00529763	0.00883153	0.00615749	0.00854762	0.00857215	0.00796363	0.00650901	0.00588946	0.00398277	0.00628608	0.0069222	0.00572313	0.0068078	0.00598825	0.00811187	0.00588988	0.00655803	0.006886	0.00697295	0.0057878	0.00681834	0.00561271	0.00579332	0.00640151	0.00686633	0.00732035
TRNA-CHARGING-PWY: tRNA charging	0.0131388	0.00827982	0.0106164	0.00906578	0.0114589	0.00802963	0.0107873	0.00589593	0.0163727	0.0107157	0.00539045	0.0074888	0.00832128	0.0054276	0.00570296	0.00969472	0.0126309	0.00939053	0.00456422	0.0135354	0.013462	0.0120449	0.0133021	0.0116724	0.00546892	0.00717421	0.0119317	0.0052597	0.00547235	0.00979837	0.0132584	0.0116645	0.0127384	0.00913532	0.00807018	0.00418061	0.0101832	0.0140413	0.00380283	0.00792184	0.0127441	0.0095456	0.0068956	0.00492039	0.00455029	0.008682	0.00707456	0.0119363	0.0083718	0.0130833	0.00565797	0.00495261	0.00539135	0.00984444	0.0100697	0.0111957	0.00792485	0.00704639	0.0112454	0.00878331	0.00816365	0.00502421	0.0081704	0.00618422	0.0132266	0.0119405	0.0138008	0.018072	0.00811373	0.0124298	0.0079937	0.00769456	0.0134008	0.0181822	0.0118344	0.0111706	0.00938945	0.0109299	0.0139109	0.00676575	0.0113482	0.00921448	0.0177306	0.0129391	0.0125545	0.01256	0.019516	0.0127133	0.0112484	0.0135309	0.0185309	0.0100761	0.00534819	0.0068733	0.0136497	0.0111054	0.0101174	0.0119268	0.0128222	0.0146089	0.0161891	0.0109251	0.0114815	0.00867023	0.0133885	0.00785201	0.011986	0.0111775	0.00901065	0.0053105	0.0144103	0.00831201	0.0128894	0.0102265	0.0180448	0.0109008	0.0060874	0.00970317	0.0156447	0.00704341	0.0157644	0.00928791	0.0127509	0.0139168	0.012077	0.0116392	0.00664548	0.0117818	0.011253	0.00548745	0.0118769	0.0123275	0.0116463	0.0145832	0.0126383	0.0172709	0.00803686	0.00539036	0.0137947	0.0137186	0.0107946	0.0041426	0.00747858	0.00787112	0.0160221	0.00843084	0.00761536	0.0121925	0.012118	0.00901453	0.00466712	0.00436522	0.0119884	0.00548569	0.00394929	0.00568912	0.00747648	0.0127033	0.0106442	0.00853203	0.0097589	0.00710198	0.012953	0.00791504	0.0124727	0.00678385	0.0120582	0.00936477	0.00982517	0.0102313	0.00704831	0.00685429	0.0100802	0.00996691	0.00528289	0.0114828	0.00816685	0.0065148	0.00963128	0.00900301	0.00912234
TYRFUMCAT-PWY: L-tyrosine degradation I	0.0	0.0	0.0	0.0	0.0	0.0	0.0	0.000716475	3.67686e-05	0.0	0.0	0.0	0.0	1.2883e-05	0.0	0.0	0.0	0.0	0.0	0.0	0.0	0.0	0.0	0.0	0.0	0.0	0.0	0.0	0.0	0.0001337	0.0	0.0	0.0	0.0	0.0	0.0	0.0	0.0	0.0	0.0	0.0	0.0	0.0	9.46494e-05	0.000319363	0.0	0.0	0.0	0.0	0.0	9.86499e-06	0.00085336	0.000109144	0.0	0.000173108	0.0	0.0	0.0	0.0	0.000210819	0.0	0.0	0.0	3.42499e-05	0.0	0.0	0.0	0.0	0.0	0.0	0.0	0.0	0.0	0.0	0.0	0.0	0.0	0.0	0.0	0.0	0.0	0.0	0.0	0.0	0.0	0.0	0.0	0.0	0.0	0.0	0.0	0.0	5.77336e-05	0.0	0.0	0.0	0.0	0.0	0.0	0.0	0.0	0.0	0.0	0.0	0.0	0.0	0.0	0.0	0.0	0.0	0.0	0.0	0.0	0.0	0.0	0.0	0.0	0.0	0.0	0.0	0.0	0.0	0.0	0.0	0.0	0.0	0.0	0.0	0.0	0.0	0.0	0.0	0.0	0.0	0.0	0.0	0.0	0.0	0.0	0.0	0.0	0.0	0.0	0.0	0.0	0.0	0.0	0.0	0.0	0.0	0.0	0.0	0.0	0.000438809	0.0	5.76833e-06	0.0	0.000105949	0.0	0.0	0.0	0.0	0.0	0.0	0.0	0.0	0.0	0.0	1.75828e-05	0.0	0.0	0.0	0.0	0.0	0.0	0.0	0.0	0.0	0.0	0.0	0.0
UBISYN-PWY: superpathway of ubiquinol-8 biosynthesis (early decarboxylation)	0.0	0.0	0.0	9.07452e-05	0.0	2.42902e-05	7.2082e-05	0.0	3.21552e-05	1.03037e-05	0.000367845	0.000201858	6.47818e-05	5.90597e-05	0.0	3.17453e-05	0.0	0.000162338	0.000394557	0.0	0.0	0.0	0.0	6.00233e-05	0.000309361	0.0	5.7671e-06	0.000376274	0.000452422	0.000140802	5.81387e-05	0.0	0.0	0.0	0.000179028	0.000583182	6.87844e-05	0.0	5.18653e-06	0.000418584	0.0	4.42492e-05	0.0	0.000879086	0.0	0.0	0.000275764	0.0	2.63652e-05	0.0	0.00030194	0.000177782	0.000279338	0.0	0.0	0.0	0.0	5.66891e-05	0.0	0.00012947	0.0	0.0	0.0	0.0	0.0	2.63096e-05	0.0	0.0	0.000180391	0.0	0.0	0.0	0.0	0.0	0.000140656	2.48463e-05	0.0	0.0	8.7866e-06	0.000521617	0.0	0.0	0.0	0.0	0.0	0.0	0.0	0.0	0.0	0.0	0.0	0.0	0.000598141	0.000277227	0.0	0.0	0.0	0.0	1.88321e-05	0.0	0.0	1.54393e-05	0.0	2.02546e-05	0.0	0.0	0.0	0.0	3.69536e-05	0.000413585	0.0	0.0	0.0	0.0	0.0	0.0	0.000315904	4.66833e-05	0.0	0.000140526	0.0	0.0	0.0	0.0	0.0001918	0.0	0.000141119	9.45994e-06	0.0	0.000686495	0.0	0.0	0.0	0.0	2.65425e-05	0.0	4.54386e-05	0.000453451	0.0	0.0	3.09965e-05	0.000259203	8.82902e-06	7.84472e-05	1.53408e-05	0.0	0.000294845	0.0	7.86988e-06	4.48027e-05	0.000636962	0.000664848	0.0	0.00057675	0.000100924	9.20344e-05	0.000121324	0.000122807	0.0	5.9848e-05	0.0	0.0	3.37418e-05	6.45072e-05	0.0	7.42735e-05	6.02052e-06	4.83065e-05	0.000102634	1.34186e-05	9.19939e-05	0.00039423	1.40785e-05	0.0	0.0	0.0	0.0	0.000238772	0.0	0.0	3.51126e-05
UDPNACETYLGALSYN-PWY: UDP-N-acetyl-D-glucosamine biosynthesis II	0.0	0.0	0.0	0.0	0.0	0.0	0.0	0.0	0.0	5.26255e-05	0.0	0.0	0.0	0.0	0.0	0.0	0.0	0.0	0.0	0.0	0.0	0.0	0.0	4.92613e-05	0.0	0.0	0.0	0.0	1.32182e-06	0.0	0.0	0.0	0.000102188	0.0	0.0	0.0	0.0	0.0	0.0	0.0	6.0146e-05	0.0	0.0	0.0	0.0	0.0	0.0	0.0	0.0	0.0	0.0	0.0	0.0	0.0	0.0	0.0	0.0	0.0	0.0	0.0	0.0	0.0	0.0	0.0	0.0	9.30884e-05	0.0	0.0	0.0	0.0	0.0	0.0	3.33949e-05	0.0	3.51604e-05	9.66268e-05	0.0	0.0	0.0	0.0	0.0	0.0	0.0	0.0	0.0	9.25625e-05	0.0	0.0	0.0	0.0	0.0	0.0	0.0	0.0	0.0	0.0	0.0	0.0	2.72974e-05	0.0	0.0	0.0	0.0	0.0	0.0	0.0	0.0	0.0	6.25243e-05	0.0	0.0	0.000369215	0.0	0.0	9.90819e-05	0.0	0.0	0.000100646	0.000255989	0.0	0.0	2.8865e-05	0.0	0.0	0.0	0.0	0.0	0.0	0.0	0.0	0.0	0.0	0.0	0.0	0.0	0.0	0.0	0.0	0.0	0.0	0.0	0.0	0.0	0.0	0.000299405	0.0	0.0	0.0	0.0	0.0	0.0	0.0	0.0	0.0	0.0	0.0	9.52563e-06	0.0	0.0	0.0	0.0	0.0	0.0	0.0	0.0	0.0	0.0	0.0	0.0	0.0	0.0	0.0	0.0	6.82654e-05	0.0	0.0	0.0	0.0	0.0	0.0	0.0
UDPNAGSYN-PWY: UDP-N-acetyl-D-glucosamine biosynthesis I	0.00238361	0.00508751	0.00300603	0.00436084	0.0140985	0.00437995	0.00314431	0.00819786	0.00634136	0.00458896	0.00297819	0.00288363	0.0100993	0.00578658	0.00383751	0.00363816	0.0039393	0.00263755	0.00488276	0.00426653	0.00263449	0.00338362	0.00256585	0.00312414	0.00298392	0.00339056	0.00482047	0.00629483	0.00500406	0.00436076	0.00439083	0.00316971	0.00322354	0.00262188	0.00340958	0.00389473	0.00292338	0.00619864	0.00584453	0.00225583	0.00459781	0.00150504	0.0023327	0.0050723	0.0054439	0.00115464	0.00505226	0.00293674	0.00227297	0.00224383	0.00485573	0.00587098	0.00231761	0.00437685	0.00648413	0.00163485	0.00419206	0.00659989	0.00300437	0.00291241	0.00322321	0.00144474	0.0122373	0.00510176	0.00387124	0.00213758	0.00390128	0.00116802	0.00408358	0.000451776	0.00165342	0.00239714	0.00364898	0.0023193	0.00331506	0.00463165	0.00136643	0.00326414	0.00444158	0.00321587	0.00476559	0.00133343	0.00233782	0.00477807	0.00436631	0.00658717	0.00470937	0.0021121	0.00303717	0.00641803	0.00206323	0.00270521	0.00325451	0.00281707	0.00595921	0.00362999	0.00362446	0.00292123	0.00592033	0.00411743	0.00556333	0.00279923	0.00297773	0.00282347	0.00565007	0.00260999	0.00457906	0.00272874	0.00466405	0.0035145	0.00241482	0.00150711	0.00545584	0.00449049	0.008708	0.00619829	0.00524285	0.00406918	0.00290247	0.00533325	0.00615115	0.00318586	0.00302084	0.0026546	0.00737642	0.00293031	0.00289827	0.0024355	0.00257352	0.00271583	0.00308805	0.00319351	0.00549897	0.00164894	0.00344745	0.00130186	0.00337215	0.00334091	0.0047949	0.00224587	0.00470584	0.00454745	0.00426072	0.00302746	0.00729493	0.00212095	0.00337328	0.00502139	0.00373355	0.0108026	0.00567663	0.00393282	0.00464285	0.00414161	0.00505283	0.00617135	0.00999464	0.00463588	0.00302493	0.00142795	0.00333318	0.00355568	0.00406985	0.00888307	0.00360889	0.00340192	0.00438009	0.00353752	0.0032573	0.00239675	0.00243924	0.00263289	0.00286745	0.00399514	0.00532191	0.00307095	0.00336985	0.00721508	0.00561199	0.00335218	0.00220434
URDEGR-PWY: superpathway of allantoin degradation in plants	0.0	3.5259e-06	0.0	6.92272e-06	0.0	2.32963e-06	4.35912e-05	0.0	0.0	1.51108e-05	0.000399974	3.61711e-05	1.07654e-05	1.39823e-05	0.0	4.35251e-05	0.0	2.85169e-05	0.000180235	0.0	0.0	0.0	0.0	0.0	0.000198717	5.71366e-05	0.0	0.00017473	8.74993e-05	1.33563e-05	0.0	0.0	0.0	1.90304e-05	7.47888e-05	3.96024e-05	4.77146e-05	0.0	4.98824e-07	0.000661274	0.0	5.33726e-06	8.6995e-05	0.000131837	0.0	1.03549e-05	0.000174488	0.0	0.000101161	0.0	0.000109707	3.97487e-05	0.0	0.0	0.0	0.0	0.0	3.09838e-05	1.15086e-05	3.16259e-05	0.0	0.00207636	0.0	0.000102878	0.0	0.0	0.0	0.0	1.52309e-05	0.0	1.42489e-05	1.14846e-05	0.0	0.0	7.66015e-05	1.47655e-05	0.0	0.0	8.74162e-06	2.18127e-05	0.0	0.0	0.0	0.0	7.83372e-06	0.0	0.0	0.0	0.0	0.0	0.0	0.0	0.000295447	2.35859e-05	3.20335e-06	0.0	0.0	0.0	5.30702e-06	0.0	8.56854e-06	8.92426e-06	0.0	5.98077e-06	0.0	3.00113e-05	0.0	1.3403e-05	2.92059e-05	1.58158e-05	0.0	0.0	0.0	0.0	0.0	0.0	0.00011354	4.63449e-06	0.0	3.04756e-05	0.0	0.0	0.0	0.0	3.07637e-05	0.0	0.000195922	0.0	0.0	0.000132026	0.0	0.0	0.0	0.0	0.0	0.0	1.15937e-05	1.69335e-05	0.0	0.0	0.0001571	1.21323e-05	0.000403365	0.000110089	1.13157e-05	6.3554e-06	7.28931e-05	0.0	0.0	0.0	0.000207396	0.0	0.0	0.000329447	5.39973e-05	0.000376586	5.15746e-05	1.62864e-05	0.0	9.3919e-06	0.0	6.13572e-05	1.71995e-05	2.82364e-05	0.0	6.84224e-05	0.0	1.75414e-05	1.044e-05	7.39197e-06	4.63413e-05	2.11491e-05	1.15424e-05	0.0	2.22919e-05	0.0	3.63327e-05	1.73518e-05	1.69835e-06	0.0	5.44863e-06
URSIN-PWY: ureide biosynthesis	0.0	2.09444e-05	0.0	0.0	0.0	0.000755971	0.0	0.00286322	0.000437673	0.0	0.0	0.0	0.0	0.000453138	0.0	0.0	0.0	0.0	0.0	0.0	0.0	0.0	0.0	2.40477e-05	0.0	0.0	5.35616e-05	0.0	0.0	0.000661386	0.0	0.0	0.0	0.0	6.07893e-05	0.0	0.0	0.0	0.0	0.0	2.72277e-05	0.0	5.36894e-05	0.000310714	0.000602578	0.0	0.0	0.0	0.0	0.0	0.0	0.00320225	0.000256433	0.0	0.00034342	0.0	0.0	0.0	0.0	0.00114649	0.0	0.0	0.0	9.96525e-05	0.0	0.0	0.0	0.0	0.0	0.0	0.0	1.13431e-05	0.0	0.0	9.3187e-05	0.0	0.0	0.0	0.0	0.0	0.0	0.0	0.0	0.0	0.0	0.0	0.0	7.88573e-05	0.0	0.0	0.0	0.0	0.000114663	0.0	0.0	0.0	0.0	0.0	0.0	0.0	0.0	0.0	0.0	0.0	0.0	0.000138081	1.94764e-05	0.0	1.01314e-06	0.0	0.0	0.0	0.0	0.0	0.0	0.0	0.0	0.0	0.0	0.0	0.0	0.0	0.0	0.0	0.0	0.0	0.0	0.0	0.0	0.0	0.0	0.0	0.0	0.0	0.0	0.0	0.0	0.0	0.0	0.0	0.0	0.0	0.000754915	0.0	0.0	0.0	0.0	0.0	0.0	4.00267e-05	0.00035872	0.0	0.0	0.0	0.000356982	0.0	0.0	0.000665996	0.0	1.55516e-05	0.0	0.0	1.54755e-05	0.0	0.0	0.0	5.2557e-05	0.0	0.0	0.0	0.0	0.0	0.0	0.0	0.0	0.0	0.000296335	0.0	0.0	0.0	0.0
VALDEG-PWY: L-valine degradation I	0.0	0.0	0.0	0.0	0.0	0.0	0.0	0.0	0.0	0.0	0.0	0.0	0.0	0.0	0.0	0.0	0.0	0.0	0.0	0.0	0.0	0.0	0.0	0.0	0.0	0.0	0.0	0.0	0.0	0.0	0.0	0.0	8.05891e-06	0.0	0.0	0.0	0.0	0.0	0.0	0.0	0.0	0.0	0.0	0.0	0.0	0.0	0.0	0.0	0.0	0.0	0.0	0.0	0.0	0.0	0.0	0.0	0.0	0.0	0.0	0.0	0.0	0.0	0.0	0.0	0.0	0.0	0.0	0.0	0.0	0.0	0.0	0.0	0.0	0.0	0.0	0.0	0.0	0.0	0.0	0.0	0.0	0.0	0.0	0.0	0.0	0.0	0.0	0.0	0.0	0.0	0.0	0.0	0.0	0.0	0.0	0.0	0.0	0.0	0.0	0.0	0.0	0.0	0.0	0.0	0.0	0.0	0.0	0.0	0.0	0.0	0.0	0.0	0.0	0.0	0.0	0.0	0.0	0.0	0.0	0.0	0.0	0.0	0.0	0.0	0.0	0.0	0.0	0.0	0.0	0.0	0.0	0.0	0.0	0.0	0.0	0.0	0.0	0.0	0.0	0.0	0.0	0.0	0.0	0.0	0.0	0.0	0.0	0.0	0.0	0.0	0.0	0.0	0.0	0.0	0.0	0.0	0.0	0.0	0.0	0.0	0.0	0.0	0.0	0.0	0.0	0.0	0.0	0.0	0.0	0.0	0.0	0.0	0.0	0.0	0.0	0.0	0.0	0.0	0.0	0.0	0.0
VALSYN-PWY: L-valine biosynthesis	0.0111722	0.0102472	0.0111817	0.0106871	0.0103655	0.00973191	0.0116905	0.00395148	0.00968839	0.0108071	0.00781559	0.00976712	0.00865766	0.00541561	0.0101575	0.0114594	0.0067206	0.0105526	0.00851052	0.013936	0.0151577	0.0132635	0.0148854	0.0101565	0.008116	0.00962449	0.00967729	0.00433215	0.0072019	0.0103386	0.0122663	0.0101487	0.0104405	0.0105601	0.0084971	0.00722805	0.00994768	0.0156492	0.00635851	0.00955327	0.012231	0.0120769	0.00991826	0.00827142	0.007408	0.0102729	0.0105344	0.011584	0.0106793	0.0137377	0.00636079	0.00730233	0.00874827	0.00937281	0.00788837	0.0115747	0.00998379	0.00661858	0.0115747	0.00613462	0.0116118	0.0107336	0.0107815	0.0118294	0.0190973	0.013571	0.0133604	0.0179121	0.00907746	0.0138677	0.0114844	0.0118865	0.0142853	0.0180931	0.0144709	0.0125181	0.0130542	0.0107613	0.0138688	0.00906413	0.015946	0.0131759	0.0201185	0.0146392	0.0137464	0.0133339	0.0144006	0.0174345	0.0131756	0.0114086	0.0248789	0.0141463	0.00782293	0.0104363	0.013394	0.011749	0.0123437	0.0113085	0.0119414	0.0133942	0.0142833	0.0120753	0.019271	0.01204	0.0124415	0.0123717	0.01279	0.0106964	0.0121737	0.00877739	0.0197331	0.0132822	0.0118918	0.0126782	0.00904106	0.0109791	0.00907393	0.00984362	0.0130035	0.0114603	0.0148111	0.0121865	0.0125332	0.0157069	0.00954731	0.0146871	0.00786782	0.013772	0.00997775	0.0081648	0.0137348	0.0131824	0.0122053	0.0145842	0.0140268	0.0379641	0.0113986	0.00849126	0.0112248	0.0236781	0.0101001	0.00565546	0.00902499	0.0086118	0.010575	0.0132466	0.00975969	0.010946	0.0123989	0.0102915	0.00624787	0.00614646	0.0114688	0.00810308	0.00591304	0.00698367	0.0104221	0.010781	0.0115873	0.0101681	0.00952476	0.0090133	0.0112095	0.00482258	0.0126178	0.00774779	0.0109354	0.0101457	0.00926944	0.010987	0.00779687	0.00922005	0.011084	0.011433	0.00699817	0.0117029	0.00939023	0.00402543	0.0117099	0.0115811	0.00989126
